time_ms,nose_x,nose_y,nose_z,left_shoulder_x,left_shoulder_y,left_shoulder_z,left_elbow_x,left_elbow_y,left_elbow_z,left_wrist_x,left_wrist_y,left_wrist_z,left_hip_x,left_hip_y,left_hip_z,left_knee_x,left_knee_y,left_knee_z,left_ankle_x,left_ankle_y,left_ankle_z,right_shoulder_x,right_shoulder_y,right_shoulder_z,right_elbow_x,right_elbow_y,right_elbow_z,right_wrist_x,right_wrist_y,right_wrist_z,right_hip_x,right_hip_y,right_hip_z,right_knee_x,right_knee_y,right_knee_z,right_ankle_x,right_ankle_y,right_ankle_z
0,0.008923872,0.565707922,-0.463887751,0.182960197,0.432738692,-0.237338781,0.227911964,0.201860145,-0.200506181,0.268220127,-0.040993918,-0.294917196,0.118902162,-0.0005607,-0.000206412,0.126019672,-0.395607948,0.09685421,0.190797061,-0.666870117,0.332392246,-0.172176287,0.442908019,-0.250888765,-0.23267585,0.205249771,-0.172367379,-0.290063381,-0.031748038,-0.250422359,-0.119215183,0.001247758,0.001413607,-0.125849515,-0.381274462,0.15466696,-0.132355899,-0.687697351,0.40714407
0.016666667,0.008319174,0.561411619,-0.471211076,0.182541311,0.430348605,-0.244440138,0.232883543,0.201964185,-0.20380716,0.290882438,-0.041414741,-0.293240577,0.11892841,-0.000593798,-2.16E-05,0.125988916,-0.398443103,0.097033344,0.188568443,-0.667885005,0.341580629,-0.17223306,0.43853873,-0.263423949,-0.241090566,0.205272257,-0.192174256,-0.307023466,-0.031931333,-0.256362289,-0.119236551,0.001276788,0.001234787,-0.129188001,-0.384059966,0.146137387,-0.134356976,-0.688251197,0.39776659
0.033333333,0.006819773,0.561599553,-0.469541728,0.181242481,0.431049377,-0.243891716,0.237268418,0.208459243,-0.204145178,0.307122737,-0.035818916,-0.293034703,0.118949942,-0.000601941,8.51E-05,0.124450192,-0.398046732,0.107008711,0.183461517,-0.667229295,0.366023988,-0.173143014,0.438948035,-0.26278457,-0.247772262,0.208709046,-0.195834845,-0.320514679,-0.029305184,-0.260540366,-0.11925263,0.001284302,0.001128927,-0.133365706,-0.383904576,0.147142306,-0.137021914,-0.686591208,0.401018649
0.05,0.007278793,0.561179817,-0.471940666,0.181207046,0.431098163,-0.247262701,0.244989082,0.209567368,-0.212338135,0.325013965,-0.033401258,-0.304123402,0.119002752,-0.000561929,0.000251401,0.124521904,-0.397657722,0.103439845,0.183349133,-0.666260004,0.363877237,-0.173347548,0.436904639,-0.266496748,-0.255877346,0.208638147,-0.204847381,-0.331496149,-0.02934196,-0.27190432,-0.119292803,0.001241535,0.000972177,-0.133979037,-0.383906245,0.144907624,-0.136869654,-0.685710192,0.402463019
0.066666667,0.007721211,0.560640156,-0.475036621,0.181205884,0.430183053,-0.256861895,0.252383947,0.209519506,-0.233529121,0.336805224,-0.030514412,-0.32898891,0.119013399,-0.00047205,0.000263244,0.124500632,-0.397355676,0.099475905,0.18284364,-0.665758312,0.361132711,-0.173504695,0.433135033,-0.272506773,-0.270586282,0.208784685,-0.221195057,-0.352072895,-0.026101068,-0.290853173,-0.119298823,0.001141374,0.000961452,-0.134806931,-0.383868694,0.14280206,-0.136728555,-0.685090423,0.399004489
0.083333333,0.008213442,0.557367504,-0.478534013,0.181801483,0.42903617,-0.263062984,0.2602956,0.209457472,-0.246439993,0.34554705,-0.030499559,-0.344419152,0.119024843,-0.000449515,0.000294842,0.124515064,-0.397155166,0.093640372,0.183084548,-0.663661599,0.359425128,-0.173353001,0.432958364,-0.273845255,-0.280023158,0.214032218,-0.222162172,-0.370182127,-0.018973334,-0.295348018,-0.119307213,0.001115182,0.000935081,-0.134972036,-0.383348614,0.13992393,-0.135442585,-0.684058964,0.397255987
0.1,0.008037453,0.557563901,-0.477653146,0.181762815,0.429155171,-0.263609976,0.267599165,0.211651251,-0.249662116,0.354952991,-0.023894379,-0.34856537,0.119023725,-0.000341074,0.000406256,0.12429174,-0.396146953,0.098083623,0.182124689,-0.660639226,0.370349616,-0.173838109,0.43315801,-0.273093224,-0.291947097,0.221655726,-0.22307612,-0.388904512,-0.009460533,-0.299088657,-0.119296774,0.000999971,0.000831365,-0.13643682,-0.380527586,0.140569359,-0.135564446,-0.680587351,0.397225201
0.116666667,0.008100756,0.555787683,-0.482090652,0.18147184,0.429158717,-0.269593656,0.274046659,0.215649322,-0.260755837,0.361784846,-0.011850476,-0.364699215,0.119031467,-0.000123208,0.000438518,0.12348444,-0.395975381,0.108798593,0.180936277,-0.660528123,0.383925736,-0.175354868,0.43201834,-0.275742531,-0.298201144,0.224232107,-0.229960173,-0.397344708,-0.006905313,-0.314710259,-0.119300626,0.00078111,0.000804271,-0.137734547,-0.378814191,0.145513818,-0.135590196,-0.678239524,0.401559681
0.133333333,0.007286557,0.550067902,-0.487763911,0.179540634,0.427062958,-0.276315659,0.27707237,0.215704396,-0.268835634,0.380870432,-0.008278155,-0.367326438,0.119019255,6.30E-06,0.000450691,0.121456474,-0.395701647,0.11878565,0.176782638,-0.659976542,0.392884701,-0.178114697,0.430037916,-0.281383991,-0.305951893,0.227138966,-0.241379023,-0.405507326,-0.001434388,-0.328674138,-0.119281411,0.000649576,0.000794596,-0.139916748,-0.375873208,0.151273042,-0.137632281,-0.673913836,0.40577063
0.15,0.005660099,0.545496583,-0.49719727,0.177137911,0.424255729,-0.28596887,0.28312996,0.216164842,-0.284991622,0.393871278,-0.002451195,-0.381586522,0.118975073,0.000217202,0.000683396,0.11978706,-0.395571768,0.123796031,0.16914092,-0.659224629,0.401148349,-0.1815698,0.426015943,-0.29143247,-0.312495381,0.228665754,-0.258743286,-0.417723626,0.006413311,-0.350926965,-0.119229801,0.000435506,0.000576233,-0.141517386,-0.370367199,0.15389201,-0.142708853,-0.665802181,0.40988788
0.166666667,0.005669251,0.541912556,-0.503697872,0.175512686,0.423836321,-0.288403332,0.290392578,0.220534578,-0.286744475,0.409164816,0.007877652,-0.385436088,0.118902348,0.00058443,0.001948857,0.119330846,-0.395477742,0.13935107,0.164547116,-0.659186423,0.409147173,-0.18387644,0.424565166,-0.298293501,-0.31697613,0.234724775,-0.268051058,-0.433302552,0.021646379,-0.361590236,-0.119154327,7.18E-05,-0.000682278,-0.142321512,-0.367796481,0.155289218,-0.144870952,-0.664914787,0.409892976
0.183333333,0.005425939,0.539227843,-0.507941544,0.172542349,0.423632115,-0.293997586,0.296920449,0.229076207,-0.303591132,0.421183586,0.017878292,-0.406199902,0.118748911,0.000863553,0.003034296,0.117389441,-0.394435734,0.161093727,0.158977136,-0.658623159,0.428126663,-0.186323762,0.423302442,-0.303178012,-0.321924686,0.245467365,-0.279263914,-0.45190075,0.035342924,-0.373522013,-0.118989274,-0.000214992,-0.001772942,-0.145206153,-0.362837911,0.161953509,-0.149373189,-0.660691559,0.412450701
0.2,0.005766558,0.538488686,-0.50913161,0.17153585,0.424126476,-0.297060192,0.304898113,0.241169363,-0.313513398,0.428439379,0.033681478,-0.41513747,0.118534483,0.00113272,0.00315265,0.115292691,-0.393023521,0.164184272,0.156225339,-0.65775305,0.42904672,-0.186319247,0.423030525,-0.304379344,-0.326592654,0.2552239,-0.283946961,-0.470436871,0.053437609,-0.377400428,-0.118766561,-0.000493935,-0.001897235,-0.146393761,-0.360172242,0.165384382,-0.150246382,-0.658776879,0.412672371
0.216666667,0.007179221,0.535461724,-0.513457716,0.171595111,0.424219191,-0.301698446,0.317072451,0.248795569,-0.318992943,0.446168154,0.044751674,-0.415252745,0.118381597,0.001248841,0.003465768,0.114620693,-0.392963856,0.168091714,0.156153053,-0.657250524,0.435315341,-0.186010271,0.421499044,-0.309868902,-0.329145014,0.263870031,-0.293076694,-0.484360397,0.079319879,-0.386965364,-0.118606456,-0.000615526,-0.002218792,-0.146707654,-0.359734565,0.166594699,-0.149886042,-0.65708375,0.412639439
0.233333333,0.008358354,0.534494936,-0.513242841,0.171648905,0.425360829,-0.301772118,0.331750572,0.260854214,-0.31619969,0.471958816,0.060773723,-0.410027683,0.118234813,0.001409954,0.003889237,0.114499316,-0.392799586,0.17693527,0.156219438,-0.657186985,0.450453192,-0.185568452,0.421656996,-0.310197562,-0.333441794,0.277285069,-0.294769615,-0.49578771,0.097396381,-0.388409674,-0.118458681,-0.00078056,-0.002666014,-0.146848977,-0.359652072,0.168910399,-0.148486644,-0.656527579,0.413671672
0.25,0.010869127,0.535033405,-0.511852264,0.171709746,0.432557225,-0.300380588,0.338691711,0.278639793,-0.310748607,0.483624697,0.080543898,-0.403646976,0.118038863,0.001707867,0.004711463,0.114493087,-0.392352372,0.182644948,0.156699598,-0.657129467,0.4558644,-0.184647217,0.424777597,-0.308899432,-0.33387357,0.293640316,-0.298190743,-0.504043102,0.121022671,-0.392775893,-0.118264571,-0.001079314,-0.003520174,-0.146931753,-0.359832734,0.168559134,-0.145886198,-0.656852245,0.412300974
0.266666667,0.011554656,0.53205514,-0.517608047,0.171399504,0.432602257,-0.302107602,0.341360033,0.281621933,-0.309730411,0.489550889,0.083590195,-0.400709152,0.117884323,0.001918605,0.005427217,0.113233708,-0.392136753,0.192368001,0.154839382,-0.65705651,0.46446088,-0.184685946,0.425320864,-0.317112178,-0.343842953,0.304710805,-0.314436942,-0.517655015,0.130936131,-0.409036994,-0.118118189,-0.001284735,-0.004259121,-0.147024095,-0.359870762,0.171173081,-0.145516992,-0.65684104,0.413633823
0.283333333,0.012504954,0.526822209,-0.522982597,0.171345055,0.433331162,-0.30166468,0.343684435,0.288373321,-0.307483047,0.501362622,0.094240911,-0.390787899,0.117784448,0.002224263,0.006427356,0.112716526,-0.388854086,0.213146701,0.153843731,-0.651577115,0.484119475,-0.184705123,0.426038295,-0.322434753,-0.353473336,0.315119535,-0.324419171,-0.528106034,0.142810687,-0.418901801,-0.118025601,-0.001570191,-0.005274505,-0.146988466,-0.357340217,0.177486703,-0.143703803,-0.653075397,0.420396835
0.3,0.013340781,0.526117742,-0.526971698,0.171421871,0.434351891,-0.303907901,0.349675983,0.2941643,-0.307463348,0.516557634,0.107168786,-0.390112847,0.117607281,0.002531327,0.006939774,0.112243533,-0.387862891,0.217765287,0.151428953,-0.651308775,0.482027113,-0.184666485,0.42729646,-0.325748801,-0.363610536,0.327296585,-0.328461468,-0.544472516,0.162766755,-0.422725469,-0.117863171,-0.001863096,-0.005801495,-0.146905288,-0.356621772,0.179533139,-0.142612636,-0.652933002,0.420298636
0.316666667,0.017590567,0.524063766,-0.530924678,0.17209594,0.435425729,-0.305553496,0.358963162,0.304430008,-0.308227897,0.531553328,0.119281709,-0.389920294,0.117292039,0.002885232,0.00732697,0.112169631,-0.383352309,0.226143017,0.149639443,-0.648541868,0.484714419,-0.184291229,0.427873582,-0.328758359,-0.372962892,0.338702708,-0.33234027,-0.554608285,0.173157632,-0.424637735,-0.117572375,-0.00220207,-0.006212282,-0.146376133,-0.353635103,0.193148062,-0.141066298,-0.649885595,0.438358814
0.333333333,0.020404188,0.524848223,-0.52935493,0.172525406,0.439274073,-0.30723992,0.369478941,0.318945378,-0.314731032,0.543322325,0.134093121,-0.397754759,0.116851509,0.003289479,0.007324545,0.112527676,-0.379333079,0.220507428,0.149525762,-0.647291124,0.478323877,-0.183945775,0.430243254,-0.327129781,-0.379526109,0.355904281,-0.327616334,-0.565359235,0.191480011,-0.418716878,-0.117155105,-0.002604784,-0.006213693,-0.144599617,-0.352160633,0.199345425,-0.13756448,-0.649321198,0.446963519
0.35,0.020822471,0.525253177,-0.530835927,0.172864392,0.439440787,-0.312427074,0.376166523,0.323361158,-0.323647857,0.55539906,0.14113304,-0.40343985,0.116427228,0.003628282,0.007330069,0.112639882,-0.375917435,0.218082324,0.14846544,-0.644319117,0.475273222,-0.183457002,0.430404574,-0.329482853,-0.384553701,0.363966435,-0.334262788,-0.574484408,0.206630021,-0.427133143,-0.116752908,-0.002941352,-0.006221239,-0.144117162,-0.3505494,0.201138273,-0.136597246,-0.647234857,0.449129462
0.366666667,0.02072886,0.526574254,-0.53024137,0.174335435,0.441057146,-0.312764406,0.386488825,0.339850187,-0.32251218,0.582902074,0.183474839,-0.40255025,0.116115466,0.003722781,0.006728582,0.112512924,-0.373560429,0.215858251,0.148021355,-0.641474009,0.473069519,-0.181101099,0.432178468,-0.329877287,-0.395343244,0.374139339,-0.3324745,-0.597698271,0.227852985,-0.423079878,-0.116467834,-0.00302559,-0.005643702,-0.144048452,-0.348468542,0.206487343,-0.136232108,-0.645158768,0.455242097
0.383333333,0.02020517,0.53284204,-0.525601208,0.176569536,0.444833159,-0.310124695,0.392200738,0.352652818,-0.318233937,0.592466414,0.211212501,-0.394962698,0.115908906,0.003718385,0.006292984,0.112781808,-0.371640831,0.214150026,0.148188189,-0.638761938,0.472159803,-0.177439556,0.436345279,-0.328588367,-0.396005511,0.379397452,-0.330234557,-0.604929268,0.241969422,-0.422160923,-0.116279386,-0.003017035,-0.005240557,-0.144028723,-0.346948713,0.204857484,-0.134947956,-0.643022537,0.45417133
0.4,0.019358743,0.537681103,-0.522497535,0.178998858,0.446835667,-0.309230059,0.39491272,0.358094305,-0.317958444,0.593904793,0.221122563,-0.393240035,0.115718812,0.003696745,0.005747727,0.112762578,-0.367709994,0.212620199,0.148342013,-0.630679488,0.471499652,-0.175109416,0.437637746,-0.327883154,-0.397869915,0.386700809,-0.32846579,-0.61028266,0.262622893,-0.421696723,-0.116101339,-0.002991491,-0.00473153,-0.143926829,-0.345247835,0.205773503,-0.133380637,-0.641180038,0.45663169
0.416666667,0.01733429,0.543458104,-0.505631804,0.180703148,0.454272568,-0.296090424,0.398282856,0.368650347,-0.304460824,0.59963131,0.23867783,-0.380340904,0.115486562,0.003530829,0.005597213,0.113415703,-0.367462248,0.211476147,0.150140658,-0.630020082,0.470637739,-0.171366975,0.444189996,-0.31255585,-0.393752933,0.402235389,-0.314097643,-0.597406566,0.299818784,-0.406335771,-0.11586941,-0.002826536,-0.004597641,-0.14295724,-0.344664663,0.204585463,-0.131183818,-0.640815079,0.451527119
0.433333333,0.016678367,0.546289325,-0.494300097,0.181845009,0.461542964,-0.285618007,0.399602294,0.379957259,-0.293532699,0.602129817,0.252892673,-0.37112236,0.115204141,0.003364467,0.005371495,0.114295885,-0.367490053,0.208512411,0.152755737,-0.630529165,0.466031671,-0.167193115,0.452700466,-0.299653739,-0.391887069,0.418970078,-0.30247885,-0.596056521,0.322592109,-0.393266469,-0.115588918,-0.002662373,-0.004389203,-0.142170042,-0.34431386,0.203105062,-0.128981456,-0.640984297,0.449088573
0.45,0.016222857,0.550032616,-0.486248463,0.182419389,0.465351313,-0.279935032,0.398402423,0.38892296,-0.288611084,0.602859557,0.267185539,-0.367333353,0.114956282,0.003200306,0.005360985,0.115058295,-0.366972089,0.207951143,0.154057696,-0.630529404,0.465429991,-0.163957417,0.457185119,-0.292517692,-0.390426308,0.428516597,-0.295490324,-0.597002149,0.336645722,-0.384237528,-0.115341634,-0.002502502,-0.004382546,-0.141795129,-0.342300981,0.199314922,-0.128188744,-0.639879942,0.444577962
0.466666667,0.016209012,0.556042731,-0.478647083,0.183183879,0.468957782,-0.273052186,0.396939069,0.39749521,-0.281937867,0.603845596,0.288322002,-0.36152634,0.114690706,0.003087258,0.005415288,0.116466545,-0.365784854,0.206591636,0.154812977,-0.629665434,0.465223461,-0.161994606,0.460598975,-0.288620323,-0.390214741,0.440509409,-0.294298381,-0.603821754,0.371019423,-0.383084327,-0.115075849,-0.002394915,-0.004447943,-0.141853511,-0.338944763,0.193517998,-0.128026277,-0.636700869,0.437473714
0.483333333,0.015550922,0.563378453,-0.470059186,0.183661863,0.471022755,-0.269137144,0.398526758,0.409970552,-0.279881477,0.611901462,0.316409379,-0.359369248,0.114350267,0.002916278,0.005354214,0.117879361,-0.364524961,0.197906986,0.154834241,-0.628488779,0.461511195,-0.161425352,0.464208484,-0.285235077,-0.391293496,0.450138628,-0.293112367,-0.603623927,0.392023116,-0.382591486,-0.114730157,-0.002236401,-0.004397233,-0.142114177,-0.3370727,0.190938309,-0.12803182,-0.63470155,0.436592191
0.5,0.015564311,0.569376767,-0.46389994,0.183799654,0.47521174,-0.263272464,0.402718872,0.426497549,-0.27863577,0.620802999,0.340988785,-0.360419124,0.114049748,0.002906392,0.005448276,0.120000392,-0.363541126,0.189989477,0.15501596,-0.627201557,0.458942771,-0.161572978,0.46690461,-0.281452447,-0.390984118,0.458952814,-0.297071666,-0.60061866,0.40714255,-0.406093061,-0.114413045,-0.002231447,-0.004498931,-0.142360374,-0.335425824,0.184734732,-0.128011107,-0.632486284,0.433328986
0.516666667,0.015152029,0.572696924,-0.460833251,0.183785364,0.476941556,-0.262075871,0.407953233,0.436303675,-0.27960825,0.627999365,0.356721729,-0.361354649,0.113658741,0.002875947,0.0054616,0.121986032,-0.362342864,0.176890373,0.155290723,-0.625329792,0.452158123,-0.161706746,0.467591733,-0.279897034,-0.391624928,0.461182058,-0.298147738,-0.599293828,0.41459471,-0.407195866,-0.11400456,-0.002210667,-0.004515185,-0.142408788,-0.334265649,0.178018764,-0.127998859,-0.631128669,0.428944826
0.533333333,0.015416359,0.575523436,-0.457689941,0.183967784,0.478458166,-0.260122716,0.415350854,0.447595209,-0.280026048,0.635958254,0.371733814,-0.36495927,0.113505103,0.00289069,0.00544056,0.123947412,-0.362134099,0.160856366,0.156067416,-0.624503136,0.437160194,-0.161860898,0.468765914,-0.276760519,-0.39125064,0.470625103,-0.309876174,-0.585265279,0.430202425,-0.439973652,-0.113830239,-0.002237974,-0.004493781,-0.142287537,-0.333540201,0.16606383,-0.127832204,-0.630552113,0.413727254
0.55,0.015406937,0.577040315,-0.458015442,0.184062332,0.479701012,-0.259390563,0.42116195,0.454214752,-0.280679524,0.642244697,0.379734308,-0.364992499,0.113396242,0.00289807,0.005322377,0.123896122,-0.362081975,0.159621119,0.155684143,-0.623600066,0.437166244,-0.162089989,0.468772262,-0.276431799,-0.390984625,0.47670725,-0.31104669,-0.58528161,0.454118282,-0.434621274,-0.113713115,-0.002251243,-0.004375654,-0.142241731,-0.331960171,0.165868297,-0.127846301,-0.628448844,0.414329112
0.566666667,0.015106139,0.575963616,-0.459116727,0.184059009,0.47896257,-0.259759068,0.421539843,0.456067294,-0.281162471,0.642099082,0.383487076,-0.360865653,0.113365047,0.002848818,0.004763395,0.123800837,-0.360556871,0.16216372,0.155658007,-0.617852628,0.438330084,-0.162439764,0.468296498,-0.27744624,-0.393271863,0.472454786,-0.309479952,-0.608008087,0.454023242,-0.410567731,-0.113683902,-0.002202133,-0.003832543,-0.142057821,-0.329558402,0.16912967,-0.127399281,-0.625944197,0.426915526
0.583333333,0.015103224,0.575618327,-0.465415388,0.183960006,0.47859028,-0.261221647,0.420666158,0.455229938,-0.282003939,0.642769456,0.385243416,-0.35736993,0.113328867,0.002794422,0.004453926,0.123752534,-0.358625025,0.164037526,0.155648082,-0.613611996,0.43910864,-0.162663937,0.466481566,-0.282443792,-0.394604206,0.469250411,-0.310047895,-0.616766393,0.455330193,-0.405926019,-0.113647223,-0.002143699,-0.003532337,-0.141837776,-0.327188432,0.173148155,-0.126857176,-0.623350322,0.435719669
0.6,0.015105556,0.575165033,-0.466042906,0.183815986,0.478098601,-0.261712372,0.4213925,0.4553487,-0.283195406,0.64312464,0.388895392,-0.357906371,0.113296524,0.002774981,0.003747055,0.123744115,-0.358117372,0.163691849,0.156204969,-0.61340493,0.438773125,-0.162755832,0.466098994,-0.282865912,-0.394488662,0.472554266,-0.306642383,-0.613857925,0.470221788,-0.394725025,-0.113614663,-0.002123179,-0.002824445,-0.141714171,-0.327415854,0.175552905,-0.125943422,-0.623621821,0.438016772
0.616666667,0.015566741,0.5744192,-0.466109127,0.18391788,0.477914006,-0.262110084,0.420951337,0.457310766,-0.283509791,0.642472446,0.396102875,-0.358174145,0.113268554,0.002714763,0.002721416,0.123909593,-0.358086288,0.160166189,0.15839763,-0.613591611,0.435974449,-0.162163198,0.467008948,-0.279796958,-0.390194714,0.478908777,-0.294064194,-0.613067985,0.481307268,-0.377026677,-0.11358694,-0.002062642,-0.001796312,-0.141696051,-0.327531636,0.175963596,-0.125634506,-0.623913348,0.438127249
0.633333333,0.015957968,0.575291455,-0.464063227,0.18425408,0.478959203,-0.260400295,0.420246929,0.459970742,-0.280215919,0.641422212,0.403338939,-0.356241643,0.113271296,0.002590702,0.00182699,0.12464866,-0.358371139,0.150687754,0.162868589,-0.613896549,0.425138175,-0.160412461,0.467798859,-0.275894791,-0.388067335,0.477567881,-0.284702271,-0.613836467,0.481214553,-0.366701901,-0.11359483,-0.001937244,-0.000911414,-0.141541675,-0.329041064,0.176227823,-0.124964826,-0.626772404,0.438956887
0.65,0.015635511,0.57554251,-0.460182428,0.184393451,0.479762822,-0.258966506,0.418130368,0.461363524,-0.27768147,0.640141785,0.411124349,-0.353375822,0.11325296,0.002255487,0.000594684,0.124728054,-0.358424753,0.146366805,0.165396869,-0.614159644,0.421555638,-0.158314392,0.469713181,-0.271222353,-0.387820989,0.479001313,-0.278878301,-0.615102947,0.484750926,-0.360807598,-0.113577954,-0.001601834,0.000294336,-0.141552687,-0.329479545,0.177488744,-0.124903068,-0.627729774,0.441216648
0.666666667,0.015840281,0.579873919,-0.453496397,0.185275465,0.480526567,-0.255030334,0.416181058,0.463593125,-0.271496862,0.639593482,0.422964692,-0.348053068,0.113254294,0.001991164,-0.000235425,0.125150472,-0.358567864,0.133297861,0.166687518,-0.614421248,0.409914434,-0.155458897,0.472219527,-0.266171783,-0.385943234,0.48430115,-0.273833007,-0.614159882,0.502208769,-0.356666744,-0.113585748,-0.001339854,0.001109075,-0.141571686,-0.330832452,0.177499399,-0.124804437,-0.62892592,0.441039294
0.683333333,0.01590272,0.586356282,-0.440037489,0.18620728,0.481416047,-0.248474315,0.415775716,0.464391202,-0.268652886,0.638818443,0.429549098,-0.348794878,0.113258772,0.001840742,-0.000683191,0.125927925,-0.359808683,0.116640233,0.167695582,-0.618287683,0.388103724,-0.154487163,0.475966185,-0.255870312,-0.381220549,0.49354291,-0.262203306,-0.599461138,0.515782833,-0.346232295,-0.11359302,-0.001202422,0.001561838,-0.141311243,-0.333802968,0.171484649,-0.12480998,-0.631118536,0.433000624
0.7,0.015778828,0.587146938,-0.437083513,0.187074438,0.482518584,-0.245403603,0.415527135,0.468205094,-0.265872121,0.638259113,0.437028021,-0.348585725,0.113264851,0.001643308,-0.001096933,0.126818508,-0.360489219,0.110733122,0.168709293,-0.621064425,0.377643824,-0.15297094,0.478392065,-0.252948165,-0.378742129,0.499660462,-0.259298235,-0.594480991,0.524815798,-0.343339145,-0.113603376,-0.001013025,0.001977071,-0.141282171,-0.335853398,0.170149103,-0.124989711,-0.633346617,0.430687636
0.716666667,0.015608866,0.587300181,-0.430148214,0.188428342,0.48416692,-0.24242267,0.415002346,0.473202139,-0.266164154,0.637856901,0.448678106,-0.352657229,0.11327298,0.001441286,-0.001347769,0.127699137,-0.362747431,0.11111097,0.170279458,-0.625166476,0.378479809,-0.150638461,0.48213625,-0.246396974,-0.373369098,0.505894661,-0.250237048,-0.572896838,0.527791679,-0.333734959,-0.113613032,-0.000825808,0.002238601,-0.141008899,-0.337744772,0.162816197,-0.124987952,-0.635023713,0.418572426
0.733333333,0.015620895,0.586895466,-0.430216789,0.189007625,0.485624939,-0.242456824,0.414752811,0.47526598,-0.266570777,0.637632072,0.452629715,-0.36178109,0.113321111,0.00130407,-0.001617024,0.128698856,-0.366234034,0.111968271,0.171212599,-0.630576611,0.38092801,-0.149861336,0.484357148,-0.244807348,-0.369348854,0.506254911,-0.245700926,-0.561734259,0.528807342,-0.330551982,-0.113663077,-0.000700167,0.002521525,-0.140604272,-0.340077877,0.152587995,-0.125163063,-0.637171268,0.403298765
0.75,0.015630467,0.585047722,-0.431897938,0.189723149,0.485500216,-0.242802501,0.414598316,0.475647151,-0.267518789,0.637380958,0.454222828,-0.362454146,0.113324203,0.001129803,-0.001684431,0.129324615,-0.366699547,0.115048796,0.171335891,-0.631373346,0.384573877,-0.149132162,0.483828664,-0.246466666,-0.369805992,0.504301667,-0.247542799,-0.565467834,0.528179228,-0.331371695,-0.113668673,-0.000525872,0.002587645,-0.140365079,-0.340134829,0.1542411,-0.125046954,-0.63740617,0.405271947
0.766666667,0.017286371,0.584884465,-0.433561563,0.190664321,0.48546046,-0.243479401,0.414792001,0.479245573,-0.267935306,0.637313724,0.462321758,-0.362002164,0.113337323,0.001025167,-0.001731218,0.130177155,-0.366682708,0.113394439,0.171791062,-0.631216764,0.383446664,-0.148901135,0.483428121,-0.249521896,-0.370964795,0.503798306,-0.255389959,-0.567219794,0.530331135,-0.340275049,-0.113684639,-0.000425932,0.002633297,-0.140445679,-0.340232223,0.155021116,-0.125174433,-0.637761235,0.406118989
0.783333333,0.017722351,0.583923042,-0.433983177,0.191448659,0.485030502,-0.244903237,0.415483624,0.480286539,-0.269897163,0.638322592,0.465612411,-0.362352282,0.113354318,0.000927884,-0.001932974,0.13057442,-0.366385579,0.109378539,0.17202343,-0.62968111,0.382490814,-0.148932382,0.483277559,-0.252646476,-0.372275054,0.50380367,-0.260347575,-0.568871498,0.532100022,-0.344807744,-0.113703884,-0.000332636,0.002830816,-0.140438631,-0.340218991,0.155635729,-0.125180334,-0.637724221,0.40741834
0.8,0.018544586,0.580278993,-0.438637286,0.191660106,0.484246612,-0.24742049,0.415473282,0.480731964,-0.272283167,0.638583004,0.466828525,-0.362683147,0.113360263,0.000876664,-0.001973855,0.130993783,-0.366282642,0.111041434,0.172523156,-0.628890872,0.383671671,-0.149004713,0.482709557,-0.258699954,-0.373120129,0.503571391,-0.26929763,-0.569816947,0.531799555,-0.353951812,-0.113711923,-0.000281187,0.002869824,-0.140564278,-0.340204448,0.15623349,-0.125271231,-0.637706757,0.408875018
0.816666667,0.019837175,0.579158843,-0.441617817,0.191862181,0.483463466,-0.249307081,0.415350556,0.480655521,-0.274036944,0.638467312,0.467948914,-0.363192797,0.113365725,0.000843726,-0.002005692,0.131447911,-0.366252065,0.111733556,0.172931358,-0.628741801,0.384527504,-0.149010524,0.482017696,-0.262652457,-0.373249233,0.503590584,-0.275149256,-0.571197987,0.534692645,-0.360107958,-0.113719508,-0.000249094,0.002898815,-0.140650511,-0.340331435,0.156735003,-0.125368178,-0.637868166,0.409543931
0.833333333,0.020262597,0.577632248,-0.445928514,0.191602573,0.483139634,-0.250725001,0.414746642,0.481278569,-0.274614871,0.638361573,0.468459308,-0.363033533,0.113365375,0.000817529,-0.001961594,0.131502867,-0.366227359,0.112090722,0.172909677,-0.628470063,0.386213899,-0.149087235,0.481425643,-0.267004222,-0.374574095,0.503411233,-0.2819767,-0.573730111,0.534651637,-0.366773605,-0.113720804,-0.00022365,0.002852071,-0.140903905,-0.340385973,0.157140106,-0.125691235,-0.638029575,0.410134912
0.85,0.02036537,0.578162134,-0.445946902,0.191650301,0.483097076,-0.250825465,0.414732248,0.48234427,-0.274523169,0.638499737,0.47069636,-0.361434877,0.113362804,0.00076914,-0.001984424,0.131500393,-0.365698516,0.112716384,0.172780365,-0.627973378,0.386796206,-0.149039581,0.481331855,-0.267180175,-0.375010759,0.50353986,-0.282106131,-0.576233447,0.536582291,-0.36695838,-0.113720186,-0.000176437,0.002871952,-0.141024441,-0.340339869,0.157440007,-0.126276076,-0.63815695,0.410561591
0.866666667,0.020446187,0.57884711,-0.445245951,0.191688403,0.483079582,-0.250885874,0.414510339,0.482716441,-0.274547994,0.638431549,0.471677423,-0.36142236,0.113359533,0.000741887,-0.00199175,0.131471172,-0.365684241,0.113731124,0.172691658,-0.627905369,0.388201088,-0.14895159,0.481130391,-0.267096221,-0.375080913,0.503746212,-0.281954855,-0.576893747,0.537011027,-0.366573095,-0.113718472,-0.000150544,0.002878779,-0.140967295,-0.340334982,0.157643154,-0.126265138,-0.638318896,0.410728455
0.883333333,0.020436278,0.57877624,-0.445528477,0.191645488,0.482949704,-0.2513735,0.414235741,0.483049095,-0.274664164,0.638388216,0.472264886,-0.361192018,0.11336039,0.000701692,-0.002000354,0.131428152,-0.365169883,0.114132889,0.1726695,-0.626363277,0.389330804,-0.149009421,0.480838001,-0.268067151,-0.376483023,0.503746092,-0.283178777,-0.581000268,0.5372504,-0.367702365,-0.113721289,-0.000110609,0.00288659,-0.141251504,-0.340146691,0.15837124,-0.126805678,-0.63809669,0.412682354
0.9,0.020519471,0.57756561,-0.449077278,0.191597745,0.48143059,-0.253315926,0.413627088,0.482900709,-0.275801718,0.638067007,0.47111851,-0.361199766,0.113368534,0.000677197,-0.001829152,0.131477624,-0.365009397,0.114338145,0.17241548,-0.625229299,0.390580654,-0.149131015,0.478807688,-0.271982551,-0.377478182,0.503635705,-0.288198084,-0.583414733,0.537267864,-0.372302443,-0.113731936,-8.68E-05,0.002712175,-0.141444936,-0.339999706,0.158500776,-0.127118647,-0.637947917,0.412829429
0.916666667,0.020847633,0.577251315,-0.450937808,0.191516787,0.480947107,-0.253926158,0.413584143,0.482723087,-0.275826275,0.638073683,0.470232457,-0.359898359,0.113380365,0.000653655,-0.001787052,0.131417066,-0.364581257,0.114593558,0.172152728,-0.623497665,0.392369568,-0.149648145,0.477519572,-0.273528278,-0.379050344,0.503187239,-0.290004134,-0.587282002,0.536670744,-0.374271899,-0.113746099,-6.35E-05,0.002668074,-0.141483516,-0.339648247,0.159063637,-0.127208397,-0.637673199,0.414395541
0.933333333,0.020952119,0.577268064,-0.451292932,0.191674948,0.480914354,-0.254301131,0.41384846,0.482663423,-0.275847375,0.638293922,0.469641119,-0.359169006,0.113384746,0.000603277,-0.001840261,0.131274834,-0.364229202,0.115659162,0.172132507,-0.622795641,0.394523352,-0.149546161,0.477299452,-0.273461699,-0.379175425,0.502166569,-0.289785653,-0.592211246,0.535916507,-0.37407276,-0.113752626,-1.18E-05,0.002716006,-0.141567022,-0.339108229,0.160139993,-0.127322972,-0.63722384,0.415777594
0.95,0.02090236,0.577379346,-0.451405615,0.191686571,0.480743468,-0.254853845,0.413956881,0.482573122,-0.276091039,0.638363242,0.469222844,-0.359011859,0.113391109,0.000533704,-0.001928442,0.131169468,-0.364009708,0.115891263,0.17211087,-0.621621788,0.395741224,-0.149560079,0.477252811,-0.273404658,-0.379928261,0.501426935,-0.289656103,-0.597017825,0.535312712,-0.373928368,-0.113761082,5.81E-05,0.002799793,-0.141640872,-0.338758022,0.160349205,-0.127490416,-0.636616468,0.416789412
0.966666667,0.02107987,0.57729578,-0.451438397,0.191725209,0.480722606,-0.254883796,0.413875014,0.482479602,-0.27610606,0.638343453,0.468895316,-0.359095573,0.113397069,0.000511407,-0.001932022,0.131162956,-0.363995343,0.116674297,0.172285363,-0.621621847,0.396206617,-0.149533048,0.477207929,-0.273357242,-0.379897803,0.501767933,-0.289294422,-0.596940279,0.535101831,-0.373449564,-0.113768943,8.02E-05,0.00280293,-0.141704574,-0.338757187,0.160413519,-0.127753884,-0.636647999,0.416829437
0.983333333,0.020490497,0.578935862,-0.450267106,0.191564843,0.480721623,-0.254907817,0.413458288,0.482221752,-0.276543438,0.637696981,0.468417615,-0.360181719,0.11339625,0.000489856,-0.002037236,0.130877957,-0.364007413,0.117993779,0.172282174,-0.621826768,0.397321075,-0.149654999,0.477205396,-0.272191644,-0.379644334,0.501937509,-0.286370993,-0.596632302,0.535013139,-0.370633751,-0.113769256,0.000101741,0.002908193,-0.141722918,-0.338747859,0.160620004,-0.127853274,-0.636803448,0.416852772
1,0.020170273,0.580437899,-0.446896791,0.191540763,0.48086217,-0.254103124,0.413332522,0.482193202,-0.276394874,0.637542307,0.468175024,-0.360351473,0.113400146,0.000468461,-0.002044435,0.130688697,-0.364027828,0.117025159,0.172325745,-0.621885717,0.395629525,-0.149658948,0.47754547,-0.269864112,-0.379213691,0.502988815,-0.282581687,-0.594868064,0.53502202,-0.366649747,-0.113773733,0.000121036,0.002915452,-0.141742006,-0.338758677,0.160296813,-0.127872467,-0.636832833,0.416373909
1.016666667,0.0199908,0.580557942,-0.44593972,0.191369072,0.480953425,-0.253510475,0.412458032,0.482147187,-0.276270777,0.636737227,0.467766345,-0.360533208,0.113406375,0.000449408,-0.002079792,0.130414963,-0.363988757,0.116936333,0.172341749,-0.621578574,0.395479679,-0.149726346,0.477703303,-0.268144935,-0.378750056,0.503174722,-0.279510558,-0.59455663,0.534588873,-0.362958729,-0.11378058,0.00014003,0.002953332,-0.141782165,-0.338717073,0.160348088,-0.127890661,-0.636707723,0.416391551
1.033333333,0.019652477,0.580853522,-0.445033789,0.191286027,0.481105357,-0.253133684,0.411858618,0.481632888,-0.276129782,0.636061609,0.465902358,-0.360591471,0.113411315,0.000430466,-0.002094538,0.130358264,-0.363976091,0.116948061,0.172475561,-0.621509492,0.395420641,-0.149681434,0.477901846,-0.266698241,-0.377625942,0.503203869,-0.277211249,-0.592647612,0.534472287,-0.360443681,-0.113786541,0.000158586,0.002969461,-0.141777128,-0.338756889,0.160381824,-0.127903908,-0.636709273,0.416468263
1.05,0.019371303,0.580966413,-0.444613039,0.191089794,0.481357753,-0.25288108,0.410698265,0.481082141,-0.276027203,0.634828448,0.464330882,-0.360630095,0.113416001,0.000408096,-0.002142274,0.130198032,-0.363964707,0.116991706,0.172474533,-0.621514142,0.395447552,-0.149660528,0.478416383,-0.265899241,-0.377165169,0.503115475,-0.276050389,-0.592406929,0.533345997,-0.359409779,-0.113792598,0.000180842,0.003018625,-0.141826257,-0.338773608,0.160450369,-0.1279594,-0.636702657,0.416626602
1.066666667,0.019069105,0.582120717,-0.443702519,0.191063106,0.481474012,-0.25285098,0.410656869,0.480911642,-0.275892645,0.634766698,0.463103503,-0.360005617,0.113414928,0.000368652,-0.002226582,0.130182579,-0.363438636,0.117042892,0.172635794,-0.621099174,0.395470381,-0.14962782,0.478526145,-0.265699983,-0.377243191,0.503039598,-0.275882334,-0.594530642,0.533020556,-0.359084696,-0.11379277,0.000219368,0.003101985,-0.141832769,-0.338398159,0.161847934,-0.127875522,-0.636410892,0.419044673
1.083333333,0.01906113,0.582493007,-0.44369027,0.191036463,0.481461644,-0.252954423,0.410653561,0.480823249,-0.276058882,0.634809136,0.462598503,-0.360075802,0.113412738,0.000350765,-0.002237837,0.130022213,-0.363398522,0.117076814,0.172494844,-0.621094584,0.395428509,-0.149631262,0.478518128,-0.265754253,-0.377166569,0.503106117,-0.276062638,-0.594289601,0.532988489,-0.359208256,-0.113791533,0.00023694,0.003113365,-0.141945422,-0.338320166,0.161907002,-0.127997905,-0.636402905,0.419060796
1.1,0.019240439,0.582551837,-0.444261372,0.190949291,0.481450707,-0.253077835,0.410615623,0.480790317,-0.276037306,0.634903908,0.462224156,-0.359802693,0.113416858,0.000334501,-0.002196038,0.129825205,-0.363270521,0.117215186,0.172298446,-0.620735049,0.39621675,-0.149747968,0.478363305,-0.266628027,-0.377575517,0.503113091,-0.278097689,-0.595015943,0.532766402,-0.36116308,-0.113796629,0.000252764,0.003071829,-0.14212732,-0.33810249,0.161995232,-0.128163964,-0.636196375,0.419325322
1.116666667,0.019472841,0.58134973,-0.446074843,0.190697014,0.481279463,-0.253248572,0.409778446,0.480510145,-0.275968105,0.634244144,0.46007815,-0.357959181,0.113416925,0.000308,-0.002202269,0.129470438,-0.362525702,0.116966665,0.171827093,-0.6182096,0.396696091,-0.149777889,0.478137225,-0.267914921,-0.378165096,0.503103137,-0.281288475,-0.597780406,0.532645404,-0.363669306,-0.113797709,0.000280351,0.003077782,-0.142188668,-0.33744967,0.163200468,-0.128169224,-0.635060847,0.422662675
1.133333333,0.01947655,0.581161141,-0.446813315,0.190314963,0.481308252,-0.253258973,0.408943176,0.480047464,-0.275719553,0.633243144,0.457783401,-0.357399017,0.113422461,0.000288834,-0.002208614,0.128937811,-0.362466872,0.116884761,0.171205029,-0.617839694,0.397143513,-0.149854347,0.478216171,-0.268068552,-0.378540248,0.503087282,-0.28150183,-0.600768983,0.531983554,-0.364039332,-0.113804765,0.000300549,0.0030841,-0.142209977,-0.337398529,0.163265213,-0.128172264,-0.634948075,0.422843039
1.15,0.019379715,0.581165552,-0.446364701,0.189906314,0.481663138,-0.252545714,0.408806711,0.47949636,-0.274310648,0.633119941,0.453826457,-0.355885535,0.113425054,0.000274141,-0.002187906,0.128171027,-0.362548381,0.116898835,0.171054497,-0.618057728,0.397160172,-0.150124356,0.479216605,-0.267613739,-0.378730565,0.503660977,-0.281100243,-0.600608468,0.531250954,-0.363861084,-0.113808267,0.000315063,0.003065314,-0.142323241,-0.337471008,0.163130507,-0.12833786,-0.635033429,0.422452569
1.166666667,0.019427761,0.582072735,-0.444027603,0.189867646,0.482053012,-0.251613498,0.408638239,0.477929711,-0.272904038,0.633045793,0.44772318,-0.354189456,0.113413945,0.000260276,-0.002223532,0.128062055,-0.362576306,0.119377784,0.171137244,-0.618658721,0.399656892,-0.150169447,0.479942948,-0.265634954,-0.379115283,0.503812253,-0.279439241,-0.600504577,0.528720438,-0.362715006,-0.113797024,0.000328631,0.003101649,-0.142316148,-0.33744061,0.163156956,-0.128198877,-0.635101736,0.421652317
1.183333333,0.019634129,0.58242929,-0.442998737,0.189591154,0.482270777,-0.249000803,0.408074856,0.475212097,-0.268738955,0.63312763,0.43969658,-0.351487666,0.113410935,0.000275302,-0.00215988,0.128042176,-0.362558842,0.124015234,0.171425402,-0.618782461,0.402490199,-0.150592148,0.480930954,-0.263994873,-0.379307061,0.504563391,-0.278027028,-0.598469734,0.526457906,-0.362072796,-0.113794573,0.000313365,0.00304085,-0.142253593,-0.337442189,0.164574713,-0.128077179,-0.63522315,0.422906995
1.2,0.019827684,0.582305551,-0.445132047,0.18945004,0.48212862,-0.249147907,0.408399045,0.472078562,-0.268409014,0.634446681,0.431983948,-0.349075675,0.113401726,0.00027097,-0.002073897,0.128025934,-0.361237139,0.127680376,0.171486586,-0.617323875,0.407014549,-0.150699764,0.480320632,-0.264955103,-0.380609274,0.498469114,-0.279219031,-0.60422647,0.512731552,-0.363900006,-0.113786779,0.000318326,0.002953195,-0.142219633,-0.336452097,0.168373391,-0.127954841,-0.63476938,0.428753167
1.216666667,0.019612448,0.580459177,-0.45064339,0.188993633,0.481898725,-0.252798051,0.41191414,0.468370706,-0.27042982,0.638852179,0.418498486,-0.348987252,0.113393471,0.000269494,-0.00213628,0.127404734,-0.359908223,0.1372201,0.171369359,-0.61612612,0.420742452,-0.151622653,0.477824032,-0.26797682,-0.381623358,0.485886544,-0.280897588,-0.611139119,0.493968457,-0.365640074,-0.113777548,0.000321531,0.003016362,-0.142223775,-0.334998548,0.174554408,-0.12797308,-0.633349538,0.437211037
1.233333333,0.019613426,0.579298198,-0.454888046,0.188515037,0.481879354,-0.253474176,0.412040353,0.465679914,-0.270442188,0.63961482,0.41027835,-0.347126096,0.113380834,0.000261988,-0.002103191,0.126918629,-0.358954489,0.148675784,0.171385035,-0.615407646,0.431618005,-0.152108848,0.476720482,-0.269956946,-0.383630812,0.476286054,-0.282643318,-0.618642449,0.47104761,-0.367734194,-0.113763556,0.000331417,0.002983191,-0.142214507,-0.333510935,0.179282278,-0.127829283,-0.63187331,0.442509145
1.25,0.018381663,0.579119027,-0.457412183,0.187630981,0.48172918,-0.254635215,0.412095219,0.458544672,-0.270517766,0.640031934,0.396913111,-0.347206503,0.113382876,0.000259626,-0.002120881,0.126048207,-0.35903573,0.15200679,0.171114385,-0.616091311,0.433800846,-0.153465733,0.476151764,-0.270391881,-0.383945793,0.468931198,-0.282399505,-0.617646277,0.461166203,-0.367765784,-0.113765806,0.000335581,0.003001905,-0.142165229,-0.333521575,0.179136679,-0.127769038,-0.631887376,0.441508293
1.266666667,0.016405355,0.58101058,-0.45498383,0.187488645,0.481690824,-0.25541088,0.412767351,0.45325917,-0.272663087,0.641689301,0.386013567,-0.357662857,0.11333546,0.000252368,-0.002050692,0.125418514,-0.359830648,0.153176934,0.170654342,-0.618499279,0.432789773,-0.153717816,0.476216316,-0.266742319,-0.382918358,0.471396834,-0.2691046,-0.608653128,0.460683018,-0.355583072,-0.113712184,0.000341654,0.002933704,-0.14215152,-0.333657026,0.178578854,-0.127757877,-0.632243097,0.438168198
1.283333333,0.016855903,0.581315935,-0.452340841,0.187645912,0.481450409,-0.255319417,0.412860662,0.447032809,-0.27337274,0.642219126,0.380423516,-0.366444677,0.113316014,0.00026976,-0.002017813,0.125565276,-0.359985262,0.151561335,0.170869693,-0.619179487,0.431428313,-0.153927371,0.476812929,-0.262847632,-0.380616367,0.477038622,-0.266554862,-0.585359693,0.466890424,-0.356072336,-0.113686204,0.000317939,0.002903096,-0.141873538,-0.333948374,0.175666153,-0.12737745,-0.632718503,0.431761354
1.3,0.016666632,0.579704523,-0.45440352,0.187221676,0.480544508,-0.257552892,0.407015085,0.434071124,-0.274310946,0.63633579,0.358997554,-0.367885083,0.113257959,0.000254126,-0.001776653,0.125338659,-0.360059291,0.164665118,0.171173573,-0.620135069,0.436486602,-0.153807923,0.476869315,-0.262921184,-0.379439563,0.472754776,-0.26623264,-0.585778832,0.443952292,-0.355551243,-0.113627255,0.000332618,0.002647442,-0.141728297,-0.334529698,0.177665383,-0.126586124,-0.633866847,0.432539344
1.316666667,0.014795837,0.578125298,-0.456300437,0.187135026,0.478855461,-0.260275513,0.403253347,0.422104686,-0.274552345,0.629142523,0.343309671,-0.367724568,0.11323227,0.000183011,-0.001777527,0.12523523,-0.360198498,0.170949936,0.17142278,-0.621344805,0.438178807,-0.15378283,0.476913244,-0.263012826,-0.37948361,0.46605736,-0.26397264,-0.586679697,0.427708298,-0.354383737,-0.113602675,0.000405101,0.002646307,-0.141733006,-0.335399419,0.181361645,-0.126520827,-0.634979486,0.43402788
1.333333333,0.013967923,0.577881575,-0.456233114,0.18694976,0.477708966,-0.261248767,0.402463704,0.414907634,-0.274470806,0.627387524,0.325582713,-0.367285371,0.113219865,0.000180679,-0.001729208,0.125196502,-0.360279471,0.174169019,0.171547413,-0.622215092,0.441621304,-0.154163375,0.476927817,-0.263104171,-0.379137248,0.461062014,-0.262684524,-0.587567747,0.408256024,-0.354308993,-0.113588378,0.000407995,0.002598471,-0.141726419,-0.335708976,0.184053063,-0.126464307,-0.635663271,0.437154919
1.35,0.011753242,0.57612884,-0.459560364,0.186833575,0.473242015,-0.265975446,0.401113063,0.397589654,-0.275640428,0.619204164,0.295691997,-0.367119998,0.113210984,0.000182822,-0.001693325,0.124985538,-0.360547602,0.181465611,0.171640545,-0.623371959,0.447509795,-0.154328346,0.47542274,-0.264779985,-0.378115177,0.446222186,-0.261592567,-0.583961308,0.375767946,-0.3525711,-0.113578729,0.000408407,0.002564631,-0.141560584,-0.33703953,0.189163283,-0.126105383,-0.637138724,0.442225784
1.366666667,0.011938093,0.572754323,-0.464250982,0.186775178,0.471191257,-0.267175615,0.39824006,0.386354446,-0.275112242,0.613881826,0.278125674,-0.36613369,0.113205187,0.000204275,-0.001462227,0.124915175,-0.360517085,0.190251872,0.171994716,-0.623570502,0.455034226,-0.154359773,0.473404795,-0.265939772,-0.376139104,0.430999666,-0.261583269,-0.583758295,0.348232388,-0.352439523,-0.113572821,0.000392148,0.002327502,-0.141484693,-0.337650418,0.193323851,-0.125425264,-0.637902677,0.44737187
1.383333333,0.012167315,0.572257996,-0.464290172,0.186455533,0.470159978,-0.268255681,0.396583706,0.381141067,-0.276779383,0.611283541,0.265956759,-0.370722413,0.113169111,0.000294358,-0.001017116,0.124738991,-0.360528231,0.196598962,0.172232285,-0.624432564,0.459693909,-0.154599831,0.472379357,-0.266223967,-0.368028343,0.424148619,-0.260804266,-0.563320935,0.329485267,-0.350427628,-0.113534927,0.000306415,0.001886054,-0.141099498,-0.33841759,0.195197865,-0.125126928,-0.638897657,0.448834747
1.4,0.014474135,0.571812391,-0.464772344,0.186409429,0.469587237,-0.269920349,0.396543145,0.375439107,-0.280503571,0.610539973,0.25562337,-0.375063449,0.113148421,0.00045801,-0.000706433,0.124311283,-0.360616356,0.197964445,0.172475934,-0.625236094,0.46065101,-0.155475706,0.469520032,-0.268666148,-0.361979008,0.409877539,-0.265828431,-0.546843112,0.305123031,-0.359481812,-0.113511324,0.000145167,0.001581791,-0.140733838,-0.339550853,0.197650298,-0.124733068,-0.63974452,0.451012522
1.416666667,0.014948255,0.570666492,-0.474985361,0.184440598,0.466548264,-0.277788043,0.394233912,0.370064259,-0.284961015,0.606007338,0.242750034,-0.374779195,0.11314635,0.000804744,-0.000420238,0.123084366,-0.36089626,0.202569142,0.172149464,-0.62589848,0.464729369,-0.161612272,0.462931156,-0.283638,-0.365039498,0.395134121,-0.281567484,-0.548162401,0.272028029,-0.372981608,-0.113509104,-0.000188437,0.00130472,-0.140632033,-0.340165079,0.200896785,-0.124720909,-0.64040041,0.453549027
1.433333333,0.014923044,0.570192993,-0.480380028,0.182784811,0.463904381,-0.283576101,0.393201351,0.361002713,-0.286520153,0.603068531,0.220481172,-0.374388874,0.113149829,0.001186037,-0.000346292,0.121224873,-0.361017227,0.205049768,0.171163335,-0.627451301,0.466773301,-0.167451218,0.461368948,-0.291161329,-0.378955156,0.389308065,-0.289221883,-0.566413403,0.249107242,-0.380344033,-0.113515139,-0.000552073,0.001238032,-0.140617937,-0.340534925,0.205284581,-0.124965206,-0.640805185,0.457866311
1.45,0.015101513,0.570147276,-0.486148208,0.180207908,0.460600555,-0.288650393,0.39019531,0.35041514,-0.288743556,0.594439864,0.198848486,-0.375051767,0.113163084,0.001638597,-0.000165053,0.119843595,-0.361110598,0.206288576,0.169940397,-0.629149854,0.468117386,-0.171561196,0.4587937,-0.296218395,-0.382980466,0.379729033,-0.29466784,-0.572236598,0.229533181,-0.386154145,-0.113532625,-0.00098785,0.001063768,-0.140615314,-0.341074675,0.206330821,-0.125688016,-0.641525865,0.459513932
1.466666667,0.016884629,0.572240174,-0.484724641,0.180201575,0.46054852,-0.288118899,0.384773314,0.34074834,-0.285452992,0.58056426,0.184550256,-0.373296529,0.113189131,0.001786341,0.000498148,0.119842865,-0.363507837,0.205512673,0.169876307,-0.638295472,0.467525512,-0.171142057,0.458993554,-0.29437381,-0.379208773,0.375537485,-0.292835087,-0.566900671,0.228163317,-0.384753674,-0.11355985,-0.001132128,0.000418183,-0.140585318,-0.343648732,0.205737755,-0.12591207,-0.645154119,0.456113726
1.483333333,0.01750239,0.575883567,-0.481119901,0.180029854,0.46025902,-0.287099093,0.381126672,0.334244907,-0.285351932,0.567521811,0.165966138,-0.37450695,0.113216154,0.001962283,0.001209659,0.119916625,-0.363838077,0.205839559,0.169707745,-0.639704883,0.466548771,-0.171632245,0.458516985,-0.293209702,-0.372383416,0.371747553,-0.291824698,-0.550401151,0.220629558,-0.383574665,-0.113583654,-0.001312957,-0.000265381,-0.140277952,-0.343626678,0.205499426,-0.126000702,-0.644819438,0.455935329
1.5,0.017482305,0.576301575,-0.480297208,0.180046201,0.45897752,-0.286036313,0.374695957,0.324504316,-0.284251153,0.551809907,0.153416365,-0.371967643,0.113252439,0.001992063,0.001593758,0.119601779,-0.364000499,0.212684706,0.168706626,-0.639818132,0.474069864,-0.171937913,0.457944602,-0.29211396,-0.371541917,0.360644162,-0.291009307,-0.552878022,0.200233757,-0.382528901,-0.113619126,-0.001341214,-0.000646078,-0.140211314,-0.343444973,0.207411721,-0.126559585,-0.642331839,0.461612254
1.516666667,0.016845914,0.576442003,-0.480416238,0.180057049,0.456558526,-0.285292536,0.367776632,0.314287692,-0.283256948,0.543155611,0.14077726,-0.369425774,0.113327444,0.002006215,0.002165804,0.118602425,-0.36470291,0.214084402,0.167465642,-0.640290022,0.477505475,-0.172035426,0.45663017,-0.291376173,-0.366202474,0.350957543,-0.290760964,-0.549659491,0.189736336,-0.381779343,-0.113692835,-0.001355261,-0.001207141,-0.140555277,-0.343430191,0.207114831,-0.12820366,-0.641647875,0.462675333
1.533333333,0.016721599,0.576475263,-0.48319757,0.179809734,0.453667432,-0.285451025,0.36177516,0.306379378,-0.284225792,0.533019423,0.127019227,-0.371329129,0.113395043,0.002019621,0.003045805,0.117848352,-0.368125081,0.213043913,0.165349871,-0.645989597,0.47610864,-0.172742605,0.452563822,-0.292546719,-0.360145539,0.338702798,-0.289996654,-0.542372346,0.17458944,-0.381964982,-0.11375583,-0.001368383,-0.002058038,-0.140802354,-0.344041556,0.205974236,-0.129920214,-0.642141581,0.460102499
1.55,0.016860109,0.575840473,-0.487841904,0.179482684,0.451707572,-0.285870939,0.357747734,0.300902933,-0.284975052,0.524823427,0.115121365,-0.371620893,0.113455005,0.00203227,0.00370547,0.117412843,-0.369964808,0.213732496,0.164469942,-0.650176346,0.475147009,-0.173335269,0.44859612,-0.295321614,-0.352605462,0.328095317,-0.291612566,-0.533201814,0.162003607,-0.386635095,-0.113810055,-0.001380827,-0.002696483,-0.140798539,-0.34440735,0.205612078,-0.130468771,-0.64267081,0.459139049
1.566666667,0.017497659,0.574347854,-0.492058963,0.179432705,0.448768079,-0.286329448,0.353673518,0.29397738,-0.285253048,0.51580435,0.104781874,-0.371404856,0.113573134,0.002043674,0.004794279,0.116218872,-0.372335613,0.214497402,0.162210435,-0.652037919,0.476747245,-0.174016535,0.44359979,-0.300743848,-0.34691298,0.316711277,-0.296986312,-0.521475136,0.150021687,-0.394880563,-0.113923177,-0.001391563,-0.003758739,-0.140975952,-0.344779164,0.205083191,-0.13188529,-0.642686069,0.457432717
1.583333333,0.017522024,0.571391046,-0.496073246,0.178716809,0.446740538,-0.287964791,0.348752141,0.288944066,-0.288641423,0.50420326,0.092913523,-0.378443033,0.113748215,0.002091666,0.004973952,0.114836402,-0.374501973,0.214095131,0.161742911,-0.654803455,0.476329207,-0.175620914,0.439993858,-0.302508354,-0.343161583,0.307661325,-0.296283126,-0.511407673,0.134984002,-0.393943042,-0.11409311,-0.001437333,-0.00392532,-0.141495794,-0.346345872,0.202812582,-0.132225409,-0.646062672,0.450587541
1.6,0.017520454,0.566681862,-0.497580498,0.178540543,0.445255339,-0.28833577,0.341619134,0.282451242,-0.289667755,0.487554699,0.083376125,-0.381940186,0.113924757,0.002102858,0.005030751,0.113961309,-0.37613824,0.213892981,0.160909221,-0.655683041,0.475818694,-0.176800504,0.435929,-0.303141147,-0.341032684,0.295376629,-0.295846194,-0.499126047,0.114897907,-0.393485695,-0.114261225,-0.001448249,-0.003977357,-0.141937554,-0.346773475,0.202680543,-0.133156836,-0.646742761,0.450296938
1.616666667,0.017293189,0.561639726,-0.497678965,0.176677555,0.443583697,-0.288216293,0.327083051,0.273626953,-0.291714907,0.462251365,0.066318952,-0.395582348,0.1141169,0.002298611,0.005153909,0.112019219,-0.376004487,0.213445991,0.159953684,-0.655441463,0.475660115,-0.180929288,0.431772768,-0.302874058,-0.338868469,0.27830866,-0.295047462,-0.478619158,0.072477572,-0.391728044,-0.114447474,-0.001648702,-0.004087138,-0.14340122,-0.346764296,0.2031537,-0.136435688,-0.647000074,0.451765418
1.633333333,0.015946032,0.560837924,-0.497123957,0.175538093,0.442270458,-0.287305623,0.315680832,0.264334708,-0.291662723,0.448325545,0.055014759,-0.399584502,0.114280313,0.002335796,0.005342601,0.111957684,-0.376799673,0.20895122,0.159891084,-0.655623615,0.469296038,-0.18320702,0.43149659,-0.301377386,-0.337094396,0.272743016,-0.287820756,-0.47025764,0.062861383,-0.380450755,-0.114601694,-0.001690633,-0.004264334,-0.145701632,-0.347908288,0.201184839,-0.138638183,-0.648911357,0.450107783
1.65,0.015552802,0.560995817,-0.493858308,0.175596103,0.441040158,-0.284045666,0.312551349,0.258209556,-0.290027201,0.446082264,0.050051719,-0.398080796,0.114454195,0.002335912,0.005403721,0.112067446,-0.376955807,0.204577073,0.159989908,-0.65527612,0.465880841,-0.18326135,0.431721121,-0.297950298,-0.332764447,0.270962328,-0.280692875,-0.458546162,0.060474381,-0.37247321,-0.114765093,-0.001693139,-0.004320503,-0.146338493,-0.347987682,0.200720683,-0.139308318,-0.649081171,0.450057536
1.666666667,0.015414857,0.556161582,-0.494961113,0.175916463,0.436046451,-0.284909695,0.309618622,0.245455921,-0.289985269,0.439950913,0.036650989,-0.397717655,0.114643462,0.002320814,0.005473201,0.11289639,-0.378182888,0.19972381,0.161325932,-0.655257583,0.461071759,-0.183075309,0.430563927,-0.297833055,-0.323181242,0.259683311,-0.274115086,-0.440063775,0.04528996,-0.36578387,-0.114944696,-0.001679583,-0.004378045,-0.146317869,-0.348825395,0.19856979,-0.139563978,-0.650073409,0.448215306
1.683333333,0.014938723,0.553786159,-0.495081097,0.176346481,0.432245076,-0.284945697,0.307448298,0.237738922,-0.287513316,0.434672922,0.026685072,-0.395150959,0.114925936,0.002286318,0.005654427,0.116598375,-0.380138993,0.185131818,0.164783016,-0.655566633,0.446852863,-0.182968795,0.429336011,-0.297640175,-0.313459605,0.248963296,-0.267767161,-0.425294816,0.031237943,-0.358680606,-0.115212597,-0.001645848,-0.004529434,-0.145494089,-0.350687951,0.188492283,-0.139139429,-0.651161671,0.438657433
1.7,0.013853215,0.551960528,-0.49622944,0.176328644,0.430802912,-0.285247207,0.301249176,0.233786821,-0.286530793,0.422800362,0.019543746,-0.392748058,0.115209028,0.002270452,0.005678456,0.118236385,-0.382506758,0.165406272,0.167557985,-0.656430244,0.429530531,-0.182837158,0.426001519,-0.297569126,-0.306136549,0.232127517,-0.2672849,-0.41810438,0.008814041,-0.357634753,-0.115477078,-0.001629601,-0.004550056,-0.144691542,-0.35386771,0.177295461,-0.139089078,-0.653244197,0.429426998
1.716666667,0.013051123,0.550113201,-0.496078342,0.176777363,0.43063134,-0.284700662,0.296390712,0.2312603,-0.280070722,0.414846271,0.013792197,-0.383378655,0.11556042,0.002232355,0.005655007,0.119819298,-0.383310825,0.1554268,0.170746461,-0.656794548,0.419395626,-0.182601079,0.425118178,-0.295951039,-0.301443756,0.226997778,-0.259521365,-0.411430061,-0.002412364,-0.346524924,-0.115812033,-0.001589645,-0.004509868,-0.14350991,-0.355862677,0.171794295,-0.138122678,-0.654659688,0.425067872
1.733333333,0.012458364,0.550237119,-0.495356053,0.176849529,0.430303872,-0.281812191,0.291646451,0.228926122,-0.269975096,0.407598197,0.008999443,-0.372874916,0.115954436,0.002218638,0.005570608,0.121214114,-0.383396536,0.153371751,0.174050495,-0.656723678,0.414687127,-0.182537913,0.424746931,-0.29275915,-0.299482167,0.22493498,-0.250383794,-0.402670711,-0.004767249,-0.336438477,-0.116183713,-0.001574379,-0.00440172,-0.142733812,-0.357375413,0.170164123,-0.137697548,-0.656814754,0.422473073
1.75,0.012410783,0.550653338,-0.491486371,0.177378491,0.430563688,-0.275560468,0.287960529,0.229153305,-0.258614659,0.396467954,0.00697633,-0.363202989,0.116306588,0.002207763,0.00549653,0.122344784,-0.383587122,0.148387507,0.177912444,-0.656663299,0.409554482,-0.182452038,0.42479977,-0.286996901,-0.297227472,0.221446484,-0.241079122,-0.398090124,-0.008942278,-0.326489687,-0.116517641,-0.001562577,-0.004313671,-0.141933367,-0.359094441,0.166581303,-0.136703163,-0.658998489,0.418638915
1.766666667,0.012386744,0.551172376,-0.48840031,0.177847028,0.430798352,-0.270353168,0.284058243,0.229147092,-0.250663757,0.38646695,0.004422457,-0.358719349,0.116604559,0.002202288,0.005403436,0.123412959,-0.383825928,0.147385925,0.181371689,-0.656706572,0.405994117,-0.182375386,0.425025493,-0.282268763,-0.293939114,0.218904704,-0.233396009,-0.390824765,-0.013547578,-0.318369448,-0.116805464,-0.001555811,-0.004212055,-0.140954345,-0.360970855,0.166586608,-0.135633156,-0.662064016,0.418553144
1.783333333,0.012310944,0.551924586,-0.486549199,0.178980932,0.431033969,-0.267697662,0.276280552,0.225162461,-0.246907786,0.375546157,-0.002499895,-0.355694324,0.116923697,0.002128541,0.00535504,0.12398877,-0.383955538,0.141175821,0.182189435,-0.655967295,0.404152364,-0.181931987,0.424993485,-0.281127125,-0.289845645,0.21377039,-0.233460605,-0.38346535,-0.020114264,-0.318385243,-0.117114596,-0.001477978,-0.004153996,-0.140357569,-0.361531675,0.164544821,-0.134963572,-0.662127137,0.418514282
1.8,0.012118471,0.552774727,-0.48552382,0.179466724,0.430978179,-0.266753852,0.27087757,0.220801353,-0.246205837,0.367488414,-0.010144903,-0.354306549,0.117235765,0.002083298,0.005179588,0.124157876,-0.384033322,0.129854068,0.182104975,-0.655330777,0.396788359,-0.181324705,0.424798638,-0.280488849,-0.2840707,0.210842863,-0.232936993,-0.370394051,-0.022341345,-0.317024261,-0.117416754,-0.001429108,-0.003961686,-0.1399955,-0.36318174,0.162134156,-0.133754626,-0.663508534,0.41823411
1.816666667,0.012138899,0.553218424,-0.485554367,0.179799542,0.430703163,-0.266502887,0.265792876,0.218842998,-0.245411783,0.359185427,-0.013632177,-0.352689117,0.11748714,0.002082295,0.005178158,0.12432041,-0.384129614,0.130765885,0.182090014,-0.654783964,0.397350729,-0.180851772,0.423501879,-0.280638009,-0.275170416,0.204096541,-0.234362096,-0.355980903,-0.030244349,-0.31802547,-0.117663905,-0.001426335,-0.003957911,-0.139151245,-0.363516301,0.160818562,-0.132498056,-0.663695753,0.417075425
1.833333333,0.012131607,0.553396881,-0.486139327,0.179919034,0.428908527,-0.26640448,0.26037997,0.213677615,-0.244134068,0.352281451,-0.021989975,-0.348359644,0.117655434,0.002080713,0.005230653,0.124506623,-0.384273142,0.122910015,0.181984603,-0.653922379,0.391953826,-0.180180922,0.420579344,-0.282276124,-0.266677409,0.195555642,-0.235704944,-0.343806267,-0.041238379,-0.318396777,-0.117829762,-0.001423385,-0.004001413,-0.13874127,-0.36482501,0.157830626,-0.131930411,-0.664350033,0.416846126
1.85,0.011883086,0.55423981,-0.485608101,0.180202231,0.428925812,-0.263117731,0.258554786,0.212946713,-0.236054301,0.344935805,-0.025289387,-0.336250633,0.117882282,0.002007141,0.005268748,0.124478452,-0.385370225,0.120421559,0.18183881,-0.653835297,0.39048627,-0.179808974,0.420690238,-0.282413095,-0.261677355,0.195051312,-0.235084653,-0.334215999,-0.042343184,-0.313992858,-0.11805819,-0.001344882,-0.004033547,-0.138719216,-0.366315335,0.154886186,-0.131925419,-0.665161073,0.415439695
1.866666667,0.010973774,0.556141794,-0.484700143,0.180358693,0.428874582,-0.260181874,0.255650163,0.211769193,-0.230590463,0.336521477,-0.028684493,-0.327843666,0.118012823,0.001944817,0.005338187,0.124332599,-0.387129307,0.123740591,0.181865513,-0.654222012,0.392562389,-0.179611206,0.420788854,-0.282497644,-0.257886887,0.194865808,-0.234332964,-0.325624645,-0.042415664,-0.310217619,-0.11819578,-0.001279947,-0.004102743,-0.138790861,-0.368570268,0.155493304,-0.132070109,-0.667246401,0.415695131
1.883333333,0.009946952,0.556218743,-0.484759688,0.180305809,0.428363591,-0.259282351,0.251291066,0.209963575,-0.226406857,0.330580562,-0.033209365,-0.319662541,0.118077643,0.001887833,0.005503223,0.124102145,-0.388158172,0.124826096,0.181782797,-0.65492171,0.393975854,-0.179565862,0.420823783,-0.282741457,-0.254635692,0.194572076,-0.233104244,-0.320536703,-0.04502669,-0.304658949,-0.118264467,-0.001220779,-0.004266092,-0.138877362,-0.370111644,0.155966237,-0.132781371,-0.669565022,0.414808005
1.9,0.009600436,0.557415366,-0.484239101,0.180306777,0.42758593,-0.257061094,0.246362433,0.207589343,-0.21961908,0.320353836,-0.037437096,-0.309142679,0.118162937,0.001775248,0.005582524,0.124082111,-0.389390856,0.125169575,0.181860045,-0.656973362,0.394878179,-0.179547027,0.420882523,-0.282767534,-0.254698962,0.194850281,-0.229624927,-0.316854298,-0.046007477,-0.296681494,-0.118358612,-0.001106808,-0.004346782,-0.138930485,-0.372143,0.156070337,-0.133404419,-0.671560049,0.4132348
1.916666667,0.008908798,0.558064163,-0.483989894,0.180074409,0.425196171,-0.256130129,0.24014461,0.203155324,-0.217125997,0.306566715,-0.043883871,-0.303124905,0.118239738,0.001604941,0.005641796,0.124011554,-0.39155972,0.1268408,0.181809396,-0.65989244,0.39394927,-0.179519176,0.420930922,-0.282826036,-0.253518194,0.193966657,-0.228115812,-0.312301755,-0.04810499,-0.292790651,-0.118441619,-0.000935221,-0.004404729,-0.13932544,-0.374771833,0.154245511,-0.134135589,-0.67392689,0.408784539
1.933333333,0.008348563,0.558104336,-0.483779579,0.179884344,0.423819572,-0.254207522,0.236790851,0.200963855,-0.212233961,0.29904145,-0.04614678,-0.295901269,0.118339352,0.001470774,0.006163937,0.124632061,-0.39440906,0.12442711,0.181917503,-0.662182152,0.39057222,-0.179390341,0.420955807,-0.28287679,-0.25078693,0.192038029,-0.226175338,-0.30354318,-0.050659318,-0.287883759,-0.118543915,-0.000796975,-0.004911554,-0.139581367,-0.378009796,0.145133764,-0.134599566,-0.67653209,0.398022294
1.95,0.008120112,0.558135092,-0.482790232,0.179887936,0.423832566,-0.252084851,0.234923825,0.200665727,-0.208003417,0.291398853,-0.047263786,-0.289311826,0.118394859,0.001352599,0.006414568,0.124718376,-0.396077275,0.122535042,0.182004869,-0.663688302,0.388682127,-0.178700283,0.421001971,-0.28286314,-0.244918466,0.189338818,-0.224628285,-0.291378677,-0.053293429,-0.284121901,-0.118604109,-0.000677808,-0.005160499,-0.139587566,-0.379850686,0.140510947,-0.134977371,-0.678186774,0.392878741
1.966666667,0.007973554,0.563355505,-0.470860749,0.179856777,0.426451951,-0.242809564,0.231601775,0.201081589,-0.195918858,0.281191587,-0.044662684,-0.278774112,0.118430264,0.001206966,0.006389649,0.124701515,-0.396355242,0.122625709,0.182820916,-0.665353477,0.385162115,-0.178282216,0.425818175,-0.27225405,-0.242004603,0.190284461,-0.206184074,-0.282933712,-0.051096261,-0.266706586,-0.118638411,-0.000530591,-0.005138576,-0.139545307,-0.38051632,0.141226664,-0.135005161,-0.680300891,0.392136395
1.983333333,0.008077879,0.570160627,-0.459546387,0.179862544,0.430757225,-0.233446434,0.229721487,0.202337205,-0.186632484,0.272454828,-0.043519508,-0.271362513,0.118476287,0.001078441,0.006282476,0.125055775,-0.397042692,0.111265324,0.184214458,-0.667424321,0.371815026,-0.177595854,0.431178898,-0.261659235,-0.237950131,0.19100368,-0.194153354,-0.274058014,-0.049804293,-0.257139683,-0.118691519,-0.000402038,-0.005042851,-0.139529899,-0.381671548,0.136262432,-0.13514109,-0.682578206,0.386013746
2,0.008128111,0.578124106,-0.448520392,0.179828197,0.435891092,-0.226265177,0.22549969,0.204394996,-0.182360783,0.257974684,-0.041056495,-0.270571589,0.118505344,0.000952733,0.005815222,0.125313118,-0.397476077,0.102738306,0.184449896,-0.669263422,0.355097413,-0.177219495,0.43800199,-0.251559854,-0.236326441,0.191698685,-0.184702173,-0.264717609,-0.048955042,-0.2512137,-0.118723847,-0.000274556,-0.004596839,-0.139503688,-0.382320553,0.136857182,-0.13535434,-0.683925688,0.387001932
2.016666667,0.007674679,0.583423316,-0.442165405,0.17970036,0.438208789,-0.224548891,0.222557589,0.205313295,-0.182575926,0.248438016,-0.040676359,-0.27071026,0.118493147,0.000812238,0.004982334,0.125332654,-0.39758867,0.103624679,0.184978992,-0.67267555,0.347310573,-0.176869497,0.442120433,-0.245240569,-0.234374359,0.193418071,-0.178314343,-0.256438106,-0.048131675,-0.246228248,-0.118722126,-0.000135854,-0.003803308,-0.139039412,-0.382559597,0.140579954,-0.135362506,-0.685917199,0.387402862
2.033333333,0.006780417,0.592194021,-0.432135552,0.179505214,0.443350732,-0.22022973,0.21934095,0.207204238,-0.182455033,0.241333231,-0.037699636,-0.273585796,0.118518814,0.000679876,0.003632126,0.125190571,-0.39719367,0.099351823,0.185222909,-0.674036324,0.330756456,-0.176838204,0.450178057,-0.231352016,-0.232953429,0.197545737,-0.16279684,-0.254930019,-0.046808518,-0.238496885,-0.118749432,4.70E-06,-0.002475407,-0.139038861,-0.382435918,0.147207975,-0.135540172,-0.687314153,0.39251405
2.05,0.006191861,0.599775791,-0.417725235,0.179496199,0.450221479,-0.214478686,0.217982486,0.21152325,-0.183770567,0.227100447,-0.030522866,-0.275088817,0.118496463,0.000568803,0.00212641,0.125170097,-0.394951731,0.094985835,0.185693666,-0.673780501,0.321832716,-0.176551059,0.45952785,-0.215806365,-0.2308442,0.205603719,-0.148973331,-0.250427812,-0.040361688,-0.230885476,-0.118738145,0.000117271,-0.001018325,-0.138487428,-0.382102311,0.153279617,-0.135174572,-0.688124299,0.39813
2.066666667,0.005239018,0.597738922,-0.417138755,0.179534584,0.451869696,-0.21196875,0.216080576,0.212127015,-0.181609839,0.219828144,-0.029462449,-0.275500029,0.118502803,0.000428086,0.001576286,0.125762731,-0.394134849,0.091025606,0.186258271,-0.674131215,0.311030507,-0.175956786,0.462041676,-0.213746428,-0.229037836,0.208863661,-0.145213917,-0.247202709,-0.036351517,-0.226723075,-0.118750259,0.000262961,-0.00048393,-0.137683555,-0.382033706,0.152538732,-0.135159194,-0.689496517,0.393422902
2.083333333,0.005189677,0.596428156,-0.418747783,0.179787233,0.45446524,-0.210604757,0.215512246,0.213557228,-0.179180279,0.216975898,-0.028516218,-0.274529457,0.118515335,0.000394808,0.001043165,0.126083568,-0.393131584,0.091217965,0.187983513,-0.674119711,0.308965862,-0.175837427,0.463160634,-0.214956343,-0.227277875,0.210470051,-0.145756111,-0.240567163,-0.035186641,-0.227329418,-0.11876604,0.000300292,3.63E-05,-0.136847407,-0.381968349,0.152807295,-0.135161147,-0.691081703,0.393364787
2.1,0.005230857,0.596939027,-0.416093647,0.180221707,0.458284467,-0.207529441,0.21606718,0.217173025,-0.177196428,0.21488212,-0.025012664,-0.274096668,0.118509717,0.000368758,0.000819292,0.1260833,-0.390923411,0.086252034,0.188485727,-0.672591388,0.3037723,-0.175512582,0.464729458,-0.214675128,-0.225322664,0.211170346,-0.148749143,-0.230848879,-0.035074517,-0.23040472,-0.118769892,0.000326414,0.000250935,-0.134788841,-0.381482691,0.158175722,-0.134157941,-0.690902054,0.407640398
2.116666667,0.005477418,0.596697927,-0.415575862,0.180517137,0.461680412,-0.206756353,0.21660237,0.222141445,-0.178231925,0.214129299,-0.019212442,-0.275385201,0.118469357,0.000359194,0.000719143,0.125757366,-0.388296545,0.081930779,0.188490212,-0.669233382,0.302310973,-0.175361663,0.464688212,-0.215703845,-0.224763975,0.211063847,-0.152328208,-0.225174189,-0.03561287,-0.230913296,-0.118744254,0.000336299,0.000342162,-0.133003473,-0.380815923,0.162002921,-0.133450463,-0.690675378,0.418227524
2.133333333,0.005288293,0.5970819,-0.414189488,0.180823669,0.46247825,-0.206942081,0.217353016,0.223279297,-0.178837821,0.211573422,-0.018375298,-0.275832623,0.118404292,0.000338123,0.000475666,0.125665531,-0.386562735,0.081060313,0.188884869,-0.6672526,0.302372247,-0.175211251,0.46492815,-0.214699045,-0.224198908,0.211129129,-0.154203296,-0.224171072,-0.035548579,-0.231829345,-0.118693888,0.00035762,0.000570434,-0.131434664,-0.380183995,0.163695589,-0.133010447,-0.690447867,0.420642316
2.15,0.00519777,0.596742511,-0.415878266,0.181202114,0.462130308,-0.207813889,0.217899546,0.223432556,-0.180178061,0.210084304,-0.018324269,-0.278363645,0.118363887,0.000319581,0.00034005,0.124826878,-0.385821551,0.080443658,0.188690752,-0.66510427,0.303073257,-0.175130725,0.464522749,-0.216175541,-0.224465281,0.211074278,-0.155544847,-0.223731294,-0.035946444,-0.235122874,-0.118664093,0.000376495,0.000699475,-0.130565614,-0.379406512,0.169007882,-0.132333755,-0.688901782,0.432660848
2.166666667,0.005074586,0.596263707,-0.417022318,0.181349248,0.461606681,-0.208365858,0.218023926,0.223348588,-0.180482343,0.208261028,-0.018326998,-0.279175282,0.11828845,0.000301036,0.000298442,0.123869613,-0.384971678,0.081219681,0.188584939,-0.663248956,0.303049028,-0.174954683,0.464084476,-0.217166379,-0.223794505,0.210878119,-0.156508043,-0.221996337,-0.036528587,-0.237717703,-0.118599176,0.000395391,0.000739715,-0.128698692,-0.378822654,0.17464307,-0.13208507,-0.688388348,0.442831695
2.183333333,0.005033975,0.595147014,-0.417859674,0.181544036,0.461369574,-0.208571568,0.218939573,0.223345563,-0.180653021,0.206688479,-0.018265422,-0.279734045,0.118188307,0.000295818,0.000254188,0.123694792,-0.384032816,0.081542179,0.188713029,-0.661327362,0.303809464,-0.174881712,0.463720113,-0.217902139,-0.223027468,0.209719643,-0.15783532,-0.217833415,-0.038528875,-0.243597746,-0.118511483,0.000401286,0.000779915,-0.126098409,-0.378244042,0.177787438,-0.130806565,-0.687165499,0.448591411
2.2,0.004562806,0.593886554,-0.418465197,0.181741774,0.461117178,-0.209110498,0.220127746,0.223296955,-0.187590986,0.20265007,-0.018107111,-0.289879292,0.11813733,0.000286519,7.55E-05,0.123505704,-0.383686662,0.079067297,0.1885726,-0.659248114,0.304522812,-0.174869239,0.46350202,-0.218355,-0.223199591,0.208391979,-0.161916211,-0.217011705,-0.039693598,-0.252336979,-0.118467331,0.000410399,0.000950513,-0.12560524,-0.377911747,0.177414864,-0.129924566,-0.685228467,0.44811824
2.216666667,0.004562579,0.590638399,-0.419280678,0.182194591,0.460792959,-0.210727349,0.220447227,0.222693026,-0.191642076,0.201018989,-0.018219015,-0.293795288,0.118104279,0.000274522,-4.24E-05,0.123699859,-0.383245438,0.07763733,0.188708797,-0.656932712,0.305188924,-0.174725965,0.463396758,-0.219557717,-0.224043027,0.208231688,-0.166790217,-0.216295913,-0.040001228,-0.257937908,-0.118439503,0.000422517,0.001068391,-0.124086156,-0.377678216,0.178023845,-0.127921253,-0.683368981,0.451293349
2.233333333,0.004394197,0.588018954,-0.420937657,0.182254523,0.459926218,-0.212711155,0.220691487,0.221705168,-0.195104957,0.198702648,-0.018499197,-0.297047049,0.118085049,0.000257028,-9.43E-05,0.123660006,-0.382822096,0.075348519,0.188579351,-0.654987097,0.305395514,-0.17470099,0.462772727,-0.221675217,-0.225848481,0.20793727,-0.171635553,-0.217290118,-0.04059184,-0.262693107,-0.118423946,0.000439396,0.001120933,-0.124033041,-0.377438486,0.177938163,-0.127868503,-0.681642056,0.452650875
2.25,0.004330848,0.586803436,-0.421583802,0.182408035,0.459408343,-0.213663831,0.220883861,0.220728308,-0.196703076,0.197465643,-0.019001871,-0.298465341,0.118068025,0.000245644,-0.000210735,0.123655371,-0.382539481,0.075187147,0.188573554,-0.654148817,0.305772096,-0.174676627,0.462377518,-0.222282365,-0.225981787,0.207318231,-0.172915906,-0.216567367,-0.041777186,-0.263880521,-0.118410014,0.000450836,0.001237505,-0.123934083,-0.377293289,0.178293869,-0.127664074,-0.680906832,0.453146666
2.266666667,0.003795875,0.586556852,-0.421829551,0.182575271,0.459309995,-0.21391125,0.22103937,0.220187038,-0.19673343,0.197001234,-0.019337837,-0.298256218,0.118054561,0.000227473,-0.000240632,0.12365149,-0.382302433,0.075381413,0.188549906,-0.653877497,0.306717753,-0.174595177,0.462238491,-0.22247611,-0.226042241,0.207194328,-0.17261681,-0.216648296,-0.041763239,-0.263765603,-0.118399493,0.000469389,0.001267237,-0.123695612,-0.376912773,0.178174153,-0.127460822,-0.680267572,0.45213297
2.283333333,0.00368372,0.585587144,-0.421926111,0.182652131,0.459219813,-0.214012742,0.221150637,0.219956234,-0.196444899,0.197599292,-0.01979989,-0.29796508,0.118047886,0.000202639,-0.000244204,0.123569325,-0.382201225,0.075587749,0.188264027,-0.653823972,0.307356149,-0.174612105,0.462061107,-0.222623214,-0.226127699,0.207375914,-0.17244269,-0.216892213,-0.04089633,-0.263522744,-0.118395172,0.000495158,0.001271519,-0.123608179,-0.376805156,0.177729666,-0.127474517,-0.680186987,0.451779634
2.3,0.003737676,0.585455716,-0.422104806,0.1827631,0.459177345,-0.214025229,0.221232027,0.219986692,-0.195975825,0.198274821,-0.019819392,-0.297657251,0.118040256,0.000170117,-0.000278294,0.123546675,-0.38217169,0.075846165,0.188347861,-0.653860748,0.307486951,-0.174544886,0.462137312,-0.222615093,-0.226221457,0.207832187,-0.171561569,-0.217013985,-0.03981426,-0.262758672,-0.118389159,0.000527772,0.001306942,-0.123603255,-0.376761705,0.177538216,-0.127439365,-0.680226684,0.450851709
2.316666667,0.003788514,0.585577071,-0.422143936,0.182842284,0.459097505,-0.213908747,0.221349984,0.219977841,-0.195128039,0.198757887,-0.019848671,-0.296771169,0.118032888,0.000158053,-0.0003104,0.12352211,-0.382102549,0.076058745,0.188432634,-0.653896928,0.307582438,-0.174455121,0.462034643,-0.222627178,-0.226275042,0.207861781,-0.171076432,-0.216948316,-0.039433409,-0.261920005,-0.118383817,0.000539931,0.001337874,-0.123617575,-0.376795739,0.177400231,-0.127466112,-0.680782199,0.450417459
2.333333333,0.004530052,0.586789966,-0.420316964,0.183033004,0.459639966,-0.211072549,0.221449018,0.220688164,-0.190115109,0.199536741,-0.01918098,-0.291505218,0.118021257,0.000151864,-0.000321955,0.123543262,-0.381874293,0.076217592,0.189053252,-0.654239953,0.305856645,-0.174243405,0.462754875,-0.220679387,-0.225801021,0.208650053,-0.167313755,-0.216452941,-0.038745765,-0.257213354,-0.118375242,0.000546949,0.001349558,-0.123584874,-0.376784563,0.17680873,-0.127485439,-0.68186146,0.44697988
2.35,0.004753901,0.58728826,-0.41962254,0.183204249,0.45977217,-0.20952417,0.221567422,0.220944062,-0.187628344,0.200723022,-0.018774649,-0.28913483,0.118010461,0.00014235,-0.000333872,0.12356203,-0.381806523,0.076144241,0.18954657,-0.654282749,0.304487437,-0.174020469,0.462845385,-0.220135853,-0.225809932,0.208715811,-0.166556984,-0.215762421,-0.038630299,-0.255863219,-0.118367359,0.000556749,0.001361727,-0.123567671,-0.376739562,0.176949263,-0.127490029,-0.681897759,0.447244465
2.366666667,0.005192378,0.586961985,-0.419715971,0.183558345,0.459886611,-0.208166227,0.221732959,0.221284032,-0.183962166,0.202852622,-0.018287541,-0.284954488,0.118011989,0.000119324,-0.000182597,0.123547561,-0.381756872,0.075608209,0.189632878,-0.654118776,0.302629232,-0.173586786,0.463144064,-0.220160902,-0.225719973,0.209101602,-0.166018903,-0.215497136,-0.0384687,-0.254670829,-0.118372604,0.000582411,0.001219751,-0.123583369,-0.376717508,0.176859111,-0.127488479,-0.681901157,0.447878182
2.383333333,0.005750335,0.587079048,-0.420041561,0.183893144,0.45969969,-0.208270729,0.222168565,0.221289337,-0.183800817,0.204192445,-0.018296003,-0.284640431,0.118022881,0.000102082,-0.000113607,0.123506367,-0.381855637,0.075664893,0.18963623,-0.654170513,0.302770317,-0.173458397,0.463036478,-0.220707506,-0.22584112,0.209129214,-0.166045338,-0.215462059,-0.038477492,-0.254485726,-0.11838831,0.000600821,0.001155405,-0.123589545,-0.376696289,0.176796317,-0.127478093,-0.681877553,0.447709262
2.4,0.005886215,0.587134719,-0.420086265,0.184206799,0.459672004,-0.208355159,0.22315906,0.221319288,-0.183888525,0.204728529,-0.018297751,-0.284714103,0.118004806,9.27E-05,-0.000152105,0.12350411,-0.381669015,0.075717889,0.189915031,-0.653456092,0.302835584,-0.17312181,0.462969005,-0.220655635,-0.225767791,0.209032848,-0.165890336,-0.215236634,-0.038469415,-0.25431335,-0.118373178,0.000610429,0.00119467,-0.123397268,-0.376532346,0.177467257,-0.127251223,-0.681662977,0.449615657
2.416666667,0.005875625,0.587131083,-0.420739084,0.184252724,0.458707571,-0.209542528,0.223489836,0.220285997,-0.186860904,0.20482716,-0.01993251,-0.287675649,0.118000351,8.35E-05,-0.000144069,0.123483725,-0.381634355,0.075773112,0.189945489,-0.652282953,0.305877894,-0.173096687,0.462570339,-0.221245095,-0.226011574,0.208997399,-0.166797593,-0.215345755,-0.038351607,-0.25536117,-0.118370101,0.000619696,0.001187809,-0.123339437,-0.376511455,0.177283525,-0.127082363,-0.681323588,0.449730158
2.433333333,0.005820933,0.586166561,-0.423163235,0.184279248,0.457779974,-0.210874557,0.223549694,0.219237745,-0.188495755,0.204903841,-0.020937923,-0.289114535,0.118003272,7.57E-05,-0.000157397,0.123499066,-0.381661355,0.075419895,0.190139964,-0.652121902,0.305941701,-0.17306973,0.461751819,-0.222906098,-0.22612375,0.207973823,-0.168316156,-0.215375096,-0.038567808,-0.256437659,-0.118375048,0.000627731,0.001202601,-0.123557605,-0.376529634,0.176877365,-0.127196968,-0.681273878,0.449636549
2.45,0.005856277,0.586948752,-0.423193097,0.184291288,0.458069891,-0.210907146,0.223591417,0.220012352,-0.18887952,0.205447659,-0.019319383,-0.290578395,0.118000619,7.88E-05,-0.000153358,0.122953199,-0.38165614,0.075447738,0.190078542,-0.65214175,0.306926668,-0.173096359,0.461424828,-0.223324716,-0.22615692,0.207046807,-0.170097008,-0.215413913,-0.038984202,-0.258432925,-0.11837431,0.00062458,0.001198188,-0.124263778,-0.376456469,0.176819474,-0.127351478,-0.681087971,0.449575812
2.466666667,0.005721055,0.591165841,-0.421639204,0.184233457,0.458553404,-0.210383236,0.223544657,0.220699146,-0.188731283,0.206380337,-0.017580042,-0.290796459,0.117988013,7.42E-05,-0.000164861,0.122334078,-0.381597966,0.076160111,0.189575627,-0.652193666,0.308529258,-0.173105329,0.461394429,-0.22278595,-0.226333991,0.206844926,-0.169984847,-0.21674712,-0.038980525,-0.258273423,-0.118365355,0.000629065,0.001207978,-0.125472158,-0.376040936,0.177289635,-0.128306642,-0.680689633,0.449940592
2.483333333,0.006938549,0.59185189,-0.420749605,0.184850633,0.459052652,-0.207336247,0.223375812,0.221014813,-0.181638241,0.209398597,-0.017018054,-0.283873081,0.11801409,3.30E-05,-3.30E-05,0.122744761,-0.381928444,0.076969504,0.190473482,-0.654803574,0.307500839,-0.172302112,0.462229311,-0.222000092,-0.225152135,0.207784101,-0.166765913,-0.217281565,-0.038350143,-0.253008008,-0.118395768,0.000675344,0.001081617,-0.125486806,-0.376186192,0.175925463,-0.128241718,-0.682053447,0.44544223
2.5,0.007564636,0.59247613,-0.419472963,0.18546845,0.459149033,-0.205954581,0.223336682,0.22099109,-0.179337472,0.211394429,-0.017034141,-0.282233357,0.118084691,-3.84E-05,-3.47E-05,0.124011651,-0.382406086,0.076992288,0.191926822,-0.656199872,0.307106584,-0.171539217,0.463246226,-0.22053571,-0.224726781,0.209470987,-0.163060233,-0.218776733,-0.035493981,-0.249485478,-0.118470028,0.000750611,0.001084076,-0.125610888,-0.377145946,0.173322752,-0.128247157,-0.684405863,0.44021067
2.516666667,0.007670064,0.592792094,-0.418517232,0.185808614,0.459207296,-0.205423638,0.222987607,0.220819041,-0.17834042,0.212321982,-0.017652081,-0.280605763,0.118138492,-0.000135958,-9.26E-05,0.125161126,-0.382594049,0.077072039,0.193125144,-0.657028079,0.305296302,-0.17086105,0.464442641,-0.218222037,-0.224459574,0.211275995,-0.157708064,-0.222292498,-0.033771802,-0.244284645,-0.118526541,0.000852147,0.001144481,-0.125976697,-0.377453178,0.172702715,-0.128382221,-0.685506046,0.438050508
2.533333333,0.007833596,0.592960894,-0.418169677,0.1858356,0.459207356,-0.205389038,0.223042995,0.220859617,-0.178458989,0.215986252,-0.017527776,-0.280739874,0.118179068,-0.000247282,-0.000174016,0.12521717,-0.382977873,0.076740533,0.192928255,-0.658042252,0.301576048,-0.170635134,0.465147674,-0.217166483,-0.224743232,0.212462172,-0.154653341,-0.225237668,-0.03281045,-0.240510568,-0.118568189,0.000965485,0.001233229,-0.126380831,-0.377603143,0.173244148,-0.128395244,-0.685804009,0.439298838
2.55,0.007811007,0.593300343,-0.417657793,0.185791776,0.459192067,-0.205154926,0.222768843,0.22084628,-0.175955698,0.226707742,-0.017824868,-0.277190149,0.11825715,-0.000489632,-0.00028328,0.124436341,-0.385368407,0.078097627,0.192366377,-0.66188693,0.301671207,-0.170243919,0.466326594,-0.214857861,-0.224208355,0.21470575,-0.146334514,-0.236032009,-0.030199615,-0.230126724,-0.118642263,0.001215077,0.001357914,-0.127107531,-0.37837407,0.17222397,-0.128969178,-0.688106477,0.435666054
2.566666667,0.007832025,0.592068613,-0.419005066,0.185855731,0.457765877,-0.206285998,0.22319752,0.220494494,-0.1761823,0.237560198,-0.018510561,-0.277013212,0.118380256,-0.000744412,-0.000303839,0.124074891,-0.389570385,0.078099951,0.190423653,-0.664433479,0.30273062,-0.169300139,0.466263533,-0.214976251,-0.223877966,0.214852691,-0.145856455,-0.243508875,-0.02898878,-0.227810889,-0.11875654,0.00147467,0.001386337,-0.128203481,-0.379215479,0.167438343,-0.128958449,-0.688281238,0.430070013
2.583333333,0.007988231,0.589547992,-0.423454285,0.185863078,0.455302775,-0.208628684,0.223669961,0.219969332,-0.175731078,0.250961959,-0.019637264,-0.272533029,0.118517816,-0.000925905,-0.000281976,0.123966902,-0.393929571,0.078869365,0.188331917,-0.66877991,0.312326282,-0.169053897,0.463558555,-0.218230337,-0.224138305,0.214524299,-0.146560729,-0.254123867,-0.028286498,-0.227376059,-0.118884496,0.001655895,0.00137231,-0.13007094,-0.380094081,0.154188082,-0.129603714,-0.688457489,0.408090353
2.6,0.009016636,0.582603574,-0.434509933,0.185865119,0.452139139,-0.213974491,0.226221099,0.219568789,-0.175866976,0.265450358,-0.023121597,-0.269312978,0.118633375,-0.00094938,-5.41E-06,0.124045677,-0.396754026,0.084952146,0.186946109,-0.669653416,0.336294204,-0.169141129,0.458029836,-0.2313537,-0.226420239,0.213867575,-0.157612041,-0.268212199,-0.028241485,-0.22809951,-0.11898838,0.001675882,0.001105973,-0.132077157,-0.380656749,0.146499202,-0.130622223,-0.687838614,0.399195611
2.616666667,0.009190591,0.575968862,-0.443766028,0.185749114,0.448240608,-0.222344249,0.228500932,0.218545392,-0.17998451,0.276202112,-0.025651317,-0.269823849,0.118691184,-0.000967309,0.000228601,0.12371473,-0.398800701,0.091822818,0.183926567,-0.670983911,0.351502568,-0.169324577,0.45227626,-0.244467571,-0.232514918,0.213120714,-0.176509559,-0.282272726,-0.028337695,-0.239452377,-0.119037747,0.0016948,0.000884682,-0.134741008,-0.381307989,0.14152132,-0.132086277,-0.687304378,0.390818119
2.633333333,0.009601064,0.567631543,-0.45381251,0.185563698,0.44327271,-0.228097633,0.231896967,0.216805056,-0.183689192,0.288441777,-0.028443929,-0.270014018,0.118734568,-0.000985535,0.000935641,0.123802081,-0.400061339,0.098660856,0.18283084,-0.671318412,0.358214825,-0.169716135,0.447173089,-0.254642069,-0.237257108,0.212229818,-0.188119546,-0.297339112,-0.028870841,-0.248994887,-0.11907088,0.001711897,0.000203567,-0.134921685,-0.38169232,0.139446184,-0.132331192,-0.686578572,0.389496177
2.65,0.009638845,0.565128446,-0.457261622,0.185433224,0.442109406,-0.232075155,0.236399949,0.216799363,-0.187972575,0.302605152,-0.028341679,-0.2723656,0.118825704,-0.001002377,0.00140884,0.1232161,-0.400340706,0.102175809,0.179937944,-0.671186626,0.368489414,-0.170480683,0.445282459,-0.260405779,-0.244144887,0.21231176,-0.198950112,-0.308383971,-0.028707325,-0.261846334,-0.119152464,0.001727765,-0.000253499,-0.136003152,-0.381703019,0.139751673,-0.132659048,-0.684103966,0.392666489
2.666666667,0.010451104,0.55929637,-0.46431312,0.185440153,0.440902054,-0.2386069,0.242879122,0.216799006,-0.195927426,0.319687456,-0.028238669,-0.281324655,0.118898891,-0.001000901,0.001706332,0.123139203,-0.400122762,0.104728065,0.17896001,-0.668802559,0.375158876,-0.170952573,0.443246335,-0.266899377,-0.248392627,0.212318853,-0.207550272,-0.321144044,-0.029361654,-0.272521049,-0.119215354,0.001722982,-0.000535213,-0.136440456,-0.38093242,0.140111566,-0.132835597,-0.679981649,0.394638479
2.683333333,0.012206415,0.556557655,-0.46925962,0.185520753,0.440214485,-0.242748529,0.248826131,0.217248097,-0.200955972,0.333493769,-0.026491636,-0.290097922,0.118980713,-0.000906478,0.002218933,0.12330275,-0.399560571,0.106329225,0.177848995,-0.66610992,0.381335586,-0.171553791,0.440778226,-0.272182703,-0.256911844,0.212522373,-0.215330228,-0.336378515,-0.029101307,-0.282268316,-0.119290337,0.001624057,-0.00103881,-0.136746481,-0.379437596,0.140467525,-0.132795662,-0.676711202,0.396041214
2.7,0.012764869,0.556501687,-0.468309671,0.185528517,0.440390319,-0.243336856,0.253038019,0.21794486,-0.205685303,0.341614008,-0.023275584,-0.299799383,0.119030826,-0.000866292,0.002484178,0.12366882,-0.398601025,0.1060827,0.177104518,-0.661548138,0.384938449,-0.171684384,0.440628737,-0.269446492,-0.266214907,0.214312285,-0.212695241,-0.354403347,-0.021902647,-0.283742934,-0.119329654,0.001581813,-0.00129266,-0.136807531,-0.376698881,0.140558138,-0.132415622,-0.671463728,0.396986246
2.716666667,0.013162591,0.556777,-0.468726844,0.186552078,0.440396428,-0.246542677,0.260852247,0.217985541,-0.218181238,0.351373345,-0.020770639,-0.31870386,0.119080938,-0.000832106,0.00253773,0.124555945,-0.397570223,0.106028035,0.178745344,-0.658693373,0.383150578,-0.171359941,0.440413177,-0.267869323,-0.275757104,0.21732302,-0.212596789,-0.374016702,-0.014097083,-0.288459361,-0.119368881,0.001545889,-0.001341685,-0.136880428,-0.375782132,0.140818492,-0.13163507,-0.670460284,0.397755474
2.733333333,0.013204655,0.551845729,-0.478058547,0.18555288,0.4392308,-0.257881671,0.263623536,0.218474314,-0.238318861,0.354087144,-0.016949277,-0.341351539,0.119096458,-0.000419917,0.002726189,0.122955196,-0.397114933,0.11238195,0.177313134,-0.657635987,0.392816395,-0.17323041,0.435054988,-0.274185151,-0.287214756,0.217752665,-0.224149272,-0.388056487,-0.011618756,-0.304315686,-0.119378366,0.001126184,-0.001511907,-0.137784049,-0.373955637,0.141238451,-0.132306412,-0.669215381,0.398277342
2.75,0.013061146,0.54817766,-0.482559949,0.184462056,0.438972354,-0.265497983,0.270200163,0.221114963,-0.254250526,0.363589853,-0.00547492,-0.358604759,0.119096026,-0.000192576,0.002708176,0.121761277,-0.397021174,0.113895245,0.17604883,-0.657718122,0.394302756,-0.174225882,0.433079183,-0.276330858,-0.294506282,0.219030261,-0.232472718,-0.400009751,-0.009303845,-0.318865627,-0.119368695,0.000893401,-0.001487882,-0.13804476,-0.37296325,0.143358812,-0.132392451,-0.668321252,0.400303632
2.766666667,0.012251791,0.544902861,-0.485682786,0.182606921,0.437592328,-0.268690616,0.274155438,0.221925959,-0.257748067,0.379059434,-1.94E-06,-0.358035922,0.119063959,3.70E-06,0.002810916,0.120751157,-0.39694339,0.115270369,0.173659682,-0.657771945,0.397263736,-0.176047847,0.430598468,-0.281129658,-0.304913878,0.221028417,-0.246186763,-0.41385752,-0.003020606,-0.333228797,-0.119329013,0.000690689,-0.001584604,-0.139863193,-0.371730655,0.144078612,-0.135962829,-0.666199028,0.401157379
2.783333333,0.011530691,0.535131752,-0.498585939,0.179638445,0.433497339,-0.280485213,0.280205369,0.22204189,-0.281009138,0.390388846,0.003541817,-0.381130576,0.118921474,0.000265849,0.00309445,0.118627019,-0.396669209,0.11945574,0.169706449,-0.657507896,0.400813758,-0.178091183,0.426936001,-0.294361055,-0.314647436,0.224554732,-0.272257298,-0.428199708,0.009038565,-0.365057617,-0.119175747,0.000422299,-0.001853791,-0.139957055,-0.367818415,0.144630253,-0.139109164,-0.662183225,0.401605576
2.8,0.011438286,0.528306663,-0.51016748,0.175998852,0.431533903,-0.287855595,0.28462863,0.226002768,-0.290958494,0.401866406,0.015427916,-0.387727886,0.118530832,0.000738184,0.004205903,0.117201068,-0.394147366,0.158181459,0.164398491,-0.656966805,0.425501138,-0.18022795,0.421651542,-0.308463305,-0.325616151,0.22770296,-0.303164124,-0.454190344,0.013612223,-0.399757892,-0.11878977,-5.19E-05,-0.002965486,-0.140912473,-0.361574411,0.161699191,-0.143414363,-0.657740831,0.413120955
2.816666667,0.011857037,0.530446053,-0.511038363,0.173298642,0.435521334,-0.291879535,0.325452864,0.274149656,-0.296301126,0.468775034,0.071935028,-0.381670624,0.118214123,0.001361886,0.004511574,0.115807258,-0.393455267,0.18128553,0.161479712,-0.657415211,0.446332425,-0.181313396,0.422375292,-0.309281558,-0.340330631,0.291426063,-0.305493325,-0.515546679,0.125954285,-0.400588304,-0.118469715,-0.000683057,-0.003306707,-0.143068492,-0.359981805,0.169800714,-0.143148482,-0.657382011,0.415090233
2.833333333,0.012450019,0.531802595,-0.514333963,0.170713112,0.436825812,-0.294978976,0.335618168,0.291429549,-0.298407048,0.484720647,0.092337981,-0.376013219,0.117898516,0.001835141,0.00523899,0.113240987,-0.391665012,0.201830044,0.157624438,-0.657407045,0.462982833,-0.183014363,0.423285991,-0.317778736,-0.360336274,0.312676668,-0.328590751,-0.541712403,0.150984779,-0.425051749,-0.118158676,-0.001160529,-0.004090881,-0.144962028,-0.358765036,0.178127885,-0.144128889,-0.656646013,0.419634521
2.85,0.014890164,0.527745247,-0.528202415,0.170047462,0.437098742,-0.304130524,0.351992995,0.305311859,-0.313042074,0.529080868,0.120626278,-0.393951654,0.117502034,0.002712975,0.006214481,0.113194808,-0.385553092,0.210685998,0.15418908,-0.647420585,0.47586906,-0.184025332,0.423914641,-0.327492893,-0.3840774,0.336211324,-0.337848097,-0.564037979,0.179601476,-0.427435964,-0.11778564,-0.002020408,-0.00509331,-0.144517347,-0.355125666,0.186329991,-0.140572682,-0.648773253,0.43482852
2.866666667,0.016497446,0.528485417,-0.524217248,0.170069546,0.439955413,-0.303484857,0.361496776,0.317204505,-0.319343656,0.542721272,0.135141239,-0.40759024,0.117135905,0.003948376,0.006678578,0.113237418,-0.379659027,0.221218497,0.152451277,-0.639695048,0.491722703,-0.184641108,0.425277621,-0.323083401,-0.378322363,0.358984262,-0.346289515,-0.552309036,0.212965056,-0.465078413,-0.117412813,-0.00326312,-0.00557816,-0.143669918,-0.35012719,0.192078352,-0.135818362,-0.642961144,0.44163239
2.883333333,0.018933568,0.528698862,-0.521007597,0.170722857,0.440673113,-0.304013968,0.378076464,0.332051337,-0.319083214,0.571665704,0.170955434,-0.404260308,0.116793096,0.004280154,0.00661343,0.113167703,-0.368821651,0.217807099,0.151338354,-0.625660121,0.495208085,-0.184656009,0.425656408,-0.32343033,-0.405501783,0.37118423,-0.33591181,-0.606905222,0.232953399,-0.436494321,-0.117088713,-0.003591105,-0.005521602,-0.143641472,-0.342208534,0.205436751,-0.133690834,-0.631705105,0.465827525
2.9,0.018870268,0.529926836,-0.518998384,0.171625137,0.440767854,-0.305298924,0.388205707,0.339289486,-0.320890456,0.587670624,0.185530275,-0.402039975,0.116463527,0.004462821,0.006225487,0.112767838,-0.361159712,0.222355351,0.149438724,-0.616623938,0.503017366,-0.185538694,0.426431566,-0.324672163,-0.408658504,0.382540494,-0.331453353,-0.609316111,0.250430882,-0.424190551,-0.116762891,-0.00377057,-0.005154564,-0.143572643,-0.336209625,0.214344546,-0.132708907,-0.624851644,0.473424643
2.916666667,0.018795097,0.534767032,-0.517224967,0.173415437,0.444862306,-0.303445399,0.392552942,0.355018884,-0.315977037,0.594838858,0.218200475,-0.39875266,0.11623048,0.004461998,0.005793824,0.112793192,-0.360713363,0.215597928,0.1495056,-0.617156863,0.493191361,-0.185362443,0.430725008,-0.322690219,-0.404030502,0.388917625,-0.326494932,-0.603829861,0.269450366,-0.417687088,-0.116534054,-0.003769653,-0.004750105,-0.143756866,-0.335514009,0.211747169,-0.132451102,-0.624826312,0.469605654
2.933333333,0.018755978,0.546943128,-0.497233629,0.174806416,0.456761658,-0.289576679,0.397910476,0.369817227,-0.314310104,0.606319368,0.238814503,-0.396260142,0.115946919,0.004468643,0.00581735,0.11444582,-0.362127453,0.210755959,0.149768382,-0.619882703,0.488361001,-0.181919947,0.444151103,-0.301816523,-0.398510396,0.41356346,-0.323917359,-0.579059958,0.321614981,-0.446364671,-0.116241723,-0.003779526,-0.004782301,-0.143732026,-0.336666167,0.203580156,-0.131856412,-0.627035737,0.454268724
2.95,0.018127084,0.549166322,-0.492970467,0.175762266,0.461940408,-0.285233319,0.395113081,0.37901625,-0.305849999,0.601065636,0.251274467,-0.383694232,0.115713775,0.004312593,0.005221095,0.114465155,-0.361323416,0.20894143,0.150105745,-0.619919538,0.48640582,-0.179413229,0.450130254,-0.298024833,-0.396659344,0.41972968,-0.311344266,-0.596218348,0.327573657,-0.410699993,-0.116017476,-0.003621935,-0.004225039,-0.143714517,-0.336538792,0.202168792,-0.130594492,-0.628027856,0.454789251
2.966666667,0.017717764,0.551084042,-0.489972472,0.176077917,0.467262059,-0.280510724,0.390775859,0.395179927,-0.300329834,0.60009861,0.283978134,-0.376953363,0.115463644,0.004182895,0.005197937,0.114851348,-0.360755354,0.20844312,0.150815696,-0.619225383,0.478043109,-0.175803289,0.455251724,-0.296270728,-0.397160381,0.440444499,-0.309182227,-0.621284544,0.376466662,-0.400323838,-0.115782291,-0.003491689,-0.004209382,-0.143712759,-0.334926635,0.200182185,-0.130238295,-0.628321826,0.450648516
2.983333333,0.015521924,0.554141104,-0.48629418,0.1763044,0.468778938,-0.276787132,0.3910923,0.403333187,-0.294552714,0.606708825,0.30735746,-0.369111001,0.115250982,0.00373261,0.005101622,0.114877552,-0.361057341,0.20720318,0.151052982,-0.619408488,0.471610844,-0.17479746,0.457203925,-0.293997616,-0.398957133,0.445217341,-0.305920511,-0.625898421,0.396738082,-0.395148128,-0.115577117,-0.003046128,-0.004132303,-0.143989593,-0.333191484,0.198588684,-0.12979421,-0.627518773,0.44735238
3,0.013263386,0.561180711,-0.475548834,0.176560238,0.472859114,-0.269311517,0.395042807,0.41851002,-0.284781456,0.617204607,0.333122671,-0.361130178,0.115030862,0.003403403,0.005093997,0.115460619,-0.361420721,0.198911384,0.151695207,-0.620092928,0.461274803,-0.172300547,0.46311909,-0.284777373,-0.396761,0.457074881,-0.293444514,-0.620665371,0.416829616,-0.380944997,-0.115362763,-0.002733218,-0.004128408,-0.143993586,-0.332775503,0.192315206,-0.129320875,-0.627818286,0.442128569
3.016666667,0.010284396,0.563092053,-0.475050807,0.176639706,0.473761946,-0.268981725,0.402013451,0.431961507,-0.284729242,0.62921989,0.356166542,-0.359124064,0.11485301,0.003258139,0.00483132,0.115576252,-0.359305769,0.195103005,0.151862234,-0.615187466,0.461157888,-0.171938971,0.463757545,-0.284893274,-0.397368908,0.463661343,-0.293804884,-0.624308884,0.437305301,-0.381001145,-0.115189187,-0.002590164,-0.003887821,-0.143984437,-0.329530597,0.192135766,-0.128915891,-0.624188602,0.443610489
3.033333333,0.008878709,0.564921677,-0.468124241,0.176893443,0.47628817,-0.266115248,0.409893662,0.443857223,-0.284820348,0.637757897,0.368948102,-0.360439867,0.114661403,0.003183473,0.004505528,0.115852334,-0.359632254,0.184540972,0.151976079,-0.615674615,0.456357688,-0.170939982,0.46678865,-0.279304028,-0.396030247,0.483141422,-0.287389725,-0.616221547,0.468966901,-0.371993303,-0.114995562,-0.002524814,-0.003569693,-0.14388074,-0.329448193,0.187263623,-0.128612116,-0.624059916,0.440032452
3.05,0.00893645,0.572274327,-0.45866096,0.177496403,0.480547756,-0.260422528,0.414813608,0.457915217,-0.281267434,0.64295274,0.38385734,-0.359134376,0.114531241,0.003142691,0.004482496,0.11628554,-0.359858364,0.182612807,0.152745783,-0.616036415,0.456359297,-0.169185296,0.469023943,-0.274868786,-0.39554891,0.48771745,-0.283339709,-0.611091614,0.472311527,-0.366509974,-0.114861093,-0.002491435,-0.003547598,-0.143664777,-0.329234421,0.183539882,-0.128253385,-0.624144018,0.437477022
3.066666667,0.008961803,0.576802611,-0.453387767,0.178474844,0.482000321,-0.258108765,0.420513928,0.462766498,-0.278300852,0.650884867,0.394858241,-0.356234759,0.11449337,0.003000183,0.003865465,0.117115818,-0.359976977,0.176400736,0.154029235,-0.616476178,0.454124272,-0.168789431,0.470438659,-0.270944655,-0.394806117,0.485501885,-0.276945323,-0.61068362,0.475399435,-0.360213161,-0.114820488,-0.002358032,-0.002936255,-0.143668637,-0.328700274,0.182569399,-0.128246009,-0.624055028,0.437419444
3.083333333,0.010031455,0.575528383,-0.456219465,0.179275393,0.48156935,-0.258343309,0.420000374,0.466750473,-0.27995646,0.651036084,0.402694464,-0.356522143,0.114414096,0.002904558,0.003654097,0.118145615,-0.359797418,0.172216102,0.155435085,-0.616407752,0.452863306,-0.166938081,0.46978724,-0.272187978,-0.395735979,0.488855541,-0.283554524,-0.619355798,0.484426767,-0.362175316,-0.114740446,-0.002264723,-0.002726192,-0.143433094,-0.326903552,0.18191728,-0.12824975,-0.622960389,0.437487572
3.1,0.010592851,0.575962365,-0.457470119,0.180347219,0.481104076,-0.259190828,0.422974199,0.469048023,-0.280103147,0.655423462,0.410077363,-0.356793076,0.11437697,0.002771027,0.003219181,0.119498476,-0.359856993,0.164717451,0.156997144,-0.616574585,0.447206974,-0.165429056,0.469560415,-0.273400396,-0.395506322,0.49190551,-0.284046024,-0.621199667,0.492679715,-0.363820344,-0.114703096,-0.002133887,-0.002288093,-0.14327091,-0.326700121,0.180206552,-0.128349438,-0.623130798,0.437363744
3.116666667,0.012108397,0.578906178,-0.451927572,0.181486204,0.482215732,-0.254746318,0.420487553,0.471702039,-0.275279194,0.651894152,0.426618099,-0.353983879,0.114350215,0.002631653,0.002598208,0.121118061,-0.360263109,0.152715787,0.160303399,-0.617176533,0.431975931,-0.162585184,0.472753018,-0.269352674,-0.393730253,0.497543395,-0.280582547,-0.619791985,0.508756995,-0.361006409,-0.114674374,-0.001998189,-0.001671042,-0.143243283,-0.327724725,0.178667709,-0.128369108,-0.625968218,0.43706587
3.133333333,0.013334044,0.582485437,-0.447243363,0.182426497,0.483264685,-0.251330346,0.419002354,0.4780325,-0.27191323,0.648452282,0.443959713,-0.351725399,0.11432413,0.002521648,0.002223718,0.122758925,-0.36040464,0.137604147,0.162554145,-0.617265463,0.415646374,-0.159565821,0.47533989,-0.265947789,-0.390038759,0.500493348,-0.27777037,-0.617096543,0.516141057,-0.358178765,-0.114646904,-0.001893363,-0.001300955,-0.143218592,-0.3292256,0.173948407,-0.128076896,-0.627933145,0.432737857
3.15,0.013560091,0.585401058,-0.441156447,0.183356702,0.485011965,-0.246287063,0.418621957,0.48337391,-0.268370003,0.645841956,0.457973003,-0.351118118,0.114297733,0.002276882,0.001736181,0.123257056,-0.36174199,0.125230685,0.163379103,-0.619269788,0.40021351,-0.155984864,0.479008436,-0.259128928,-0.384418219,0.503908634,-0.268802881,-0.608428478,0.522203445,-0.349548876,-0.114621989,-0.001655943,-0.000806677,-0.142940551,-0.331445813,0.167055488,-0.127746895,-0.629937232,0.424937159
3.166666667,0.014441276,0.586132705,-0.438923925,0.18470192,0.486049742,-0.242416218,0.417629987,0.485029399,-0.264757216,0.644298494,0.464102775,-0.350624204,0.114294738,0.002109804,0.001567325,0.124065317,-0.36343962,0.115581483,0.16426903,-0.621078968,0.388443768,-0.154136673,0.480590641,-0.256629318,-0.381260335,0.504252374,-0.265550911,-0.600479841,0.525398314,-0.347266614,-0.114624731,-0.001495318,-0.000629984,-0.142512888,-0.334386706,0.158857763,-0.127297893,-0.632561505,0.415606737
3.183333333,0.014489221,0.585722625,-0.438275903,0.185684323,0.486667365,-0.241879404,0.416822165,0.48602438,-0.265027881,0.643272936,0.468304336,-0.351494133,0.114293829,0.001967196,0.001351875,0.124616712,-0.364909589,0.112801239,0.165068418,-0.622372866,0.385126293,-0.153337166,0.481860846,-0.255604148,-0.379298747,0.50436753,-0.263205737,-0.59223187,0.524940908,-0.345796019,-0.114628851,-0.001359044,-0.00040853,-0.142127529,-0.336952895,0.155471042,-0.126995757,-0.634554029,0.41220507
3.2,0.014972318,0.585454524,-0.438101918,0.187207773,0.486531317,-0.242716283,0.416605204,0.486318976,-0.26518786,0.642985642,0.472518593,-0.354285121,0.114303567,0.001871737,0.001236323,0.125403464,-0.366061151,0.10990499,0.165774077,-0.623341382,0.384757966,-0.153299436,0.481437981,-0.256587833,-0.378240705,0.503318071,-0.264338106,-0.583673179,0.525687993,-0.347210437,-0.114640646,-0.001271502,-0.000287138,-0.141841263,-0.33829847,0.153493389,-0.12666817,-0.63545084,0.411518872
3.216666667,0.014989302,0.585425556,-0.436294019,0.188136637,0.486621529,-0.242955014,0.416592717,0.487088293,-0.265523762,0.64270097,0.477038443,-0.358251512,0.114310838,0.0018057,0.001064786,0.126251981,-0.367418736,0.110359959,0.166577533,-0.624868393,0.386006534,-0.153316051,0.481363833,-0.256233186,-0.377650619,0.503488958,-0.264081836,-0.575834155,0.528937161,-0.347868443,-0.114650019,-0.001213891,-0.000110664,-0.14151606,-0.339572489,0.148442373,-0.126648739,-0.637027502,0.403046161
3.233333333,0.016309107,0.585248351,-0.437109232,0.18937014,0.48651439,-0.243151128,0.416957498,0.489523321,-0.265964687,0.642649412,0.480890334,-0.358379483,0.114329733,0.001732015,0.001051323,0.126616865,-0.367728382,0.110377297,0.166724265,-0.624875665,0.387820363,-0.15331538,0.48119688,-0.256632656,-0.377726287,0.503645778,-0.266666293,-0.576902926,0.529645503,-0.350745112,-0.114672378,-0.001144808,-9.62E-05,-0.141496599,-0.339624166,0.147765398,-0.126643538,-0.636980653,0.403903127
3.25,0.017643964,0.584546506,-0.437838048,0.190046072,0.486117482,-0.243670583,0.416902453,0.49031505,-0.267727286,0.642377138,0.481111258,-0.359181315,0.114332318,0.001681001,0.00108179,0.126721933,-0.368186027,0.111922853,0.166689619,-0.624913454,0.389572382,-0.153425515,0.480401397,-0.260240465,-0.378100991,0.504697025,-0.274060518,-0.57768935,0.530034244,-0.357997805,-0.114676744,-0.001097484,-0.000126091,-0.141429737,-0.339525163,0.146976739,-0.126543194,-0.636922717,0.403093845
3.266666667,0.018444076,0.584357679,-0.437850028,0.190232128,0.486104935,-0.243034542,0.416774064,0.49280566,-0.267833471,0.642162204,0.483849078,-0.359494597,0.114334263,0.001653102,0.001185469,0.127155021,-0.368281126,0.110746421,0.167047024,-0.624941587,0.387572736,-0.153496921,0.480211824,-0.26050368,-0.378348619,0.508438706,-0.274606138,-0.576461196,0.533942997,-0.358386278,-0.114680037,-0.00106983,-0.000225487,-0.141413897,-0.339549303,0.144260406,-0.12659055,-0.636891305,0.398929983
3.283333333,0.019482473,0.584198773,-0.437734187,0.190259218,0.486211717,-0.242501259,0.416481555,0.494543791,-0.267924398,0.641415238,0.485310137,-0.359906763,0.114333153,0.001626565,0.001321326,0.127222523,-0.368689328,0.111447275,0.16709806,-0.625891387,0.387163252,-0.15354614,0.480043322,-0.260676324,-0.378715545,0.510034025,-0.275514513,-0.577022195,0.533319473,-0.359113455,-0.114680402,-0.001044848,-0.000355576,-0.141410112,-0.339724004,0.142067283,-0.126602024,-0.637186885,0.393670171
3.3,0.019346496,0.584084928,-0.437688738,0.190518618,0.486187845,-0.242682889,0.416350543,0.494157404,-0.268321306,0.641339839,0.486077726,-0.361431837,0.11433021,0.001548886,0.001326275,0.127268374,-0.369495094,0.11227899,0.167110533,-0.627423525,0.388056546,-0.153385803,0.480018258,-0.260853946,-0.378701806,0.509720385,-0.275439501,-0.577411115,0.533462822,-0.359118938,-0.114679143,-0.000970286,-0.000360392,-0.141399011,-0.339802295,0.14193216,-0.126767889,-0.637446523,0.393471658
3.316666667,0.021811347,0.583889008,-0.437891513,0.190755785,0.486278921,-0.242316276,0.416242778,0.493906587,-0.268022448,0.641219974,0.484910488,-0.361458302,0.114351794,0.001525034,0.001393454,0.127272755,-0.37003088,0.111082003,0.167212844,-0.628574789,0.384859562,-0.153663605,0.479931265,-0.261154801,-0.378646463,0.509191155,-0.276531905,-0.573209226,0.53253597,-0.361475259,-0.114703767,-0.000948206,-0.000424786,-0.141398594,-0.340094984,0.142144382,-0.126836196,-0.637514055,0.394326627
3.333333333,0.023745989,0.583791673,-0.438059866,0.190986305,0.486464888,-0.241481513,0.416189939,0.493719339,-0.265842915,0.640938938,0.484362751,-0.359320998,0.114373855,0.001503264,0.001568728,0.127276629,-0.370391607,0.109202601,0.167232707,-0.629515886,0.380906194,-0.153704211,0.479840755,-0.261812359,-0.378659934,0.508867145,-0.278244048,-0.573685169,0.533970833,-0.363829106,-0.114730917,-0.000927586,-0.000597847,-0.141398326,-0.340723485,0.142079398,-0.126863956,-0.638232112,0.394753128
3.35,0.026180718,0.581857264,-0.443529844,0.191019997,0.486351699,-0.241720751,0.414898366,0.493343949,-0.264909863,0.63909626,0.482876629,-0.355479479,0.114376038,0.001470018,0.001876496,0.127103522,-0.370395988,0.110219441,0.166641459,-0.629513621,0.381272316,-0.153709173,0.4791677,-0.268167645,-0.379201263,0.507857323,-0.28660655,-0.581123948,0.53305614,-0.372628599,-0.114737108,-0.000891586,-0.000919692,-0.141524926,-0.340738386,0.144290432,-0.126978621,-0.638273776,0.39972654
3.366666667,0.026112022,0.580915987,-0.446186841,0.190948814,0.486015171,-0.242791012,0.413683087,0.493062586,-0.265014291,0.638199568,0.482183814,-0.354596227,0.114372224,0.00141983,0.002005982,0.127103224,-0.370326102,0.110432565,0.166406766,-0.629181087,0.38174817,-0.153552264,0.478593737,-0.271261901,-0.379642576,0.507704258,-0.289339334,-0.591179788,0.532502234,-0.374172866,-0.114736713,-0.000838715,-0.001055678,-0.141535282,-0.340690881,0.145830542,-0.126989007,-0.63821888,0.403564215
3.383333333,0.025483137,0.578927279,-0.448083669,0.190688148,0.485996097,-0.243874401,0.411503315,0.492841363,-0.265236527,0.636511385,0.481760889,-0.354351997,0.114359625,0.001328648,0.002034191,0.126850888,-0.370307416,0.114712767,0.166307896,-0.628876448,0.389371186,-0.153104901,0.478512526,-0.272294849,-0.379777759,0.506628156,-0.290135831,-0.59529537,0.532047629,-0.374765098,-0.114729568,-0.000742584,-0.001088872,-0.141568452,-0.340557128,0.147345379,-0.126992211,-0.637987077,0.405738682
3.4,0.025949571,0.5750404,-0.451884121,0.190631062,0.485835791,-0.244977847,0.411147475,0.492697984,-0.265324444,0.636238635,0.481319457,-0.35340938,0.114350721,0.001305236,0.002160281,0.126860335,-0.370015651,0.122141413,0.166302517,-0.627699435,0.399491429,-0.153110474,0.477859557,-0.275990397,-0.379965663,0.50518477,-0.293626249,-0.596990585,0.531791151,-0.377955317,-0.114724807,-0.000715494,-0.001221447,-0.141572192,-0.34006238,0.150867179,-0.126932263,-0.637245893,0.411542505
3.416666667,0.025900323,0.574581206,-0.45232302,0.19025217,0.485826373,-0.245462954,0.409136981,0.492545962,-0.26549539,0.634733558,0.48089546,-0.353458792,0.114343263,0.001283879,0.002213587,0.126755238,-0.369740844,0.122953884,0.165878162,-0.627567768,0.399445862,-0.15312615,0.477714598,-0.276460826,-0.380398989,0.50513494,-0.29421708,-0.598699927,0.532155573,-0.378374487,-0.114720382,-0.000694797,-0.00127773,-0.141735494,-0.339988917,0.151389942,-0.127059937,-0.637258708,0.411420614
3.433333333,0.025791058,0.574859262,-0.452187955,0.190235719,0.485933781,-0.245634258,0.407938659,0.492438495,-0.266036958,0.632413089,0.480187684,-0.354025632,0.114325911,0.001233284,0.002108631,0.126593381,-0.369604707,0.124353409,0.165853634,-0.627490222,0.400089085,-0.15262191,0.47777766,-0.275715053,-0.380039454,0.505611598,-0.292871445,-0.598371625,0.532752514,-0.376753926,-0.114705384,-0.000643074,-0.001178068,-0.14172706,-0.339955837,0.152895093,-0.126930028,-0.637269557,0.411530823
3.45,0.024856126,0.574970841,-0.451320142,0.190182194,0.485987574,-0.245690137,0.406310588,0.491624206,-0.266601443,0.630401373,0.47928974,-0.355360448,0.114307605,0.001172565,0.001996464,0.126547277,-0.36939761,0.125753701,0.165916637,-0.627457023,0.400497973,-0.152330443,0.478064865,-0.274208218,-0.379111886,0.505693018,-0.28993392,-0.597231686,0.532654464,-0.37381655,-0.114689499,-0.000581547,-0.001070858,-0.141735777,-0.339908719,0.154319927,-0.126918584,-0.637255788,0.41192767
3.466666667,0.024271153,0.574101448,-0.452453196,0.189578876,0.485993057,-0.247175366,0.403737128,0.491036683,-0.268254369,0.627181351,0.477822542,-0.355905712,0.114263348,0.001128656,0.001994368,0.126394063,-0.369290441,0.129792601,0.165632367,-0.627415955,0.404924899,-0.152242512,0.478076756,-0.274581343,-0.378769457,0.505568981,-0.290471464,-0.597804308,0.532508254,-0.37428844,-0.114650503,-0.00053458,-0.001070604,-0.141740471,-0.339503139,0.156103238,-0.126871496,-0.636895597,0.413086921
3.483333333,0.024205979,0.574114025,-0.452390313,0.189613014,0.486113489,-0.247362152,0.403569221,0.490864307,-0.268410414,0.626844823,0.475647122,-0.355868399,0.114213437,0.001055624,0.001980698,0.126253515,-0.369133204,0.133050352,0.165368125,-0.627411664,0.407572746,-0.151342958,0.478186965,-0.274520904,-0.377891749,0.505523264,-0.290371925,-0.597774804,0.532402098,-0.373962849,-0.114604346,-0.000458374,-0.001059499,-0.14155817,-0.33898443,0.157785177,-0.12627703,-0.636570156,0.414129764
3.5,0.02368011,0.573459744,-0.452688634,0.189406723,0.485942781,-0.247847646,0.402992725,0.490147293,-0.268940151,0.626501441,0.473004758,-0.355893731,0.114171438,0.001017309,0.002019278,0.126117945,-0.368552595,0.135683134,0.165057123,-0.626203895,0.410799176,-0.151165009,0.477881253,-0.274522245,-0.377243847,0.505101502,-0.290287822,-0.597711682,0.531536281,-0.373676896,-0.114563853,-0.000417086,-0.001099514,-0.141519561,-0.338031203,0.159322426,-0.126206696,-0.635265112,0.416639686
3.516666667,0.023579735,0.573068738,-0.452754706,0.189114407,0.485882759,-0.247921526,0.402657121,0.488971233,-0.269037992,0.626359463,0.469692647,-0.355914831,0.114144273,0.000994318,0.002056503,0.125886261,-0.368241906,0.135844111,0.164737105,-0.625553489,0.41087243,-0.151222721,0.477864832,-0.274484783,-0.377171546,0.505061328,-0.290215731,-0.597607613,0.53090632,-0.373605877,-0.114538111,-0.000394256,-0.001138095,-0.141475812,-0.337668508,0.159934506,-0.126143605,-0.634674728,0.417740732
3.533333333,0.021262035,0.573081911,-0.452343524,0.188692793,0.485880464,-0.247943759,0.402504325,0.488152683,-0.268996954,0.626480877,0.467820138,-0.355606824,0.114134043,0.000950377,0.001968027,0.125459343,-0.368161827,0.135644734,0.164646193,-0.625489235,0.410651892,-0.151557028,0.477957428,-0.27318275,-0.377109766,0.504250109,-0.286332995,-0.597683012,0.526625276,-0.369160533,-0.11452876,-0.00034862,-0.001050206,-0.141472608,-0.337618679,0.161130086,-0.126280487,-0.63464725,0.419779688
3.55,0.021661932,0.572796166,-0.452344984,0.188388377,0.485823452,-0.24778524,0.402496517,0.48721838,-0.268756241,0.626698077,0.462223142,-0.355322391,0.11412546,0.000945481,0.002007246,0.125274494,-0.36773476,0.132767826,0.164630741,-0.624361992,0.407601327,-0.152155131,0.477669746,-0.273048252,-0.377077103,0.503828645,-0.286277711,-0.597231925,0.522841334,-0.36895445,-0.114521071,-0.000344059,-0.001086578,-0.141275689,-0.337552339,0.161162123,-0.126124904,-0.634501159,0.420432657
3.566666667,0.022575228,0.570688128,-0.455204695,0.187934667,0.485587567,-0.248410821,0.402521342,0.484046727,-0.268925488,0.626824319,0.454030961,-0.355321616,0.11411421,0.000942696,0.001999598,0.125123918,-0.367222488,0.13292861,0.164630458,-0.623546362,0.407638609,-0.153132975,0.477199793,-0.273516923,-0.377238303,0.498699695,-0.286604196,-0.597407043,0.511498153,-0.369831353,-0.114509486,-0.000340318,-0.001078884,-0.141253918,-0.337434888,0.163428232,-0.126075447,-0.63436687,0.423469692
3.583333333,0.024604427,0.568876028,-0.459284961,0.187583864,0.485485733,-0.248949125,0.398478776,0.480643839,-0.268847704,0.623346686,0.447798133,-0.35340482,0.11408294,0.000928867,0.002155088,0.125102684,-0.364420861,0.136059284,0.164618745,-0.619065225,0.412089884,-0.153036013,0.476510555,-0.275481939,-0.378233731,0.493641555,-0.291575164,-0.608877182,0.502220571,-0.374668658,-0.114481971,-0.000325931,-0.00124598,-0.14126727,-0.335802644,0.167556569,-0.125810668,-0.632800043,0.429990292
3.6,0.024585927,0.568161309,-0.461298764,0.186390296,0.485372126,-0.24998422,0.397289485,0.475818723,-0.268874079,0.623123705,0.438197285,-0.350779861,0.11403241,0.000920124,0.002126765,0.125058621,-0.36283493,0.142138317,0.164703399,-0.617246628,0.419606358,-0.153145969,0.475919604,-0.276067942,-0.379329503,0.4859685,-0.292787045,-0.614740014,0.493945092,-0.375991553,-0.114434943,-0.000315539,-0.001222461,-0.141264036,-0.335190564,0.173253417,-0.125459626,-0.632120967,0.438560009
3.616666667,0.024720127,0.563783586,-0.469589859,0.185793236,0.484769702,-0.253998995,0.398239017,0.471252382,-0.270989478,0.625843704,0.423755348,-0.350267291,0.113983385,0.000914312,0.002089289,0.124798693,-0.359758466,0.150429189,0.164748415,-0.612602234,0.430939496,-0.153725371,0.473521501,-0.280419111,-0.381545454,0.471406788,-0.297770351,-0.623250723,0.470331728,-0.381062239,-0.114386477,-0.000307035,-0.001188903,-0.141218945,-0.33286798,0.179362521,-0.124871217,-0.628711641,0.447456717
3.633333333,0.025032803,0.562588513,-0.470952123,0.185654476,0.484403163,-0.256182253,0.401820451,0.467422903,-0.274156153,0.631575942,0.411811531,-0.353690565,0.113922864,0.000933486,0.002053802,0.124667279,-0.3589665,0.156080574,0.164906576,-0.611990571,0.437056869,-0.15414308,0.472536117,-0.280396789,-0.381575972,0.4698174,-0.297606289,-0.621720195,0.462144852,-0.38082096,-0.114320979,-0.000324989,-0.001154674,-0.141155422,-0.331707746,0.178994447,-0.124529094,-0.627280116,0.445353508
3.65,0.025320476,0.560795188,-0.475381702,0.185098454,0.484010547,-0.258639276,0.402063102,0.465428472,-0.275965333,0.632184327,0.404414177,-0.354266346,0.113850363,0.000954932,0.002066784,0.123620018,-0.357592434,0.165373862,0.164660186,-0.610777438,0.448462665,-0.155142903,0.471179128,-0.283178866,-0.38501671,0.466552824,-0.300388366,-0.622254193,0.448748559,-0.384122372,-0.114245437,-0.000342747,-0.001169009,-0.141194925,-0.329884082,0.180451289,-0.124524616,-0.625170827,0.445016623
3.666666667,0.023556052,0.561148286,-0.474603236,0.185087264,0.483974665,-0.259835511,0.402709663,0.460616112,-0.278318286,0.632741511,0.392568082,-0.360826313,0.113744937,0.000941796,0.001974285,0.122904561,-0.35765332,0.168027297,0.164609626,-0.610924006,0.447866082,-0.155230552,0.471270472,-0.281182796,-0.384943783,0.467405051,-0.291996211,-0.617926061,0.440054208,-0.377289087,-0.114133179,-0.000330964,-0.001079142,-0.141221955,-0.329863429,0.180789545,-0.124496117,-0.62520659,0.444064856
3.683333333,0.023027791,0.56122601,-0.474357814,0.184850007,0.483789265,-0.260279238,0.402084053,0.455058783,-0.279343039,0.632149577,0.38501963,-0.365334094,0.113634191,0.000946829,0.001943951,0.122806273,-0.357299596,0.169597983,0.164631382,-0.610961139,0.448720038,-0.156044215,0.471693575,-0.280099005,-0.385008663,0.468699485,-0.289001703,-0.61377871,0.4390468,-0.374966383,-0.114015236,-0.000336709,-0.001049401,-0.14122428,-0.329644501,0.18096675,-0.124123573,-0.624955654,0.443449378
3.7,0.021779841,0.563752294,-0.463076234,0.185014322,0.483787477,-0.259957612,0.401480466,0.44988963,-0.279330611,0.631580532,0.378365725,-0.375584602,0.113530152,0.000921164,0.001837902,0.122674637,-0.357968807,0.171279997,0.165033698,-0.613803625,0.44744131,-0.155844525,0.476139694,-0.268150181,-0.379861683,0.476165533,-0.270008385,-0.586850524,0.445019335,-0.362231135,-0.11390397,-0.000316018,-0.00094794,-0.141146511,-0.330545038,0.180761382,-0.123757198,-0.626570523,0.442254901
3.716666667,0.021679351,0.56343627,-0.463451862,0.184906393,0.483737022,-0.261279225,0.396547049,0.440490335,-0.280405432,0.621780813,0.359887749,-0.375782102,0.11345873,0.000912216,0.001786806,0.121390887,-0.358000398,0.176342458,0.164950028,-0.614050746,0.450373799,-0.156081572,0.476250231,-0.268390566,-0.379960984,0.469825119,-0.27193293,-0.588404357,0.413476527,-0.362971067,-0.11383082,-0.000305997,-0.000897197,-0.141166478,-0.330798328,0.183807686,-0.123392455,-0.626917243,0.442393184
3.733333333,0.021167371,0.563697696,-0.465182126,0.184712514,0.482693493,-0.26250568,0.393279076,0.431086153,-0.280120403,0.615956843,0.345861226,-0.373990476,0.113383479,0.000903049,0.001784269,0.120617121,-0.358009815,0.184856087,0.164868817,-0.614681959,0.459649146,-0.157119632,0.475471854,-0.270942718,-0.382118046,0.450479925,-0.274594575,-0.5892452,0.368544996,-0.366524488,-0.113756962,-0.000295287,-0.000896296,-0.141599,-0.331175297,0.189811021,-0.123376191,-0.627168536,0.447471499
3.75,0.017457144,0.562176585,-0.474853188,0.184616819,0.476602495,-0.272429824,0.392413318,0.408073217,-0.282914728,0.606166363,0.304203987,-0.373773098,0.1133615,0.000898526,0.001418922,0.119748048,-0.357128978,0.191452533,0.164887443,-0.613769948,0.469258308,-0.158511788,0.472051591,-0.280296832,-0.386339426,0.431422442,-0.281593502,-0.595026433,0.336080909,-0.373463362,-0.113735184,-0.000289244,-0.000540073,-0.141855299,-0.331513017,0.200370938,-0.123267263,-0.627041578,0.459766358
3.766666667,0.017501177,0.562762082,-0.469504744,0.184799522,0.476706028,-0.27206561,0.391872793,0.40200609,-0.281534195,0.603848577,0.288474023,-0.373073965,0.113341272,0.000899862,0.00140647,0.119883582,-0.357145488,0.19142203,0.166850641,-0.614869177,0.467572957,-0.157955319,0.472112209,-0.272964478,-0.373997033,0.429987699,-0.276285827,-0.564248145,0.326361567,-0.372912556,-0.113715798,-0.000290767,-0.000529377,-0.141501382,-0.333108872,0.19948034,-0.122503042,-0.628982842,0.459557295
3.783333333,0.01753363,0.561158299,-0.472138673,0.185024142,0.47393623,-0.27272135,0.391896665,0.390669584,-0.281458169,0.603880227,0.272822082,-0.372682124,0.113308206,0.000901685,0.00141118,0.119824663,-0.356947988,0.199193552,0.167156801,-0.614935756,0.473013043,-0.157689378,0.470995665,-0.273806959,-0.372624487,0.420406461,-0.275782138,-0.567158818,0.307223111,-0.369290382,-0.113685735,-0.000290304,-0.000537534,-0.141377747,-0.333507121,0.20291464,-0.122315988,-0.629143298,0.463545322
3.8,0.018308712,0.561866462,-0.474782169,0.184920847,0.472886503,-0.273266613,0.39053148,0.38565731,-0.280496627,0.60121417,0.263846546,-0.369340092,0.11328847,0.001013993,0.001440637,0.119670399,-0.356822371,0.205817983,0.16735439,-0.616692424,0.474916875,-0.159193367,0.469422132,-0.27985695,-0.377627075,0.405116439,-0.283592522,-0.573679209,0.269796491,-0.375894666,-0.113667183,-0.000392395,-0.000572333,-0.141270012,-0.334898561,0.205839887,-0.1223948,-0.632169485,0.464116693
3.816666667,0.018222926,0.560694337,-0.485581487,0.183775216,0.470457494,-0.280866772,0.38895154,0.380226135,-0.28307429,0.597262025,0.250394672,-0.369828343,0.113271192,0.001162027,0.001424912,0.118339248,-0.356907636,0.211800367,0.166983292,-0.619079173,0.475996494,-0.161767274,0.46652472,-0.289636374,-0.381310999,0.395955175,-0.291108221,-0.578064501,0.250868976,-0.382123113,-0.113652438,-0.000526115,-0.000558191,-0.141482025,-0.336160392,0.210745201,-0.123526245,-0.634449959,0.466985852
3.833333333,0.01824587,0.560542345,-0.486761481,0.182947457,0.469254583,-0.285050839,0.388853997,0.374836147,-0.285953134,0.592564225,0.229325056,-0.371214151,0.113255605,0.001413536,0.001399941,0.116026975,-0.357020169,0.21229659,0.166106358,-0.621184766,0.475388944,-0.163129985,0.464657933,-0.291671008,-0.381539643,0.392173588,-0.291594535,-0.579070866,0.24007979,-0.381798685,-0.113637336,-0.000765659,-0.000534465,-0.1415108,-0.337142408,0.212114483,-0.124348305,-0.636093974,0.467841953
3.85,0.018085103,0.564857066,-0.486306936,0.180812702,0.469243914,-0.287136048,0.388144881,0.368109912,-0.29020068,0.586397827,0.207134232,-0.382048398,0.113243319,0.001802617,0.001396804,0.115655825,-0.359088182,0.209922969,0.16611445,-0.629282296,0.473347485,-0.166969612,0.464497805,-0.291236579,-0.379844844,0.393359005,-0.285038412,-0.574605048,0.238605514,-0.371458858,-0.113627151,-0.00115775,-0.000530895,-0.141553089,-0.340228021,0.211267188,-0.125649452,-0.642004788,0.464857489
3.866666667,0.017472027,0.569628537,-0.485084713,0.179281786,0.468791425,-0.287311852,0.383501589,0.358251601,-0.291662872,0.573115647,0.191117167,-0.385314047,0.113248765,0.002278148,0.001974171,0.11570552,-0.361684948,0.209084705,0.166369081,-0.635403395,0.473018348,-0.169520676,0.462671161,-0.290793896,-0.376640558,0.388162166,-0.284856468,-0.564742506,0.227963835,-0.371059299,-0.113634296,-0.001636173,-0.001086508,-0.141604513,-0.343248457,0.208575517,-0.126123264,-0.646092653,0.459122986
3.883333333,0.017133122,0.570769072,-0.484853834,0.178293243,0.464461267,-0.289735496,0.37912491,0.342356712,-0.293325543,0.558498621,0.170851409,-0.384707779,0.113282755,0.002495847,0.002324508,0.115281194,-0.3629933,0.20933412,0.165257648,-0.637144268,0.47232759,-0.172899082,0.458587557,-0.294349074,-0.376894236,0.373540878,-0.290119112,-0.563463449,0.207179904,-0.379150242,-0.113668934,-0.001850079,-0.00141197,-0.141613007,-0.343442112,0.207966581,-0.126895174,-0.645661235,0.458982676
3.9,0.016333638,0.570688486,-0.48785907,0.177948043,0.459440887,-0.291797012,0.369329989,0.327122897,-0.293880939,0.543276846,0.152620748,-0.384091914,0.113362171,0.002601948,0.003086176,0.114530109,-0.363571525,0.214648873,0.16431275,-0.63680774,0.477109045,-0.174040556,0.453904539,-0.298841178,-0.376722574,0.360809177,-0.296056002,-0.561683774,0.191187963,-0.387329012,-0.113750875,-0.00195163,-0.002151212,-0.141713202,-0.343363434,0.207748607,-0.128589928,-0.645231664,0.460274339
3.916666667,0.016270954,0.57069248,-0.489169955,0.177935004,0.457298905,-0.291523576,0.364187032,0.320371121,-0.293527067,0.540627241,0.145257428,-0.383726895,0.113425612,0.002649828,0.004107737,0.113122389,-0.364986569,0.219237283,0.161032885,-0.63815397,0.480964184,-0.174432114,0.452945381,-0.299765438,-0.371315986,0.354917318,-0.296107918,-0.553919971,0.183106318,-0.387587249,-0.113813415,-0.001995684,-0.003136312,-0.142092958,-0.343304783,0.207700491,-0.131742433,-0.644819736,0.461311758
3.933333333,0.016342733,0.570750833,-0.490756422,0.177906349,0.454801589,-0.291354716,0.359877557,0.313333243,-0.293602109,0.530759335,0.133467123,-0.384240866,0.113508873,0.002664004,0.004446097,0.113127567,-0.367283463,0.218776226,0.160884157,-0.641780138,0.480793715,-0.174518079,0.450998604,-0.299700975,-0.362535387,0.344692796,-0.295998514,-0.538424313,0.173413083,-0.387139022,-0.113889359,-0.002009381,-0.003449682,-0.142166913,-0.3433339,0.207481042,-0.132477537,-0.644631326,0.461308897
3.95,0.016643355,0.570425928,-0.494398803,0.177516982,0.451669812,-0.292066127,0.356566817,0.307498038,-0.294538587,0.52351594,0.119266927,-0.386126995,0.113542177,0.002677647,0.004837808,0.113129526,-0.369785935,0.220364198,0.160748139,-0.64651823,0.481717616,-0.175417334,0.449338466,-0.300582856,-0.35942474,0.340608418,-0.295784235,-0.528450251,0.162557915,-0.386967927,-0.113917097,-0.002022469,-0.00381503,-0.142206162,-0.34350431,0.207778513,-0.132924274,-0.644388258,0.461408585
3.966666667,0.016643057,0.569673896,-0.496802181,0.175940081,0.449431568,-0.292622834,0.348122239,0.301427692,-0.297130525,0.50911957,0.108399197,-0.393521845,0.113581873,0.00268425,0.005032972,0.113127805,-0.37215957,0.220103949,0.160740539,-0.650088072,0.481203824,-0.177511603,0.446757227,-0.300850898,-0.356924057,0.332417309,-0.295143932,-0.520348847,0.151680678,-0.386646718,-0.113950618,-0.002028815,-0.00399753,-0.142305091,-0.343613476,0.208533496,-0.13335976,-0.644191921,0.462309748
3.983333333,0.01511489,0.568549454,-0.49943161,0.175310001,0.446573406,-0.295204282,0.345498741,0.294536501,-0.301893681,0.499279022,0.097500108,-0.405327022,0.113678619,0.002680995,0.004817167,0.112590864,-0.373694122,0.219871536,0.160443857,-0.653536797,0.48060745,-0.179793432,0.443263054,-0.300648391,-0.352316499,0.320275366,-0.282791227,-0.508564472,0.137286007,-0.37342748,-0.114041865,-0.002025994,-0.00377599,-0.14250277,-0.343673825,0.211860135,-0.133331627,-0.644214272,0.466106832
4,0.015129525,0.568225682,-0.498916566,0.173142284,0.447083324,-0.292842954,0.335688502,0.2927908,-0.297909081,0.479524851,0.09361437,-0.404407024,0.113831937,0.002839788,0.004732525,0.110915177,-0.373233974,0.21949248,0.15877986,-0.652675688,0.480867982,-0.184706494,0.439454645,-0.300486714,-0.351697534,0.300090015,-0.282972842,-0.496297687,0.105831534,-0.376437992,-0.114185944,-0.002183883,-0.003690202,-0.143514693,-0.34361726,0.215026706,-0.13792412,-0.644124806,0.47040844
4.016666667,0.01328445,0.566680193,-0.497888386,0.171366677,0.446800262,-0.290354043,0.325850308,0.285509259,-0.296103239,0.46281895,0.079695389,-0.402423352,0.113929696,0.002893839,0.004738529,0.107951343,-0.372868717,0.219359666,0.155392423,-0.652179778,0.481353045,-0.187741652,0.437136531,-0.298766464,-0.344039381,0.287127852,-0.279672205,-0.477078974,0.079218872,-0.374029458,-0.114277378,-0.002241075,-0.003695475,-0.14513965,-0.343060851,0.215780243,-0.142227903,-0.643336236,0.47180593
4.033333333,0.012332442,0.564659357,-0.496809155,0.170649424,0.444436938,-0.289576769,0.315849572,0.271845579,-0.296030432,0.446962923,0.062630259,-0.404713839,0.114046343,0.002914096,0.004607232,0.106866971,-0.37270993,0.219254375,0.154842943,-0.651936471,0.48113209,-0.189141005,0.435437739,-0.296261668,-0.341171026,0.27767694,-0.274951667,-0.466943771,0.061575811,-0.36837104,-0.114385583,-0.002263106,-0.003559968,-0.146119028,-0.343016118,0.216593653,-0.14348878,-0.643341124,0.472414404
4.05,0.011638302,0.56204319,-0.496516556,0.170686215,0.439852297,-0.289522529,0.31183368,0.259161294,-0.296337694,0.441993147,0.050728813,-0.407104462,0.114150062,0.002902111,0.004546932,0.106874608,-0.372641444,0.217534468,0.154727891,-0.651712239,0.479967237,-0.189475968,0.434495091,-0.295939595,-0.340668529,0.2725887,-0.274696231,-0.462638468,0.051891144,-0.368444592,-0.114483006,-0.00225339,-0.0034966,-0.147108927,-0.342748374,0.216762066,-0.144159943,-0.642903864,0.472764939
4.066666667,0.011310618,0.561546385,-0.493283063,0.171234086,0.439296067,-0.286112756,0.310236394,0.253547072,-0.291251451,0.438292593,0.047641303,-0.4046956,0.114330545,0.002845034,0.004449534,0.107475094,-0.372820586,0.203752741,0.155462861,-0.651247561,0.465029806,-0.189254209,0.434838772,-0.291997075,-0.334434569,0.266357034,-0.26702857,-0.447180599,0.050105501,-0.363257825,-0.114650235,-0.002200228,-0.003389991,-0.147166356,-0.342931569,0.212444127,-0.143940821,-0.642916799,0.466533393
4.083333333,0.010342136,0.56159097,-0.489304572,0.171353549,0.438421011,-0.281244814,0.304958135,0.247945577,-0.278999239,0.430667311,0.041730292,-0.387764424,0.114620529,0.002813856,0.004266452,0.10944581,-0.374573112,0.18692638,0.158528671,-0.652292073,0.445577085,-0.189144462,0.434978664,-0.288348198,-0.326108217,0.256107658,-0.25896576,-0.429822475,0.038093988,-0.354939222,-0.114928149,-0.002169156,-0.00318533,-0.146720484,-0.345475048,0.20455569,-0.143356472,-0.644791305,0.457303882
4.1,0.009821689,0.556426704,-0.491646826,0.171199232,0.433329374,-0.281422347,0.296548098,0.236638725,-0.276959181,0.421521246,0.024461458,-0.378675789,0.114992991,0.002825488,0.003676305,0.111000128,-0.375701129,0.164988935,0.163477898,-0.651952565,0.425327301,-0.189384311,0.429524243,-0.288530558,-0.315622628,0.236175865,-0.257640213,-0.416876376,0.01210225,-0.35040012,-0.115280099,-0.002180207,-0.002535853,-0.146091685,-0.348648667,0.195637584,-0.143003181,-0.646461427,0.448630154
4.116666667,0.009336879,0.553419888,-0.492229611,0.171548098,0.432226688,-0.28148818,0.2928707,0.233358443,-0.272483349,0.414324254,0.017550349,-0.37140429,0.11535269,0.002812871,0.003344236,0.112434871,-0.376128256,0.165418267,0.167679623,-0.651927114,0.422166973,-0.189297959,0.428524882,-0.288361579,-0.307139009,0.232255071,-0.250454575,-0.40523544,0.002906171,-0.340051174,-0.115622573,-0.002165635,-0.002165498,-0.145379111,-0.350944281,0.194130659,-0.141223535,-0.649499655,0.446189195
4.133333333,0.008837272,0.55343914,-0.491180509,0.172289863,0.432373554,-0.278914422,0.2874493,0.230006084,-0.262724906,0.402834982,0.010414356,-0.361991644,0.115824714,0.00276886,0.00265873,0.114089325,-0.376408309,0.159976259,0.174093932,-0.652071416,0.410718501,-0.189194992,0.428869933,-0.284601539,-0.302372634,0.230480924,-0.238043264,-0.395193934,0.001159632,-0.32643947,-0.116079792,-0.002118443,-0.001446074,-0.144364402,-0.354309201,0.192483559,-0.138356313,-0.654058754,0.443815678
4.15,0.008822222,0.553578973,-0.486428201,0.17420575,0.432686597,-0.272181481,0.285013318,0.230738863,-0.253033251,0.392717898,0.010534703,-0.357262671,0.116214089,0.002703706,0.002088565,0.116416335,-0.376527905,0.148028255,0.181353942,-0.651934206,0.397084534,-0.188609555,0.429984719,-0.277796924,-0.298116505,0.229858145,-0.226910189,-0.389110148,-0.003920149,-0.315680146,-0.116457693,-0.002048478,-0.000853442,-0.142260298,-0.35649249,0.190115497,-0.133329451,-0.656800568,0.443491518
4.166666667,0.008802888,0.556709945,-0.478342324,0.176110104,0.434140861,-0.263393402,0.278938085,0.229594737,-0.241655961,0.380948037,0.006215819,-0.349865735,0.116546378,0.002543651,0.00160706,0.118367687,-0.376497298,0.144504115,0.184396729,-0.650378108,0.397888094,-0.188022435,0.433276772,-0.27078104,-0.294936866,0.230318889,-0.218089402,-0.382318467,-0.002983547,-0.307347566,-0.11678274,-0.001883503,-0.000361541,-0.140678912,-0.356651127,0.190631211,-0.13045612,-0.656473458,0.44540301
4.183333333,0.008650191,0.557412505,-0.477626204,0.176729202,0.434392422,-0.262248516,0.271806002,0.225776255,-0.240643099,0.37074101,-0.002340729,-0.348902822,0.116840564,0.00245434,0.001384174,0.119182333,-0.376683503,0.13537994,0.184723169,-0.649113655,0.396425784,-0.187380329,0.433434993,-0.270496368,-0.290506214,0.225445107,-0.218273655,-0.372714281,-0.008979288,-0.305624723,-0.117067665,-0.001790612,-0.000130841,-0.140081823,-0.358435899,0.185564935,-0.129457027,-0.657004535,0.444856137
4.2,0.008898028,0.55776298,-0.476999462,0.177669451,0.435227126,-0.260029495,0.265625179,0.225684375,-0.235604718,0.364261955,-0.004070938,-0.341953248,0.117163867,0.002383547,0.00138346,0.12007454,-0.378041178,0.134328097,0.184830025,-0.649311721,0.392404228,-0.18619591,0.433973581,-0.271017104,-0.283723056,0.222132549,-0.220792279,-0.360257894,-0.015279735,-0.307286918,-0.11738953,-0.001713199,-0.000128584,-0.139568195,-0.360030353,0.180373594,-0.128518328,-0.658079207,0.439944893
4.216666667,0.009535456,0.557733774,-0.477113843,0.179033354,0.434765071,-0.260450959,0.260294586,0.220600262,-0.234367818,0.357874364,-0.011597575,-0.337476671,0.117399126,0.002304313,0.00141789,0.120585613,-0.379456013,0.132830486,0.185234934,-0.649277389,0.393980026,-0.183866963,0.433210224,-0.27273044,-0.2728872,0.212896809,-0.223320171,-0.3429766,-0.028133444,-0.30825457,-0.117625788,-0.001631104,-0.000161874,-0.139279634,-0.361855865,0.176082626,-0.127694383,-0.658766031,0.436934263
4.233333333,0.009526681,0.558301806,-0.477347016,0.179362133,0.434937149,-0.258161038,0.255616605,0.220495403,-0.228478894,0.347247958,-0.014558044,-0.330388337,0.117549635,0.002237532,0.001491317,0.12060158,-0.380991459,0.136348009,0.184976324,-0.650433898,0.394868851,-0.183208913,0.433168501,-0.273082525,-0.265882641,0.208560392,-0.224183053,-0.330776244,-0.034089148,-0.307243913,-0.117785372,-0.001560364,-0.000238902,-0.139183298,-0.363228023,0.176835284,-0.12758249,-0.660568774,0.437745422
4.25,0.009491898,0.558739424,-0.477541059,0.179551661,0.435017318,-0.256738216,0.252678692,0.219163209,-0.224201038,0.340703696,-0.019437805,-0.323101372,0.117669597,0.002134347,0.00155434,0.120514363,-0.382677615,0.13858293,0.184696808,-0.652065396,0.396362334,-0.182482839,0.432960123,-0.273204327,-0.260187268,0.206280157,-0.224359974,-0.321194798,-0.036032122,-0.304651022,-0.117911853,-0.00145398,-0.000304747,-0.139006838,-0.36490652,0.17782867,-0.127491355,-0.662479997,0.438367724
4.266666667,0.009483445,0.559149384,-0.477157384,0.179649085,0.435115933,-0.254267693,0.248462692,0.218131348,-0.217660829,0.330731809,-0.023171866,-0.31198892,0.117725067,0.001924703,0.001571497,0.120392703,-0.384010255,0.139946863,0.184507728,-0.655103922,0.396488637,-0.182102144,0.433111072,-0.273488462,-0.257360816,0.20658353,-0.222497359,-0.314278334,-0.036273211,-0.298889071,-0.117972508,-0.001243321,-0.000323551,-0.138601333,-0.366006851,0.178504139,-0.127453879,-0.664025009,0.438496143
4.283333333,0.008874238,0.56278336,-0.472845763,0.179674789,0.435197562,-0.247486025,0.24402976,0.216657594,-0.208378151,0.316190362,-0.026934734,-0.301709116,0.117817104,0.001556635,0.001571076,0.120346405,-0.38493675,0.139089927,0.184356362,-0.656338036,0.389755994,-0.181836575,0.434196115,-0.269105732,-0.255251527,0.206917733,-0.210595548,-0.309225023,-0.034856308,-0.285604447,-0.11806868,-0.000865772,-0.00032282,-0.138131708,-0.366415471,0.178938374,-0.127342343,-0.664376795,0.438770622
4.3,0.008699092,0.566685617,-0.468452394,0.179740995,0.435060322,-0.24322021,0.241292268,0.213940814,-0.203325093,0.307153642,-0.030263126,-0.295404285,0.117923319,0.00117421,0.00154296,0.120489165,-0.386594832,0.129306033,0.1843348,-0.657297075,0.379924327,-0.181282833,0.435118347,-0.264621079,-0.252223819,0.206209093,-0.201096475,-0.300363958,-0.035263188,-0.274116784,-0.118176721,-0.000481131,-0.000293549,-0.13793458,-0.367797703,0.177168757,-0.127229422,-0.665036678,0.438575506
4.316666667,0.007686755,0.567180514,-0.467484921,0.179869354,0.434790701,-0.24231936,0.237535343,0.211642057,-0.201114699,0.295366704,-0.034417395,-0.287584841,0.118011497,0.000930637,0.001657935,0.120894782,-0.389019459,0.123676941,0.184646845,-0.658881962,0.376766384,-0.179652512,0.435139626,-0.264861971,-0.245419845,0.202199504,-0.201615274,-0.288642615,-0.038922179,-0.270938963,-0.118269041,-0.00023799,-0.000409437,-0.137924299,-0.370743394,0.167516097,-0.127821073,-0.66781038,0.426848769
4.333333333,0.007266906,0.570032001,-0.460242808,0.18005012,0.435746282,-0.237014994,0.234970912,0.21221289,-0.194198325,0.283932894,-0.03317127,-0.279367238,0.118067004,0.000688789,0.001656255,0.121633403,-0.390769035,0.115708895,0.185221255,-0.661642075,0.368752182,-0.178081587,0.438006043,-0.258898824,-0.240573823,0.203437835,-0.19202818,-0.280977815,-0.036435358,-0.25976184,-0.118327938,3.91E-06,-0.000409256,-0.13809903,-0.373601198,0.158076823,-0.129581764,-0.672137678,0.412115574
4.35,0.005997412,0.579429567,-0.44603318,0.180125162,0.438411385,-0.229187801,0.232453123,0.212708846,-0.18858628,0.274824351,-0.031037491,-0.27609545,0.118096866,0.000543895,0.0016242,0.122238621,-0.390789509,0.109847389,0.186552286,-0.661668062,0.361966074,-0.176713854,0.441331685,-0.246636719,-0.23794508,0.204242617,-0.179127768,-0.268573135,-0.034881566,-0.247781411,-0.118356057,0.000148214,-0.000382007,-0.138148367,-0.374043673,0.156385407,-0.130804121,-0.673464358,0.410973996
4.366666667,0.005739046,0.585293889,-0.434500903,0.180282056,0.443864256,-0.221857175,0.228011876,0.214044645,-0.183674023,0.260297775,-0.029705243,-0.276085675,0.118124612,0.000443243,0.001628462,0.122946918,-0.390933514,0.103496574,0.187340468,-0.662519336,0.35235554,-0.174775541,0.445748687,-0.235705405,-0.233973697,0.20490019,-0.167932957,-0.258042514,-0.033837762,-0.240148664,-0.118385963,0.000252318,-0.000388313,-0.138158277,-0.375388354,0.152323574,-0.132046089,-0.678316414,0.405007184
4.383333333,0.004380472,0.588218808,-0.430657923,0.180293083,0.446921974,-0.218352422,0.223769784,0.214249164,-0.183279425,0.249198109,-0.028791631,-0.278939426,0.118183643,0.000339904,0.00159079,0.123290628,-0.39086476,0.10276027,0.1880043,-0.662426412,0.347780168,-0.174173281,0.449819565,-0.228707775,-0.228572056,0.205301136,-0.159179211,-0.251142353,-0.033474702,-0.235987648,-0.118451454,0.000362607,-0.000353661,-0.137880743,-0.376251757,0.153420165,-0.132769227,-0.681332052,0.408925176
4.4,0.0039001,0.594614208,-0.422940344,0.180303633,0.452826887,-0.210792154,0.220084608,0.215858757,-0.177884638,0.238947868,-0.027936852,-0.277217329,0.118210644,0.000287983,0.001554146,0.123202637,-0.388869941,0.103904389,0.187965035,-0.66132009,0.344795555,-0.174152374,0.45702365,-0.220801204,-0.225184113,0.206586838,-0.152726725,-0.245881364,-0.033066042,-0.234584332,-0.118482545,0.000420588,-0.000322623,-0.136927441,-0.37609306,0.1586584,-0.133398369,-0.68213892,0.419542491
4.416666667,0.003886863,0.596992671,-0.419276357,0.180238307,0.456682354,-0.208779156,0.218609497,0.21698676,-0.179572776,0.226919189,-0.027331388,-0.279024035,0.118238278,0.000263795,0.001354493,0.123453759,-0.38550362,0.101901263,0.189287961,-0.658286333,0.335475564,-0.174651518,0.462102681,-0.217107803,-0.226263598,0.209475085,-0.151783392,-0.242591023,-0.032179471,-0.237118945,-0.118513778,0.000445479,-0.000144582,-0.13448824,-0.375970334,0.168906286,-0.133199066,-0.682416141,0.436614692
4.433333333,0.003937417,0.599803269,-0.416041434,0.180237412,0.458624721,-0.206234306,0.217599139,0.218905374,-0.178922385,0.223134458,-0.02530745,-0.280396014,0.118254997,0.000263598,0.001321293,0.124117702,-0.383679032,0.103349976,0.191169247,-0.657561839,0.339018136,-0.174801558,0.463242888,-0.215804353,-0.227688134,0.211173013,-0.152572051,-0.238434568,-0.032007419,-0.237853944,-0.118535988,0.000447033,-0.000119179,-0.13345705,-0.375861377,0.170850024,-0.133341432,-0.68304491,0.436409742
4.45,0.004516047,0.599766314,-0.415383309,0.180444017,0.460224181,-0.206011221,0.217501491,0.219941378,-0.1802627,0.215773866,-0.024037892,-0.280847043,0.118233085,0.00031432,0.001346399,0.124786757,-0.381237179,0.100137681,0.192239121,-0.654998481,0.333436102,-0.17475611,0.463347495,-0.216962352,-0.227187887,0.211254433,-0.155982241,-0.230387464,-0.032371469,-0.238739297,-0.118524894,0.0003955,-0.000155844,-0.131476447,-0.375792623,0.171317741,-0.133005664,-0.682976007,0.437449247
4.466666667,0.004264263,0.59884429,-0.417077959,0.180513903,0.460163027,-0.207109153,0.217456967,0.220042959,-0.181208178,0.210574955,-0.023539862,-0.281742662,0.118213169,0.000336502,0.001321959,0.12482693,-0.379345268,0.097662933,0.192840025,-0.652173698,0.330249131,-0.174767479,0.462893516,-0.218248576,-0.225495979,0.210849747,-0.15811117,-0.225831985,-0.034598917,-0.239705011,-0.118515722,0.000373991,-0.000138676,-0.129880682,-0.375421643,0.17431289,-0.132954597,-0.682893813,0.443877339
4.483333333,0.004245318,0.598127067,-0.417229444,0.181130543,0.459989607,-0.207573548,0.21738261,0.220085114,-0.181663528,0.20861721,-0.023148187,-0.281786531,0.118215166,0.000333346,0.001316526,0.125219792,-0.377969146,0.096449494,0.193294987,-0.65088594,0.329343736,-0.174629301,0.462741107,-0.218514189,-0.22508058,0.210926875,-0.159142539,-0.224785328,-0.03441029,-0.241288751,-0.11852394,0.000377664,-0.000136494,-0.129260793,-0.374894053,0.174439698,-0.132950485,-0.682684124,0.443460524
4.5,0.003893726,0.597338855,-0.418366224,0.18134889,0.459603101,-0.20819369,0.216245845,0.218273386,-0.182131901,0.204756469,-0.024122385,-0.281890839,0.118214361,0.000359359,0.001358048,0.125393391,-0.377075762,0.096115753,0.193278521,-0.648845613,0.331272393,-0.174580082,0.462441504,-0.219475508,-0.22372365,0.208638996,-0.159692079,-0.220374286,-0.037380464,-0.242024735,-0.118529648,0.000353485,-0.000189959,-0.128313318,-0.374400556,0.174452707,-0.13280338,-0.681704283,0.443617553
4.516666667,0.003467071,0.593150139,-0.420580268,0.181724101,0.458344072,-0.209585533,0.216035977,0.216897547,-0.184570074,0.203116357,-0.02511421,-0.282946765,0.118220642,0.000385126,0.00144338,0.125440761,-0.377056271,0.096636534,0.192825973,-0.647805154,0.331837118,-0.174473837,0.461164057,-0.221980944,-0.223529741,0.206124619,-0.165198281,-0.216388986,-0.042102654,-0.24827823,-0.118539378,0.000329676,-0.000286352,-0.12809065,-0.373999685,0.174430043,-0.132501557,-0.679606199,0.443445981
4.533333333,0.00326345,0.589089155,-0.422917426,0.182419077,0.456304073,-0.212342322,0.215909764,0.214737996,-0.189692676,0.20032452,-0.026074806,-0.28649053,0.118225835,0.000393119,0.001445314,0.125501797,-0.377079129,0.094804689,0.191446096,-0.645937443,0.332688898,-0.173959494,0.459425956,-0.224467278,-0.223738775,0.203779206,-0.171062604,-0.214527771,-0.044829659,-0.25438562,-0.118548147,0.000322186,-0.000291474,-0.127981156,-0.373205781,0.173873112,-0.132160619,-0.675094545,0.443354279
4.55,0.003163735,0.587599337,-0.423257321,0.182852447,0.455902427,-0.212571308,0.215020522,0.214274555,-0.189550787,0.199293956,-0.026161065,-0.285722792,0.118241169,0.000413796,0.001551268,0.125697315,-0.377169728,0.093445651,0.190630987,-0.645998359,0.333640605,-0.173739418,0.458593518,-0.224621639,-0.223855674,0.202534676,-0.171349511,-0.213476107,-0.046657667,-0.254437178,-0.118570015,0.000303341,-0.000408104,-0.128051385,-0.372987598,0.171275347,-0.132026851,-0.673908472,0.440765351
4.566666667,0.00314043,0.586934328,-0.423556179,0.183222681,0.455536753,-0.212752327,0.214588746,0.214074105,-0.189431638,0.199136838,-0.026105605,-0.285073191,0.118260942,0.000439069,0.001708289,0.125711396,-0.37722528,0.0926807,0.189362332,-0.645962596,0.334275007,-0.173562497,0.457726687,-0.224830955,-0.2240033,0.201803178,-0.171936393,-0.213023514,-0.04711315,-0.254616171,-0.118596733,0.000279841,-0.000576198,-0.128125846,-0.372725099,0.168918416,-0.131897897,-0.672727585,0.43847999
4.583333333,0.003204871,0.586814344,-0.423819035,0.183586344,0.454351336,-0.212862313,0.214494288,0.213086247,-0.189628467,0.199259534,-0.027204322,-0.285138518,0.118268289,0.000444783,0.001706398,0.125853822,-0.377365142,0.092475556,0.189198092,-0.646039724,0.334823251,-0.173314095,0.457434922,-0.224976912,-0.224140823,0.201805726,-0.172292694,-0.212384254,-0.04679748,-0.254883289,-0.118606739,0.000274648,-0.000577123,-0.128125116,-0.372630209,0.168899193,-0.131448388,-0.672033966,0.438417077
4.6,0.003893628,0.585443914,-0.426965088,0.183952689,0.453099191,-0.214195803,0.214319721,0.212533116,-0.190427795,0.199459985,-0.027464455,-0.285693854,0.118291393,0.000471815,0.001738605,0.125862882,-0.377574414,0.092024252,0.188486621,-0.646036446,0.335463852,-0.173181072,0.45544526,-0.229538441,-0.224287793,0.20030807,-0.178424478,-0.211533442,-0.048241116,-0.259655595,-0.118635096,0.000248807,-0.000612181,-0.128099456,-0.37242344,0.168730095,-0.130844951,-0.670717895,0.438401073
4.616666667,0.004063888,0.583989561,-0.429864615,0.184054479,0.452059537,-0.214948922,0.214203537,0.211984769,-0.19051443,0.200268239,-0.028003603,-0.285745263,0.11830081,0.000486434,0.001837842,0.125870243,-0.377891272,0.092116103,0.188149914,-0.646433473,0.335665226,-0.173067227,0.454365373,-0.232336342,-0.224387124,0.199364439,-0.180640772,-0.21140942,-0.04906432,-0.261277318,-0.118647754,0.000235693,-0.000715306,-0.128110543,-0.372367233,0.16871807,-0.130815625,-0.670723498,0.438242108
4.633333333,0.004071045,0.583239913,-0.43038559,0.184131905,0.45203653,-0.21565941,0.214254767,0.212134749,-0.191305891,0.200908273,-0.027852276,-0.286663204,0.118307605,0.000504815,0.001849815,0.125703722,-0.377934396,0.092220992,0.187716126,-0.646455944,0.335816234,-0.173055559,0.454254001,-0.233140081,-0.224658415,0.199389964,-0.181670561,-0.211934939,-0.048951775,-0.262713403,-0.118657589,0.000217836,-0.000729083,-0.128289998,-0.372158021,0.168430284,-0.130973443,-0.670526445,0.437032402
4.65,0.00420038,0.582338929,-0.430696458,0.184177011,0.452234924,-0.215731457,0.214299902,0.21253787,-0.191233054,0.20146206,-0.027345154,-0.286684722,0.118311517,0.000526224,0.001880876,0.125636727,-0.377888054,0.092337474,0.187707275,-0.646476567,0.33618778,-0.173045278,0.454209656,-0.233498305,-0.224750638,0.199278936,-0.18204245,-0.212092042,-0.04895493,-0.263585478,-0.118665256,0.000196876,-0.000764468,-0.128322005,-0.371826082,0.168706283,-0.131032839,-0.670434356,0.437226683
4.666666667,0.004720471,0.581611991,-0.431105644,0.184456006,0.452242225,-0.215776607,0.214334771,0.212576494,-0.190803438,0.201869532,-0.027297538,-0.286394507,0.118321687,0.000532459,0.001963418,0.125620693,-0.377916604,0.090665907,0.187922955,-0.646515548,0.333739281,-0.17284219,0.454093605,-0.233893588,-0.224675894,0.198920608,-0.182126775,-0.212232396,-0.049560905,-0.263601065,-0.118678838,0.000191296,-0.000850879,-0.128284723,-0.371778309,0.168637261,-0.130886525,-0.670535803,0.437348753
4.683333333,0.004732626,0.581186771,-0.431148946,0.18460311,0.452226549,-0.215780437,0.214560747,0.212610856,-0.190017372,0.202071086,-0.027256401,-0.285297751,0.118340179,0.000540554,0.002165313,0.125696927,-0.378359854,0.090439022,0.187796846,-0.648532391,0.332283318,-0.172704652,0.454024434,-0.233946472,-0.224685714,0.198747292,-0.181936815,-0.212507069,-0.04952953,-0.263055593,-0.118701987,0.000184284,-0.001059933,-0.12844786,-0.371821135,0.164850533,-0.130902573,-0.671364844,0.429481864
4.7,0.004793451,0.581166744,-0.430072248,0.18476136,0.452766836,-0.214408666,0.215303108,0.213557765,-0.18460013,0.204259604,-0.026320985,-0.279779553,0.118366018,0.000509815,0.002194349,0.12572141,-0.378610551,0.090515114,0.187794119,-0.650843441,0.329027355,-0.172689572,0.455220491,-0.232188657,-0.224950626,0.200918257,-0.175861791,-0.213221297,-0.046748631,-0.257525682,-0.118733503,0.000217542,-0.001090131,-0.12873596,-0.371810228,0.164592072,-0.131097347,-0.672419727,0.427240431
4.716666667,0.005348552,0.583839893,-0.426336586,0.18478772,0.455744386,-0.210711032,0.215432078,0.217563078,-0.17930539,0.206212938,-0.022313312,-0.2753025,0.118382029,0.000511185,0.002210347,0.125721276,-0.378635108,0.091762975,0.188239664,-0.65144968,0.328989923,-0.172678798,0.456937224,-0.228529364,-0.224632844,0.202867955,-0.170619681,-0.214844063,-0.04515123,-0.253135085,-0.118752301,0.000217175,-0.0011058,-0.128853217,-0.371755987,0.165622458,-0.131198615,-0.67303592,0.42741403
4.733333333,0.0055993,0.586698055,-0.421374947,0.184848979,0.458021075,-0.206304893,0.215749294,0.220111489,-0.174201787,0.20942688,-0.019359915,-0.271593928,0.118389785,0.000488659,0.002217378,0.126031131,-0.378656715,0.092834629,0.188977361,-0.652454197,0.328129649,-0.172648504,0.460266113,-0.223300964,-0.224644795,0.207293436,-0.164540827,-0.216273353,-0.039885249,-0.248892486,-0.118762515,0.000242426,-0.001113993,-0.128862694,-0.37172991,0.167458028,-0.131209552,-0.674074173,0.428321093
4.75,0.005864521,0.588539124,-0.417693973,0.184856579,0.458693236,-0.204638153,0.215783387,0.220797062,-0.172171086,0.211651713,-0.018969012,-0.270911485,0.118407652,0.000327204,0.002056729,0.126557201,-0.3787283,0.093634889,0.189180225,-0.654150784,0.327931106,-0.172551513,0.463612109,-0.217205718,-0.22467351,0.213661194,-0.152948588,-0.221650898,-0.028559806,-0.238709226,-0.11877948,0.000407344,-0.000949338,-0.128824398,-0.371795595,0.167841658,-0.131213501,-0.676583111,0.428248912
4.766666667,0.005881929,0.590778291,-0.416254133,0.184617534,0.459485382,-0.204514831,0.216091394,0.222101584,-0.172606051,0.214115635,-0.017568739,-0.274246126,0.118413985,0.000268438,0.001756729,0.126545265,-0.378736347,0.095694691,0.189756587,-0.654209733,0.327975005,-0.172659561,0.465541273,-0.214555666,-0.225058794,0.217063338,-0.1495841,-0.229030252,-0.024869259,-0.236883596,-0.11878676,0.00046638,-0.000643083,-0.128808081,-0.371785402,0.172584698,-0.131491095,-0.677843988,0.433186203
4.783333333,0.005632278,0.590672135,-0.417380542,0.184391797,0.459411502,-0.205215752,0.216109961,0.221954986,-0.174746588,0.217424721,-0.01762349,-0.278746754,0.118450232,0.000177377,0.001698936,0.126554713,-0.379429132,0.097152643,0.1902619,-0.654382467,0.329124242,-0.172699139,0.465691298,-0.21510613,-0.225009143,0.216782942,-0.151304618,-0.234712213,-0.024978589,-0.237897322,-0.118819982,0.000560197,-0.000582033,-0.12893492,-0.372089148,0.174989268,-0.13155055,-0.678691447,0.439713061
4.8,0.005552996,0.590299428,-0.422775,0.184066162,0.45852986,-0.209028736,0.216534555,0.221882701,-0.178909853,0.227809191,-0.017766664,-0.282753676,0.118468083,6.12E-05,0.00168307,0.125472873,-0.381974936,0.101723693,0.189761162,-0.6556741,0.336301744,-0.172696918,0.465229988,-0.218361646,-0.225145534,0.216478676,-0.152161315,-0.239643991,-0.025710354,-0.238099381,-0.118834466,0.000676848,-0.000562317,-0.1297438,-0.37224561,0.176565096,-0.132341459,-0.678819597,0.442625225
4.816666667,0.005447842,0.584853411,-0.431948334,0.18327035,0.455342859,-0.216094747,0.218262792,0.221280068,-0.182989925,0.237605512,-0.020276129,-0.283346593,0.118487559,-0.000129088,0.001602531,0.124739833,-0.387729794,0.101658992,0.188250154,-0.661645234,0.336280495,-0.172834292,0.461902261,-0.223943591,-0.225584075,0.214735866,-0.152752161,-0.2487019,-0.026461696,-0.23809576,-0.118847318,0.000865736,-0.000466064,-0.130285546,-0.372812033,0.1750976,-0.132296219,-0.678865135,0.439719528
4.833333333,0.005569837,0.580988944,-0.44246617,0.183252335,0.450392127,-0.221692458,0.223062843,0.220157593,-0.183821812,0.257659405,-0.02459079,-0.281745046,0.118528113,-0.000176591,0.001827062,0.124567896,-0.390593141,0.109284624,0.186644107,-0.66313076,0.35749805,-0.172927886,0.454744428,-0.237881213,-0.230056882,0.212872952,-0.165611386,-0.270740509,-0.026901348,-0.239887372,-0.118880339,0.000908896,-0.000683329,-0.131684765,-0.373678178,0.164630637,-0.13246651,-0.678855658,0.420423239
4.85,0.005828458,0.577334881,-0.448278427,0.18296808,0.44696787,-0.225748897,0.227613822,0.219604805,-0.18533662,0.273200452,-0.026767679,-0.281499118,0.118548341,-0.000219123,0.001882495,0.123379372,-0.391749382,0.116944328,0.184114739,-0.663367748,0.370621145,-0.173587337,0.451028168,-0.244236231,-0.236386195,0.212774217,-0.172924966,-0.285303742,-0.027307009,-0.242637396,-0.118895121,0.00094596,-0.000734754,-0.132701024,-0.373756528,0.164802998,-0.132564053,-0.678302348,0.421336234
4.866666667,0.005816138,0.572724342,-0.454244524,0.182562634,0.443273962,-0.229609758,0.231505796,0.218395695,-0.188253716,0.287744999,-0.028546544,-0.281658351,0.118572704,-0.000226058,0.002158038,0.123286501,-0.392340302,0.121849969,0.182906985,-0.663258374,0.384530872,-0.175010011,0.445334196,-0.253837556,-0.244216383,0.211253032,-0.188427716,-0.299233526,-0.027481899,-0.253798306,-0.118913986,0.000950094,-0.001012188,-0.133611932,-0.373805255,0.163426176,-0.132827997,-0.676680028,0.421001822
4.883333333,0.005810596,0.57046926,-0.459216535,0.182469174,0.441498369,-0.233631775,0.238373458,0.218051538,-0.195456252,0.306668311,-0.028699305,-0.289549053,0.118615165,-0.000220621,0.002426616,0.123346858,-0.392214924,0.132757172,0.182959512,-0.663108945,0.391924918,-0.176020965,0.441722751,-0.25961709,-0.250705689,0.210425511,-0.201136023,-0.310664266,-0.027762791,-0.270849943,-0.118950374,0.000941384,-0.001276764,-0.133960843,-0.37355417,0.164250508,-0.133069396,-0.67539078,0.421610326
4.9,0.006792148,0.565490365,-0.466058552,0.183195636,0.43976894,-0.242764279,0.251109034,0.218093812,-0.209154874,0.32988894,-0.028333696,-0.301203966,0.118639976,-0.000155763,0.002696956,0.123559266,-0.392117471,0.131968945,0.182791322,-0.661680698,0.394514948,-0.176014841,0.436296076,-0.271513015,-0.254054546,0.209448636,-0.221180722,-0.32128343,-0.029110674,-0.289254218,-0.11897032,0.000866638,-0.001544434,-0.134297282,-0.372476548,0.163072184,-0.133078814,-0.670505464,0.420827717
4.916666667,0.009374214,0.565493405,-0.464888692,0.183625221,0.44003576,-0.242658943,0.255446166,0.21951963,-0.209190547,0.341724485,-0.023509203,-0.302809954,0.118735828,-8.33E-05,0.002878993,0.124066584,-0.391342819,0.131065547,0.18263489,-0.65679723,0.394670755,-0.176304042,0.436471015,-0.271198899,-0.267223209,0.211643279,-0.222372472,-0.34230417,-0.024623206,-0.292876512,-0.119056225,0.000789798,-0.001716953,-0.134612143,-0.370798588,0.159335732,-0.133058116,-0.666562378,0.418493301
4.933333333,0.010074202,0.563582242,-0.466499388,0.183763102,0.440225363,-0.246137783,0.260677904,0.220521629,-0.216548532,0.35380432,-0.019086257,-0.314313114,0.11879646,1.31E-05,0.002908515,0.12408606,-0.389314413,0.130649328,0.182459787,-0.649892688,0.396181673,-0.176898748,0.43650952,-0.270788223,-0.279049218,0.215707913,-0.221765414,-0.360985458,-0.015620254,-0.296312928,-0.119106352,0.000689742,-0.001740451,-0.134941727,-0.367370903,0.157587141,-0.133135736,-0.661548793,0.417495668
4.95,0.010581425,0.562577665,-0.466256529,0.184052825,0.440383524,-0.248839244,0.26575923,0.221566945,-0.224226311,0.362156779,-0.013361252,-0.325271666,0.118811816,9.62E-05,0.002782342,0.124215744,-0.386057794,0.129469201,0.182627723,-0.643618405,0.402770102,-0.177210078,0.436785132,-0.269362181,-0.2909621,0.223340422,-0.220556781,-0.374253809,-0.002552798,-0.298094511,-0.119120777,0.00060013,-0.001605025,-0.135085464,-0.363539338,0.160120368,-0.133102253,-0.656366765,0.421962529
4.966666667,0.010569481,0.55958885,-0.470783651,0.183539659,0.439889163,-0.255599886,0.270775944,0.22351633,-0.238951027,0.369581461,-0.004481058,-0.346075445,0.118819155,0.000355537,0.002786019,0.124032855,-0.385255277,0.134852856,0.18219246,-0.643752992,0.409102708,-0.178832158,0.434815258,-0.270689934,-0.300098866,0.226342678,-0.225512207,-0.386532933,-0.000486217,-0.308644354,-0.119123131,0.00033416,-0.001606324,-0.136101454,-0.36191228,0.164686009,-0.13321732,-0.655586123,0.425458878
4.983333333,0.009636051,0.54826194,-0.485591978,0.18132104,0.435255021,-0.271289974,0.274072737,0.223460019,-0.25907585,0.38301,-0.002125658,-0.36027208,0.118749246,0.000654977,0.002848992,0.12333639,-0.384401351,0.142290905,0.179052174,-0.643123567,0.420000672,-0.180776894,0.428027749,-0.283081144,-0.30609563,0.225565672,-0.245880723,-0.400827736,-0.002599787,-0.33087799,-0.119043656,2.73E-05,-0.001662701,-0.137114435,-0.359117061,0.168421388,-0.13485387,-0.651695848,0.428996325
5,0.008839453,0.542473614,-0.490828097,0.180239066,0.430841476,-0.276683986,0.280790031,0.223366037,-0.266552567,0.39869535,-0.000329519,-0.363836735,0.118549868,0.000763145,0.003429634,0.122947894,-0.383810967,0.154497594,0.174839675,-0.643072486,0.430480659,-0.181096792,0.42486456,-0.290829718,-0.30995217,0.226638258,-0.260068625,-0.408993661,0.000630771,-0.344696194,-0.118834898,-8.91E-05,-0.002232134,-0.13911517,-0.356591493,0.172128141,-0.137557253,-0.647693753,0.431863308
5.016666667,0.008452923,0.536916971,-0.498323292,0.178594723,0.428697824,-0.282858074,0.28982091,0.224014014,-0.280922115,0.414401352,0.008040234,-0.381431699,0.11833059,0.000953053,0.003968453,0.121445671,-0.383797079,0.161108747,0.167817488,-0.643167436,0.432892233,-0.182201684,0.423481405,-0.297733724,-0.3175551,0.231934667,-0.274685085,-0.425909728,0.014669491,-0.367485791,-0.118608862,-0.000284724,-0.00276253,-0.139146611,-0.354929507,0.174372882,-0.138561919,-0.647596419,0.432825148
5.033333333,0.008419547,0.530337512,-0.509563625,0.175119936,0.427056193,-0.291674048,0.293805808,0.22849077,-0.296927184,0.420057565,0.020713901,-0.393997282,0.118050545,0.001287705,0.004191625,0.117821828,-0.379644424,0.182547033,0.160670415,-0.638154566,0.454696119,-0.184241816,0.418295443,-0.308152348,-0.327872813,0.235296622,-0.301383108,-0.446979403,0.022271512,-0.400043726,-0.118324161,-0.000620507,-0.002989687,-0.139910728,-0.348698348,0.189705029,-0.140954286,-0.641954899,0.447650731
5.05,0.008450279,0.532475114,-0.506314397,0.173948452,0.428967953,-0.291218102,0.304174215,0.245374873,-0.299697071,0.434424758,0.04041072,-0.4009175,0.117795892,0.00169035,0.004247775,0.113981932,-0.37842083,0.195440501,0.156773403,-0.638062656,0.461822212,-0.185010359,0.419246614,-0.30475992,-0.333422571,0.254218668,-0.294742078,-0.465478361,0.054258607,-0.390999168,-0.118067563,-0.001035274,-0.003054985,-0.143009156,-0.348263919,0.198209018,-0.143367946,-0.642569065,0.453279316
5.066666667,0.009520959,0.532004297,-0.511123359,0.173822895,0.431311458,-0.294427395,0.318109542,0.262531459,-0.300447315,0.45559442,0.06051591,-0.395961374,0.117660902,0.001994979,0.004280643,0.111098543,-0.378317803,0.207713798,0.154316559,-0.638523221,0.47155261,-0.185096547,0.419940174,-0.308461726,-0.334796995,0.270751804,-0.297745913,-0.479855567,0.082699746,-0.393885463,-0.117932983,-0.001336074,-0.003092964,-0.14521192,-0.348015994,0.203343347,-0.144931525,-0.643120825,0.454567999
5.083333333,0.010157826,0.532687366,-0.51307857,0.173916489,0.432735741,-0.29842186,0.337505788,0.275788158,-0.304820687,0.480284184,0.07678324,-0.393505871,0.117563181,0.002133919,0.004287338,0.108764537,-0.378363699,0.20964694,0.153229594,-0.638868332,0.477317512,-0.184944987,0.420137048,-0.3109321,-0.335684717,0.288740814,-0.299782932,-0.499552727,0.115194283,-0.394572705,-0.117837183,-0.001473477,-0.003102945,-0.146660373,-0.348373741,0.203489676,-0.144821584,-0.643589199,0.453853428
5.1,0.011056267,0.533507824,-0.511606216,0.173865885,0.437579542,-0.296097279,0.346194416,0.29241848,-0.299174905,0.494980216,0.094750255,-0.391370714,0.11742647,0.002380209,0.004675034,0.108827129,-0.378365129,0.219390452,0.153878897,-0.639600039,0.484282315,-0.184760392,0.423958063,-0.31050086,-0.340373039,0.307805657,-0.303171813,-0.514368832,0.138627768,-0.397736013,-0.117700666,-0.00171179,-0.003508826,-0.147093803,-0.348609656,0.202524111,-0.144765586,-0.643959939,0.453089714
5.116666667,0.012780348,0.53413254,-0.512559414,0.173486352,0.440528482,-0.294815779,0.348709762,0.302150369,-0.295488924,0.508019626,0.111491024,-0.381633967,0.117305093,0.00269639,0.005777549,0.108306751,-0.378111392,0.222157106,0.152820483,-0.639589906,0.49004057,-0.184733301,0.426185608,-0.314587772,-0.355911553,0.319585979,-0.318872482,-0.534445405,0.151991189,-0.415347517,-0.117587306,-0.002014581,-0.004643642,-0.147883117,-0.348689139,0.201297358,-0.1450084,-0.643748224,0.452376753
5.133333333,0.014930231,0.534587562,-0.512543499,0.173441872,0.443626314,-0.293770492,0.351222724,0.309158564,-0.293422967,0.523152292,0.127003282,-0.38099435,0.117129207,0.002984825,0.007240962,0.108386651,-0.377261132,0.22692956,0.153074235,-0.639264941,0.493123233,-0.184238732,0.428469121,-0.315311581,-0.363619834,0.332328677,-0.321645439,-0.547333539,0.170782909,-0.416427463,-0.117425896,-0.0022937,-0.006161976,-0.147843391,-0.348293155,0.201093957,-0.144712329,-0.643106639,0.449925512
5.15,0.017952457,0.527890861,-0.529128373,0.173469514,0.442998439,-0.304200649,0.363791853,0.313368291,-0.309958249,0.545476198,0.137382001,-0.391696036,0.116870306,0.003440825,0.007686103,0.108539738,-0.372696966,0.230429217,0.152073413,-0.629529536,0.501453757,-0.184164599,0.4270989,-0.331221908,-0.382131159,0.336315125,-0.343687475,-0.562396765,0.175477326,-0.434136659,-0.117192231,-0.002733936,-0.0066263,-0.146599621,-0.345874816,0.208958507,-0.142427012,-0.636517644,0.469162524
5.166666667,0.017850976,0.527952909,-0.529403448,0.174124107,0.442769736,-0.309559107,0.377876163,0.320277244,-0.320332289,0.567276657,0.146474272,-0.402574569,0.116648279,0.00376325,0.007660517,0.108654976,-0.37064901,0.233166397,0.1511475,-0.626535416,0.504353404,-0.183328748,0.427167803,-0.330541193,-0.380466938,0.353276342,-0.339229941,-0.559006214,0.199905261,-0.434285641,-0.116979018,-0.003049091,-0.00660181,-0.145863384,-0.34304744,0.213096797,-0.140049338,-0.631351352,0.472000301
5.183333333,0.016985003,0.524143457,-0.53463155,0.174768195,0.439220935,-0.317724407,0.388112158,0.320754617,-0.336896718,0.585164845,0.158117503,-0.417560637,0.116447292,0.003974433,0.007173292,0.108630016,-0.366087437,0.233929083,0.149214938,-0.614537179,0.512228847,-0.183008671,0.42544359,-0.335864365,-0.382461101,0.35610047,-0.352789581,-0.568805933,0.215586111,-0.460310012,-0.116778307,-0.003253369,-0.006120973,-0.142682105,-0.340450257,0.223310158,-0.135222003,-0.623433769,0.48821941
5.2,0.01687819,0.524614215,-0.532237053,0.177050322,0.439240575,-0.316455185,0.39876768,0.33927545,-0.330472082,0.59946537,0.193227872,-0.41122368,0.116179511,0.004002071,0.005809337,0.108699061,-0.36192283,0.231529772,0.148633778,-0.612668514,0.507937014,-0.181872919,0.425875992,-0.335117072,-0.395620674,0.365251243,-0.344633639,-0.595759153,0.227452651,-0.448275775,-0.116522364,-0.003281914,-0.004791351,-0.141749367,-0.336057752,0.228802115,-0.13344565,-0.61986649,0.49326548
5.216666667,0.016897235,0.525110006,-0.530757368,0.180866584,0.439575285,-0.315037996,0.404637724,0.353021741,-0.326657981,0.609099448,0.215017527,-0.407485336,0.115967333,0.003989508,0.004983478,0.108745664,-0.359933227,0.229622066,0.148085207,-0.612315297,0.504821002,-0.179258317,0.429062873,-0.334529817,-0.398650765,0.381807119,-0.340554595,-0.602372527,0.244854525,-0.441812217,-0.11632207,-0.003265635,-0.003991163,-0.141435817,-0.334059268,0.229427233,-0.130333602,-0.619017124,0.493749708
5.233333333,0.014923916,0.525404811,-0.530192673,0.184830144,0.44072631,-0.313965678,0.41116038,0.360081255,-0.324987352,0.618664443,0.227531001,-0.405033916,0.115701608,0.00388834,0.004476191,0.108788088,-0.35807085,0.229844332,0.148172334,-0.610088646,0.504729807,-0.173264742,0.432047278,-0.333646238,-0.393007785,0.393872261,-0.338561773,-0.591382742,0.273431927,-0.430467308,-0.116059937,-0.003159511,-0.003504049,-0.141117558,-0.331749648,0.230240107,-0.129055828,-0.615198374,0.49515757
5.25,0.014697909,0.527700901,-0.518744111,0.186705068,0.450406581,-0.303306818,0.409145445,0.373534083,-0.313727111,0.614530742,0.251550913,-0.391827434,0.11555925,0.003609388,0.004397626,0.109958619,-0.358363628,0.220442727,0.149366736,-0.61111331,0.494706631,-0.167955741,0.443600416,-0.320834965,-0.38966462,0.406019539,-0.327091217,-0.586645186,0.302914232,-0.420237809,-0.115926437,-0.002883767,-0.003436163,-0.141481563,-0.332166106,0.219531283,-0.128836796,-0.616398156,0.479173958
5.266666667,0.015208854,0.530601919,-0.505776405,0.187177613,0.45931831,-0.289345115,0.406786501,0.38810268,-0.299333245,0.618184865,0.273411453,-0.378887326,0.115415566,0.003485088,0.004428387,0.112733491,-0.358200997,0.213047758,0.151381478,-0.610937774,0.489019275,-0.165786833,0.451533198,-0.306976825,-0.38756448,0.419446319,-0.316375136,-0.587839365,0.326715469,-0.412748873,-0.11578308,-0.002763972,-0.003476009,-0.141342983,-0.331672996,0.21002838,-0.126032814,-0.617182851,0.471702486
5.283333333,0.01302747,0.541001678,-0.494621575,0.187238485,0.463816464,-0.284609497,0.40516296,0.402333975,-0.29691565,0.617588222,0.303485602,-0.376919061,0.115117423,0.003134425,0.004457766,0.112933837,-0.358474821,0.208514616,0.151404068,-0.611631989,0.482645303,-0.163995773,0.455242693,-0.30047524,-0.386872113,0.429229736,-0.307443827,-0.593385398,0.346620381,-0.399022013,-0.115494162,-0.00242775,-0.003512932,-0.141485184,-0.331795156,0.202911288,-0.126142681,-0.617471814,0.461706519
5.3,0.012885755,0.542381644,-0.495685518,0.187137976,0.465238363,-0.284911096,0.404440522,0.414806008,-0.297275692,0.622205317,0.327583611,-0.375632137,0.114882924,0.002937438,0.004459915,0.113048032,-0.35744378,0.201355875,0.15141888,-0.608513594,0.478621364,-0.164086595,0.455034852,-0.301731378,-0.392291546,0.437573433,-0.309105277,-0.611729383,0.374227226,-0.3991808,-0.115260988,-0.002235348,-0.003516792,-0.142125994,-0.328656822,0.199688584,-0.126126736,-0.615171909,0.459519088
5.316666667,0.012946641,0.546427369,-0.486157358,0.187806144,0.467254192,-0.283107221,0.409659296,0.423887372,-0.300927579,0.63575238,0.348112553,-0.388969243,0.114687309,0.002774494,0.004456449,0.114081897,-0.357966453,0.189035669,0.151556611,-0.608766556,0.46457848,-0.160394967,0.459575444,-0.293152362,-0.386760473,0.455912709,-0.306197762,-0.606511772,0.414890438,-0.399557054,-0.115055829,-0.002091001,-0.003516403,-0.141792089,-0.328660131,0.187146723,-0.125917524,-0.615656853,0.445648164
5.333333333,0.013486072,0.547922134,-0.478436142,0.188423038,0.470002323,-0.278620183,0.41774568,0.436532438,-0.301222682,0.646831036,0.364304423,-0.391597271,0.114467517,0.002670682,0.004411746,0.116123363,-0.358049899,0.176875606,0.153489873,-0.609314978,0.451573551,-0.157981455,0.462832689,-0.285867065,-0.385367244,0.463511914,-0.304695517,-0.604406774,0.42717281,-0.39999342,-0.114825778,-0.002005806,-0.003480446,-0.141285822,-0.328872412,0.179945275,-0.125334308,-0.615799189,0.43969959
5.35,0.015497974,0.549652755,-0.471836537,0.188950881,0.474336028,-0.269273639,0.423451185,0.448084801,-0.296255261,0.654480457,0.38027072,-0.386636287,0.114346117,0.002556447,0.004343303,0.116881229,-0.358448744,0.170420557,0.155835897,-0.609722733,0.445881665,-0.155588686,0.466673255,-0.27973637,-0.384206742,0.477652103,-0.301262379,-0.600354075,0.458217293,-0.398444861,-0.114697188,-0.001907774,-0.003418903,-0.140924811,-0.329039216,0.175088823,-0.125226155,-0.616563082,0.433671713
5.366666667,0.020051928,0.552447438,-0.468481988,0.189319104,0.476874709,-0.262558073,0.426366329,0.451750368,-0.290468007,0.658368886,0.389830947,-0.380063236,0.114311859,0.002510077,0.004055935,0.118778914,-0.358813703,0.15431045,0.159279421,-0.609964967,0.434438258,-0.154782265,0.468330652,-0.275038004,-0.379357964,0.476879567,-0.301185966,-0.586223602,0.475390494,-0.401688427,-0.114656202,-0.001868388,-0.003131632,-0.140656933,-0.329709858,0.168446153,-0.124992855,-0.618185639,0.427331001
5.383333333,0.019896474,0.555601001,-0.467873663,0.189354166,0.476630241,-0.261735052,0.427336752,0.453223616,-0.286940396,0.657995105,0.397318155,-0.366079271,0.114259474,0.002219517,0.002822357,0.119554825,-0.356525689,0.150811955,0.159687385,-0.605722785,0.436582208,-0.154585183,0.467887998,-0.274683177,-0.379356325,0.470791191,-0.292586029,-0.591993511,0.469579101,-0.380764574,-0.114606589,-0.001575924,-0.001921203,-0.140613869,-0.328616351,0.170925692,-0.125017673,-0.617444873,0.43309018
5.4,0.019229384,0.557022452,-0.467659682,0.189256325,0.476713806,-0.262233973,0.425473332,0.454542279,-0.286307633,0.6547454,0.402749985,-0.360383093,0.114222065,0.001987903,0.001867376,0.12003915,-0.354033977,0.149138302,0.160146162,-0.601923287,0.43714866,-0.154409513,0.467709899,-0.275282979,-0.379535794,0.46991697,-0.290536016,-0.599585891,0.473414063,-0.374175429,-0.114571869,-0.001340372,-0.000979646,-0.14057,-0.327351362,0.171424344,-0.125029027,-0.616705954,0.441638708
5.416666667,0.019160768,0.558016181,-0.463167757,0.189320028,0.476745665,-0.261041731,0.424243212,0.46034804,-0.286027342,0.652345002,0.424018741,-0.361300915,0.114189088,0.001775169,0.001044937,0.122141592,-0.353952616,0.143341959,0.161729813,-0.601637781,0.434670568,-0.153781146,0.469491154,-0.273087174,-0.37909019,0.47922346,-0.286703169,-0.598196387,0.491919309,-0.368276149,-0.114537917,-0.001132189,-0.00016658,-0.140518278,-0.327451527,0.172556594,-0.124884449,-0.616902292,0.441811949
5.433333333,0.018958667,0.558191359,-0.462679803,0.189305678,0.476667136,-0.259677857,0.423403084,0.466066331,-0.283039898,0.651081741,0.436245114,-0.358557224,0.114156313,0.001547735,0.000584953,0.123290926,-0.3540892,0.135043949,0.162148371,-0.601789594,0.426664412,-0.153625488,0.470403671,-0.273529202,-0.379065245,0.486821175,-0.286933273,-0.59696871,0.507609308,-0.368554085,-0.114505656,-0.000903755,0.000290624,-0.140511438,-0.327547044,0.173552528,-0.124940775,-0.617336154,0.442288578
5.45,0.018864555,0.558074534,-0.463668168,0.189292833,0.476524025,-0.260211587,0.420940191,0.47086668,-0.283493131,0.650736392,0.451546818,-0.359604299,0.114127614,0.001264716,0.000252975,0.124089621,-0.354223937,0.131358609,0.16246675,-0.601571441,0.424902141,-0.153265387,0.470879525,-0.274339616,-0.379112422,0.491184324,-0.287365884,-0.596420228,0.515455842,-0.370496929,-0.114477053,-0.000622348,0.000615925,-0.140584424,-0.32761094,0.173348591,-0.124978781,-0.617435753,0.442684233
5.466666667,0.019184416,0.557835877,-0.462213814,0.18955797,0.476893872,-0.259081423,0.420413762,0.474846184,-0.283337206,0.649427712,0.462281704,-0.360574752,0.114126377,0.001139968,-9.15E-05,0.124665275,-0.354539245,0.115833506,0.163393646,-0.601736963,0.406886071,-0.15323621,0.472069651,-0.274007916,-0.378196001,0.494346619,-0.286667496,-0.58935827,0.521764517,-0.370331615,-0.114481926,-0.000504859,0.000963383,-0.140671581,-0.329051167,0.169352844,-0.125248626,-0.61804086,0.439532697
5.483333333,0.019330624,0.558879554,-0.46284464,0.189510003,0.477036417,-0.25953722,0.418584496,0.47848779,-0.283195078,0.649184525,0.467524916,-0.360823333,0.114105523,0.000931809,-0.000600131,0.12499053,-0.354649425,0.121952236,0.163503483,-0.601862311,0.41181916,-0.153222114,0.472190678,-0.274410069,-0.37845543,0.493004829,-0.287142724,-0.593817532,0.521022141,-0.371255279,-0.114462443,-0.000295946,0.001459503,-0.141298592,-0.329070121,0.170363352,-0.125526175,-0.618014574,0.444022655
5.5,0.019832831,0.55968982,-0.463051409,0.189500168,0.477449983,-0.25974977,0.416388392,0.481800199,-0.282543033,0.647044659,0.471698076,-0.360063434,0.114080764,0.000787482,-0.000854264,0.12565057,-0.354479969,0.12126717,0.164240524,-0.601961076,0.411430687,-0.152055576,0.472305894,-0.274794936,-0.37745744,0.49469009,-0.28732866,-0.593426704,0.528690159,-0.371967047,-0.11444252,-0.000152191,0.001704398,-0.141464338,-0.329110742,0.170600057,-0.125524744,-0.618095815,0.445032358
5.516666667,0.020309469,0.560127079,-0.462336779,0.189519569,0.477606803,-0.259846747,0.416211635,0.482912362,-0.282530427,0.646392882,0.474970549,-0.36042425,0.114069454,0.000732292,-0.00096111,0.126610592,-0.35451588,0.10860993,0.16441381,-0.602493763,0.395481378,-0.151948392,0.472399086,-0.275094956,-0.376039952,0.495662928,-0.287614256,-0.589294016,0.53223449,-0.372483402,-0.114434466,-0.000101416,0.001813471,-0.14149864,-0.32985422,0.168018252,-0.125539556,-0.618659377,0.440357685
5.533333333,0.021229103,0.559899271,-0.462699234,0.189509243,0.477558941,-0.260027617,0.416109174,0.482438684,-0.282775581,0.645933449,0.473631203,-0.36066708,0.114054717,0.000707532,-0.001013071,0.127257645,-0.354494959,0.110675395,0.164749175,-0.60242033,0.398836166,-0.151977599,0.472248584,-0.276500374,-0.375190258,0.49545297,-0.290406317,-0.585290253,0.533486187,-0.374010414,-0.114421733,-7.72E-05,0.00186698,-0.141513243,-0.329948753,0.168650553,-0.125375792,-0.618704855,0.440572083
5.55,0.023031533,0.559841037,-0.462805688,0.189481467,0.477906466,-0.259886682,0.415987343,0.483683556,-0.282852829,0.645733237,0.474660009,-0.360863805,0.114041686,0.00068166,-0.001362081,0.127335533,-0.354446918,0.110505886,0.164956748,-0.602433383,0.399024189,-0.152222455,0.472464472,-0.276533961,-0.374256581,0.49624908,-0.290549159,-0.578079283,0.532819152,-0.374300867,-0.114410274,-5.19E-05,0.002221813,-0.141524196,-0.330294669,0.169113353,-0.125383735,-0.618760467,0.440807015
5.566666667,0.023502389,0.559777975,-0.461902857,0.18947807,0.478649825,-0.259595007,0.415883183,0.483687609,-0.283070534,0.645483732,0.475402653,-0.364659816,0.114029452,0.000658363,-0.00175631,0.127337337,-0.355053663,0.11251431,0.165320858,-0.603430271,0.401149303,-0.152242452,0.473688751,-0.275057316,-0.369905144,0.496573448,-0.28787154,-0.562076807,0.534359097,-0.372041285,-0.114399329,-2.92E-05,0.002626105,-0.141342461,-0.331981003,0.169021919,-0.125309497,-0.619510353,0.440079868
5.583333333,0.024169603,0.559353232,-0.460979134,0.189587027,0.479922205,-0.259581625,0.415747046,0.484312177,-0.28497383,0.645399451,0.476414204,-0.37329784,0.114018023,0.00063797,-0.002200904,0.126962677,-0.355981916,0.113856971,0.165408358,-0.604883671,0.402453661,-0.152089,0.474902362,-0.272784948,-0.364356726,0.496713489,-0.285333812,-0.549526691,0.53324002,-0.371374428,-0.114388794,-9.93E-06,0.003085873,-0.141145647,-0.333448499,0.169188544,-0.124874644,-0.620224595,0.439754128
5.6,0.027131172,0.557839036,-0.460998744,0.19006598,0.48097688,-0.258532166,0.415722519,0.484526694,-0.284757584,0.645210385,0.476244569,-0.373405308,0.114010789,0.000627948,-0.002387675,0.126879841,-0.356030941,0.114669666,0.165914252,-0.604880214,0.403296918,-0.151881084,0.475649923,-0.272056788,-0.362202227,0.497517139,-0.28430891,-0.548509419,0.534308553,-0.370244086,-0.114382975,-1.40E-06,0.003278518,-0.140866488,-0.333955109,0.169368684,-0.124263875,-0.62032342,0.439827979
5.616666667,0.027553022,0.557469845,-0.461099416,0.190264463,0.480937392,-0.258434087,0.416324735,0.484365135,-0.284785032,0.645177901,0.475986898,-0.37346682,0.114005513,0.000613554,-0.002444379,0.126829445,-0.355840623,0.11072728,0.165953413,-0.60414958,0.400313467,-0.15192768,0.475597471,-0.272171289,-0.362511516,0.498979628,-0.284453452,-0.55108583,0.536212444,-0.370324999,-0.114379086,1.19E-05,0.003336077,-0.140858397,-0.333993763,0.169321939,-0.12415161,-0.620313406,0.439949542
5.633333333,0.029952057,0.554608464,-0.465632588,0.190366372,0.48007068,-0.25928995,0.416323066,0.484066874,-0.284826875,0.645068228,0.47544688,-0.372043699,0.11399401,0.000602973,-0.00240048,0.126807541,-0.355263382,0.110930853,0.165933862,-0.601646185,0.403306693,-0.152488202,0.474481702,-0.277810037,-0.364776313,0.499195546,-0.293215454,-0.555847347,0.536335588,-0.378058642,-0.114369027,2.21E-05,0.00329133,-0.140898407,-0.332870305,0.170700237,-0.12390402,-0.619092464,0.442970693
5.65,0.029894279,0.554859579,-0.465109527,0.190516368,0.479923695,-0.259391576,0.416187555,0.483858585,-0.285088629,0.644379675,0.475982279,-0.372119397,0.11398416,0.000566907,-0.002441601,0.126737788,-0.354933143,0.110678665,0.165888801,-0.601296067,0.402953058,-0.152498409,0.47444728,-0.277836919,-0.365626454,0.500754952,-0.293161511,-0.557672441,0.537886024,-0.378015995,-0.114360355,5.64E-05,0.00333095,-0.140945986,-0.332772404,0.170825437,-0.123859964,-0.61905545,0.443208337
5.666666667,0.029753352,0.556645632,-0.462940753,0.190507442,0.479916781,-0.259047896,0.414728463,0.483631849,-0.284930527,0.640998363,0.475794822,-0.372130901,0.113982685,0.000553677,-0.002477581,0.126724258,-0.354884386,0.104578137,0.165921181,-0.60130769,0.395189971,-0.152537167,0.474674255,-0.27673772,-0.366645068,0.501420736,-0.291717857,-0.558180273,0.538029075,-0.377032489,-0.114360005,6.89E-05,0.003367457,-0.140981346,-0.333050936,0.169456929,-0.123836301,-0.619377911,0.440482676
5.683333333,0.029434266,0.557968378,-0.461998582,0.190468282,0.479665846,-0.25904566,0.414536536,0.483482689,-0.284792632,0.640271068,0.47556892,-0.371383309,0.113982588,0.000534746,-0.002523888,0.126877353,-0.354860544,0.100576177,0.165930316,-0.601285219,0.392642826,-0.152673274,0.474732012,-0.276637524,-0.368004471,0.502079844,-0.291548908,-0.560658157,0.540508509,-0.376903862,-0.114361182,8.62E-05,0.003413696,-0.140996814,-0.333119601,0.168700293,-0.123735704,-0.61939466,0.440028369
5.7,0.029376432,0.557610691,-0.462117314,0.19041121,0.479582429,-0.2591286,0.413631797,0.483361214,-0.285144389,0.638684332,0.475348681,-0.371978551,0.113977395,0.000523532,-0.002558224,0.126874983,-0.35488233,0.099191114,0.166022256,-0.601294756,0.39006272,-0.152684346,0.474717706,-0.276632696,-0.367806673,0.501936316,-0.291505218,-0.560998261,0.540256917,-0.376851499,-0.114356853,9.64E-05,0.003448739,-0.14102003,-0.333349556,0.168145299,-0.123683356,-0.619439542,0.439281136
5.716666667,0.029368622,0.558845937,-0.461555332,0.190506399,0.479632378,-0.258933246,0.413634419,0.483242005,-0.284481794,0.638703883,0.475037903,-0.371392876,0.11397393,0.000514733,-0.002634732,0.126865327,-0.35493502,0.099880606,0.166081429,-0.601831496,0.390918344,-0.152695864,0.474747449,-0.276347488,-0.367831528,0.502147436,-0.290768176,-0.561327338,0.54056567,-0.376297086,-0.114354521,0.000104158,0.00352435,-0.141110003,-0.333654583,0.168217555,-0.123700425,-0.620117664,0.439194262
5.733333333,0.02938859,0.558820486,-0.462032229,0.190497965,0.479586035,-0.259080082,0.413314819,0.483349174,-0.284336388,0.638520241,0.474926889,-0.369690269,0.113958471,0.000492267,-0.00265286,0.126879156,-0.354923517,0.104472384,0.166037753,-0.60184598,0.396243244,-0.152699009,0.474740177,-0.277190626,-0.369177908,0.502581477,-0.292073607,-0.569625199,0.540832996,-0.377108812,-0.114341848,0.000127225,0.003542152,-0.141322672,-0.333294243,0.168782443,-0.123789482,-0.619935393,0.439365149
5.75,0.029352289,0.558769405,-0.462402701,0.190453842,0.479550898,-0.258915871,0.412763417,0.483524799,-0.282666802,0.638322175,0.474755764,-0.366220295,0.113948002,0.000481708,-0.002589366,0.126923695,-0.354459405,0.106490836,0.166016325,-0.600673616,0.399010658,-0.152652249,0.474513441,-0.277453274,-0.369850338,0.502897263,-0.292317927,-0.574166298,0.540863037,-0.377082646,-0.114333704,0.000137331,0.003475206,-0.141337007,-0.332808971,0.169636816,-0.123698004,-0.619452477,0.441202998
5.766666667,0.029276066,0.559021294,-0.4617773,0.190532565,0.479627997,-0.258184552,0.412614524,0.483465075,-0.281457335,0.6379444,0.474604309,-0.365666837,0.113945968,0.000457149,-0.002595543,0.127242908,-0.354387403,0.104274437,0.166040048,-0.600654244,0.395502776,-0.15220964,0.474735856,-0.276935935,-0.369755775,0.503096282,-0.290920496,-0.574256837,0.541227043,-0.375072509,-0.114333928,0.000161522,0.003480881,-0.141313776,-0.332848787,0.169418693,-0.12352822,-0.619321764,0.441208571
5.783333333,0.029609855,0.559143484,-0.461606383,0.191027686,0.479786158,-0.25770101,0.412587732,0.483235598,-0.280984133,0.637766361,0.474144727,-0.365705013,0.113951966,0.000416109,-0.002603058,0.127288401,-0.354567438,0.10417778,0.166094795,-0.601129651,0.394349366,-0.151562437,0.47548002,-0.276467025,-0.369555533,0.503124118,-0.289720684,-0.57444191,0.540949821,-0.374180049,-0.114343241,0.000202115,0.003488125,-0.141193092,-0.332916737,0.168775573,-0.123134889,-0.61931181,0.440205365
5.8,0.029698405,0.559625268,-0.458543777,0.191438526,0.480789095,-0.255776554,0.411853313,0.482939512,-0.28029108,0.636915147,0.473662257,-0.366991669,0.1139514,0.000397528,-0.002668412,0.127289072,-0.355363101,0.104370221,0.166458055,-0.603659868,0.391474962,-0.150740355,0.477440178,-0.271587759,-0.366217822,0.503547966,-0.281676769,-0.5664078,0.540275156,-0.366889745,-0.11434374,0.000219688,0.003558505,-0.14104861,-0.333775192,0.168506101,-0.123027392,-0.620347381,0.438257128
5.816666667,0.029683029,0.559701622,-0.45826301,0.191389412,0.480844826,-0.255468279,0.410509527,0.482893765,-0.279712051,0.636439264,0.472264081,-0.366338044,0.113919966,0.000387187,-0.002619218,0.127422452,-0.355377734,0.108406082,0.166557893,-0.603742301,0.394533932,-0.150379956,0.477684915,-0.271594316,-0.366252095,0.504518747,-0.281915933,-0.568762064,0.540154219,-0.366695821,-0.114315331,0.000229657,0.003509252,-0.141089693,-0.333702177,0.168796152,-0.122807205,-0.620330155,0.43840608
5.833333333,0.0296581,0.559670866,-0.458507955,0.191275194,0.480791062,-0.255671829,0.409166604,0.48277691,-0.279701322,0.635909915,0.471071661,-0.365620464,0.113884009,0.000362911,-0.002584364,0.127393201,-0.35526213,0.11296612,0.166438937,-0.603521168,0.400768667,-0.150328532,0.477655053,-0.272279501,-0.367249012,0.504844785,-0.28347075,-0.576413572,0.540071428,-0.366994441,-0.114282355,0.000254492,0.00347231,-0.141464442,-0.332794577,0.170063466,-0.122774132,-0.619906723,0.439913899
5.85,0.029374555,0.559663832,-0.458986253,0.191182137,0.480744332,-0.256238043,0.408586413,0.482475609,-0.279887795,0.635679781,0.468433291,-0.365597337,0.113847531,0.000320927,-0.002577659,0.127399474,-0.355267107,0.11575333,0.166386187,-0.603553355,0.404126853,-0.150037348,0.477643013,-0.272713125,-0.368546814,0.50522691,-0.28408885,-0.584105432,0.539997101,-0.367119849,-0.114248961,0.000297499,0.003464014,-0.14163515,-0.332441449,0.17038478,-0.12277779,-0.61990571,0.44002369
5.866666667,0.029408276,0.559473693,-0.459690422,0.190813527,0.480774224,-0.256231725,0.406138092,0.482073903,-0.279568851,0.633335471,0.465141863,-0.365162998,0.113822885,0.000307561,-0.002520092,0.127452537,-0.355236202,0.116065644,0.166564107,-0.603501618,0.404145509,-0.149556488,0.477657795,-0.272761613,-0.368733734,0.505221665,-0.284168333,-0.588072121,0.537986457,-0.367085159,-0.114227273,0.000311721,0.003403351,-0.141685322,-0.332419962,0.170473218,-0.122772768,-0.620054424,0.440044761
5.883333333,0.029053388,0.559369922,-0.459720612,0.190708771,0.480784595,-0.256169319,0.40610975,0.481428146,-0.279356956,0.633355975,0.462518871,-0.36452502,0.11379879,0.000284739,-0.002550154,0.127472937,-0.355146945,0.116127118,0.166575387,-0.603467107,0.404078722,-0.149362609,0.478250086,-0.272562623,-0.36875701,0.504820585,-0.283913642,-0.58832866,0.532732368,-0.366780221,-0.114205487,0.000335427,0.003432823,-0.141698182,-0.33241573,0.170487642,-0.122732207,-0.620174706,0.439758867
5.9,0.028455697,0.558977306,-0.459833413,0.190665096,0.480786145,-0.256172627,0.406212449,0.478261501,-0.279368699,0.633504391,0.456510872,-0.364656478,0.113793164,0.000272599,-0.002650995,0.127529263,-0.355135411,0.116019398,0.166915327,-0.603431761,0.403775871,-0.149355516,0.478654802,-0.272047937,-0.368623942,0.501132369,-0.282514691,-0.587146223,0.521970212,-0.366397381,-0.114200979,0.000347816,0.003537375,-0.141548499,-0.332567185,0.170500726,-0.122503854,-0.620321214,0.439726233
5.916666667,0.028148891,0.5589692,-0.46084258,0.189470485,0.480791599,-0.256207079,0.404010922,0.477282375,-0.278813154,0.632000923,0.452405214,-0.362841696,0.113773741,0.000267833,-0.002588475,0.127484187,-0.35494107,0.119151562,0.166931853,-0.603249609,0.40656665,-0.149674848,0.478573203,-0.272510201,-0.369978637,0.499289036,-0.28365311,-0.588743865,0.516749859,-0.367444456,-0.114183657,0.000353473,0.00347398,-0.141614318,-0.332390815,0.172526821,-0.122583427,-0.620294571,0.442718476
5.933333333,0.028547823,0.559310079,-0.460840553,0.189233825,0.481343776,-0.254446715,0.403358221,0.475010335,-0.273851842,0.631248474,0.44598496,-0.356943518,0.11377573,0.000268866,-0.002583074,0.127281681,-0.354746848,0.118348964,0.166924939,-0.603194714,0.405396372,-0.149862334,0.478583694,-0.272309214,-0.370391399,0.494683564,-0.283818841,-0.588349581,0.510495365,-0.368940711,-0.114187315,0.000353087,0.003468757,-0.141742125,-0.332508802,0.173193082,-0.122668147,-0.620386779,0.443709016
5.95,0.028553255,0.560072899,-0.461724252,0.189213336,0.48132053,-0.256158024,0.404490888,0.473306,-0.274514824,0.632983208,0.436445951,-0.356383681,0.113744617,0.000253929,-0.002680001,0.126946494,-0.354138285,0.124025084,0.166990384,-0.602789342,0.413215667,-0.149877533,0.477514088,-0.273429036,-0.371087104,0.490201354,-0.28520301,-0.593678713,0.502925813,-0.369797081,-0.114156291,0.00036968,0.003562856,-0.141865164,-0.33178395,0.179737493,-0.122604959,-0.620038509,0.453173369
5.966666667,0.02923099,0.56006211,-0.46172446,0.189704955,0.481211215,-0.257144332,0.410765767,0.472066581,-0.279036462,0.639117539,0.425878614,-0.361160636,0.113660932,0.000263695,-0.002783036,0.126807839,-0.352590412,0.125499547,0.1670973,-0.599935591,0.417671502,-0.149874941,0.476014555,-0.273410916,-0.37109369,0.490558058,-0.285117924,-0.592963517,0.501019478,-0.368782163,-0.114062458,0.000358289,0.003671483,-0.141821995,-0.330069512,0.182151929,-0.121920004,-0.618215799,0.455870956
5.983333333,0.029194109,0.559833348,-0.464884102,0.18960847,0.480902642,-0.258516073,0.410326183,0.467861235,-0.27917251,0.639010012,0.420419663,-0.359983414,0.113631867,0.000234348,-0.002809706,0.126369968,-0.351574272,0.134266511,0.166964874,-0.597929001,0.431149036,-0.14993681,0.474518806,-0.275075525,-0.373832911,0.477495641,-0.28681162,-0.599951684,0.471696407,-0.370821655,-0.114032745,0.000390824,0.003697363,-0.141826302,-0.329109877,0.186405316,-0.121916592,-0.617358863,0.46435672
6,0.028298983,0.559005678,-0.471662551,0.189247459,0.480238736,-0.264022589,0.410468787,0.46315527,-0.283201396,0.639430642,0.405513853,-0.36035946,0.113545761,0.000231062,-0.002816353,0.125210553,-0.350607634,0.150465786,0.166459322,-0.597622871,0.446106642,-0.150783017,0.471820563,-0.280505002,-0.37757647,0.472556949,-0.292788476,-0.607207656,0.461326331,-0.37684086,-0.113942549,0.00039534,0.003703602,-0.141850978,-0.327601999,0.191772878,-0.122078486,-0.616553545,0.46789065
6.016666667,0.027905155,0.556200683,-0.47816211,0.18918851,0.479261279,-0.269662499,0.410563588,0.457470715,-0.288718939,0.639332473,0.39184165,-0.362751037,0.113428414,0.00022958,-0.00281644,0.124296166,-0.348333359,0.164824054,0.165878788,-0.595403612,0.463860571,-0.151685804,0.469429523,-0.285896868,-0.382996827,0.467336178,-0.298059255,-0.613376498,0.443300128,-0.382473558,-0.113819942,0.000398372,0.003701311,-0.141843513,-0.325492769,0.196743697,-0.121881083,-0.61394763,0.471767396
6.033333333,0.027486162,0.556318343,-0.477111548,0.189252377,0.479224056,-0.269647092,0.408742428,0.452184051,-0.290660381,0.638274372,0.388975143,-0.368880987,0.113262482,0.000220746,-0.002821324,0.124057546,-0.348240376,0.169158623,0.165894255,-0.595474541,0.466472447,-0.151407659,0.469762504,-0.284820974,-0.382257551,0.468363464,-0.295307338,-0.610406816,0.43910563,-0.381081909,-0.11363899,0.000407095,0.00370607,-0.14154163,-0.325508177,0.198079348,-0.121038094,-0.613960683,0.471009403
6.05,0.027233781,0.557436049,-0.472074866,0.18933019,0.479263335,-0.26948294,0.405944347,0.447447628,-0.290514916,0.636130214,0.382691473,-0.371240824,0.113154657,0.000211596,-0.002765495,0.124056458,-0.348235339,0.173278838,0.166536838,-0.595939517,0.467790633,-0.150697112,0.471476972,-0.278391093,-0.379656911,0.469448894,-0.282301873,-0.605603814,0.441284686,-0.368717968,-0.113522947,0.000415562,0.003648115,-0.1411625,-0.325545341,0.197888449,-0.120315827,-0.614420116,0.470090687
6.066666667,0.024890073,0.557446778,-0.47193855,0.189500824,0.47800526,-0.271926165,0.405926824,0.438602507,-0.295380235,0.636103749,0.368208796,-0.381108969,0.113064423,0.000201788,-0.002827291,0.1229368,-0.34846136,0.179646477,0.166189134,-0.596583843,0.472753435,-0.15074338,0.471647084,-0.277559102,-0.376124412,0.466834486,-0.282544047,-0.596132874,0.42193073,-0.382724941,-0.113419063,0.000424814,0.003709603,-0.141132355,-0.325579405,0.20262824,-0.120213166,-0.614493251,0.473804533
6.083333333,0.023911055,0.555226505,-0.472633958,0.189531133,0.475217998,-0.272852063,0.402850777,0.423139721,-0.294933081,0.630905569,0.346752167,-0.38190189,0.1130457,0.000183527,-0.002812795,0.122463033,-0.349000961,0.182193696,0.166154996,-0.597593009,0.473535091,-0.150790527,0.47167334,-0.277476966,-0.373301834,0.45490697,-0.285527229,-0.583195984,0.394907236,-0.401553541,-0.113400102,0.000445311,0.003693795,-0.141351804,-0.326535255,0.203024551,-0.120229729,-0.615534484,0.473540157
6.1,0.022776922,0.55388999,-0.478925258,0.188135266,0.473049283,-0.274196059,0.399220288,0.408122987,-0.293183506,0.620027184,0.314819276,-0.376055121,0.11302916,0.000189144,-0.002893276,0.121652558,-0.348810613,0.184328333,0.16611363,-0.597618997,0.47740519,-0.153863907,0.46987316,-0.280680984,-0.378084421,0.433436334,-0.286326796,-0.586692512,0.354946613,-0.400734365,-0.113383889,0.000443959,0.00377159,-0.141929358,-0.326998174,0.208381578,-0.120514743,-0.615711093,0.479648143
6.116666667,0.023554549,0.550918579,-0.481665164,0.187407315,0.471401542,-0.274490803,0.396231353,0.398099124,-0.292971224,0.615614116,0.299009949,-0.376635015,0.113019548,0.000330614,-0.002327158,0.121714801,-0.348810166,0.190514401,0.166505054,-0.598648787,0.4798401,-0.154991478,0.469175398,-0.281146318,-0.371683955,0.424642384,-0.297174841,-0.564853072,0.334302574,-0.421048582,-0.113373846,0.000309583,0.003200847,-0.141754627,-0.327559769,0.208005965,-0.120531157,-0.616511881,0.478811264
6.133333333,0.023577454,0.547210634,-0.488165855,0.187087223,0.467810065,-0.279007345,0.395942897,0.385807693,-0.293222904,0.614370883,0.27815786,-0.376713932,0.11301481,0.000428949,-0.002350395,0.121828295,-0.348187894,0.193245694,0.167823747,-0.598493516,0.483382225,-0.156925082,0.465950698,-0.284646273,-0.371399313,0.409284681,-0.297639608,-0.565906048,0.307002395,-0.414724171,-0.113369249,0.000218792,0.003221673,-0.141380668,-0.328018904,0.213127404,-0.120088294,-0.616799235,0.485209107
6.15,0.022932973,0.54695189,-0.494509101,0.185847998,0.465218395,-0.284927875,0.393303186,0.38057816,-0.294051856,0.611232758,0.266124457,-0.37680307,0.113015212,0.000558784,-0.002348715,0.120929204,-0.348546118,0.200917408,0.168100715,-0.600579739,0.484070748,-0.160330638,0.462730825,-0.293491423,-0.37332204,0.397341877,-0.298893362,-0.566530287,0.270191729,-0.411240608,-0.113373287,9.93E-05,0.003220395,-0.141255915,-0.329432786,0.218014568,-0.120143332,-0.619480848,0.486767948
6.166666667,0.02294155,0.543662131,-0.506794572,0.185348243,0.460765362,-0.293088257,0.391974002,0.372903883,-0.298713714,0.608831882,0.254051954,-0.379201353,0.113008887,0.00076355,-0.002335337,0.119175151,-0.348628879,0.21645619,0.167874679,-0.601974189,0.491186082,-0.162647441,0.458520651,-0.307690293,-0.376455486,0.388497919,-0.310931087,-0.567397594,0.249870256,-0.41137749,-0.113368928,-8.88E-05,0.00321017,-0.140507236,-0.329459935,0.22929211,-0.120113865,-0.619900942,0.49443835
6.183333333,0.022626206,0.543338537,-0.512177587,0.183304608,0.458021522,-0.299065888,0.390999556,0.367976546,-0.301213086,0.605815589,0.24103263,-0.380430102,0.113030173,0.001041857,-0.002287019,0.118027359,-0.350018084,0.215330616,0.167142108,-0.607517421,0.489114016,-0.168145448,0.454959363,-0.315184712,-0.380998909,0.379759669,-0.317938328,-0.570093513,0.236069307,-0.413384646,-0.113398015,-0.000354761,0.003165038,-0.140531465,-0.330521345,0.228437394,-0.121205494,-0.622003615,0.492871135
6.2,0.021213952,0.543006182,-0.514015615,0.182568207,0.456560522,-0.301426053,0.391121149,0.358207643,-0.301436335,0.603143394,0.220679536,-0.380838066,0.113078199,0.00135232,-0.002154686,0.116630591,-0.351569682,0.218068883,0.16668646,-0.611185372,0.488601983,-0.169183195,0.452287257,-0.315179884,-0.380273372,0.369367987,-0.316229612,-0.567807376,0.224287778,-0.411773324,-0.113456286,-0.000648272,0.003042744,-0.140423968,-0.331897825,0.228414208,-0.121815585,-0.624026179,0.491987854
6.216666667,0.020151325,0.546118617,-0.512446523,0.182135627,0.456303984,-0.300533712,0.390212893,0.346534938,-0.301648438,0.596901059,0.197513089,-0.384552091,0.113132715,0.001541778,-0.001525692,0.115904488,-0.353047907,0.218465582,0.166618675,-0.614845216,0.487717539,-0.170241132,0.450318843,-0.313047618,-0.372541398,0.364949495,-0.310152411,-0.554027379,0.218141064,-0.400554448,-0.113515869,-0.000834302,0.002432719,-0.140318841,-0.333245695,0.227320313,-0.122648634,-0.6265257,0.489614666
6.233333333,0.018973522,0.549662471,-0.510733068,0.180645809,0.456123292,-0.29984948,0.38726896,0.338815749,-0.301456064,0.583560586,0.183609694,-0.385097742,0.113190405,0.001845811,-0.001078817,0.115597807,-0.356207937,0.21741271,0.166462511,-0.621931791,0.487026334,-0.172503352,0.449526608,-0.311566323,-0.36885345,0.35646978,-0.309170067,-0.540562809,0.207410008,-0.400433451,-0.113576353,-0.001136724,0.002005926,-0.140166834,-0.335345596,0.226661667,-0.124233916,-0.629259408,0.485265702
6.25,0.018048929,0.556348085,-0.507303119,0.180482566,0.456313699,-0.297991365,0.380208343,0.332024276,-0.293826967,0.567407906,0.170956224,-0.378634691,0.113238476,0.001938565,-0.00051551,0.115344375,-0.358163238,0.218055919,0.165917277,-0.625221968,0.486818284,-0.172527388,0.449807167,-0.308445573,-0.365282357,0.352703959,-0.302692086,-0.541228056,0.199176192,-0.395852,-0.113626979,-0.001227843,0.001455621,-0.140199482,-0.336063504,0.226315618,-0.126867324,-0.629675031,0.484611809
6.266666667,0.017320765,0.559708238,-0.504257858,0.179674372,0.456455022,-0.296176851,0.370684534,0.32412079,-0.290108502,0.552161098,0.155661672,-0.374555975,0.113271832,0.002000023,-0.000189693,0.114292823,-0.359170437,0.217969149,0.165250227,-0.627300382,0.486472011,-0.173028111,0.449689925,-0.304238141,-0.3617149,0.343679309,-0.296234637,-0.542581141,0.185968444,-0.390717804,-0.113659769,-0.001289894,0.001136577,-0.140624881,-0.337251097,0.226044327,-0.129870683,-0.63158077,0.48309207
6.283333333,0.016144721,0.563118696,-0.501561582,0.1792887,0.456454068,-0.29548645,0.364459485,0.316885203,-0.28912127,0.538818538,0.141017988,-0.374345481,0.113332607,0.002055121,0.000160998,0.1132579,-0.360389173,0.217257246,0.16432628,-0.630357444,0.486187309,-0.173598737,0.448915392,-0.300993949,-0.357164145,0.333485335,-0.289429426,-0.537131369,0.171102926,-0.384833425,-0.113720059,-0.001346944,0.000795446,-0.141493291,-0.338341743,0.224053279,-0.133143559,-0.633021235,0.479673028
6.3,0.013957319,0.562694728,-0.502024531,0.178452969,0.451973319,-0.298477381,0.356911987,0.303065538,-0.295951068,0.524362147,0.120728381,-0.385763466,0.11342939,0.00207432,0.000177179,0.11231447,-0.360978276,0.219582215,0.164308786,-0.630533338,0.488200963,-0.174665183,0.446227014,-0.300847441,-0.35258165,0.32512179,-0.284250051,-0.530115902,0.157235697,-0.377590269,-0.113811731,-0.001365912,0.000783519,-0.141552836,-0.338340193,0.225384608,-0.132951096,-0.632926941,0.48369503
6.316666667,0.013241652,0.563502252,-0.501708627,0.177125007,0.450069457,-0.299803048,0.353406638,0.298006594,-0.303500563,0.518143892,0.108611032,-0.401876897,0.113512985,0.002098618,0.000157789,0.11186175,-0.363114387,0.21800898,0.164142013,-0.636656463,0.484438658,-0.177273288,0.445189297,-0.299769908,-0.349310935,0.318837047,-0.274816632,-0.524509251,0.143223941,-0.364832759,-0.113886319,-0.001394506,0.000808741,-0.1423648,-0.339700848,0.224966511,-0.133465528,-0.635691643,0.483470261
6.333333333,0.010534842,0.564046025,-0.50142765,0.176627785,0.446806282,-0.302161753,0.352028608,0.290038973,-0.310090631,0.512239993,0.098596096,-0.413038313,0.113622561,0.002093085,-0.000181152,0.11089436,-0.365091592,0.21501492,0.163946107,-0.640633643,0.481201202,-0.179080814,0.442745924,-0.298550069,-0.344174623,0.306902677,-0.265649289,-0.513900876,0.128747404,-0.355421513,-0.11398758,-0.001393795,0.001162669,-0.142606303,-0.340492815,0.224713445,-0.133502036,-0.637388945,0.483360589
6.35,0.008636719,0.56170851,-0.502135515,0.1754352,0.443323046,-0.304103285,0.345117271,0.280467927,-0.314412117,0.497659415,0.085764669,-0.423364669,0.113772921,0.00210177,-0.000425407,0.109560877,-0.367632121,0.210299388,0.16371204,-0.64361167,0.475736618,-0.182701349,0.440396994,-0.298118919,-0.339100599,0.294383496,-0.261108577,-0.49765265,0.106931306,-0.352193534,-0.114134617,-0.001405496,0.001414806,-0.144460976,-0.342025489,0.224211916,-0.137043715,-0.64103663,0.481169939
6.366666667,0.005973415,0.554538131,-0.504377902,0.17420435,0.438481152,-0.305525213,0.335071683,0.269122541,-0.316566437,0.480549544,0.069474824,-0.427940965,0.113882408,0.002113353,-0.000419756,0.108076312,-0.368692964,0.210230321,0.163332313,-0.643598735,0.475717962,-0.184729636,0.436507612,-0.298126966,-0.334030777,0.282328725,-0.261619836,-0.482136607,0.086817212,-0.35366118,-0.114243567,-0.001418018,0.001409292,-0.146365747,-0.342366189,0.224019781,-0.141282812,-0.642195761,0.480356604
6.383333333,0.005917705,0.554463863,-0.50333488,0.174142435,0.438028961,-0.304419041,0.324597001,0.262004048,-0.315957606,0.463490427,0.060146041,-0.423974961,0.114010029,0.002132866,-0.000322449,0.107937008,-0.370536834,0.20853129,0.163320705,-0.645230949,0.472413152,-0.184943452,0.434801728,-0.297439635,-0.324332297,0.270005882,-0.263093024,-0.460621983,0.064435929,-0.35560891,-0.114364937,-0.00144407,0.001319699,-0.147587463,-0.344457537,0.220456183,-0.144398972,-0.64536804,0.473513037
6.4,0.005804944,0.552836537,-0.503165126,0.174141258,0.434866965,-0.304310203,0.319697589,0.250176251,-0.315490693,0.454238236,0.048687238,-0.421781838,0.114187419,0.002144239,-0.000328441,0.108501025,-0.370978266,0.202994987,0.16477339,-0.644875646,0.467658937,-0.185133517,0.432772756,-0.297289222,-0.3189224,0.255480945,-0.263968021,-0.447719067,0.046007492,-0.356505454,-0.114533231,-0.001456855,0.001330333,-0.14759542,-0.345296919,0.218291134,-0.1445342,-0.64630419,0.471227437
6.416666667,0.005491205,0.550684154,-0.503060699,0.174114332,0.433340788,-0.302583247,0.315547287,0.244014874,-0.311501563,0.445007354,0.040344171,-0.419818491,0.114365861,0.002153547,-0.000323639,0.109101318,-0.371372044,0.193657622,0.165957168,-0.644447803,0.458726972,-0.18522279,0.431961477,-0.296592593,-0.313509345,0.247486398,-0.263522685,-0.431791633,0.033423565,-0.357581437,-0.114698827,-0.001468079,0.001329637,-0.147536203,-0.34637329,0.212312147,-0.144413292,-0.647245049,0.463988006
6.433333333,0.005391017,0.54960382,-0.50295192,0.174075082,0.431956649,-0.30065468,0.30982399,0.239087492,-0.303392828,0.436620086,0.031210413,-0.41006875,0.114614822,0.002160233,-0.000330295,0.110587552,-0.371513158,0.1866979,0.168986201,-0.644115508,0.452838391,-0.185316712,0.430662781,-0.296280622,-0.305996865,0.237068042,-0.262474209,-0.417155772,0.013680384,-0.357435942,-0.11493481,-0.00147629,0.001347197,-0.147069931,-0.347008616,0.209596738,-0.144125178,-0.647279263,0.462781936
6.45,0.004999162,0.548712611,-0.502802134,0.174082026,0.432020456,-0.298182994,0.303035855,0.237024277,-0.294111729,0.427173227,0.024797115,-0.396507919,0.114935361,0.002168416,-0.000441205,0.113056451,-0.371448904,0.181060433,0.175902322,-0.643954158,0.44492054,-0.185228199,0.430402964,-0.295058578,-0.298544765,0.232373014,-0.257228523,-0.403816968,0.005945159,-0.350873798,-0.115240537,-0.001485395,0.001485509,-0.146353796,-0.348213315,0.207302883,-0.142696396,-0.648250699,0.460080653
6.466666667,0.004350394,0.547620952,-0.502688825,0.174003601,0.431851357,-0.297064245,0.295609951,0.233446479,-0.288528562,0.417812496,0.015450303,-0.38773036,0.115237266,0.002205076,-0.000574228,0.114230804,-0.371409476,0.17628932,0.179626554,-0.643719435,0.438428044,-0.18552272,0.429387093,-0.294773668,-0.296657741,0.228237286,-0.254752755,-0.396197081,-0.002010786,-0.34588936,-0.115531839,-0.001522174,0.001645515,-0.14511019,-0.349757195,0.204790756,-0.140419483,-0.649888933,0.456074476
6.483333333,0.003880013,0.548882663,-0.498010248,0.17467016,0.432097733,-0.290074587,0.292827517,0.231188178,-0.278139055,0.40905267,0.010190298,-0.380120188,0.1155717,0.002198779,-0.000843277,0.115401253,-0.371364117,0.172763273,0.182981521,-0.643537223,0.433057725,-0.185476646,0.429200113,-0.289815724,-0.29606545,0.225188494,-0.245749697,-0.394059241,-0.00304027,-0.336901516,-0.115855657,-0.00151782,0.001938835,-0.144351467,-0.351331204,0.204017341,-0.138333708,-0.651167989,0.455999494
6.5,0.004051067,0.554147482,-0.485888034,0.177378237,0.433911681,-0.276673973,0.289292693,0.232277051,-0.259818614,0.399653226,0.011966475,-0.364019215,0.115903676,0.002110633,-0.001055792,0.116413772,-0.371889383,0.159827322,0.18535912,-0.643597603,0.419809967,-0.184374243,0.430776387,-0.280762494,-0.291967362,0.225534007,-0.234229177,-0.38559401,-0.004150135,-0.324655503,-0.116178177,-0.001431696,0.002171376,-0.142999306,-0.352725714,0.198983833,-0.135123402,-0.651973128,0.45288837
6.516666667,0.00428751,0.559020877,-0.479591131,0.178812459,0.434951544,-0.269119948,0.284846842,0.23219505,-0.250399798,0.387432307,0.009506822,-0.356318891,0.116193645,0.00200618,-0.001076179,0.116820842,-0.372530282,0.158298627,0.186316073,-0.643743336,0.418642759,-0.183606744,0.431747139,-0.275939196,-0.285265386,0.223543257,-0.228106141,-0.375732064,-0.007530602,-0.317584246,-0.116459392,-0.001328942,0.00219766,-0.142306834,-0.353745073,0.196293339,-0.133939341,-0.652668715,0.451871276
6.533333333,0.004473848,0.561917484,-0.47626844,0.17991209,0.435292095,-0.263645977,0.276659191,0.228372112,-0.243630856,0.376761347,0.002693717,-0.351115674,0.116555095,0.001871284,-0.001118179,0.118091457,-0.373361796,0.148968071,0.188133687,-0.64339602,0.414387107,-0.182385847,0.432051182,-0.272294879,-0.277143776,0.217517525,-0.223920733,-0.363222152,-0.013676994,-0.312889457,-0.116808943,-0.001194907,0.002247118,-0.141518503,-0.355970383,0.191340983,-0.133409843,-0.65363884,0.451104254
6.55,0.004724273,0.563562572,-0.47628203,0.181565627,0.435393125,-0.263003707,0.273712218,0.226423234,-0.242862627,0.368394792,-0.002908837,-0.348622948,0.116897546,0.001686343,-0.001179445,0.119112983,-0.37419498,0.142903298,0.189706922,-0.643322229,0.406041741,-0.180477411,0.432113349,-0.27165091,-0.265185803,0.211322531,-0.222513631,-0.348738492,-0.023538567,-0.311046958,-0.117146403,-0.001006148,0.002317341,-0.140407786,-0.357478827,0.190009445,-0.131509885,-0.6543383,0.451458722
6.566666667,0.004496273,0.565948308,-0.475597858,0.182183921,0.43534416,-0.261890054,0.267016798,0.221256122,-0.240492851,0.357916653,-0.011401843,-0.343208909,0.117117137,0.001556976,-0.001188299,0.119402908,-0.375169575,0.145194888,0.190434501,-0.643517494,0.407766193,-0.179352775,0.431915224,-0.271896154,-0.256982833,0.205339149,-0.223000944,-0.334115565,-0.028564649,-0.309891552,-0.117370158,-0.000877653,0.002328109,-0.140193552,-0.35980776,0.188266709,-0.131194815,-0.65631479,0.449415863
6.583333333,0.004344751,0.569149554,-0.472436219,0.182395145,0.435906261,-0.25783807,0.261454433,0.220918894,-0.232397616,0.348682106,-0.012048583,-0.332897067,0.117199749,0.001381966,-0.00118294,0.1195876,-0.37545979,0.146987274,0.191673204,-0.644257247,0.410347909,-0.178466067,0.432635695,-0.269393951,-0.250238806,0.205006748,-0.218165383,-0.324025899,-0.029822165,-0.302852362,-0.117456034,-0.00070502,0.002323662,-0.139276326,-0.360984027,0.188774526,-0.130494669,-0.658100426,0.449473053
6.6,0.002878234,0.570332646,-0.469051838,0.182655439,0.436312258,-0.255157769,0.258529574,0.219485849,-0.228622794,0.339809984,-0.016698344,-0.326977819,0.117291994,0.001168347,-0.001161091,0.11968112,-0.376043946,0.148847654,0.192575365,-0.644774973,0.410335273,-0.177428827,0.433638483,-0.266165942,-0.245570168,0.205120549,-0.212097675,-0.316005796,-0.030140223,-0.294657558,-0.117550842,-0.00049325,0.002304228,-0.138972461,-0.362418085,0.188278958,-0.130143866,-0.660351753,0.447792441
6.616666667,0.0020794,0.570001245,-0.469416231,0.182561547,0.436354131,-0.254449725,0.25250119,0.218141198,-0.225131467,0.329904616,-0.020212187,-0.319521338,0.117410116,0.001019067,-0.001055493,0.119632296,-0.379162431,0.146958515,0.191960856,-0.648010135,0.405999452,-0.17732498,0.433666438,-0.266550064,-0.244237065,0.202168778,-0.212030634,-0.309438676,-0.033896983,-0.291175306,-0.117671877,-0.000345308,0.002205717,-0.139062732,-0.364728302,0.183342457,-0.130337149,-0.662451684,0.440290779
6.633333333,0.000506245,0.570184171,-0.46882543,0.181695029,0.436410606,-0.252206117,0.245284274,0.216702446,-0.220135689,0.315980762,-0.02433138,-0.312196493,0.117467701,0.000844294,-0.000698929,0.119330883,-0.380450636,0.148047283,0.189823449,-0.650607169,0.405231118,-0.177397534,0.433769047,-0.265831292,-0.243223354,0.200990304,-0.209455982,-0.306456208,-0.035199311,-0.287183583,-0.117731698,-0.000168697,0.001868854,-0.139128298,-0.365459055,0.182528496,-0.131351024,-0.663925409,0.438177139
6.65,0.000790829,0.56926316,-0.469156682,0.181613952,0.435985148,-0.250882298,0.241218999,0.213917017,-0.215838015,0.305885583,-0.029824467,-0.305762321,0.117604308,0.000727851,-2.97E-05,0.119591475,-0.384012848,0.141486466,0.188488126,-0.654382825,0.39346382,-0.177161232,0.433569998,-0.266054481,-0.23872757,0.196818069,-0.209697992,-0.295333058,-0.041428003,-0.284718931,-0.117869258,-4.64E-05,0.001239574,-0.139030591,-0.367781132,0.173565477,-0.131802604,-0.666769207,0.427297264
6.666666667,0.001982511,0.569425821,-0.466970861,0.182016954,0.436167479,-0.247150525,0.23997204,0.214043871,-0.207700357,0.298833162,-0.030623566,-0.293664336,0.117657326,0.000558333,0.000422354,0.12026839,-0.387270004,0.136537939,0.188363731,-0.66034615,0.388311505,-0.175760984,0.433959633,-0.265514046,-0.233065918,0.196963951,-0.205478251,-0.280327708,-0.041208919,-0.273606598,-0.117925324,0.00012355,0.00079596,-0.138528019,-0.370278835,0.165940553,-0.131969437,-0.670581698,0.415502906
6.683333333,0.002689477,0.576439321,-0.45428741,0.182381347,0.439240009,-0.237888321,0.238213807,0.214637861,-0.196395993,0.2880615,-0.029906305,-0.283333659,0.11772079,0.000260282,0.000316829,0.120516725,-0.387554109,0.119960561,0.188339293,-0.66176635,0.367515713,-0.174911872,0.4401896,-0.252450675,-0.228634402,0.197808221,-0.183067426,-0.268519759,-0.0395987,-0.252060264,-0.117995821,0.000428058,0.000899379,-0.138289705,-0.370524108,0.166159675,-0.132000193,-0.671638906,0.417886585
6.7,0.003190496,0.581715584,-0.444173872,0.182963789,0.441667169,-0.228134811,0.237232536,0.215029001,-0.187859878,0.278304368,-0.029425524,-0.278848648,0.117803559,0.000109752,0.000289997,0.121526822,-0.38775745,0.108052135,0.189417094,-0.662931919,0.348950684,-0.173984095,0.444759399,-0.24231647,-0.225664288,0.198146328,-0.171601415,-0.256005436,-0.037585586,-0.244491607,-0.118089251,0.000585327,0.000922072,-0.137479097,-0.372406334,0.165266454,-0.131967664,-0.676059544,0.419430524
6.716666667,0.003784286,0.59249109,-0.426835418,0.18327634,0.448752731,-0.216056019,0.234543204,0.216931656,-0.18019335,0.265936643,-0.029114671,-0.278002143,0.117838725,-7.23E-05,7.22E-05,0.122018613,-0.387625396,0.1018847,0.192017019,-0.663838446,0.328092873,-0.173306748,0.453742772,-0.223799393,-0.222065821,0.204304248,-0.150786936,-0.250238329,-0.034714028,-0.230250254,-0.118123524,0.000774872,0.001133502,-0.134927452,-0.373346269,0.168318793,-0.131195799,-0.681550562,0.428078055
6.733333333,0.004168394,0.593683004,-0.426483065,0.183442801,0.450882494,-0.215038091,0.229896545,0.217094392,-0.179700494,0.251011819,-0.027829142,-0.278223425,0.117868982,-0.000174703,-5.67E-05,0.122036874,-0.387390643,0.104810216,0.191917062,-0.664197564,0.329725474,-0.173059136,0.457579762,-0.221560657,-0.220943674,0.207277417,-0.148218736,-0.245635942,-0.033975914,-0.23014392,-0.118152067,0.000886083,0.001253627,-0.134110063,-0.373482138,0.169845119,-0.131561399,-0.683618188,0.428796291
6.75,0.004267373,0.593182027,-0.426829249,0.183764532,0.452434331,-0.214209571,0.226291314,0.217193276,-0.180374444,0.240088791,-0.02751185,-0.278164774,0.117902152,-0.000201566,-0.000177183,0.122455895,-0.384920746,0.104518466,0.192273095,-0.663466036,0.324409425,-0.172860712,0.460082293,-0.220486835,-0.218135208,0.207567841,-0.148609251,-0.234947324,-0.035935786,-0.231318012,-0.118186608,0.000913151,0.001363401,-0.13319619,-0.373377591,0.174670652,-0.131637588,-0.68393594,0.434435427
6.766666667,0.005110429,0.592850924,-0.423663139,0.184274703,0.454105705,-0.210568637,0.223149687,0.217280939,-0.178363845,0.228131399,-0.026922418,-0.276814878,0.117930353,-0.000208726,-0.000323658,0.123833463,-0.382613003,0.103823543,0.193269908,-0.661891341,0.324267536,-0.172484085,0.461963952,-0.217716336,-0.216684386,0.207927719,-0.148068622,-0.226392031,-0.036113329,-0.232223257,-0.118218102,0.000923843,0.001494867,-0.131690472,-0.373323113,0.175623238,-0.131524831,-0.684468448,0.434627354
6.783333333,0.006349058,0.5945701,-0.418489963,0.184891567,0.455206096,-0.20858416,0.221216172,0.217283338,-0.180183217,0.218455791,-0.026473274,-0.278917164,0.117933065,-0.000184974,-0.000395746,0.125513613,-0.380410731,0.102047659,0.195538402,-0.659719527,0.325892717,-0.171856433,0.462860942,-0.215859666,-0.216999054,0.208267286,-0.150856346,-0.220981658,-0.035670083,-0.235508516,-0.11822819,0.00090153,0.00155546,-0.130201295,-0.373332739,0.17552121,-0.130799562,-0.684695303,0.433428049
6.8,0.006829212,0.593940079,-0.421152771,0.184895039,0.455875367,-0.209504947,0.220187843,0.217443913,-0.181286007,0.214956284,-0.025745001,-0.280092627,0.117908649,-5.77E-05,-0.000408576,0.125529334,-0.378758878,0.103623807,0.195647076,-0.6582039,0.330077797,-0.171915323,0.462152392,-0.218335673,-0.216929287,0.206238806,-0.151330441,-0.217122406,-0.039365862,-0.239621013,-0.118215382,0.000778178,0.001567033,-0.129490033,-0.372946084,0.176205501,-0.130837709,-0.684536219,0.433466077
6.816666667,0.006981414,0.593441069,-0.422367632,0.184922963,0.4569453,-0.210084364,0.218877599,0.217582852,-0.182349995,0.209899619,-0.025293728,-0.281025976,0.117870249,1.61E-05,-0.000455675,0.125642329,-0.377475858,0.104017518,0.196214452,-0.656746149,0.332308114,-0.171954229,0.461725205,-0.22004123,-0.216641754,0.205480441,-0.153251544,-0.214545682,-0.040474895,-0.245071083,-0.118188918,0.000705335,0.001601366,-0.129038706,-0.372401506,0.177522987,-0.130838186,-0.683747709,0.434775591
6.833333333,0.006928534,0.589558899,-0.423360616,0.184971824,0.45671168,-0.210313126,0.217138529,0.216289654,-0.183766335,0.203649759,-0.026151296,-0.281514138,0.117875636,0.000103631,-0.000446816,0.1258789,-0.376758873,0.10318736,0.196077615,-0.655045092,0.333535731,-0.17199102,0.460668594,-0.22083208,-0.21626395,0.202826068,-0.156585261,-0.214708,-0.044583093,-0.2475629,-0.118198663,0.000619941,0.001585001,-0.129007027,-0.371995628,0.176801115,-0.13118881,-0.6817168,0.433823317
6.85,0.00627005,0.588824332,-0.424345434,0.184997395,0.45655182,-0.211160094,0.215582326,0.215820149,-0.184038416,0.200447991,-0.026276758,-0.282045335,0.117867395,0.000167689,-0.000476975,0.125892907,-0.375779063,0.103638157,0.195965186,-0.653995693,0.334399045,-0.172045231,0.460558385,-0.221866682,-0.216263458,0.202487871,-0.157962009,-0.214241877,-0.044420868,-0.247891039,-0.118198343,0.000556246,0.001605489,-0.128931925,-0.371538281,0.176719531,-0.131553307,-0.680566788,0.433056712
6.866666667,0.005603458,0.588727891,-0.424086899,0.185153872,0.456439495,-0.211780742,0.215325251,0.215706274,-0.184220597,0.199938342,-0.026649579,-0.282404691,0.117866307,0.000174165,-0.000617416,0.125927746,-0.375399947,0.103869878,0.195926905,-0.653500557,0.335345417,-0.171935171,0.460470468,-0.220694676,-0.216023579,0.203143701,-0.156734914,-0.215672582,-0.043903865,-0.245627031,-0.11820177,0.00055,0.001731029,-0.128966898,-0.371110976,0.17665799,-0.13165082,-0.680057347,0.431149453
6.883333333,0.004648143,0.58828795,-0.424508333,0.184970498,0.455993891,-0.212306544,0.213753343,0.214781687,-0.184484407,0.196801171,-0.027582793,-0.282689452,0.117873505,0.000239572,-0.000491149,0.126353368,-0.375319809,0.107160233,0.195979729,-0.652719796,0.34437415,-0.172259197,0.459552884,-0.221184224,-0.216019452,0.202115938,-0.157270104,-0.215941414,-0.044917036,-0.246314809,-0.118211031,0.000485962,0.001596962,-0.128978446,-0.370399445,0.174331784,-0.132563889,-0.678738236,0.425004065
6.9,0.004320993,0.586813927,-0.424811095,0.184960842,0.455887675,-0.212747738,0.213512212,0.214468494,-0.184960708,0.19677341,-0.027955115,-0.282818139,0.117883921,0.000251716,-0.000407545,0.126577824,-0.375320345,0.107341915,0.19595103,-0.652212143,0.34467271,-0.172270477,0.459451735,-0.221682176,-0.21572502,0.201983288,-0.158167034,-0.216217443,-0.044857368,-0.246671245,-0.118223965,0.000474986,0.001508832,-0.129016355,-0.370146155,0.173749864,-0.133250713,-0.678265989,0.424905092
6.916666667,0.00372938,0.586135149,-0.424959779,0.184959367,0.45570448,-0.213070139,0.213231772,0.214215979,-0.185317323,0.197775424,-0.027902605,-0.282720745,0.117889352,0.000260927,-0.000394825,0.126664281,-0.375260383,0.107965767,0.195890903,-0.652199209,0.34608081,-0.172311917,0.459084719,-0.221820444,-0.215841487,0.201396599,-0.158485577,-0.216419384,-0.045781102,-0.247002915,-0.1182319,0.000466775,0.001491527,-0.129028425,-0.370078534,0.173685804,-0.133645833,-0.678211391,0.424542516
6.933333333,0.003497937,0.586073637,-0.425113827,0.185002118,0.455651879,-0.213333726,0.21344915,0.214059025,-0.185559392,0.198880911,-0.02785261,-0.283151805,0.117881402,0.00025516,-0.000535638,0.126847044,-0.375067502,0.106125735,0.196323544,-0.652046382,0.344412982,-0.172256202,0.458922237,-0.222064316,-0.216134161,0.201469511,-0.159188673,-0.217051357,-0.045581553,-0.247182712,-0.118229404,0.000472257,0.001621136,-0.128904954,-0.370079815,0.174063027,-0.133515552,-0.678168356,0.425938934
6.95,0.003598101,0.586111844,-0.424702764,0.185312182,0.455573708,-0.213555783,0.213912725,0.21407254,-0.185732812,0.200331494,-0.027804885,-0.283687323,0.11789117,0.000202721,-0.000651196,0.127600193,-0.375069767,0.103695422,0.196953788,-0.652110755,0.339698195,-0.172021747,0.4594962,-0.221262529,-0.216297776,0.203849867,-0.157876581,-0.217299446,-0.042858843,-0.246119365,-0.118241824,0.000523938,0.001733626,-0.128870979,-0.370230079,0.173568055,-0.133438677,-0.678411901,0.425511748
6.966666667,0.003733219,0.586470485,-0.423774242,0.185574144,0.455610275,-0.212875009,0.214642495,0.214588523,-0.183717698,0.200908005,-0.026885226,-0.281908691,0.117915213,0.000125199,-0.000692346,0.127766252,-0.3753196,0.103814274,0.19707574,-0.652781665,0.337590724,-0.17178221,0.460187405,-0.22019127,-0.217009991,0.206111446,-0.155740619,-0.218571067,-0.040535998,-0.24363704,-0.118270181,0.000602938,0.001775338,-0.12886399,-0.370334059,0.173535436,-0.133598953,-0.67895031,0.425268501
6.983333333,0.003900833,0.588408589,-0.421594799,0.185773626,0.455812633,-0.210799798,0.214782774,0.215462059,-0.178351924,0.203373238,-0.025494643,-0.276858062,0.117949344,-0.000110205,-0.0007322,0.127777547,-0.375713617,0.103961028,0.19705449,-0.654407144,0.335389256,-0.171192065,0.461330265,-0.217352927,-0.217377931,0.20971033,-0.148774609,-0.223570049,-0.034117989,-0.235184669,-0.118307665,0.000841475,0.001817897,-0.128972918,-0.370333463,0.173581004,-0.134410545,-0.679240167,0.42532444
7,0.003926707,0.589089453,-0.421789497,0.185783744,0.455644816,-0.211134315,0.21491237,0.215166628,-0.179246441,0.204622194,-0.026004842,-0.280108631,0.117990747,-0.000316026,-0.000949985,0.127787918,-0.376275003,0.103359833,0.197108611,-0.654455543,0.33483693,-0.171040848,0.461874157,-0.216946393,-0.217744797,0.211622089,-0.146740496,-0.231331274,-0.031003892,-0.233506739,-0.118347406,0.001048557,0.002040624,-0.12896888,-0.370941401,0.175628737,-0.134421229,-0.680502295,0.433536947
7.016666667,0.003929739,0.589378774,-0.423181802,0.185561508,0.455408156,-0.21206902,0.215100467,0.215276077,-0.180923209,0.211486667,-0.025654009,-0.284096748,0.118032075,-0.00048109,-0.000962642,0.126577795,-0.378946811,0.103707626,0.195224777,-0.655230105,0.335699797,-0.171068341,0.461820722,-0.217599034,-0.219259456,0.211850137,-0.14747858,-0.240624756,-0.030244522,-0.234272689,-0.118385941,0.001215509,0.002055381,-0.12936683,-0.371419102,0.180103004,-0.134632781,-0.680798471,0.44561094
7.033333333,0.00398667,0.583916306,-0.43650052,0.185367316,0.452226639,-0.219624475,0.216584042,0.215009764,-0.184550211,0.230405703,-0.026256209,-0.28501159,0.118090108,-0.00075037,-0.001030863,0.123980738,-0.386193037,0.104163922,0.190928087,-0.662533402,0.335871249,-0.171074539,0.458775043,-0.224939242,-0.219678044,0.210960612,-0.148857161,-0.251279205,-0.030394174,-0.234796926,-0.118435986,0.001489678,0.002141477,-0.130490199,-0.37287882,0.180075169,-0.134931743,-0.681623399,0.444479048
7.05,0.006186409,0.575873137,-0.451434761,0.185425445,0.44683221,-0.227414146,0.222187728,0.214280218,-0.18608433,0.256278098,-0.029498048,-0.283065856,0.118152045,-0.000802072,-0.000164245,0.12402568,-0.392582476,0.10666129,0.189953521,-0.667474747,0.348956525,-0.170887738,0.449569017,-0.245279178,-0.222848043,0.206763014,-0.171762556,-0.267737716,-0.032649245,-0.241398469,-0.118488908,0.001537058,0.001309275,-0.131533414,-0.375417382,0.163080558,-0.134914204,-0.681929827,0.417243361
7.066666667,0.007881261,0.572995543,-0.455250144,0.185417339,0.444026381,-0.229792967,0.228706881,0.214333579,-0.186490461,0.275633216,-0.030195365,-0.281319559,0.118185304,-0.000825839,0.000468684,0.123818688,-0.394833475,0.114513643,0.188430876,-0.668427169,0.365097433,-0.170971796,0.446094066,-0.251178801,-0.230563059,0.206730172,-0.178971604,-0.286840588,-0.032810245,-0.24401933,-0.118514769,0.001557057,0.000693037,-0.132005885,-0.375918925,0.160403892,-0.134191349,-0.681776345,0.413004816
7.083333333,0.00763472,0.562529504,-0.46718654,0.184534088,0.438629627,-0.2376405,0.232523099,0.212994322,-0.194258362,0.290789366,-0.033443104,-0.283721656,0.118238755,-0.000827624,0.001539071,0.123551153,-0.396468133,0.121632531,0.185410753,-0.668778956,0.37534833,-0.171977431,0.439024121,-0.264820188,-0.237769917,0.204289362,-0.198659584,-0.301849186,-0.03563536,-0.26117149,-0.118557826,0.001556592,-0.000343836,-0.133146912,-0.376874715,0.156732231,-0.134250715,-0.68176198,0.407872975
7.1,0.006805004,0.55883342,-0.475509882,0.182630315,0.434228778,-0.246040776,0.236553952,0.212048173,-0.207520321,0.30809772,-0.034796864,-0.298231512,0.118302837,-0.000751866,0.001892075,0.122901887,-0.395900339,0.131257743,0.183526605,-0.66683358,0.389351249,-0.174292848,0.434712708,-0.272199392,-0.246427104,0.203928605,-0.209881008,-0.317200661,-0.036120683,-0.275563449,-0.118609652,0.001476915,-0.000680219,-0.134808645,-0.376621276,0.157354027,-0.134543195,-0.679075599,0.40902251
7.116666667,0.008190171,0.556424081,-0.479171544,0.182751283,0.433389068,-0.253891349,0.247507587,0.212277055,-0.220101535,0.330417007,-0.033672575,-0.311238855,0.118369475,-0.000616125,0.001992192,0.122818947,-0.395519316,0.129910573,0.183076218,-0.663983166,0.392425001,-0.174504712,0.431708783,-0.279895931,-0.253137141,0.203931913,-0.22565718,-0.326794356,-0.036388095,-0.29195714,-0.11866691,0.001328407,-0.000780046,-0.136707544,-0.376099527,0.157448232,-0.134658635,-0.675321043,0.410368145
7.133333333,0.009436931,0.554795682,-0.477671295,0.18286097,0.433807105,-0.253311455,0.251804471,0.213234797,-0.22051473,0.338602036,-0.030767022,-0.314047873,0.118444346,-0.000499928,0.002253803,0.12366543,-0.39364773,0.120608971,0.181000695,-0.656786799,0.388758212,-0.17521131,0.431002229,-0.279028475,-0.265080869,0.204658598,-0.226610765,-0.345089555,-0.034886476,-0.295200914,-0.118731305,0.001205041,-0.001038032,-0.137331694,-0.372757047,0.150705725,-0.134668067,-0.666706562,0.407154739
7.15,0.009705123,0.554052353,-0.477489233,0.183081925,0.433863521,-0.256536126,0.255321681,0.213478774,-0.231002018,0.346925676,-0.026462926,-0.331040978,0.1184633,-0.000371739,0.002538119,0.123944126,-0.391493529,0.118303463,0.180585757,-0.651317239,0.388773978,-0.175308973,0.430260897,-0.277938843,-0.279082686,0.208209619,-0.226592898,-0.363880694,-0.028456246,-0.297809184,-0.118748486,0.001072035,-0.001310516,-0.137600079,-0.369699568,0.149516478,-0.134646699,-0.662495136,0.407269716
7.166666667,0.009695959,0.553207397,-0.478633881,0.183091804,0.433396518,-0.262442678,0.259858012,0.213709921,-0.244091541,0.355068058,-0.021389373,-0.344839007,0.118476868,-0.000232613,0.002548171,0.12349239,-0.3895486,0.118848808,0.179108933,-0.648619235,0.396047682,-0.17566973,0.428954333,-0.278754741,-0.290144026,0.211129025,-0.232211933,-0.382132679,-0.023176447,-0.307760566,-0.118758202,0.00092533,-0.001318741,-0.138574153,-0.366990954,0.150385529,-0.135176778,-0.660101593,0.407892406
7.183333333,0.009707548,0.552483499,-0.479355574,0.182992056,0.433589309,-0.26617384,0.269190103,0.218451634,-0.255121887,0.366403729,-0.005227468,-0.364073545,0.118480638,-6.05E-05,0.002370528,0.12221203,-0.389186382,0.121869348,0.178853825,-0.64880228,0.400641441,-0.175992772,0.429158807,-0.277308434,-0.298565298,0.217423156,-0.232307464,-0.394562393,-0.015379391,-0.31422165,-0.118757345,0.000748413,-0.001138048,-0.139889732,-0.365744621,0.157043695,-0.13518858,-0.660029173,0.415764123
7.2,0.00944571,0.545779765,-0.488598734,0.180920616,0.431265146,-0.275820822,0.272821248,0.218537718,-0.265903175,0.380911648,-0.003618152,-0.367049366,0.118390851,0.000175462,0.002432703,0.120019905,-0.388498843,0.140877232,0.173901558,-0.649038434,0.416352063,-0.177790701,0.424888521,-0.285362095,-0.305886179,0.217992246,-0.250422508,-0.405656695,-0.013474681,-0.334933728,-0.118659697,0.000504629,-0.001197818,-0.140995368,-0.362639666,0.167098597,-0.13665852,-0.65700376,0.424608469
7.216666667,0.009375641,0.543917775,-0.489049375,0.180862591,0.430460513,-0.277266175,0.28430301,0.220172778,-0.270737737,0.399432361,0.003088802,-0.369281679,0.118115433,0.000243421,0.002614973,0.118853606,-0.387822688,0.153485566,0.171038017,-0.649148226,0.42612952,-0.17776522,0.42398265,-0.288130462,-0.310734868,0.222676083,-0.261701852,-0.413786441,-0.001184729,-0.349328041,-0.118382812,0.000429042,-0.001388178,-0.141838536,-0.359642625,0.17530486,-0.138742313,-0.653960705,0.432077169
7.233333333,0.009382168,0.539719462,-0.494545192,0.180191502,0.429869324,-0.282481372,0.29318431,0.2240749,-0.283609897,0.414171845,0.014164866,-0.384752333,0.117950097,0.000380187,0.002701916,0.116688937,-0.387387931,0.160140172,0.164613694,-0.649183214,0.431191772,-0.178238884,0.424197704,-0.293019652,-0.318029791,0.233579993,-0.272392511,-0.427407682,0.018869067,-0.366817534,-0.118216582,0.000288372,-0.00147858,-0.14195317,-0.357385278,0.180234745,-0.139613405,-0.652107179,0.436730176
7.25,0.009406916,0.535921991,-0.505613506,0.178364113,0.427299917,-0.291450053,0.300531656,0.229721636,-0.298223555,0.426542014,0.026368612,-0.392576963,0.117718145,0.000502091,0.003150187,0.113969199,-0.382379234,0.188741773,0.158254281,-0.645920634,0.456318676,-0.179686651,0.419475824,-0.306559026,-0.327805936,0.238286734,-0.301247925,-0.45151186,0.025171841,-0.398535669,-0.117983215,0.000167247,-0.001945808,-0.143008098,-0.350111812,0.195490673,-0.142916784,-0.645647347,0.450729102
7.266666667,0.011398411,0.536655307,-0.50478816,0.178222328,0.42835018,-0.292259008,0.310400814,0.244013071,-0.302961498,0.440341651,0.041767158,-0.401669115,0.117563359,0.000815922,0.003131018,0.111127429,-0.380534232,0.190402195,0.154459834,-0.645500302,0.456057787,-0.179842144,0.419911325,-0.304301739,-0.33223787,0.254506052,-0.296102762,-0.466544151,0.05159479,-0.391096979,-0.117827699,-0.000155782,-0.001932979,-0.14446646,-0.348555893,0.201988414,-0.143204361,-0.645501316,0.456310004
7.283333333,0.012238449,0.537263572,-0.50638938,0.177552372,0.430686563,-0.293344736,0.322878629,0.26181221,-0.301241338,0.460902423,0.062097888,-0.395303279,0.117490858,0.001126534,0.003367266,0.108885534,-0.380146503,0.207187369,0.151930198,-0.645647109,0.466769367,-0.181229666,0.420271397,-0.306981236,-0.340799391,0.271606654,-0.301143587,-0.490934312,0.081960209,-0.397443533,-0.117755167,-0.000465777,-0.002189539,-0.146801233,-0.348189861,0.204484925,-0.14484559,-0.645845056,0.455215514
7.3,0.012393219,0.538038909,-0.506684542,0.177770764,0.431737423,-0.29533276,0.340417534,0.2713615,-0.303162813,0.486369669,0.075966112,-0.39451015,0.117467731,0.001158947,0.003607797,0.108621269,-0.380601525,0.206469074,0.151682734,-0.648352444,0.466814369,-0.18141368,0.420423448,-0.308935374,-0.34191978,0.289156675,-0.298661828,-0.506276488,0.115202792,-0.392496675,-0.117733642,-0.000498333,-0.002445428,-0.147881716,-0.348663449,0.201742396,-0.144790158,-0.64635241,0.45191139
7.316666667,0.012958474,0.538338959,-0.506154954,0.176502109,0.435735077,-0.293711752,0.342157722,0.284182787,-0.29854238,0.498797834,0.088311166,-0.393914133,0.117406063,0.00134443,0.004756208,0.108670525,-0.380770475,0.213162988,0.151940316,-0.649938762,0.471986651,-0.181812182,0.424157441,-0.308445573,-0.34341535,0.30843091,-0.300131112,-0.517195225,0.140375286,-0.393512517,-0.117671251,-0.000679523,-0.003617478,-0.148710117,-0.348964989,0.201419309,-0.144728214,-0.647076964,0.442768216
7.333333333,0.013952536,0.537840426,-0.513644218,0.174734995,0.436346471,-0.294732302,0.34180364,0.289418787,-0.29614982,0.507611156,0.101423852,-0.384335071,0.117309809,0.001537639,0.006689674,0.10790807,-0.380690545,0.221060887,0.149020746,-0.649723351,0.480122179,-0.183062539,0.42422232,-0.320453107,-0.362156838,0.314554244,-0.327736378,-0.537210643,0.147728711,-0.424053937,-0.117581494,-0.000860618,-0.005583841,-0.148828641,-0.349014014,0.200231954,-0.145114258,-0.646316826,0.443652362
7.35,0.01395434,0.538073421,-0.513296127,0.173783824,0.438639015,-0.294129103,0.344371736,0.295075834,-0.294952393,0.52151078,0.113462232,-0.383548677,0.117232874,0.001788976,0.007695288,0.108709641,-0.380712569,0.218872786,0.149389356,-0.649519503,0.478096724,-0.183280274,0.427708894,-0.318950593,-0.364572823,0.329201281,-0.322312802,-0.542354286,0.170038953,-0.416380078,-0.117508464,-0.001105055,-0.006600506,-0.148745149,-0.349243134,0.191782907,-0.14443931,-0.646386743,0.427486598
7.366666667,0.013897035,0.537434995,-0.51748091,0.173031926,0.438661963,-0.299283773,0.349477381,0.298248231,-0.302289218,0.535773098,0.122479469,-0.385307103,0.117109068,0.002051663,0.0077031,0.108751222,-0.379004687,0.22150068,0.148438215,-0.644332051,0.480942518,-0.183368057,0.428098947,-0.321127713,-0.374327034,0.334041327,-0.32273531,-0.558275402,0.177698657,-0.414643228,-0.117390558,-0.001356488,-0.006608322,-0.148208067,-0.348573893,0.195565358,-0.143362805,-0.644022524,0.434901983
7.383333333,0.013887309,0.537844121,-0.51719892,0.172858,0.439589292,-0.301831245,0.359593749,0.308167934,-0.305727631,0.551687658,0.137834996,-0.387763441,0.11696294,0.002299654,0.007471252,0.108785048,-0.376575083,0.219371483,0.147469804,-0.641408622,0.478080332,-0.183330476,0.429611623,-0.320449173,-0.379888922,0.341156304,-0.319577485,-0.565995932,0.185297534,-0.410420567,-0.117257334,-0.001597882,-0.006386804,-0.147768006,-0.348310113,0.201263279,-0.141706824,-0.643184006,0.447383344
7.4,0.015156383,0.537989914,-0.516359448,0.172846541,0.440552831,-0.301947623,0.369389325,0.316751212,-0.309987605,0.569376647,0.155284822,-0.391939223,0.116803877,0.002480659,0.007319521,0.108805962,-0.375224084,0.216834068,0.147271156,-0.637670815,0.476061314,-0.183327079,0.429759562,-0.320228457,-0.379338861,0.348498374,-0.325323641,-0.562611461,0.205516264,-0.422312379,-0.117096499,-0.001778092,-0.006243715,-0.146381721,-0.348070025,0.202865541,-0.138098419,-0.641761243,0.451766759
7.416666667,0.015315183,0.537051678,-0.519837081,0.172959849,0.440521568,-0.307698429,0.378175467,0.323105395,-0.317308754,0.580485642,0.168272629,-0.396744877,0.116681404,0.002592026,0.00660866,0.108374014,-0.372311294,0.216002613,0.145919904,-0.630988777,0.478394061,-0.183477685,0.429246396,-0.326578498,-0.392490566,0.352512151,-0.331404448,-0.586922824,0.212210581,-0.422841012,-0.116982251,-0.00188616,-0.00556619,-0.145973772,-0.346344143,0.210015953,-0.137041405,-0.636861622,0.464574933
7.433333333,0.018243788,0.534166574,-0.524373412,0.174299091,0.440506518,-0.309152365,0.387232542,0.334043026,-0.317143202,0.595680714,0.191308931,-0.395577759,0.116496384,0.002732829,0.005573867,0.108261727,-0.366630912,0.218515426,0.144434541,-0.622065902,0.483608007,-0.183978423,0.428933382,-0.331804991,-0.404942721,0.359248221,-0.336714298,-0.603527308,0.221853137,-0.426452547,-0.116801932,-0.002024578,-0.004555468,-0.145771518,-0.342520595,0.217436746,-0.135450959,-0.632209539,0.471360713
7.45,0.019870671,0.531768739,-0.525078773,0.176052973,0.442088187,-0.308648825,0.390936643,0.346527129,-0.316470474,0.60089016,0.211586714,-0.395585358,0.116366103,0.002764581,0.004620932,0.108528823,-0.364246339,0.217565566,0.144833982,-0.618257105,0.48207435,-0.183423713,0.43118602,-0.330844313,-0.400698036,0.372692466,-0.334169209,-0.595465362,0.243272051,-0.423680395,-0.116679601,-0.002056913,-0.003634601,-0.145675257,-0.341901034,0.216810137,-0.132789433,-0.631810486,0.470811218
7.466666667,0.020576773,0.531941235,-0.52438122,0.176695183,0.444838345,-0.307964116,0.391498953,0.355846196,-0.315322459,0.601903737,0.230041027,-0.394863337,0.116259046,0.002795139,0.004519368,0.109613113,-0.362858415,0.216621116,0.146573678,-0.616261959,0.481059909,-0.183225185,0.432899147,-0.329916775,-0.398853987,0.377568692,-0.333336025,-0.5951792,0.258765668,-0.422936797,-0.116575867,-0.00208741,-0.003542,-0.145595387,-0.341377467,0.216526195,-0.131181464,-0.63138926,0.469507784
7.483333333,0.019362092,0.536735117,-0.510769844,0.178001925,0.451439142,-0.300702095,0.399846107,0.366397887,-0.314680815,0.610764027,0.240691707,-0.395431131,0.116013013,0.002822059,0.004495953,0.112021931,-0.363081455,0.213374302,0.149826527,-0.617575407,0.479609877,-0.180813968,0.439791709,-0.31521979,-0.39708063,0.394953877,-0.332539499,-0.590533435,0.288963169,-0.435235083,-0.116324209,-0.00211328,-0.003523694,-0.145405307,-0.34125334,0.211982802,-0.130041659,-0.631603062,0.465142459
7.5,0.016772257,0.537064672,-0.503703356,0.178213567,0.457584351,-0.292150199,0.396919906,0.377572507,-0.305193424,0.605362594,0.258685142,-0.385363877,0.11579673,0.002842408,0.004402944,0.113068148,-0.36160171,0.212702006,0.151773825,-0.615178525,0.479275793,-0.179231733,0.445900857,-0.306858748,-0.395699352,0.407671064,-0.321974754,-0.594287395,0.308699608,-0.423227131,-0.116113208,-0.002134207,-0.003440982,-0.145332739,-0.33947438,0.210347533,-0.129344895,-0.630328894,0.464594722
7.516666667,0.01561742,0.541467726,-0.495789349,0.178208575,0.464961678,-0.283933759,0.393871307,0.388975382,-0.294874907,0.602802098,0.278099746,-0.37665236,0.115584105,0.002854753,0.00438026,0.115843683,-0.361495614,0.211186245,0.157307059,-0.616003692,0.47702989,-0.177021012,0.452877462,-0.298540533,-0.394412518,0.41735521,-0.307617486,-0.599050224,0.329001427,-0.400357753,-0.115911439,-0.002148187,-0.003423736,-0.145210683,-0.339119762,0.203460127,-0.129329666,-0.630561888,0.452253044
7.533333333,0.01382768,0.549069822,-0.483231604,0.178848416,0.469629854,-0.277753741,0.393728405,0.398782134,-0.289247274,0.608355999,0.296341419,-0.373936832,0.115419649,0.002717857,0.004359155,0.116942443,-0.361639678,0.208589613,0.160777658,-0.616307318,0.472536772,-0.171497077,0.460204393,-0.287066102,-0.39349246,0.436048836,-0.290215731,-0.599516749,0.365293682,-0.381891459,-0.115750015,-0.002024481,-0.003408073,-0.145059094,-0.338922173,0.193708584,-0.129371569,-0.631229341,0.437632769
7.55,0.013610644,0.557225287,-0.468315303,0.180298343,0.475025207,-0.266845793,0.395941943,0.41307959,-0.283294857,0.618806481,0.326623499,-0.374383301,0.115259677,0.002650782,0.004351242,0.118471347,-0.362378091,0.201207906,0.162744984,-0.619223952,0.463383943,-0.167102247,0.466771901,-0.273528725,-0.387479335,0.44844532,-0.289954603,-0.591338992,0.394887328,-0.390099257,-0.115587495,-0.001972498,-0.003402898,-0.145029262,-0.338964045,0.181967035,-0.129517227,-0.633583307,0.42304033
7.566666667,0.013413303,0.558053792,-0.471002907,0.181286633,0.474868506,-0.268750012,0.398434162,0.419598609,-0.284244716,0.625149667,0.340629607,-0.374723941,0.115112275,0.002424131,0.00401089,0.118692666,-0.362514228,0.195007682,0.162650838,-0.619361341,0.459796548,-0.166049838,0.466194034,-0.277033269,-0.387335807,0.452352136,-0.291662157,-0.591474891,0.411661685,-0.391697377,-0.115433484,-0.001760334,-0.003078518,-0.14490746,-0.338563114,0.181869164,-0.12946181,-0.633606255,0.424613863
7.583333333,0.015691359,0.561385453,-0.465748578,0.183160529,0.477987945,-0.263788968,0.405283391,0.432294011,-0.284337103,0.636580884,0.358902216,-0.379080683,0.115005977,0.002426037,0.003977882,0.120222948,-0.362608433,0.186726406,0.163634419,-0.619589746,0.454727769,-0.163220942,0.469119579,-0.270515949,-0.379738271,0.460122615,-0.292672455,-0.576981902,0.425016195,-0.402010888,-0.115320385,-0.001765545,-0.003051624,-0.144606397,-0.338521779,0.174176782,-0.129061341,-0.633679509,0.417811573
7.6,0.015974116,0.560759008,-0.46841383,0.183200091,0.478373498,-0.265250474,0.408692747,0.440577716,-0.284731209,0.638771713,0.366146356,-0.376934409,0.114840887,0.002384863,0.003448369,0.120176814,-0.360856384,0.176493108,0.163828358,-0.615403235,0.449554563,-0.163264319,0.468613297,-0.273647994,-0.381565809,0.464967817,-0.292625755,-0.596942365,0.432385087,-0.390764832,-0.115152344,-0.001731008,-0.002532152,-0.144206062,-0.335126668,0.1756569,-0.128080666,-0.630077004,0.419374138
7.616666667,0.015921813,0.560461938,-0.469937474,0.183187991,0.478634447,-0.26627478,0.414714456,0.449108362,-0.285606533,0.644498169,0.376513243,-0.376546293,0.114713483,0.00236731,0.002481504,0.120256491,-0.360437483,0.168759272,0.163918361,-0.614451468,0.44446677,-0.163128644,0.468485624,-0.275130719,-0.381794274,0.470104843,-0.292339653,-0.597213089,0.447654247,-0.389466405,-0.115021765,-0.001717275,-0.001572545,-0.143260986,-0.334268004,0.176394954,-0.127095327,-0.629490733,0.420756131
7.633333333,0.014523291,0.560084939,-0.469670773,0.183611661,0.478439212,-0.267043591,0.419782162,0.451492488,-0.287208587,0.648504078,0.380250961,-0.376515716,0.114546895,0.00228897,0.001349389,0.120517805,-0.360216349,0.164409935,0.164217755,-0.614365995,0.440648735,-0.162206486,0.468582481,-0.27486062,-0.381788522,0.478986502,-0.290218711,-0.595660746,0.465597808,-0.385426551,-0.114852473,-0.001646488,-0.000459552,-0.142583758,-0.333510816,0.176649451,-0.125255644,-0.628643036,0.426057309
7.65,0.012332772,0.56514734,-0.465005666,0.183602974,0.479328394,-0.266233534,0.418870091,0.458108842,-0.286505938,0.647858381,0.394129008,-0.368965894,0.114445835,0.002116503,0.000210315,0.120773084,-0.359517187,0.157651022,0.164536014,-0.613860965,0.436901003,-0.16189158,0.469217539,-0.273009509,-0.385070652,0.478674054,-0.283697844,-0.602998853,0.463857651,-0.370298028,-0.114752471,-0.001482278,0.00067179,-0.142465159,-0.332250625,0.17719914,-0.124905214,-0.62773025,0.430007786
7.666666667,0.011668652,0.57240963,-0.456524611,0.18359521,0.480753183,-0.260515004,0.418381393,0.46241346,-0.280018479,0.648269594,0.406264544,-0.357596666,0.114372022,0.001998034,-0.000825678,0.121377461,-0.358850777,0.141233772,0.164979368,-0.613447785,0.422515064,-0.161712959,0.470583588,-0.268417269,-0.387413085,0.478702247,-0.278728902,-0.603612483,0.471387208,-0.363694489,-0.114684254,-0.001371679,0.001704175,-0.142349869,-0.332049817,0.177763507,-0.124866545,-0.627668798,0.433450609
7.683333333,0.01164596,0.57645148,-0.455025822,0.183392107,0.481730938,-0.259247035,0.417346448,0.466108322,-0.277653754,0.646449208,0.41524142,-0.349231601,0.114313342,0.001895671,-0.001570135,0.121698171,-0.358378112,0.136757419,0.165139228,-0.613474786,0.418363929,-0.161621884,0.471162528,-0.268677205,-0.389872432,0.47645694,-0.279765755,-0.613394797,0.473753214,-0.365500063,-0.114633113,-0.00127273,0.002438559,-0.142299324,-0.331972837,0.178157955,-0.124814838,-0.627721488,0.436994582
7.7,0.011682105,0.576536655,-0.456040353,0.183393359,0.481996655,-0.259454697,0.417807549,0.466647625,-0.277457654,0.646857858,0.413818598,-0.347349882,0.114232123,0.001816068,-0.001935528,0.122353666,-0.357756466,0.13861464,0.165269464,-0.613366842,0.418426663,-0.161085218,0.471088141,-0.269405305,-0.391156673,0.47509557,-0.28055355,-0.618986666,0.475255817,-0.366708517,-0.114560015,-0.001194072,0.002797011,-0.142244846,-0.331841946,0.179681018,-0.124659814,-0.627686024,0.443400264
7.716666667,0.012962051,0.575969875,-0.456279308,0.183591485,0.482533187,-0.258298904,0.417664528,0.466172516,-0.276016653,0.646025419,0.413859695,-0.345737785,0.114189893,0.001722521,-0.002030458,0.122843996,-0.357544452,0.135911167,0.165569678,-0.613188505,0.414998859,-0.159913734,0.471509755,-0.269724995,-0.391330063,0.474583387,-0.281128883,-0.619888306,0.474671662,-0.367670357,-0.114523835,-0.001101739,0.002888631,-0.142191768,-0.331868231,0.17992492,-0.124366082,-0.627684951,0.446132779
7.733333333,0.014330039,0.575570345,-0.456004053,0.183670089,0.482727081,-0.256837964,0.417630553,0.466448516,-0.273805052,0.645786345,0.415020168,-0.343598247,0.114151798,0.001675277,-0.002039694,0.123298563,-0.357293338,0.135539308,0.165651441,-0.612933457,0.414506465,-0.159923017,0.471883625,-0.270045787,-0.392484665,0.475101292,-0.281453371,-0.621610463,0.473220468,-0.368584394,-0.114489511,-0.001056443,0.002896925,-0.141981184,-0.331837744,0.180062413,-0.123726606,-0.627647638,0.447333992
7.75,0.0157106,0.575037181,-0.456160963,0.183577314,0.483071059,-0.256901801,0.415641189,0.466436297,-0.273803025,0.644193292,0.415709555,-0.343768299,0.114108473,0.001630723,-0.002016143,0.123278223,-0.357277125,0.137371153,0.165658638,-0.612968445,0.415794581,-0.159633562,0.472007185,-0.270761281,-0.392455071,0.474159092,-0.284395695,-0.62421757,0.469564199,-0.369683653,-0.114451542,-0.001010319,0.002871268,-0.141929135,-0.331785172,0.180499077,-0.123457901,-0.627603412,0.448171496
7.766666667,0.01673794,0.574570119,-0.456681132,0.183979958,0.483329982,-0.256819457,0.415465027,0.465428621,-0.273907751,0.643785179,0.413585961,-0.344746798,0.114075184,0.00157361,-0.002050682,0.123330176,-0.357635558,0.137948126,0.166847751,-0.614320993,0.416944772,-0.15862523,0.472837001,-0.270795345,-0.391115636,0.475218505,-0.2842471,-0.622745693,0.469838649,-0.369766235,-0.114418119,-0.00095282,0.002904429,-0.141811296,-0.331832975,0.180714637,-0.123225383,-0.627983928,0.446961999
7.783333333,0.016952241,0.574223876,-0.456567168,0.184084892,0.483794689,-0.255930394,0.414946496,0.465156913,-0.272970408,0.643578351,0.414434016,-0.345445603,0.114041172,0.001496635,-0.00212949,0.123742804,-0.357958049,0.13919577,0.168117255,-0.615240395,0.415623158,-0.15761514,0.474033952,-0.269574165,-0.389804512,0.4749901,-0.28132984,-0.621727943,0.467667192,-0.366773605,-0.114384137,-0.000876129,0.002981722,-0.14161177,-0.332045794,0.1808815,-0.122818291,-0.628343761,0.446912378
7.8,0.018096479,0.574004114,-0.456761628,0.184164822,0.483827919,-0.2556234,0.414841712,0.464992791,-0.272591293,0.643285871,0.415439039,-0.345808476,0.114009641,0.001466072,-0.002142043,0.124016494,-0.358622342,0.139866605,0.168966785,-0.616828978,0.416272581,-0.157644212,0.474448711,-0.269395918,-0.389647245,0.475182861,-0.280971557,-0.620249391,0.466906965,-0.367063612,-0.114353612,-0.000847094,0.002994118,-0.141574934,-0.332188457,0.180844724,-0.12264134,-0.628738701,0.445292503
7.816666667,0.01974551,0.576778114,-0.451552272,0.184369132,0.4853625,-0.249679521,0.414496511,0.467099994,-0.265483826,0.643047571,0.418984711,-0.344902486,0.113979496,0.001438255,-0.002130219,0.124533765,-0.359265834,0.139862731,0.169818997,-0.618005455,0.414629519,-0.157551795,0.476653844,-0.263742119,-0.38957727,0.477171272,-0.274203449,-0.618554235,0.466184229,-0.361959636,-0.11432457,-0.000823406,0.002982015,-0.14155224,-0.332545936,0.178152591,-0.122699328,-0.629632235,0.439128906
7.833333333,0.019973909,0.576955914,-0.449936539,0.184396103,0.486416847,-0.247214109,0.413858533,0.467385739,-0.262424469,0.642853498,0.41910845,-0.34518376,0.113951832,0.001369559,-0.002172688,0.12454994,-0.359881848,0.140436068,0.1701435,-0.618971169,0.415004879,-0.157471836,0.478871882,-0.260394871,-0.389079928,0.476920724,-0.267175585,-0.616626859,0.464582503,-0.355546415,-0.114297986,-0.000757774,0.003024788,-0.141530052,-0.332904369,0.178266719,-0.122769699,-0.630070984,0.439208508
7.85,0.020020626,0.576785386,-0.450051308,0.184333071,0.486992896,-0.246275321,0.41274327,0.467091292,-0.26078853,0.642774224,0.417749375,-0.344820261,0.113927037,0.001343987,-0.002183464,0.1244433,-0.360107809,0.141309202,0.170136064,-0.619390368,0.415269822,-0.157538995,0.479717433,-0.260216147,-0.388904184,0.476753265,-0.267045438,-0.616318166,0.464088112,-0.355496556,-0.114274018,-0.000732297,0.003035475,-0.141510516,-0.333040774,0.178742915,-0.122845426,-0.630270123,0.440133125
7.866666667,0.019931242,0.577475667,-0.445806116,0.184365675,0.488591015,-0.242609218,0.412489861,0.467234045,-0.257208824,0.642648518,0.416858673,-0.344174296,0.113916747,0.001311983,-0.002226883,0.12436974,-0.360349149,0.138866425,0.170225203,-0.619408011,0.411225021,-0.157448605,0.481362343,-0.256069124,-0.387902468,0.478746027,-0.261120319,-0.613955379,0.464866579,-0.349132419,-0.114267185,-0.000702115,0.003082755,-0.141605869,-0.333416581,0.178282887,-0.123104185,-0.630514443,0.439640939
7.883333333,0.020223066,0.578351736,-0.445467293,0.184466526,0.489110529,-0.242247149,0.412322164,0.46704033,-0.257248223,0.642443955,0.416271061,-0.344283372,0.113897465,0.001292898,-0.002230055,0.124509007,-0.360841244,0.13866888,0.170568049,-0.620036304,0.410017282,-0.157328159,0.482021719,-0.256042004,-0.387743384,0.4786084,-0.261796743,-0.612965107,0.463679701,-0.350119591,-0.114249304,-0.000684508,0.00308707,-0.141518399,-0.333669662,0.17826061,-0.12291754,-0.63067019,0.439572126
7.9,0.020196997,0.578343987,-0.446659923,0.184485599,0.48904115,-0.243230328,0.412245423,0.465676844,-0.257436395,0.642349005,0.414134234,-0.344273984,0.113879912,0.001252716,-0.002394682,0.124489151,-0.360831529,0.13963373,0.170497641,-0.619989634,0.412376821,-0.15733695,0.481928706,-0.256697208,-0.387953252,0.470864981,-0.262208581,-0.613380969,0.452494115,-0.350768656,-0.114233404,-0.000642129,0.003253616,-0.141499415,-0.333681166,0.179195166,-0.122749649,-0.630515575,0.440723419
7.916666667,0.020354845,0.579255342,-0.446815759,0.184552386,0.488954097,-0.243339121,0.412195981,0.464698046,-0.257861525,0.64225471,0.412718236,-0.34366864,0.11386203,0.001224126,-0.002433308,0.124518707,-0.360561043,0.142295152,0.17049545,-0.619876504,0.417356759,-0.157600343,0.4815346,-0.257198662,-0.389504313,0.467379123,-0.2628223,-0.614382207,0.44588986,-0.352012008,-0.114215918,-0.000613457,0.003291117,-0.141538247,-0.333640903,0.180188522,-0.122739919,-0.630421817,0.441787839
7.933333333,0.020341773,0.579286814,-0.447018862,0.184397027,0.488919973,-0.243665799,0.412083834,0.464268923,-0.258305341,0.642178118,0.411598027,-0.344624341,0.113832742,0.00120779,-0.00246622,0.124546543,-0.360294878,0.142562523,0.170430034,-0.619431078,0.418089837,-0.15831922,0.481324285,-0.257455081,-0.389559239,0.467513353,-0.263464093,-0.614233375,0.446269453,-0.352634817,-0.114185423,-0.000598399,0.003325842,-0.141551688,-0.333540887,0.180317611,-0.122775197,-0.630241811,0.441905171
7.95,0.020334413,0.579051375,-0.448560536,0.184396893,0.488544703,-0.245685995,0.412187845,0.463538319,-0.260755986,0.642179787,0.409036696,-0.347268254,0.113807127,0.001193733,-0.002474365,0.124565244,-0.360226393,0.144447401,0.170442805,-0.619364858,0.42021504,-0.158623829,0.480689704,-0.258683592,-0.389327496,0.467572242,-0.26427719,-0.612468779,0.446395516,-0.353483737,-0.114159435,-0.000585534,0.003334153,-0.1415741,-0.333445966,0.18035382,-0.122793488,-0.630075157,0.441526949
7.966666667,0.020010462,0.579098284,-0.448736101,0.184414938,0.48824051,-0.247894511,0.412731081,0.46336171,-0.264235139,0.642211378,0.407293499,-0.351006061,0.113747597,0.001167723,-0.002538904,0.124516144,-0.360116184,0.147132322,0.170466706,-0.61932081,0.424117714,-0.158659369,0.48015517,-0.258861452,-0.389310598,0.467660695,-0.26447469,-0.611496806,0.446414411,-0.353611976,-0.114097014,-0.000562299,0.003396694,-0.141669527,-0.333294839,0.180383503,-0.122814409,-0.629957378,0.441044211
7.983333333,0.019925589,0.579530716,-0.448005646,0.184416264,0.488208026,-0.248048753,0.413209528,0.463324159,-0.265067935,0.642491639,0.406597674,-0.352882177,0.113703392,0.001152983,-0.002580759,0.124427006,-0.359879553,0.147143289,0.170478538,-0.618638873,0.424353212,-0.158894286,0.480089903,-0.258354247,-0.389298737,0.471068263,-0.262647033,-0.610872805,0.449107617,-0.350693852,-0.114050053,-0.000548749,0.003438171,-0.141761467,-0.333150119,0.180347934,-0.122833133,-0.629793048,0.440987855
8,0.019916702,0.57951355,-0.448122323,0.184399843,0.488092333,-0.248768747,0.413308352,0.463278711,-0.265860438,0.642479122,0.405626714,-0.353025019,0.11366085,0.0011406,-0.002639882,0.124365069,-0.359669656,0.147542864,0.170487002,-0.618264019,0.425348967,-0.15916501,0.480043352,-0.258477628,-0.389601111,0.471232802,-0.262753785,-0.611022174,0.448807031,-0.350871533,-0.114006944,-0.000537804,0.003497267,-0.141845495,-0.333088547,0.180399656,-0.122882187,-0.629774988,0.440962225
8.016666667,0.019268379,0.57981652,-0.448242903,0.184447616,0.488001287,-0.249621734,0.413399756,0.462540358,-0.265932173,0.642545938,0.404250622,-0.352335066,0.11364121,0.001095929,-0.002780793,0.124348894,-0.359469444,0.150351644,0.170480967,-0.6182549,0.427491337,-0.15931353,0.479959756,-0.258909523,-0.391388267,0.467618138,-0.263110608,-0.613492966,0.439549923,-0.352285445,-0.113987811,-0.000493575,0.003633624,-0.141906425,-0.333081484,0.181069002,-0.122949585,-0.629906297,0.44089517
8.033333333,0.019207733,0.578137577,-0.452805489,0.184757262,0.486983836,-0.252679765,0.413524568,0.459759891,-0.267797023,0.642532468,0.399675727,-0.352870882,0.113602482,0.001048226,-0.002884889,0.124363109,-0.359251022,0.154442996,0.170456156,-0.618208647,0.430319995,-0.159112453,0.479297847,-0.261224329,-0.391367733,0.464681089,-0.265193105,-0.613338828,0.433259726,-0.355803639,-0.113950841,-0.000444771,0.003731913,-0.141936079,-0.33311227,0.182711884,-0.12296176,-0.630027652,0.44135651
8.05,0.020625019,0.577176988,-0.455357552,0.185008183,0.48686552,-0.253402174,0.413520336,0.458313167,-0.268029988,0.642549753,0.396077603,-0.353557765,0.113556281,0.001019706,-0.002963691,0.124222934,-0.359138727,0.157793313,0.170483902,-0.618262231,0.430973619,-0.159067139,0.479145378,-0.262245804,-0.391614377,0.461038649,-0.266019285,-0.613467693,0.423128307,-0.357432395,-0.113907933,-0.000416503,0.003803174,-0.141985536,-0.333153188,0.183680758,-0.123023681,-0.630585849,0.441361248
8.066666667,0.021094328,0.576441765,-0.456058562,0.185242236,0.486625254,-0.253686517,0.413408667,0.455739051,-0.268044025,0.642367959,0.392863393,-0.353894413,0.113506049,0.00097584,-0.002994933,0.124261886,-0.358992666,0.157909915,0.170768425,-0.618238688,0.431204289,-0.158979282,0.478993952,-0.262438089,-0.391590953,0.457342774,-0.266149819,-0.611307681,0.417483181,-0.357470363,-0.113860577,-0.000373877,0.003830696,-0.141985461,-0.33318764,0.183797777,-0.122929052,-0.630606949,0.441358894
8.083333333,0.021205602,0.577313721,-0.455113292,0.185268939,0.486509532,-0.253808349,0.412237138,0.454565644,-0.26845178,0.641390264,0.392838866,-0.357170165,0.113469303,0.000960293,-0.002965628,0.124683917,-0.359060913,0.157287881,0.171084896,-0.618847609,0.430845708,-0.158985853,0.478956372,-0.262251735,-0.391106546,0.457487106,-0.26539132,-0.606468558,0.418709129,-0.35674414,-0.113823541,-0.000359229,0.003800599,-0.14188613,-0.33369872,0.181480616,-0.123077758,-0.631750703,0.436843425
8.1,0.020962313,0.578584909,-0.454154313,0.185225934,0.486373842,-0.253897667,0.409495026,0.45265314,-0.269180298,0.639296949,0.38999036,-0.360584646,0.113376513,0.000945858,-0.002661301,0.125044271,-0.359050214,0.158772305,0.171248734,-0.619322062,0.431488842,-0.15888992,0.478925616,-0.262091547,-0.390327811,0.457727551,-0.264651626,-0.603556752,0.414741933,-0.355348408,-0.113733165,-0.000345469,0.003491749,-0.14185828,-0.334102243,0.180747792,-0.123270571,-0.633072495,0.434919804
8.116666667,0.021063788,0.578525245,-0.454117864,0.18541269,0.485879034,-0.254512548,0.406759709,0.446538329,-0.270475149,0.637520254,0.378561318,-0.365391821,0.113339573,0.00093003,-0.001918727,0.125590652,-0.359427571,0.16187869,0.171401843,-0.620864272,0.432167113,-0.158126324,0.47888878,-0.262125582,-0.386957556,0.457054794,-0.264686912,-0.597536981,0.402729422,-0.355399758,-0.113696866,-0.000331263,0.002752516,-0.141861245,-0.334753662,0.179666981,-0.1235044,-0.634698868,0.432890415
8.133333333,0.020952461,0.577658772,-0.455360532,0.185415879,0.484102845,-0.25766176,0.401022017,0.437962145,-0.274755657,0.631792486,0.366799176,-0.371261328,0.113297388,0.000919529,-0.001194968,0.125565737,-0.359620661,0.169097871,0.171073899,-0.621819735,0.435685396,-0.157927603,0.477594972,-0.263421893,-0.379749894,0.448254228,-0.266584605,-0.585434377,0.375614315,-0.359824717,-0.113654986,-0.000321952,0.002033677,-0.141877502,-0.334896803,0.179740563,-0.123580188,-0.635166824,0.432967514
8.15,0.020836325,0.574742019,-0.462589175,0.185198575,0.482549787,-0.261090517,0.395594567,0.430193543,-0.275259793,0.624692798,0.3519243,-0.370561451,0.113269635,0.000901351,-0.00076609,0.124974675,-0.359900087,0.175708115,0.170900851,-0.623212039,0.439470917,-0.157807082,0.475608677,-0.268676698,-0.37773186,0.434515417,-0.271888226,-0.581889272,0.347603947,-0.363580018,-0.11363104,-0.000301478,0.001601937,-0.142077863,-0.335731089,0.181627855,-0.123728156,-0.636272609,0.434144348
8.166666667,0.020742459,0.572415054,-0.464577973,0.185153872,0.481087983,-0.261949152,0.393988669,0.417297482,-0.274562687,0.619134784,0.325989455,-0.366951585,0.113247581,0.000889096,-0.00043381,0.124964423,-0.360031188,0.182648227,0.171792805,-0.623776972,0.443968654,-0.157625586,0.473399758,-0.269678265,-0.373440593,0.418605238,-0.27215144,-0.576798141,0.32064864,-0.363530099,-0.113610029,-0.00028925,0.001263713,-0.141661152,-0.336817384,0.185258016,-0.123583443,-0.637190104,0.438361675
8.183333333,0.020726677,0.570340514,-0.465699703,0.1849363,0.479900122,-0.262458444,0.391649246,0.404814452,-0.27395013,0.612205863,0.299390495,-0.366237223,0.113236189,0.000905827,-0.000250539,0.125242561,-0.360122234,0.185556218,0.174067557,-0.624460757,0.445865273,-0.157636881,0.47248739,-0.269660115,-0.369146436,0.4125503,-0.271128118,-0.569059551,0.30328393,-0.361093551,-0.113601655,-0.000303981,0.001075407,-0.140512228,-0.338207424,0.187891409,-0.122346863,-0.638642192,0.441853702
8.2,0.020956984,0.565943182,-0.478656948,0.184700698,0.475565791,-0.270596743,0.390747279,0.394892603,-0.276290894,0.610588312,0.284441113,-0.366314024,0.113222651,0.000963755,-2.11E-05,0.124889135,-0.360260129,0.194912121,0.174131557,-0.626047254,0.451672882,-0.158003673,0.468328595,-0.28037852,-0.369744986,0.400839001,-0.281638861,-0.571397781,0.279240459,-0.37207067,-0.113591805,-0.000355157,0.00083815,-0.140506774,-0.339156389,0.193445921,-0.122555241,-0.639817834,0.446044683
8.216666667,0.021071933,0.564970851,-0.487507969,0.184118032,0.471362263,-0.277055383,0.390424073,0.386310905,-0.277581215,0.610558391,0.270083666,-0.366024643,0.113219827,0.001129157,3.07E-05,0.123620018,-0.360250026,0.201377541,0.173500597,-0.627236247,0.459008873,-0.162564158,0.464862853,-0.292762846,-0.382228374,0.3911798,-0.298139274,-0.587251186,0.252424747,-0.390940249,-0.113594607,-0.000504962,0.000788225,-0.140626609,-0.339724928,0.200906083,-0.123174228,-0.641152322,0.451831788
8.233333333,0.021212986,0.562670529,-0.498299211,0.183443099,0.463074178,-0.287762702,0.390508682,0.375378847,-0.286796898,0.610049486,0.257037014,-0.369243532,0.113224179,0.001274935,0.000193777,0.121681735,-0.360408187,0.206992567,0.171845391,-0.62725842,0.469768286,-0.169500619,0.458104879,-0.308251739,-0.39117974,0.38231042,-0.316292375,-0.589256585,0.236514062,-0.411025703,-0.113601886,-0.000640156,0.000637959,-0.140705124,-0.3397955,0.207219988,-0.124010012,-0.641048908,0.4593485
8.25,0.021189097,0.560748219,-0.502485275,0.182018444,0.458974272,-0.292855531,0.388588786,0.367040604,-0.292054027,0.607616901,0.242939442,-0.373632371,0.113227688,0.001442969,0.000201914,0.120332748,-0.360630691,0.210208088,0.171269342,-0.627275169,0.473994493,-0.17258209,0.454361796,-0.310701728,-0.391531885,0.376084775,-0.315752983,-0.589472711,0.224333599,-0.408855915,-0.113608517,-0.000796072,0.000630957,-0.140695676,-0.339797854,0.213147178,-0.124160878,-0.640780985,0.467197865
8.266666667,0.019898701,0.560717225,-0.499308348,0.181041583,0.458249509,-0.294541031,0.388446689,0.357919097,-0.29973352,0.604549944,0.218211919,-0.388249904,0.113253132,0.001800178,0.000151788,0.118185893,-0.360933453,0.210335806,0.171225488,-0.627274215,0.472852349,-0.172919124,0.453678846,-0.306972414,-0.381546736,0.373905718,-0.310151696,-0.570162177,0.219417602,-0.396788239,-0.113636263,-0.001142466,0.00069671,-0.140219659,-0.340398073,0.215433106,-0.124168344,-0.640947998,0.469715089
8.283333333,0.019414518,0.560889482,-0.497257799,0.179817855,0.457920849,-0.293463796,0.385881037,0.348316938,-0.299638033,0.595248222,0.1965096,-0.389357775,0.113281436,0.002221631,0.000170642,0.117267333,-0.36061722,0.213224322,0.171003774,-0.625893056,0.476108253,-0.173373163,0.453204632,-0.304651737,-0.375307858,0.369901955,-0.308991194,-0.556707144,0.208575487,-0.395522386,-0.113667764,-0.001549593,0.000683872,-0.139905348,-0.340456724,0.217628479,-0.124194741,-0.640689433,0.474568725
8.3,0.017151121,0.56102705,-0.499349326,0.178025052,0.45621112,-0.295924127,0.381644785,0.338123173,-0.299268514,0.583724558,0.185583934,-0.387849659,0.113362044,0.002444282,0.000139113,0.115714766,-0.360881567,0.212161154,0.169557437,-0.626398742,0.475206196,-0.17526871,0.45145458,-0.305796832,-0.375500441,0.356454134,-0.308054596,-0.559156001,0.191736832,-0.397594094,-0.113754719,-0.001756509,0.000726964,-0.139970466,-0.341226786,0.2177964,-0.126227528,-0.640798986,0.474345565
8.316666667,0.012069261,0.563404799,-0.498215526,0.176933169,0.455413431,-0.297584802,0.376127511,0.330179781,-0.301959723,0.570894539,0.169417709,-0.389334232,0.113439895,0.002527792,0.00014934,0.114457592,-0.361786783,0.211449087,0.168642223,-0.627930403,0.474124372,-0.176643699,0.449934483,-0.304569393,-0.373449445,0.348999053,-0.305839092,-0.557574928,0.182514206,-0.395202577,-0.113831751,-0.00183546,0.000723024,-0.140755817,-0.341879308,0.21692197,-0.129685789,-0.64097929,0.473219842
8.333333333,0.01125464,0.567789853,-0.495879114,0.176363528,0.45554769,-0.296884388,0.366259873,0.321940392,-0.301560342,0.553967774,0.155395642,-0.388400853,0.113479488,0.002542928,0.000521596,0.114017345,-0.364111006,0.210823745,0.167539477,-0.633570313,0.473937154,-0.17682527,0.449783385,-0.301767975,-0.366510957,0.344001949,-0.297946572,-0.54672575,0.180783883,-0.389797211,-0.11386776,-0.001851983,0.000373257,-0.141355053,-0.343482912,0.215183765,-0.131897688,-0.641949713,0.469606996
8.35,0.010415085,0.568211854,-0.496578187,0.175123394,0.453869283,-0.296200126,0.356271774,0.313248247,-0.300860256,0.539240181,0.143504694,-0.388501942,0.113567188,0.002571394,0.001040254,0.113714464,-0.36479038,0.211485878,0.165987253,-0.634346902,0.476100028,-0.178117573,0.44798556,-0.301303029,-0.364076376,0.333551019,-0.297520846,-0.540218532,0.159180209,-0.389583975,-0.113954119,-0.001878381,-0.000113641,-0.141501784,-0.34334445,0.214683488,-0.132124513,-0.640130043,0.469766498
8.366666667,0.0089019,0.56806016,-0.496286988,0.174607322,0.451532722,-0.296290398,0.349616885,0.303522766,-0.30129391,0.526845336,0.127494097,-0.391067505,0.11365322,0.002470851,0.001123746,0.113415763,-0.366521686,0.211120605,0.165605977,-0.636906981,0.475430012,-0.178776726,0.44533053,-0.300992519,-0.356212884,0.325521499,-0.289306074,-0.531302989,0.154799074,-0.381184965,-0.114030264,-0.001781229,-0.000185386,-0.141605452,-0.343560874,0.21430707,-0.132444024,-0.64010638,0.469369084
8.383333333,0.008315971,0.565461934,-0.499135375,0.174150065,0.447371125,-0.300234199,0.347584605,0.294143468,-0.307676196,0.521478772,0.110344,-0.406099617,0.113759153,0.0024555,0.001133203,0.112884231,-0.370053589,0.210430324,0.165331215,-0.643083751,0.474328935,-0.179903209,0.443443805,-0.300669312,-0.346785456,0.316064537,-0.276900172,-0.519851923,0.138416499,-0.367017567,-0.114129208,-0.001767903,-0.000193197,-0.142740265,-0.344329327,0.214038521,-0.133645833,-0.641674638,0.469137847
8.4,0.008138239,0.562273324,-0.502263963,0.173664629,0.444087237,-0.303747892,0.346766651,0.288490236,-0.313184768,0.512115836,0.098752402,-0.416130245,0.113852225,0.002443386,0.000931737,0.110717237,-0.371907562,0.210268915,0.164653704,-0.646498799,0.473776758,-0.182038054,0.440037459,-0.300416827,-0.342762053,0.304775178,-0.271522939,-0.506099761,0.122934468,-0.36269623,-0.114215992,-0.001759125,2.54E-05,-0.143740371,-0.344739914,0.215469733,-0.13621977,-0.642910063,0.469928175
8.416666667,0.007857258,0.556460738,-0.505061924,0.173003525,0.440578282,-0.303564638,0.340716243,0.27937305,-0.312370479,0.495292842,0.087191157,-0.413662672,0.113968909,0.002438508,0.001193027,0.109622754,-0.373318672,0.210252628,0.163265362,-0.64802891,0.473371148,-0.18393527,0.434707135,-0.303106189,-0.340170145,0.287495017,-0.274250388,-0.489180952,0.09392675,-0.368342161,-0.114329189,-0.001755649,-0.000218058,-0.144908279,-0.345316321,0.21526809,-0.141744837,-0.64348346,0.469588995
8.433333333,0.006924907,0.547717392,-0.507877052,0.171544299,0.436153293,-0.303844213,0.33017844,0.266191006,-0.31314981,0.480208784,0.067202903,-0.416240901,0.114057451,0.002440146,0.001801044,0.108744524,-0.374161214,0.211203396,0.162288889,-0.648079693,0.475159705,-0.186366603,0.428779662,-0.306563854,-0.336762398,0.27097702,-0.281556815,-0.474124461,0.064852335,-0.377206534,-0.114414603,-0.001758892,-0.000806225,-0.146326855,-0.345407158,0.214657187,-0.147359416,-0.643469214,0.46828872
8.45,0.006960324,0.546233296,-0.507746279,0.171404883,0.434221685,-0.303505749,0.322169125,0.25881806,-0.312678099,0.468498319,0.056408528,-0.416871846,0.114145018,0.00245748,0.002502351,0.10868226,-0.374482453,0.211386964,0.162141204,-0.648329675,0.475395113,-0.186619267,0.426802218,-0.307280749,-0.32982567,0.262991339,-0.285124213,-0.456689715,0.049590215,-0.381245077,-0.114500985,-0.001779923,-0.001485496,-0.146723479,-0.34553805,0.213257432,-0.148976028,-0.643542051,0.466117591
8.466666667,0.006738849,0.545762241,-0.507344186,0.171408862,0.432587802,-0.303289622,0.318315804,0.251134187,-0.311485261,0.459591687,0.048843011,-0.415427953,0.114364415,0.002483699,0.002496008,0.109661855,-0.375776857,0.198390186,0.163760513,-0.650622845,0.458744913,-0.186830595,0.426996499,-0.30652383,-0.321446717,0.254682779,-0.279858768,-0.443473607,0.041441146,-0.377081484,-0.11471279,-0.001809439,-0.001471805,-0.146769151,-0.346876591,0.208439305,-0.148484677,-0.646638811,0.459214598
8.483333333,0.006383752,0.545835853,-0.506883979,0.171431333,0.431274176,-0.302064419,0.315658778,0.246023759,-0.308231413,0.450406164,0.043364119,-0.412869036,0.114563197,0.002490686,0.002416313,0.111365981,-0.376589835,0.182348058,0.166467309,-0.651472092,0.444079429,-0.186787352,0.426964045,-0.304198921,-0.31550473,0.247199193,-0.27497834,-0.431341141,0.033411711,-0.373344988,-0.114897907,-0.001817821,-0.001371576,-0.146363929,-0.348623902,0.20123142,-0.148294121,-0.648539186,0.451950312
8.5,0.006215705,0.545303583,-0.506617725,0.171437427,0.429745078,-0.301720709,0.309600949,0.240595788,-0.304888427,0.440614015,0.035734028,-0.407468706,0.114760026,0.002491385,0.002265326,0.112207338,-0.377124816,0.169079602,0.169090584,-0.651656628,0.434734523,-0.186703444,0.425721854,-0.303850502,-0.308888495,0.233821154,-0.274368614,-0.41922462,0.00837322,-0.371553332,-0.115085505,-0.001819444,-0.00118935,-0.145354748,-0.349818408,0.195703492,-0.146999851,-0.64910841,0.448504299
8.516666667,0.005613379,0.546112597,-0.504924178,0.171580359,0.429311603,-0.297968656,0.303060919,0.236648679,-0.294053406,0.432047516,0.029106323,-0.395106256,0.115107849,0.002487841,0.001782368,0.113854557,-0.377974302,0.157805502,0.173324063,-0.652337253,0.422139168,-0.186638504,0.424390376,-0.300060153,-0.304143369,0.225093067,-0.265659094,-0.411825627,-0.002315728,-0.359748095,-0.115419894,-0.00181625,-0.000658641,-0.14420791,-0.35239175,0.19089523,-0.145699129,-0.651772439,0.443381101
8.533333333,0.005503398,0.547499478,-0.503550768,0.172264755,0.427918106,-0.295463711,0.298323363,0.231203869,-0.285432458,0.425499737,0.018088538,-0.384108871,0.115453199,0.002470545,0.001554133,0.116172597,-0.378063321,0.157941967,0.17853272,-0.652824342,0.418528795,-0.186475605,0.423651099,-0.298399031,-0.301860631,0.224616662,-0.260608077,-0.399716228,-0.005345991,-0.350864053,-0.115754105,-0.001799307,-0.000402316,-0.142395526,-0.354463935,0.189969718,-0.142421991,-0.654539287,0.442165494
8.55,0.005170307,0.549000442,-0.502101064,0.17320554,0.426556766,-0.293821663,0.292708606,0.225431174,-0.281693727,0.413770974,0.009160848,-0.380822361,0.1158088,0.002449095,0.000872897,0.116651729,-0.377926648,0.152554318,0.180998892,-0.652195454,0.415493399,-0.186362818,0.422453135,-0.29584083,-0.301088572,0.220355526,-0.253623694,-0.397683293,-0.009956267,-0.342427731,-0.116095394,-0.001778161,0.000316654,-0.141659513,-0.355288088,0.189609274,-0.138892442,-0.655040681,0.442585826
8.566666667,0.005172856,0.55099088,-0.499953389,0.174849272,0.426419616,-0.291464388,0.286960691,0.222936884,-0.277545899,0.401593447,0.004410197,-0.379175186,0.116087854,0.00239488,0.000331229,0.116686195,-0.377211422,0.153367206,0.181794688,-0.649472177,0.417967349,-0.185800523,0.422207147,-0.29341957,-0.297968984,0.21763815,-0.24826625,-0.38892746,-0.014176267,-0.336154908,-0.11636392,-0.001723677,0.000881748,-0.140520826,-0.355452597,0.190524116,-0.136570126,-0.655012786,0.448479444
8.583333333,0.005630503,0.554371834,-0.494825244,0.175755247,0.426542193,-0.284302801,0.280004203,0.223436028,-0.268648028,0.384528875,0.001887652,-0.376548827,0.116350666,0.002363096,6.82E-05,0.116728939,-0.377487242,0.145984992,0.182650909,-0.649442375,0.412910193,-0.185407028,0.422395349,-0.287431359,-0.291758925,0.215868503,-0.238316908,-0.379724234,-0.015676558,-0.325381905,-0.116612405,-0.001691456,0.001157828,-0.139317393,-0.356600285,0.190543309,-0.133193582,-0.655991495,0.449386775
8.6,0.005618496,0.554816306,-0.493581831,0.176775977,0.426508158,-0.281260967,0.272202224,0.21896103,-0.262072593,0.375704885,-0.00634709,-0.368643492,0.116647728,0.00221131,-5.57E-05,0.117232613,-0.377867013,0.140565574,0.183558643,-0.647997499,0.411154419,-0.184350893,0.42252624,-0.285889864,-0.283572078,0.213429049,-0.235517561,-0.365414292,-0.018560324,-0.321083665,-0.116897903,-0.001538077,0.001291357,-0.138614476,-0.357208669,0.189764708,-0.131591067,-0.655936241,0.450964302
8.616666667,0.005602071,0.556106985,-0.491337925,0.178186342,0.42611903,-0.277558029,0.267212272,0.214321479,-0.25628978,0.366332948,-0.01455972,-0.35958159,0.116886534,0.001966998,-0.000236125,0.117916852,-0.377864331,0.12641719,0.185180336,-0.646248221,0.39621529,-0.182040825,0.422664702,-0.283797652,-0.271964669,0.207506239,-0.231435552,-0.350207984,-0.027681815,-0.314569145,-0.117128022,-0.00128903,0.001483472,-0.137457266,-0.357680857,0.187930256,-0.129662618,-0.655442894,0.452707231
8.633333333,0.005374643,0.557034194,-0.48983714,0.179073125,0.426201969,-0.273088813,0.261565536,0.21190688,-0.248736694,0.358685464,-0.017097048,-0.350444555,0.117103644,0.001696273,-0.000242152,0.118818842,-0.379363775,0.12604709,0.185469583,-0.647155821,0.389477164,-0.180259511,0.423136234,-0.282680869,-0.26503098,0.203843787,-0.230619669,-0.337246239,-0.034044623,-0.313688546,-0.117346026,-0.001009035,0.001490641,-0.137314156,-0.359533399,0.186670884,-0.12872687,-0.655808449,0.452804327
8.65,0.005260536,0.556750536,-0.490441918,0.179788277,0.424781471,-0.273456752,0.256664425,0.207665369,-0.248561606,0.347940475,-0.02533449,-0.34788537,0.117230438,0.001495237,-0.000240276,0.119379021,-0.383293778,0.129685551,0.18658945,-0.651509583,0.388922006,-0.178061828,0.423068076,-0.282885671,-0.255675793,0.199518621,-0.229124397,-0.321074396,-0.040318351,-0.308988184,-0.117471427,-0.000801141,0.00149116,-0.137034908,-0.362524062,0.186290205,-0.127930641,-0.65799439,0.451882213
8.666666667,0.005282827,0.556373775,-0.490505666,0.18002516,0.424746335,-0.271118253,0.253412515,0.205690697,-0.243151546,0.339985281,-0.031086806,-0.341752499,0.117371179,0.001248673,-0.000226896,0.119653448,-0.385560125,0.12903893,0.18717204,-0.653849006,0.384561986,-0.177475259,0.423629165,-0.282824934,-0.25107345,0.198367804,-0.2270381,-0.313140929,-0.041900046,-0.306373686,-0.117610797,-0.000551037,0.001480788,-0.136815533,-0.365290344,0.185250103,-0.127507403,-0.660316586,0.451586038
8.683333333,0.005125736,0.556384563,-0.490023166,0.180036157,0.42435652,-0.269481212,0.250704676,0.203401029,-0.241461962,0.33210665,-0.035688445,-0.338524133,0.117468961,0.000966629,-0.000277859,0.119751573,-0.387732714,0.119312897,0.187686041,-0.656309009,0.374336213,-0.176702112,0.423992127,-0.281929016,-0.24834834,0.196641013,-0.223288894,-0.305778205,-0.041726563,-0.300085038,-0.117704205,-0.000266731,0.001538089,-0.136788696,-0.368439913,0.180073589,-0.127386153,-0.663164675,0.446297348
8.7,0.004586776,0.556965411,-0.488673478,0.179832444,0.424350858,-0.266429365,0.244975254,0.202195749,-0.236123875,0.31981796,-0.038794458,-0.330630839,0.117562249,0.000636617,-0.000327814,0.119724244,-0.388442338,0.118743315,0.187373877,-0.65661025,0.373996198,-0.176679745,0.425263047,-0.279749185,-0.246907383,0.196038932,-0.218929812,-0.301710218,-0.042119019,-0.294967562,-0.117796816,6.53E-05,0.0015929,-0.136997387,-0.369079232,0.178901032,-0.128383487,-0.663384318,0.445308149
8.716666667,0.004061307,0.558252156,-0.484136164,0.179825008,0.424414754,-0.26016432,0.241710708,0.201110289,-0.226546824,0.308621138,-0.040721562,-0.316597223,0.117679775,0.000366898,-0.000389878,0.119895786,-0.389693707,0.106148235,0.187220454,-0.658404768,0.359383315,-0.176274583,0.426425755,-0.275064528,-0.242750853,0.193150029,-0.212315142,-0.294152856,-0.044811152,-0.285147876,-0.117918298,0.00033949,0.001660063,-0.137018442,-0.370675832,0.169851959,-0.129182026,-0.665628135,0.433499157
8.733333333,0.004017505,0.559959769,-0.476553559,0.179928064,0.427308589,-0.251406401,0.237145871,0.202298641,-0.210367873,0.295135498,-0.039220516,-0.296292663,0.117758445,0.00017687,-0.00038004,0.119976215,-0.390990317,0.109818161,0.18715775,-0.661620498,0.362900048,-0.176080301,0.429289371,-0.269060791,-0.237481296,0.19411625,-0.200634897,-0.283507317,-0.043566443,-0.268925935,-0.118004307,0.00052997,0.001648283,-0.137545198,-0.372356683,0.167755067,-0.131057277,-0.669425786,0.42615512
8.75,0.004075599,0.5600124,-0.473396778,0.180092603,0.431527287,-0.245834887,0.232863605,0.20312506,-0.202589467,0.284262031,-0.039695859,-0.290281415,0.117866717,5.30E-05,-0.00029413,0.120186009,-0.391431749,0.110640846,0.187070996,-0.663264334,0.359652609,-0.175957724,0.433260977,-0.265464216,-0.232333213,0.194747254,-0.194452286,-0.270474374,-0.04314521,-0.264503896,-0.118124843,0.000661007,0.001559431,-0.137596011,-0.373332918,0.165595144,-0.132333979,-0.672043204,0.421954244
8.766666667,0.00408894,0.563543439,-0.459338665,0.180783525,0.436897337,-0.235357001,0.230942816,0.203893885,-0.191252887,0.272336692,-0.037836485,-0.280705094,0.117915943,-0.000159497,-0.000303471,0.120918006,-0.391619921,0.105416387,0.18782483,-0.664529145,0.350414157,-0.174894825,0.441049218,-0.252900213,-0.227954224,0.196667805,-0.178857356,-0.255573958,-0.04209014,-0.250322014,-0.118184328,0.000880167,0.001565658,-0.137516886,-0.374537021,0.162448883,-0.132637024,-0.675493062,0.417544752
8.783333333,0.00462731,0.570304513,-0.446833193,0.181821465,0.44357127,-0.227004349,0.226546422,0.205998302,-0.186947003,0.259625405,-0.036675356,-0.28170684,0.117954187,-0.000300655,-0.000319619,0.121746764,-0.391551465,0.106272526,0.189472586,-0.666504204,0.343178481,-0.172876447,0.448819578,-0.241276726,-0.223022893,0.199337766,-0.169472337,-0.245513231,-0.041111816,-0.246055678,-0.118224144,0.001026607,0.001576729,-0.135895967,-0.375609487,0.162907392,-0.132391348,-0.680815399,0.419006169
8.8,0.004498848,0.575993299,-0.438012362,0.181823447,0.449210465,-0.221176848,0.223865598,0.210152403,-0.184330136,0.247656956,-0.033405274,-0.282413691,0.117984787,-0.000343928,-0.000337114,0.122811869,-0.391113609,0.105576776,0.190858826,-0.667427301,0.335274696,-0.172676504,0.453860223,-0.231934831,-0.222827077,0.201720238,-0.16178976,-0.243228555,-0.040418413,-0.241274968,-0.118257992,0.001070872,0.001586568,-0.135046229,-0.376255155,0.163638756,-0.132676437,-0.685365796,0.420153886
8.816666667,0.004154454,0.582844079,-0.433615386,0.181828335,0.450394422,-0.222517014,0.222559035,0.211553752,-0.188893899,0.238780603,-0.032798987,-0.286583275,0.117982976,-0.000372256,-0.000619244,0.123246461,-0.389283478,0.106318481,0.191017836,-0.667301476,0.338500023,-0.172643349,0.455822319,-0.228663787,-0.223363891,0.203871116,-0.160539329,-0.240509003,-0.03986543,-0.240706116,-0.118264385,0.001099051,0.001832779,-0.134616777,-0.376153409,0.164878741,-0.133004069,-0.685338557,0.420150548
8.833333333,0.00412074,0.589594662,-0.426741928,0.182000995,0.451509982,-0.218839824,0.220961481,0.21201618,-0.188275948,0.227344945,-0.031976197,-0.287255883,0.118001148,-0.000385526,-0.000819175,0.125296831,-0.386624962,0.101675235,0.19407554,-0.666773736,0.32565704,-0.172563761,0.457535326,-0.222786888,-0.223443553,0.204846725,-0.155961454,-0.234929517,-0.039623309,-0.237448305,-0.118286826,0.001111902,0.00200274,-0.132466674,-0.376202077,0.165611789,-0.132606745,-0.686727464,0.420616269
8.85,0.005479941,0.58946979,-0.426975518,0.183461055,0.4518089,-0.21526733,0.220323831,0.2120727,-0.184436634,0.223500669,-0.03150868,-0.285141289,0.118019186,-0.000375236,-0.000798124,0.127850637,-0.384700775,0.10144031,0.198430166,-0.665084183,0.32290417,-0.171969533,0.457396299,-0.223107308,-0.222019762,0.204940647,-0.155854017,-0.227864936,-0.041306458,-0.237391233,-0.118308805,0.001103377,0.001972901,-0.12901713,-0.376178384,0.167797878,-0.130911857,-0.687102973,0.424568832
8.866666667,0.005481232,0.588586092,-0.429224759,0.18354629,0.451446414,-0.217043728,0.218587667,0.212063432,-0.186720133,0.21563822,-0.030999331,-0.286724955,0.117994457,-0.000262882,-0.000845254,0.129394799,-0.382189304,0.10215044,0.200361714,-0.661555648,0.326838255,-0.171943694,0.456718177,-0.225711986,-0.221230805,0.20267044,-0.159266934,-0.220588565,-0.046451692,-0.240067199,-0.118295819,0.000988074,0.00200789,-0.126039326,-0.375698864,0.171683803,-0.129518077,-0.68682009,0.42935732
8.883333333,0.004452003,0.587797582,-0.430956006,0.183526665,0.451125562,-0.218580753,0.217237979,0.211706772,-0.189330518,0.206595168,-0.030663416,-0.289554924,0.11798922,-4.75E-05,-0.000794187,0.129361555,-0.381159395,0.099968292,0.198686033,-0.657936692,0.328652352,-0.172036231,0.454759151,-0.227356881,-0.221827492,0.196333945,-0.163757429,-0.215073347,-0.054327976,-0.245286062,-0.118298516,0.000769901,0.001941327,-0.126108691,-0.374820441,0.169383392,-0.13008821,-0.683650076,0.426867068
8.9,0.003483666,0.587247729,-0.43210423,0.183543593,0.450826883,-0.219318181,0.217433706,0.211595073,-0.19453755,0.202345014,-0.030415811,-0.296058416,0.117990687,1.51E-05,-0.000834238,0.129249781,-0.380159467,0.09422686,0.196391955,-0.651912749,0.330168545,-0.17226468,0.453967392,-0.228409484,-0.222131118,0.19404003,-0.170340046,-0.211426154,-0.055875488,-0.255012244,-0.118306145,0.000703279,0.001972531,-0.126234621,-0.37324214,0.169470966,-0.130871698,-0.676981688,0.431857854
8.916666667,0.003475145,0.586821318,-0.43271029,0.183689356,0.450793415,-0.22013551,0.217310652,0.211725622,-0.195850492,0.200825796,-0.029712543,-0.297901094,0.117980279,7.63E-05,-0.000841219,0.129354462,-0.379336983,0.094979644,0.195825323,-0.649187028,0.339297354,-0.172267258,0.453798205,-0.229131743,-0.222427696,0.193956032,-0.174661145,-0.209778681,-0.055575963,-0.25987801,-0.118302889,0.000638977,0.001977128,-0.126142249,-0.371659577,0.16993475,-0.131011486,-0.672766328,0.434148431
8.933333333,0.002650995,0.586233556,-0.433331341,0.183981493,0.450094938,-0.220338732,0.217112213,0.210343778,-0.197541252,0.198263749,-0.03012985,-0.298778087,0.117975682,0.000127293,-0.000793558,0.129531309,-0.37907064,0.095343806,0.195761815,-0.648287058,0.345308751,-0.172023311,0.452104062,-0.229749337,-0.222164184,0.191917002,-0.175696194,-0.207389712,-0.056809466,-0.260501832,-0.118304051,0.000586426,0.001918358,-0.12612763,-0.370864302,0.170047551,-0.131365657,-0.671138048,0.434692711
8.95,0.00258355,0.583607614,-0.433726102,0.184630454,0.449775219,-0.221118897,0.21709615,0.2098708,-0.199072406,0.196109354,-0.030534536,-0.299218655,0.117957965,0.000147043,-0.000734168,0.129591823,-0.379013509,0.098629862,0.195515066,-0.648354053,0.349224001,-0.171455443,0.451816529,-0.230030075,-0.221595258,0.192172706,-0.175870836,-0.207750931,-0.05712378,-0.260524064,-0.118292414,0.00056602,0.001849579,-0.125831187,-0.370412201,0.170124426,-0.131411031,-0.670672417,0.434672922
8.966666667,0.00265521,0.581628382,-0.436315209,0.184899569,0.447774917,-0.22342132,0.216765538,0.208091125,-0.201756626,0.194841027,-0.031457972,-0.301485062,0.117943235,0.000192183,-0.000580209,0.129989296,-0.379023165,0.102291346,0.195425898,-0.648539484,0.353381068,-0.171084598,0.449786961,-0.23489213,-0.221445337,0.191285074,-0.18186754,-0.206713542,-0.058403376,-0.264391392,-0.118282422,0.000521012,0.001686418,-0.125241145,-0.370435059,0.170168102,-0.131433278,-0.670853376,0.433665395
8.983333333,0.002509506,0.578956783,-0.437163472,0.185278714,0.446946204,-0.224747106,0.216754049,0.207442269,-0.20283857,0.194518477,-0.031839155,-0.302075803,0.117920935,0.000208938,-0.000506242,0.130054146,-0.378867358,0.107492417,0.195361733,-0.648594797,0.357873559,-0.17070888,0.448963374,-0.236002907,-0.221311495,0.19125545,-0.182434991,-0.206193313,-0.058581833,-0.264650553,-0.118265815,0.000503938,0.001605101,-0.124757089,-0.370350301,0.171096519,-0.13145189,-0.670917332,0.433917999
9,0.002501214,0.57768929,-0.438649446,0.185926691,0.445975453,-0.227062672,0.216860935,0.206985727,-0.204268023,0.194618568,-0.03192535,-0.302505165,0.117902897,0.000227171,-0.000407872,0.129981294,-0.378859431,0.109035902,0.194228232,-0.648731291,0.359719604,-0.170288458,0.44699806,-0.238835126,-0.221393153,0.190594822,-0.185027853,-0.2061252,-0.059958018,-0.265696645,-0.118253961,0.000485424,0.001495215,-0.124668725,-0.370278805,0.171164528,-0.131469131,-0.670932531,0.433654487
9.016666667,0.00234249,0.5776847,-0.438969761,0.186139479,0.445537269,-0.228488132,0.217304185,0.206718162,-0.207588792,0.195465192,-0.031862728,-0.306818068,0.117880188,0.00023021,-0.000482696,0.129951462,-0.378731608,0.107787512,0.19412902,-0.64872092,0.359153539,-0.170148209,0.446754515,-0.239285618,-0.222248986,0.19057326,-0.186850131,-0.206593096,-0.059957109,-0.268708646,-0.11823757,0.000482081,0.001560845,-0.124507576,-0.370269835,0.173673093,-0.131239116,-0.670923054,0.43918404
9.033333333,0.002317875,0.577656269,-0.440160722,0.186150208,0.444942325,-0.230381161,0.217751637,0.206462562,-0.211893648,0.195559323,-0.031815719,-0.312748581,0.117864646,0.000240325,-0.000590932,0.129870027,-0.378634214,0.10471639,0.193335846,-0.648473859,0.35613367,-0.170206696,0.446247876,-0.240600228,-0.223557383,0.190126225,-0.18989408,-0.207054064,-0.060326748,-0.273286462,-0.118225932,0.000471352,0.00166408,-0.124385104,-0.370191962,0.175740391,-0.131194741,-0.670332134,0.44372052
9.05,0.002255304,0.577664137,-0.440256715,0.186092675,0.445027769,-0.230452567,0.217968076,0.206593618,-0.212691247,0.19580847,-0.031297315,-0.314658523,0.117852367,0.000254763,-0.000644053,0.129855797,-0.378628075,0.104382485,0.193469167,-0.648486793,0.352531582,-0.170540243,0.446443468,-0.240540951,-0.224209055,0.190201312,-0.189829931,-0.207462966,-0.060194716,-0.273849487,-0.118216455,0.000456302,0.001712989,-0.124378607,-0.370182484,0.179079339,-0.131202489,-0.670466542,0.448202163
9.066666667,0.002247939,0.577638388,-0.439561129,0.186132342,0.445301205,-0.230168402,0.218410492,0.206784636,-0.21238941,0.196391061,-0.031201128,-0.314284533,0.117844284,0.000226492,-0.000700142,0.129741579,-0.378652662,0.103800371,0.193459496,-0.648529232,0.34691757,-0.1705385,0.447874248,-0.238057956,-0.224269867,0.192029133,-0.184483677,-0.208789051,-0.059138391,-0.269998908,-0.118209951,0.000484055,0.001768135,-0.124382578,-0.370007277,0.182104111,-0.131207749,-0.67048502,0.452421546
9.083333333,0.003023528,0.577687442,-0.436585605,0.18615599,0.447750688,-0.226823509,0.219121233,0.209422454,-0.20592542,0.198038578,-0.02966417,-0.305175602,0.117840894,0.000195716,-0.000698525,0.129649699,-0.378592938,0.099190898,0.193395823,-0.64866364,0.33119005,-0.170571208,0.451520503,-0.233704105,-0.224123776,0.196496382,-0.175484702,-0.211609185,-0.056160316,-0.260945678,-0.11820814,0.000515366,0.001767468,-0.124418072,-0.369803607,0.18424581,-0.131143689,-0.670508027,0.456092685
9.1,0.003366767,0.57767117,-0.436113417,0.186330363,0.448696136,-0.224666297,0.219803393,0.210320905,-0.199739859,0.200220332,-0.029312616,-0.298010796,0.117845409,9.84E-05,-0.000631063,0.129627019,-0.378791451,0.098476537,0.193301752,-0.64977783,0.326435864,-0.170542404,0.453445107,-0.232162505,-0.223916426,0.19883807,-0.170862198,-0.214972839,-0.053329278,-0.256260931,-0.118215635,0.000614313,0.001699566,-0.124489293,-0.369781435,0.185462102,-0.131375238,-0.670908332,0.458178192
9.116666667,0.003281437,0.579111993,-0.43506074,0.18611978,0.44933936,-0.224251568,0.219285563,0.210899472,-0.19833751,0.201434955,-0.028796893,-0.297126591,0.117885672,4.32E-06,-0.000645754,0.129396275,-0.379993975,0.099609442,0.193092912,-0.653575659,0.327969968,-0.170791984,0.454966307,-0.230752259,-0.224495903,0.202132314,-0.16735585,-0.22540231,-0.047256548,-0.252432495,-0.118258446,0.000710025,0.001713509,-0.127364486,-0.370253056,0.18402274,-0.133572623,-0.673256457,0.450264871
9.133333333,0.003498159,0.580043852,-0.434583873,0.186155826,0.449391842,-0.223775342,0.219244853,0.211003929,-0.197031036,0.205810204,-0.028482359,-0.296472877,0.117915727,-0.000144457,-0.000698095,0.129500166,-0.382643342,0.10115017,0.193413854,-0.659199655,0.329259187,-0.170472428,0.455987215,-0.228746325,-0.224022686,0.203539833,-0.161694944,-0.231590316,-0.044079643,-0.245878682,-0.118287504,0.00086431,0.001767635,-0.127659351,-0.371477306,0.183107778,-0.133582935,-0.677268922,0.445227683
9.15,0.003407469,0.581488967,-0.434196025,0.185646951,0.449353158,-0.22386241,0.219264388,0.21119234,-0.197165161,0.211624935,-0.027724583,-0.298209697,0.117934629,-0.000250545,-0.00073247,0.129489854,-0.385670006,0.102696784,0.193395585,-0.662096083,0.338080317,-0.170469463,0.455920994,-0.228377432,-0.225944176,0.203908786,-0.161655962,-0.241003275,-0.041099232,-0.244627282,-0.118303791,0.000967829,0.001803404,-0.129627272,-0.372532219,0.180691078,-0.133955315,-0.678529084,0.439974099
9.166666667,0.003427316,0.580062509,-0.435777932,0.185258836,0.447704256,-0.224201962,0.219510913,0.211213067,-0.194482267,0.225124195,-0.028098801,-0.290032655,0.117932506,-0.000432685,-0.000597295,0.129013538,-0.390756428,0.114161424,0.191618323,-0.668506801,0.359394044,-0.170498833,0.454441905,-0.230040953,-0.227723703,0.203994125,-0.162364915,-0.253353357,-0.038962558,-0.240813822,-0.118299112,0.001141009,0.001672215,-0.131468698,-0.37334764,0.174328491,-0.134607732,-0.678758919,0.423381656
9.183333333,0.004813519,0.575160027,-0.44356972,0.185256407,0.444501191,-0.226569191,0.222127482,0.210778564,-0.194374591,0.240899742,-0.029643105,-0.28647387,0.117932379,-0.000494684,-0.000271966,0.128618196,-0.394544959,0.116300918,0.190718591,-0.671246707,0.363016844,-0.170309797,0.449131757,-0.239289925,-0.231244341,0.203328833,-0.168932855,-0.268594056,-0.038710546,-0.2417541,-0.118296236,0.001196014,0.001352145,-0.132184654,-0.375335157,0.164642349,-0.134556517,-0.67968148,0.410896957
9.2,0.005007238,0.568550527,-0.454354644,0.184735209,0.439439982,-0.231673807,0.226101145,0.21055235,-0.194770128,0.262688339,-0.032338466,-0.286095023,0.117943615,-0.000504009,0.00052956,0.127927288,-0.396592975,0.124360204,0.187618315,-0.670920908,0.374658734,-0.17064324,0.44114542,-0.251403719,-0.237996832,0.202669457,-0.180627227,-0.288230121,-0.038967505,-0.244090527,-0.118302435,0.001203329,0.00057081,-0.133635208,-0.375826716,0.16183883,-0.135083601,-0.67944932,0.409637123
9.216666667,0.004945343,0.560696006,-0.468236208,0.1839706,0.43338725,-0.243912473,0.231891572,0.208473876,-0.207683027,0.284942955,-0.035926387,-0.294422925,0.117952108,-0.000506153,0.001148413,0.127774373,-0.396933526,0.132554233,0.187403888,-0.670481861,0.384249777,-0.171088204,0.433658987,-0.268304795,-0.243476018,0.201021448,-0.20753774,-0.300352007,-0.039298475,-0.268156618,-0.118306607,0.001201284,-2.37E-05,-0.134474069,-0.376503557,0.161913052,-0.135566399,-0.679458737,0.410533756
9.233333333,0.004942123,0.554384291,-0.47676754,0.183929905,0.430946946,-0.250555217,0.238075137,0.207948416,-0.213773727,0.303435922,-0.03880645,-0.298229158,0.118021466,-0.00047504,0.001711535,0.127491817,-0.396688402,0.137140557,0.186838016,-0.668752313,0.39324379,-0.171749398,0.430157781,-0.276843309,-0.248076707,0.200758323,-0.217828974,-0.314289838,-0.039397046,-0.27921629,-0.118366621,0.001165146,-0.000569984,-0.135686681,-0.376529276,0.161487997,-0.136531979,-0.679004014,0.411302567
9.25,0.005123458,0.548922837,-0.485112578,0.183784574,0.430020869,-0.264998674,0.246386603,0.20806849,-0.233598784,0.324019939,-0.038582128,-0.31527701,0.11804381,-0.000344181,0.002407123,0.126349404,-0.396477133,0.136051297,0.184141532,-0.667566597,0.393382043,-0.172663361,0.425482303,-0.293207645,-0.252528816,0.200493112,-0.248007581,-0.324297339,-0.039511539,-0.309527844,-0.118385792,0.001014319,-0.001252935,-0.138719618,-0.376458883,0.154026598,-0.138307974,-0.677948296,0.397775501
9.266666667,0.006349915,0.549121201,-0.484079093,0.183804467,0.430226117,-0.266765088,0.252914846,0.209312484,-0.23696059,0.338644087,-0.035498567,-0.321208417,0.118123829,-0.000198966,0.002650267,0.126337394,-0.394858629,0.131890848,0.18291001,-0.663017571,0.390847266,-0.173708543,0.425237685,-0.293087333,-0.266003609,0.203167856,-0.249926388,-0.345817149,-0.035196245,-0.314591438,-0.118458837,0.000857179,-0.00148894,-0.139835551,-0.3754614,0.147015989,-0.138661027,-0.675041139,0.391498744
9.283333333,0.008040844,0.547810435,-0.487424701,0.183885157,0.429272592,-0.270700753,0.25754416,0.20969142,-0.242947206,0.350952268,-0.032652203,-0.330945462,0.118191913,-4.03E-05,0.002826349,0.125332773,-0.393927544,0.130764261,0.181307748,-0.658797443,0.393442601,-0.174636722,0.4240641,-0.294612408,-0.278977394,0.20705685,-0.25092122,-0.363350987,-0.029053977,-0.318144143,-0.118518285,0.000696069,-0.00165147,-0.140331909,-0.37313816,0.147021607,-0.139228448,-0.670814157,0.394117117
9.3,0.008230903,0.545851529,-0.489219904,0.183795869,0.428467721,-0.274938732,0.262491167,0.210058734,-0.253838271,0.357070416,-0.029074751,-0.34521699,0.118200354,0.000118455,0.002824087,0.122657478,-0.39215818,0.131247386,0.180004612,-0.652341127,0.404881805,-0.175617501,0.423626155,-0.293653667,-0.290342599,0.210838467,-0.250635773,-0.382438332,-0.024149016,-0.3222197,-0.118523963,0.00053405,-0.001646556,-0.141911015,-0.3695409,0.14981851,-0.140402749,-0.66526413,0.401091427
9.316666667,0.007770464,0.544827759,-0.48833105,0.182475328,0.428653181,-0.274028242,0.26774615,0.213538542,-0.258046716,0.365382671,-0.015391557,-0.35844782,0.118208885,0.000353454,0.002848,0.120595001,-0.3916668,0.130750403,0.178218275,-0.651411057,0.407555968,-0.177763939,0.423718005,-0.290921807,-0.299989372,0.214011893,-0.246871278,-0.399335533,-0.016584311,-0.324036092,-0.118530199,0.000301257,-0.001666153,-0.144407362,-0.367999166,0.15000771,-0.141789749,-0.663967252,0.40379256
9.333333333,0.007038168,0.537899852,-0.49559775,0.17906867,0.427050352,-0.281304002,0.270687044,0.214647621,-0.269173026,0.375557601,-0.009799252,-0.364578664,0.118066758,0.000719982,0.003164986,0.117690362,-0.390401363,0.143369839,0.173190266,-0.650638819,0.423209101,-0.18025817,0.41805163,-0.297110736,-0.306436896,0.213706225,-0.265483469,-0.406487465,-0.016580094,-0.346907467,-0.118379965,-6.80E-05,-0.001969997,-0.146480009,-0.364141196,0.160848394,-0.144663826,-0.659459531,0.41489017
9.35,0.006182061,0.532386243,-0.50311023,0.177032664,0.424112171,-0.28982982,0.277761608,0.215059206,-0.282677084,0.390595347,-0.006995818,-0.374905169,0.117803626,0.000908969,0.00362258,0.115463629,-0.389958292,0.154164076,0.168320641,-0.650870204,0.427985013,-0.180907503,0.413973153,-0.305095971,-0.309067875,0.214333802,-0.281888664,-0.416091502,-0.010722989,-0.366915584,-0.118113272,-0.000262488,-0.002419633,-0.146848664,-0.361970603,0.168112427,-0.14687489,-0.657569766,0.420450002
9.366666667,0.006172748,0.52766186,-0.507148564,0.176347703,0.422588766,-0.293050975,0.289839119,0.216605768,-0.294551313,0.409709334,0.002090323,-0.389476568,0.117520154,0.001121177,0.004065142,0.114666,-0.388624907,0.1586667,0.163765982,-0.650153399,0.43411082,-0.180972606,0.413359493,-0.308500767,-0.312952429,0.220412344,-0.296149015,-0.421950698,0.007127903,-0.393195838,-0.117821708,-0.000480421,-0.002854971,-0.14658013,-0.358141512,0.172924489,-0.147135153,-0.653001249,0.427805126
9.383333333,0.006582744,0.522934794,-0.514208555,0.174735367,0.422076195,-0.295678884,0.295326114,0.222419709,-0.302547425,0.418445647,0.016924249,-0.39762485,0.117169097,0.001332519,0.004651377,0.113628224,-0.382133543,0.182510853,0.15960151,-0.645344377,0.450733423,-0.181613937,0.412015617,-0.315543264,-0.324148327,0.227065593,-0.315429658,-0.441195607,0.014411527,-0.415365309,-0.117461696,-0.000688496,-0.003440523,-0.146036044,-0.350452423,0.186722949,-0.147936538,-0.646994352,0.441742271
9.4,0.006665435,0.523807585,-0.517237067,0.171583205,0.422204018,-0.297736317,0.300756782,0.234720722,-0.30638358,0.427890927,0.033465896,-0.398542583,0.11699678,0.001627692,0.004884954,0.110542357,-0.378416359,0.206136227,0.155808911,-0.642358243,0.467802256,-0.18413192,0.410782158,-0.320036709,-0.335526526,0.234822214,-0.32516557,-0.464850098,0.025554594,-0.423067659,-0.117288671,-0.000977763,-0.00368535,-0.146028653,-0.347230256,0.200619102,-0.15009582,-0.645106256,0.453316569
9.416666667,0.007658517,0.523812056,-0.520719349,0.171511754,0.423563838,-0.30142647,0.312600851,0.248018295,-0.312612414,0.444166631,0.048662297,-0.403332472,0.116892964,0.001870348,0.00496487,0.109601177,-0.378425986,0.209601954,0.154693976,-0.642749965,0.469586939,-0.184324548,0.411120206,-0.321141094,-0.336245865,0.251526237,-0.321115911,-0.479487419,0.060324166,-0.4172194,-0.117183693,-0.001217738,-0.003776003,-0.146142051,-0.347493649,0.204164565,-0.150669709,-0.645543933,0.454752773
9.433333333,0.008116837,0.524313986,-0.521305919,0.1716111,0.426398098,-0.302715927,0.331210494,0.263146669,-0.311780125,0.471905053,0.064568259,-0.398935348,0.116872795,0.001944298,0.004956674,0.108463295,-0.378583699,0.209302321,0.15361394,-0.642879188,0.471393466,-0.184565231,0.411500722,-0.320799708,-0.339640886,0.274149358,-0.315225154,-0.495962054,0.099482611,-0.410483479,-0.117162257,-0.001289901,-0.003774269,-0.146362633,-0.347962826,0.203425437,-0.150626749,-0.646039128,0.45198971
9.45,0.008699005,0.525143623,-0.519502282,0.171642259,0.431608737,-0.302513123,0.341397226,0.280420572,-0.310805231,0.490445048,0.081506558,-0.397794127,0.116816364,0.002049705,0.004969345,0.108590148,-0.37997219,0.204593673,0.154247791,-0.649336517,0.466837108,-0.184535503,0.418953687,-0.319165289,-0.340843141,0.301959515,-0.310167164,-0.509124339,0.128191575,-0.403448462,-0.117107205,-0.001394918,-0.003787865,-0.146780983,-0.34922424,0.201152682,-0.149149835,-0.648883462,0.449834198
9.466666667,0.010254785,0.525549114,-0.519270897,0.171273544,0.435527802,-0.301890641,0.3436037,0.28987506,-0.30818373,0.501364172,0.093901433,-0.396607369,0.116755806,0.002124319,0.005324614,0.108684108,-0.380576819,0.205092013,0.154425532,-0.649906933,0.469243437,-0.184575602,0.422009349,-0.319110394,-0.349786937,0.31521979,-0.3155469,-0.523880482,0.151072443,-0.40895471,-0.117045261,-0.001467066,-0.004169444,-0.146840215,-0.349409521,0.200281635,-0.147510216,-0.649112105,0.447539628
9.483333333,0.01064467,0.525931716,-0.521000862,0.171012938,0.437799662,-0.30171752,0.345910281,0.297696263,-0.306157529,0.513915539,0.110274419,-0.394830644,0.116686925,0.002323414,0.006565589,0.108771101,-0.380634487,0.21086289,0.152830437,-0.649921536,0.474837124,-0.184709296,0.423806518,-0.322112411,-0.360717088,0.325419486,-0.325191945,-0.537914455,0.163790748,-0.418785691,-0.116985239,-0.001656947,-0.005464477,-0.147174984,-0.349762976,0.199468076,-0.147502512,-0.648495138,0.445528597
9.5,0.014203722,0.526163816,-0.522999048,0.171044871,0.438369066,-0.301627547,0.349629402,0.299195439,-0.305042386,0.528134644,0.118363366,-0.393408775,0.116609395,0.002563107,0.008000254,0.109783247,-0.380422801,0.21274063,0.15261507,-0.648831189,0.475894451,-0.184687197,0.424431622,-0.325277627,-0.372785151,0.328433901,-0.332626432,-0.552240372,0.166212529,-0.425965428,-0.116915837,-0.001888318,-0.006939413,-0.147067025,-0.350001246,0.198789537,-0.145916879,-0.647511125,0.445212126
9.516666667,0.016139088,0.52566129,-0.527144313,0.171080858,0.43885836,-0.303816229,0.361340165,0.306797445,-0.308076352,0.547672033,0.129599944,-0.392991662,0.116537265,0.002913532,0.008199378,0.109835915,-0.378674388,0.214702412,0.151090607,-0.642956018,0.478451669,-0.184774831,0.424589485,-0.328450084,-0.38100937,0.335363507,-0.335104257,-0.562832773,0.178723052,-0.426882446,-0.116852365,-0.002227613,-0.00714904,-0.146870434,-0.350073338,0.197884396,-0.144960463,-0.645976841,0.445646495
9.533333333,0.016623916,0.525707662,-0.527488351,0.171156466,0.438795328,-0.307610124,0.375430912,0.314407289,-0.318688631,0.570504606,0.144536316,-0.401201606,0.116341129,0.003319942,0.008197906,0.109772302,-0.373868555,0.223655522,0.148356035,-0.635773659,0.488598168,-0.18483609,0.424711734,-0.328932256,-0.385238498,0.348880708,-0.341282904,-0.566478908,0.205426127,-0.445354134,-0.116656676,-0.002627762,-0.007148776,-0.145626619,-0.347233146,0.202837452,-0.142715961,-0.640808225,0.45176819
9.55,0.017401714,0.523601413,-0.532029152,0.171710789,0.438049674,-0.313317001,0.384708136,0.318584412,-0.328273773,0.581118941,0.157648534,-0.406329721,0.116217107,0.003468369,0.007766409,0.109497949,-0.368753821,0.224086717,0.147044152,-0.625002205,0.496459097,-0.185373574,0.423339635,-0.335158765,-0.396080047,0.349927753,-0.350372702,-0.586465776,0.21314773,-0.452087253,-0.11653173,-0.002771615,-0.00673243,-0.14445737,-0.343510658,0.211716413,-0.138835371,-0.631035924,0.466470063
9.566666667,0.017348751,0.523432374,-0.533640981,0.173519716,0.437804431,-0.315490425,0.393262893,0.325443208,-0.328186899,0.596512973,0.173516467,-0.405882448,0.116062827,0.003505062,0.006288407,0.108878702,-0.362626791,0.224965006,0.144846156,-0.619369626,0.498356253,-0.185599789,0.423383981,-0.336847812,-0.410481334,0.359466583,-0.346669436,-0.605860472,0.223707661,-0.44516319,-0.116386086,-0.002805089,-0.005293464,-0.14418605,-0.338893682,0.221660435,-0.137165949,-0.625917315,0.477975637
9.583333333,0.017410442,0.524258256,-0.533388972,0.176270694,0.441402227,-0.314952224,0.39894852,0.34847942,-0.326135337,0.604246199,0.205832541,-0.4046233,0.115889363,0.00355331,0.005446868,0.109025076,-0.360695302,0.223150626,0.145089433,-0.618195355,0.495235443,-0.183725491,0.429086298,-0.336399704,-0.404808104,0.382204771,-0.34600547,-0.603007495,0.251914233,-0.437741965,-0.116226241,-0.002848329,-0.004480059,-0.144038156,-0.337490499,0.220475301,-0.134120047,-0.625955284,0.477662057
9.6,0.017381275,0.525481462,-0.528882027,0.178702131,0.44607988,-0.311462224,0.398163795,0.359136701,-0.322978705,0.604116917,0.225404739,-0.40021953,0.115750745,0.003522781,0.005278547,0.109739795,-0.360169947,0.220796362,0.145414069,-0.616859436,0.493119568,-0.180372551,0.433905125,-0.333291143,-0.40202561,0.389454484,-0.342567384,-0.602471471,0.26507315,-0.429117203,-0.116096288,-0.002813962,-0.004323282,-0.143787906,-0.337300271,0.219175935,-0.131787077,-0.62676084,0.474534124
9.616666667,0.017188827,0.530036092,-0.51177299,0.180626065,0.456213176,-0.298964888,0.40201509,0.372095376,-0.314283282,0.60916537,0.238572285,-0.396866173,0.115578674,0.003523167,0.005343387,0.112566784,-0.360628843,0.214960739,0.148305759,-0.61782223,0.482502937,-0.175130486,0.444198132,-0.314508617,-0.39583078,0.408570319,-0.330028206,-0.59151566,0.298100561,-0.42860809,-0.115930527,-0.002817238,-0.004401295,-0.143490151,-0.337527424,0.208877668,-0.130734652,-0.627468407,0.465581983
9.633333333,0.017326076,0.532254815,-0.502910137,0.182249486,0.463035077,-0.286552191,0.402406901,0.381131738,-0.3015185,0.611351609,0.255274624,-0.388708353,0.115484588,0.003523393,0.0054132,0.115697585,-0.361035377,0.209904447,0.151666164,-0.618409634,0.472717017,-0.170698956,0.452662706,-0.30241695,-0.393766195,0.420149267,-0.327828586,-0.586300254,0.319038838,-0.433777362,-0.115840092,-0.002819864,-0.004482822,-0.143310308,-0.337783873,0.198033601,-0.129641682,-0.628109694,0.45242548
9.65,0.01755189,0.540038824,-0.491892874,0.182889476,0.468238771,-0.280222744,0.400299281,0.394955635,-0.296870679,0.61054188,0.282645613,-0.386259496,0.115333602,0.003494274,0.005414917,0.118092254,-0.361349732,0.204304054,0.155230835,-0.619009316,0.466177434,-0.165758476,0.459860444,-0.291720122,-0.387186348,0.436084002,-0.318306983,-0.583797038,0.358288705,-0.433321148,-0.115685627,-0.002796436,-0.004486111,-0.143222675,-0.337731093,0.189088404,-0.129378945,-0.628327966,0.439196765
9.666666667,0.016671075,0.548219085,-0.484611124,0.183167681,0.471256137,-0.277103513,0.39871341,0.406333596,-0.293338418,0.611964166,0.308605731,-0.379360139,0.115147784,0.003243122,0.004950269,0.118426085,-0.360965997,0.194702208,0.157110482,-0.617846668,0.457070649,-0.163011566,0.463792205,-0.288100213,-0.386712313,0.449855417,-0.300171882,-0.600410938,0.392632484,-0.393237054,-0.115504988,-0.002553149,-0.004034688,-0.14328301,-0.336604416,0.188130915,-0.12917839,-0.628512025,0.438791633
9.683333333,0.016297271,0.555850923,-0.471899778,0.183935404,0.474471509,-0.271086842,0.398712248,0.41939804,-0.290447533,0.617812693,0.335223883,-0.379579931,0.114934243,0.003075033,0.004755932,0.120709024,-0.361094624,0.183438569,0.159299895,-0.618138373,0.44736442,-0.160397112,0.469100058,-0.278332025,-0.385498822,0.465589672,-0.295883089,-0.595988929,0.418158084,-0.396671534,-0.11528179,-0.002406724,-0.003849046,-0.143269897,-0.336543292,0.18069537,-0.128707677,-0.628681064,0.430556983
9.7,0.016296823,0.558537602,-0.471201301,0.184608191,0.474845529,-0.269399971,0.404507458,0.425949395,-0.289276332,0.629645705,0.348740339,-0.37651509,0.114852704,0.002913805,0.004484514,0.122422099,-0.361045361,0.176488653,0.16044037,-0.617222607,0.445268273,-0.160908818,0.468167037,-0.279289693,-0.38555035,0.465545326,-0.297207147,-0.595334411,0.432972133,-0.398808837,-0.115190476,-0.002258412,-0.003582203,-0.143180996,-0.335845351,0.178430393,-0.127616838,-0.628585219,0.42947644
9.716666667,0.016283261,0.557027459,-0.473909676,0.185047567,0.474708766,-0.27046296,0.407900572,0.430347264,-0.290275216,0.635814667,0.358882844,-0.378533632,0.114738576,0.002810349,0.004429607,0.123348385,-0.361164629,0.173594147,0.161426976,-0.616841972,0.443265468,-0.160872772,0.467194229,-0.281223446,-0.38538447,0.466984749,-0.298446685,-0.593253374,0.441961467,-0.406241,-0.115067892,-0.002165693,-0.00352897,-0.143184409,-0.335474581,0.173549712,-0.127667934,-0.62860471,0.421902865
9.733333333,0.016616885,0.555996656,-0.47353676,0.185251549,0.475236833,-0.269860536,0.407124013,0.434994757,-0.290759712,0.636185229,0.367132157,-0.381350189,0.114630319,0.00278056,0.004378691,0.123774298,-0.361260802,0.169555277,0.163714141,-0.616309404,0.441188425,-0.160272107,0.468046427,-0.281415761,-0.385255158,0.476767272,-0.299514145,-0.591848373,0.453282118,-0.406696528,-0.114955708,-0.002142362,-0.003477101,-0.142965123,-0.335100621,0.166719049,-0.127570421,-0.628719509,0.41150552
9.75,0.014699435,0.555643678,-0.475025773,0.185449064,0.475144893,-0.270616323,0.408994675,0.438046962,-0.29396227,0.637271464,0.371487856,-0.382885963,0.11454197,0.00263603,0.003723573,0.123738274,-0.361631334,0.165767923,0.164518818,-0.616464257,0.436883748,-0.157901287,0.46811235,-0.281963915,-0.382856965,0.477526009,-0.29776001,-0.590945899,0.46084097,-0.394602925,-0.114871964,-0.002001525,-0.002821856,-0.142287508,-0.335143954,0.166587144,-0.127571762,-0.629243612,0.411389858
9.766666667,0.014786266,0.55498904,-0.474402517,0.185812458,0.476101667,-0.269994885,0.410896391,0.445118129,-0.293910503,0.63907969,0.381356031,-0.380958349,0.114493757,0.002549835,0.003030208,0.123887502,-0.361605704,0.162674934,0.165851891,-0.615907669,0.433725476,-0.156736106,0.469155252,-0.281257361,-0.382036299,0.482665032,-0.294414133,-0.592109799,0.470796764,-0.381847054,-0.114827439,-0.001916392,-0.002129492,-0.141955316,-0.335076779,0.167286098,-0.127576187,-0.629442096,0.413060308
9.783333333,0.01462324,0.554598749,-0.473816603,0.18649216,0.47619915,-0.269550741,0.413318664,0.445561856,-0.293431759,0.641585171,0.386232942,-0.376807183,0.114459716,0.00226136,0.001783777,0.12393783,-0.361439824,0.153130174,0.167745382,-0.614456415,0.426365912,-0.154963151,0.470181257,-0.279767692,-0.381499559,0.480222791,-0.28994143,-0.595868528,0.470050007,-0.374747068,-0.114792407,-0.001624192,-0.000888416,-0.141512558,-0.335052818,0.167584077,-0.127304494,-0.629506946,0.418097168
9.8,0.015099926,0.555374563,-0.472019106,0.186673999,0.476739556,-0.266286284,0.413925886,0.446836501,-0.286163062,0.643338025,0.390502155,-0.362435848,0.11442814,0.002090976,0.00090216,0.123958975,-0.361311287,0.147362381,0.16834119,-0.614214301,0.421625614,-0.155237779,0.470375359,-0.279253244,-0.382508337,0.476253957,-0.290051877,-0.602894247,0.466707945,-0.376012206,-0.114762701,-0.001450956,-1.59E-05,-0.141332194,-0.335018933,0.169307277,-0.12701571,-0.629583001,0.42604965
9.816666667,0.01586815,0.55616504,-0.471307963,0.187011227,0.477362931,-0.265639633,0.413530022,0.450833291,-0.285163522,0.642877877,0.399383187,-0.361295193,0.114400342,0.001863266,0.000435391,0.123935558,-0.361262769,0.14646098,0.168401048,-0.614188492,0.421075493,-0.154664174,0.470863819,-0.278897375,-0.382640123,0.475186527,-0.290050089,-0.606988549,0.465364546,-0.376076579,-0.114734896,-0.001222891,0.000443665,-0.141380638,-0.334675938,0.169922039,-0.127133161,-0.629599988,0.426589727
9.833333333,0.017124152,0.556673884,-0.47171247,0.187008724,0.477645218,-0.265540421,0.412323594,0.452418894,-0.284196526,0.641374171,0.402963936,-0.358177185,0.114376388,0.001737637,0.0002477,0.123725146,-0.360758543,0.148209363,0.168333367,-0.613188565,0.422615558,-0.154676706,0.470766455,-0.279141098,-0.383777171,0.473316193,-0.290819317,-0.612136543,0.458530694,-0.377815127,-0.114710763,-0.001094662,0.000627288,-0.141461864,-0.333981872,0.170527503,-0.126983121,-0.628757119,0.429448456
9.85,0.019402465,0.55616641,-0.476231128,0.186809033,0.477746367,-0.265770495,0.407941669,0.453884661,-0.284138888,0.638677955,0.403716952,-0.356764585,0.114310503,0.001670714,0.000256425,0.123584919,-0.358286172,0.15072301,0.16826719,-0.608144522,0.43098709,-0.154799998,0.470620185,-0.283801168,-0.387698144,0.472008198,-0.300304621,-0.620361984,0.454243809,-0.384443313,-0.114653364,-0.001021933,0.000616191,-0.141454726,-0.3313362,0.174904555,-0.126384839,-0.625412464,0.438462019
9.866666667,0.019609239,0.556005239,-0.475668013,0.186641261,0.479069501,-0.265578389,0.406802684,0.455596387,-0.284389228,0.63846463,0.401789546,-0.359390616,0.114192933,0.00158591,0.000214516,0.123398326,-0.358334541,0.151592612,0.16826129,-0.608298481,0.431154519,-0.154354706,0.471840799,-0.282388091,-0.386120528,0.47186783,-0.296713144,-0.618068516,0.450701386,-0.380939364,-0.114537843,-0.00093878,0.000659784,-0.141419917,-0.331219018,0.17498447,-0.12575008,-0.625423312,0.438219726
9.883333333,0.019623917,0.557212472,-0.472461402,0.186964422,0.480153948,-0.26495105,0.406848848,0.45607695,-0.284418195,0.637807488,0.400207967,-0.360474586,0.114120685,0.0014079,0.000156507,0.123616762,-0.358374774,0.151274949,0.168326974,-0.608750403,0.430287689,-0.151993692,0.472599834,-0.279424369,-0.384595394,0.472187072,-0.291383922,-0.615098834,0.450477064,-0.376618385,-0.114467844,-0.000765315,0.000719559,-0.141385958,-0.33123067,0.174688712,-0.12529622,-0.625479043,0.437057048
9.9,0.020043837,0.557111681,-0.472333759,0.187544495,0.480375171,-0.265270352,0.40684551,0.455135912,-0.286845803,0.637401462,0.39757055,-0.370100856,0.114016309,0.001269882,0.000135231,0.12359827,-0.358740538,0.151857018,0.168504611,-0.610140443,0.429982066,-0.150045455,0.47322315,-0.278347105,-0.381529421,0.472213626,-0.287430167,-0.608261466,0.44901377,-0.37354064,-0.114363857,-0.000632973,0.000741746,-0.141497672,-0.331251115,0.17474547,-0.125242144,-0.625543416,0.435562193
9.916666667,0.020631248,0.556119442,-0.472936839,0.187695786,0.480312198,-0.265997231,0.40662545,0.454313546,-0.287838876,0.6361292,0.3953076,-0.373699725,0.113977,0.001144542,1.11E-05,0.123705879,-0.358878911,0.152296826,0.168790683,-0.61071068,0.428851455,-0.149781257,0.473500282,-0.278393745,-0.381412834,0.472009152,-0.287013859,-0.606926143,0.447537273,-0.373946279,-0.114325613,-0.000508356,0.000866204,-0.141505972,-0.331507623,0.174742281,-0.124744885,-0.625949979,0.434133053
9.933333333,0.02068631,0.556035042,-0.473039329,0.187583789,0.480271846,-0.266073287,0.40587607,0.453804702,-0.28784427,0.635223866,0.393810272,-0.37361595,0.113940947,0.001096579,-0.000247731,0.123769678,-0.358680248,0.15269433,0.169083819,-0.610829055,0.428915709,-0.150033683,0.473712027,-0.278448462,-0.382805228,0.46991995,-0.28711006,-0.606873274,0.440981656,-0.374480367,-0.114290401,-0.000459061,0.001129285,-0.141526401,-0.331525207,0.175579622,-0.124412157,-0.62600559,0.434165239
9.95,0.020687405,0.555914998,-0.473105222,0.187697262,0.480200052,-0.266935557,0.405069649,0.453415215,-0.289148033,0.633250415,0.392959446,-0.375710905,0.113858104,0.00097603,-0.000349221,0.123974212,-0.358234972,0.152993083,0.169580504,-0.610654473,0.429009229,-0.149468586,0.4737176,-0.27849257,-0.382775933,0.469378263,-0.286924452,-0.606560707,0.437685102,-0.374117792,-0.114211239,-0.000337724,0.001229698,-0.141480371,-0.331494123,0.175799102,-0.123577423,-0.625967801,0.434195876
9.966666667,0.02070377,0.555828869,-0.473301202,0.187817723,0.48007074,-0.268223792,0.404264629,0.452244848,-0.291328698,0.631030321,0.391717911,-0.380376905,0.113770038,0.000859643,-0.00037886,0.124001279,-0.358149946,0.153223619,0.169931889,-0.610623419,0.429074019,-0.14854306,0.473701864,-0.27849102,-0.382749408,0.466362923,-0.285842299,-0.606299877,0.425804257,-0.372793674,-0.114127763,-0.000223426,0.00125869,-0.141498953,-0.331514597,0.175837845,-0.123317488,-0.626011789,0.434040397
9.983333333,0.020790959,0.55576092,-0.473356992,0.187851027,0.480079472,-0.268575519,0.402951002,0.451977015,-0.292069942,0.62955451,0.39110294,-0.382010132,0.113721035,0.000804885,-0.000402812,0.123783417,-0.358112633,0.153398886,0.169914916,-0.610504627,0.429121464,-0.148540765,0.473762929,-0.278521717,-0.382747412,0.464861661,-0.28591162,-0.606132448,0.419147909,-0.37289083,-0.114083156,-0.000169429,0.001283163,-0.141496301,-0.331408054,0.175868511,-0.123185009,-0.625762284,0.434000134
10,0.021353146,0.555344105,-0.47470215,0.188178137,0.479829878,-0.269219875,0.402611375,0.449330568,-0.292377561,0.629147053,0.387927473,-0.382267952,0.113668256,0.000741987,-0.000396603,0.12378405,-0.358137369,0.154683933,0.170167029,-0.610556781,0.429748327,-0.148296818,0.473586649,-0.2794936,-0.382712275,0.460758716,-0.28685528,-0.605976641,0.411892623,-0.374197125,-0.114034235,-0.000105763,0.001276262,-0.141492188,-0.331423372,0.176088288,-0.122880682,-0.625825763,0.433986306
