Time_Seconds,FullBody:Hip_X,FullBody:Hip_Y,FullBody:Hip_Z,FullBody:Ab_X,FullBody:Ab_Y,FullBody:Ab_Z,FullBody:Chest_X,FullBody:Chest_Y,FullBody:Chest_Z,FullBody:Neck_X,FullBody:Neck_Y,FullBody:Neck_Z,FullBody:Head_X,FullBody:Head_Y,FullBody:Head_Z,FullBody:LShoulder_X,FullBody:LShoulder_Y,FullBody:LShoulder_Z,FullBody:LUArm_X,FullBody:LUArm_Y,FullBody:LUArm_Z,FullBody:LFArm_X,FullBody:LFArm_Y,FullBody:LFArm_Z,FullBody:LHand_X,FullBody:LHand_Y,FullBody:LHand_Z,FullBody:RShoulder_X,FullBody:RShoulder_Y,FullBody:RShoulder_Z,FullBody:RUArm_X,FullBody:RUArm_Y,FullBody:RUArm_Z,FullBody:RFArm_X,FullBody:RFArm_Y,FullBody:RFArm_Z,FullBody:RHand_X,FullBody:RHand_Y,FullBody:RHand_Z,FullBody:LThigh_X,FullBody:LThigh_Y,FullBody:LThigh_Z,FullBody:LShin_X,FullBody:LShin_Y,FullBody:LShin_Z,FullBody:LFoot_X,FullBody:LFoot_Y,FullBody:LFoot_Z,FullBody:RThigh_X,FullBody:RThigh_Y,FullBody:RThigh_Z,FullBody:RShin_X,FullBody:RShin_Y,FullBody:RShin_Z,FullBody:RFoot_X,FullBody:RFoot_Y,FullBody:RFoot_Z
0,0,0,0,-0.000461,0.076831,-0.003079,0.000482,0.271461,0.012548,0.005522,0.493301,0.014311,-0.013852,0.646525,0.002778,0.041756,0.421964,0.018474,0.145791,0.403193,0.032546,0.293849,0.169772,0.026548,0.365141,-0.016468,-0.107812,-0.033864,0.423679,0.01887,-0.139418,0.416332,0.032204,-0.291871,0.185696,0.029501,-0.377951,-0.009023,-0.082282,0.094487,0.000335,-0.005784,0.161905,-0.464368,0.075594,0.208373,-0.785377,0.192997,-0.094486,-0.000336,0.005784,-0.171937,-0.469471,0.037878,-0.227044,-0.782084,0.172882
0.016666,0,0,0,-0.000437,0.076507,-0.002962,0.000602,0.270791,0.012836,0.005579,0.493088,0.015324,-0.013808,0.646761,0.003617,0.041824,0.421288,0.01927,0.145983,0.40313,0.033224,0.303026,0.175785,0.023493,0.383203,-0.005315,-0.112869,-0.033796,0.422977,0.019631,-0.139387,0.415776,0.032763,-0.300295,0.191051,0.025724,-0.394503,0.001629,-0.088578,0.094494,0.000321,-0.005661,0.161876,-0.4644,0.075643,0.208269,-0.785487,0.192862,-0.094494,-0.000321,0.005662,-0.171961,-0.469473,0.037454,-0.227204,-0.782087,0.172401
0.033333,0,0,0,-0.00041,0.076079,-0.002851,0.000677,0.269924,0.013032,0.005516,0.49272,0.016453,-0.013873,0.646887,0.004551,0.041795,0.420419,0.020115,0.146108,0.403079,0.033961,0.312869,0.182984,0.020059,0.402925,0.008076,-0.118211,-0.033826,0.422057,0.020438,-0.139453,0.415149,0.033436,-0.309615,0.197554,0.021548,-0.413439,0.014513,-0.094804,0.094503,0.000303,-0.005503,0.161825,-0.464439,0.075732,0.208105,-0.785597,0.192803,-0.094503,-0.000302,0.005503,-0.17198,-0.469468,0.037077,-0.227375,-0.782077,0.171974
0.05,0,0,0,-0.000377,0.075678,-0.002712,0.000815,0.269106,0.013279,0.005478,0.492403,0.017516,-0.013946,0.647066,0.005437,0.041803,0.419609,0.020943,0.146276,0.403158,0.034664,0.322651,0.191003,0.016648,0.422643,0.022886,-0.123203,-0.033821,0.421183,0.021198,-0.139501,0.414443,0.033837,-0.31855,0.204459,0.016788,-0.432071,0.027908,-0.100527,0.094512,0.00028,-0.005349,0.161778,-0.464485,0.075801,0.20796,-0.785731,0.192668,-0.094512,-0.00028,0.005349,-0.17201,-0.469459,0.036675,-0.227565,-0.78207,0.1715
0.066666,0,0,0,-0.000348,0.075274,-0.002574,0.000906,0.268285,0.013477,0.005358,0.492047,0.018564,-0.014057,0.647184,0.006412,0.041742,0.418798,0.021731,0.146374,0.403216,0.035259,0.331725,0.199222,0.013498,0.441075,0.038025,-0.127493,-0.033883,0.420298,0.021943,-0.139612,0.41369,0.034241,-0.32676,0.211346,0.012445,-0.449333,0.041256,-0.105307,0.094519,0.000258,-0.005219,0.161759,-0.464505,0.075959,0.207875,-0.785832,0.192633,-0.09452,-0.000257,0.005219,-0.172027,-0.469447,0.036357,-0.227683,-0.782046,0.171168
0.083333,0,0,0,-0.000318,0.074856,-0.002435,0.00099,0.267445,0.013589,0.005187,0.491698,0.019564,-0.014247,0.647339,0.007369,0.041645,0.417972,0.022459,0.146449,0.403376,0.035749,0.341094,0.20868,0.010245,0.460288,0.055396,-0.131595,-0.033982,0.419383,0.022622,-0.139773,0.412931,0.034466,-0.335223,0.219227,0.007599,-0.467361,0.056455,-0.110156,0.094526,0.000236,-0.005103,0.161756,-0.464526,0.07609,0.207829,-0.785925,0.19258,-0.094525,-0.000237,0.005102,-0.172042,-0.469436,0.036069,-0.227763,-0.78204,0.170844
0.1,0,0,0,-0.000308,0.074481,-0.002297,0.001012,0.266695,0.013668,0.004947,0.490943,0.020511,-0.014395,0.646609,0.008283,0.041487,0.417233,0.02315,0.146457,0.40361,0.036159,0.349946,0.218703,0.00711,0.478608,0.073769,-0.135229,-0.034142,0.418557,0.023259,-0.139999,0.412273,0.034585,-0.343361,0.227684,0.002753,-0.48477,0.072703,-0.11474,0.09453,0.000235,-0.005024,0.161763,-0.464536,0.076115,0.207822,-0.785965,0.192529,-0.09453,-0.000235,0.005025,-0.172058,-0.469444,0.035831,-0.227814,-0.782064,0.170551
0.116666,0,0,0,-0.000334,0.074278,-0.002208,0.000847,0.266295,0.013659,0.00428,0.490527,0.021281,-0.014808,0.646226,0.009076,0.040979,0.416888,0.02371,0.146119,0.404449,0.036533,0.357515,0.229042,0.005128,0.494197,0.091727,-0.137289,-0.034653,0.418045,0.023732,-0.140573,0.41186,0.034517,-0.350835,0.236061,-0.001906,-0.500511,0.088734,-0.119005,0.094533,0.000278,-0.004959,0.161763,-0.464527,0.07599,0.207807,-0.786004,0.192274,-0.094533,-0.000278,0.00496,-0.172058,-0.469503,0.03552,-0.227825,-0.782125,0.170233
0.133333,0,0,0,-0.000267,0.073834,-0.002035,0.001062,0.265416,0.013623,0.00437,0.489618,0.022126,-0.014756,0.64532,0.010029,0.041104,0.415989,0.024307,0.146391,0.404436,0.036752,0.365647,0.239681,0.001734,0.51098,0.11193,-0.141023,-0.034528,0.417107,0.024251,-0.140527,0.411237,0.034417,-0.358156,0.245711,-0.006601,-0.516382,0.107314,-0.123359,0.09454,0.000209,-0.004824,0.161741,-0.464637,0.075914,0.207734,-0.786127,0.192183,-0.094541,-0.000208,0.004825,-0.172097,-0.469423,0.035467,-0.22796,-0.782067,0.170089
0.15,0,0,0,-0.000239,0.073731,-0.001873,0.000994,0.265223,0.01358,0.003775,0.489398,0.022933,-0.015161,0.645131,0.01092,0.040674,0.415846,0.024896,0.146111,0.40549,0.037113,0.372751,0.251647,-0.000425,0.526183,0.133212,-0.142735,-0.03496,0.416792,0.024721,-0.141036,0.41119,0.034212,-0.365158,0.255784,-0.011185,-0.531071,0.126329,-0.127523,0.094546,0.000188,-0.004716,0.161764,-0.464717,0.075664,0.207749,-0.786211,0.191927,-0.094546,-0.000187,0.004716,-0.172082,-0.469407,0.035319,-0.227978,-0.782076,0.169868
0.166666,0,0,0,-0.00023,0.073782,-0.001695,0.000858,0.265339,0.013541,0.003052,0.489484,0.023748,-0.015629,0.645251,0.011789,0.040135,0.416018,0.025499,0.1457,0.406938,0.037627,0.378741,0.263406,-0.001522,0.538955,0.153774,-0.143411,-0.035501,0.416773,0.02519,-0.14165,0.411493,0.034028,-0.371387,0.265786,-0.015296,-0.544173,0.145034,-0.130986,0.094549,0.000188,-0.004653,0.16174,-0.464754,0.075539,0.207721,-0.786246,0.191809,-0.09455,-0.000187,0.004654,-0.172063,-0.469409,0.035288,-0.227968,-0.782087,0.169813
0.183333,0,0,0,-0.000232,0.073867,-0.001508,0.00073,0.265533,0.013397,0.002417,0.48964,0.024489,-0.016007,0.645445,0.012624,0.039657,0.416249,0.026012,0.145341,0.408443,0.037996,0.384512,0.275818,-0.002645,0.551423,0.175754,-0.143888,-0.03598,0.41684,0.025583,-0.142206,0.41202,0.033718,-0.377381,0.27673,-0.019515,-0.55685,0.16543,-0.134514,0.094551,0.000203,-0.00463,0.161729,-0.464776,0.075359,0.207727,-0.786254,0.191659,-0.09455,-0.000204,0.004629,-0.172035,-0.469429,0.035282,-0.227897,-0.782149,0.169727
0.2,0,0,0,-0.000232,0.073981,-0.001327,0.000655,0.26578,0.013297,0.001837,0.489847,0.025237,-0.016378,0.64569,0.01355,0.039232,0.416531,0.026562,0.145018,0.410064,0.038441,0.389658,0.288252,-0.003458,0.562566,0.197845,-0.143992,-0.036405,0.416961,0.025976,-0.142708,0.412555,0.033305,-0.382989,0.287991,-0.023191,-0.568083,0.185841,-0.137758,0.094551,0.000213,-0.004612,0.161699,-0.464803,0.075184,0.207699,-0.78627,0.191516,-0.094552,-0.000213,0.004612,-0.172045,-0.469432,0.035341,-0.227879,-0.782194,0.1697
0.216666,0,0,0,-0.000207,0.073964,-0.001132,0.000756,0.265766,0.013156,0.001351,0.489799,0.025742,-0.016671,0.645678,0.014226,0.038934,0.416577,0.026877,0.144833,0.411734,0.038523,0.394239,0.300187,-0.003859,0.571453,0.218732,-0.144503,-0.036703,0.416813,0.026248,-0.143066,0.412903,0.032974,-0.387764,0.298618,-0.026224,-0.577704,0.205363,-0.140446,0.094551,0.000195,-0.004619,0.161646,-0.464836,0.075137,0.207648,-0.786312,0.191443,-0.094551,-0.000195,0.004619,-0.172093,-0.46939,0.035589,-0.227933,-0.782213,0.169802
0.233333,0,0,0,7.20E-05,0.07378,-0.001011,0.002119,0.265472,0.0121,0.004138,0.489462,0.0253,-0.015397,0.645221,0.014677,0.041257,0.416,0.02622,0.14734,0.411425,0.03618,0.400142,0.309933,-0.011089,0.584664,0.237976,-0.147454,-0.034377,0.416717,0.025621,-0.140808,0.41332,0.031503,-0.390004,0.310525,-0.029966,-0.585092,0.227054,-0.14308,0.094557,-0.000153,-0.004501,0.161599,-0.465209,0.075149,0.207546,-0.786652,0.191567,-0.094556,0.000154,0.004501,-0.17217,-0.469005,0.035842,-0.228098,-0.78187,0.169922
0.25,0,0,0,0.000139,0.073957,-0.000735,0.002168,0.265836,0.012198,0.004356,0.489801,0.025783,-0.01538,0.645566,0.01563,0.041412,0.416306,0.02663,0.14758,0.412413,0.035953,0.403688,0.320152,-0.012419,0.591897,0.251577,-0.145445,-0.03422,0.417088,0.025926,-0.140699,0.414506,0.031323,-0.393465,0.322568,-0.032708,-0.592496,0.249914,-0.146409,0.094563,-0.00022,-0.004369,0.161667,-0.465267,0.075285,0.207604,-0.786685,0.191775,-0.094562,0.00022,0.004369,-0.172078,-0.468916,0.036295,-0.228072,-0.781862,0.170158
0.266666,0,0,0,0.000255,0.07532,-0.000555,0.002845,0.268521,0.012896,0.00632,0.491671,0.028428,-0.014244,0.646629,0.017854,0.042961,0.418627,0.028664,0.14915,0.415052,0.037856,0.407479,0.329298,-0.010683,0.598871,0.26383,-0.140699,-0.032667,0.419853,0.027973,-0.139148,0.418661,0.033786,-0.394337,0.335385,-0.03245,-0.595269,0.274773,-0.149802,0.094566,-0.000352,-0.004293,0.161548,-0.465369,0.075635,0.207324,-0.786807,0.192133,-0.094566,0.000352,0.004292,-0.17207,-0.468744,0.036821,-0.228345,-0.781736,0.170457
0.283333,0,0,0,0.000221,0.076375,-0.000235,0.001952,0.270692,0.012476,0.004788,0.492458,0.029799,-0.015167,0.646234,0.019229,0.041616,0.420754,0.029741,0.147751,0.417899,0.039786,0.408916,0.340219,-0.007142,0.606088,0.283695,-0.132641,-0.034008,0.42181,0.028607,-0.14054,0.421792,0.033567,-0.397073,0.351083,-0.0415,-0.598376,0.311566,-0.166946,0.094579,-0.000287,-0.003986,0.161769,-0.465199,0.076379,0.207637,-0.786681,0.19272,-0.09458,0.000287,0.003985,-0.171735,-0.468789,0.037616,-0.227957,-0.78184,0.171136
0.3,0,0,0,0.000294,0.076966,1.70E-05,0.002132,0.271883,0.012571,0.004616,0.492872,0.030723,-0.015263,0.645946,0.020201,0.041545,0.421925,0.030561,0.147683,0.420262,0.040835,0.411147,0.351016,-0.006437,0.611973,0.30466,-0.130296,-0.034077,0.422889,0.029182,-0.140644,0.423385,0.033271,-0.399371,0.361861,-0.042348,-0.601758,0.331177,-0.168518,0.094586,-0.00036,-0.003817,0.16172,-0.465214,0.076928,0.207509,-0.786758,0.193129,-0.094586,0.000361,0.003816,-0.171594,-0.468695,0.038059,-0.227837,-0.781648,0.171801
0.316666,0,0,0,0.000345,0.07764,0.000284,0.002251,0.273244,0.012662,0.004565,0.493357,0.031528,-0.015191,0.645632,0.021029,0.041542,0.423244,0.031263,0.147688,0.422494,0.041564,0.412977,0.360866,-0.006049,0.616448,0.323233,-0.128539,-0.034077,0.424171,0.029728,-0.14066,0.425212,0.033262,-0.400941,0.371936,-0.043274,-0.604373,0.349564,-0.169509,0.094593,-0.000407,-0.003651,0.16174,-0.465186,0.077513,0.20749,-0.786794,0.193552,-0.094592,0.000407,0.00365,-0.17144,-0.468631,0.038492,-0.227802,-0.781716,0.171875
0.333333,0,0,0,0.000392,0.078345,0.000591,0.002346,0.274668,0.012813,0.004559,0.493787,0.032476,-0.015092,0.64516,0.022123,0.041562,0.424602,0.032097,0.14771,0.424706,0.042401,0.414655,0.370912,-0.005458,0.620379,0.342052,-0.126562,-0.034054,0.425518,0.030398,-0.140646,0.427203,0.033389,-0.402216,0.382285,-0.044118,-0.606523,0.368547,-0.170179,0.0946,-0.000447,-0.003466,0.161762,-0.465128,0.078244,0.207471,-0.786807,0.194104,-0.094599,0.000446,0.003465,-0.171331,-0.468542,0.039215,-0.227866,-0.781743,0.172253
0.35,0,0,0,0.000378,0.079113,0.001021,0.002323,0.276212,0.013169,0.004235,0.494283,0.033496,-0.014964,0.644737,0.023298,0.04134,0.426132,0.032959,0.147504,0.426797,0.043077,0.415821,0.380466,-0.00491,0.623361,0.359875,-0.124594,-0.034277,0.426951,0.031285,-0.140859,0.429169,0.034263,-0.403824,0.391595,-0.042424,-0.607032,0.387102,-0.170906,0.094603,-0.000408,-0.003377,0.161697,-0.464996,0.078917,0.207373,-0.786779,0.1945,-0.094603,0.000409,0.003377,-0.171338,-0.468527,0.039798,-0.22795,-0.781775,0.17269
0.366666,0,0,0,0.000438,0.079887,0.001371,0.002546,0.277767,0.013528,0.004567,0.494834,0.034552,-0.014612,0.644352,0.024311,0.041637,0.427589,0.033903,0.147799,0.428921,0.043981,0.41712,0.389032,-0.004169,0.625649,0.375674,-0.123157,-0.033977,0.428463,0.032144,-0.140552,0.43132,0.034847,-0.404189,0.400405,-0.042502,-0.60706,0.403773,-0.171548,0.094609,-0.000463,-0.003211,0.161762,-0.464952,0.079594,0.207429,-0.786825,0.194929,-0.094608,0.000463,0.003212,-0.171204,-0.468442,0.040332,-0.227907,-0.781758,0.173025
0.383333,0,0,0,0.000481,0.080623,0.001708,0.002603,0.279259,0.013663,0.004622,0.495321,0.035267,-0.014478,0.643898,0.024953,0.041688,0.429009,0.03457,0.147842,0.431009,0.044618,0.418031,0.397618,-0.003618,0.627368,0.391478,-0.121779,-0.033923,0.429905,0.03268,-0.140483,0.433481,0.035055,-0.404751,0.409632,-0.042647,-0.607465,0.421092,-0.171477,0.094616,-0.000501,-0.002975,0.161844,-0.464918,0.080171,0.207471,-0.786905,0.195203,-0.094616,0.000501,0.002975,-0.171055,-0.468375,0.040773,-0.227901,-0.781778,0.1732
0.4,0,0,0,0.000503,0.081327,0.002024,0.00262,0.280691,0.013701,0.004593,0.495806,0.035694,-0.014381,0.643487,0.025269,0.041668,0.430394,0.035008,0.147813,0.433021,0.045013,0.418686,0.405768,-0.003241,0.628539,0.406477,-0.120639,-0.033939,0.431294,0.032985,-0.140482,0.435544,0.035014,-0.405095,0.417817,-0.043148,-0.607018,0.436329,-0.172398,0.094625,-0.000518,-0.002682,0.161818,-0.46494,0.080467,0.207304,-0.787082,0.195119,-0.094624,0.000518,0.002681,-0.171013,-0.46833,0.040913,-0.228096,-0.781792,0.1731
0.416666,0,0,0,0.000499,0.081958,0.002316,0.002486,0.281983,0.013637,0.004296,0.496214,0.035914,-0.014443,0.643064,0.025391,0.041415,0.43167,0.035273,0.147543,0.434902,0.045277,0.418956,0.413158,-0.002742,0.629123,0.419943,-0.119382,-0.034189,0.432534,0.03311,-0.140712,0.43741,0.034737,-0.405678,0.425976,-0.043403,-0.607575,0.451218,-0.171549,0.094631,-0.000507,-0.002436,0.161823,-0.464938,0.080658,0.207202,-0.787219,0.194963,-0.094631,0.000507,0.002437,-0.170954,-0.468328,0.040961,-0.228234,-0.781831,0.172965
0.433333,0,0,0,0.000467,0.082621,0.002668,0.002325,0.283329,0.013843,0.004002,0.496639,0.036459,-0.014533,0.642621,0.025802,0.04116,0.432992,0.035817,0.147277,0.436784,0.045736,0.419071,0.420466,-0.002283,0.629372,0.433239,-0.11818,-0.034442,0.433823,0.033585,-0.140939,0.439333,0.034917,-0.406054,0.433763,-0.043356,-0.607217,0.465833,-0.171132,0.094635,-0.00046,-0.0023,0.161737,-0.464899,0.080826,0.20701,-0.787306,0.194815,-0.094635,0.000461,0.002299,-0.170984,-0.468352,0.041046,-0.228416,-0.781898,0.172882
0.45,0,0,0,0.000465,0.083267,0.003052,0.002237,0.284641,0.014157,0.00378,0.497008,0.037081,-0.014547,0.642096,0.026235,0.040976,0.43428,0.036456,0.14707,0.438687,0.04637,0.41914,0.427402,-0.00153,0.629331,0.445836,-0.11686,-0.034624,0.435079,0.034144,-0.141092,0.441171,0.035196,-0.406249,0.440911,-0.043132,-0.606635,0.479092,-0.170446,0.094636,-0.000445,-0.002257,0.161658,-0.464881,0.08095,0.206885,-0.787408,0.19462,-0.094636,0.000446,0.002256,-0.171008,-0.468352,0.041136,-0.228522,-0.781976,0.172748
0.466666,0,0,0,0.000447,0.083749,0.003372,0.002034,0.28563,0.014267,0.003313,0.497255,0.037274,-0.014829,0.641629,0.026355,0.04058,0.435292,0.036744,0.146643,0.440252,0.046715,0.418931,0.433456,-0.000794,0.628939,0.456931,-0.115541,-0.035018,0.436014,0.034304,-0.141457,0.442635,0.034922,-0.40646,0.44677,-0.04382,-0.605597,0.489403,-0.171681,0.094636,-0.000414,-0.002255,0.161521,-0.464861,0.081003,0.206686,-0.787512,0.194343,-0.094636,0.000414,0.002255,-0.171087,-0.468368,0.041175,-0.228672,-0.782076,0.172556
0.483333,0,0,0,0.000454,0.084322,0.003687,0.002002,0.286795,0.014516,0.003224,0.497627,0.037896,-0.014737,0.64125,0.026673,0.040506,0.436415,0.037345,0.146549,0.441802,0.04732,0.41895,0.439336,4.00E-05,0.628586,0.468115,-0.11418,-0.03509,0.43713,0.034846,-0.141491,0.444346,0.035261,-0.406423,0.453209,-0.04333,-0.604443,0.501669,-0.170849,0.094634,-0.000407,-0.002343,0.161485,-0.464833,0.081058,0.206703,-0.787568,0.19414,-0.094634,0.000407,0.002343,-0.171059,-0.468382,0.041231,-0.228563,-0.782162,0.172477
0.5,0,0,0,0.000513,0.084896,0.004009,0.002083,0.287958,0.014826,0.003227,0.497991,0.0384,-0.014538,0.640839,0.026875,0.040528,0.437557,0.037889,0.14654,0.443445,0.047913,0.419025,0.445138,0.001088,0.628208,0.478788,-0.112628,-0.035065,0.438257,0.03532,-0.14143,0.446004,0.035512,-0.406194,0.459184,-0.043038,-0.603216,0.51275,-0.170059,0.094633,-0.00046,-0.002374,0.161532,-0.464858,0.081142,0.206818,-0.787657,0.194015,-0.094633,0.00046,0.002374,-0.170935,-0.468341,0.041366,-0.228338,-0.782204,0.172457
0.516666,0,0,0,0.000559,0.085325,0.004281,0.002121,0.288831,0.015053,0.003144,0.498212,0.038855,-0.014467,0.640433,0.027067,0.040475,0.438414,0.038374,0.146451,0.444773,0.048477,0.418971,0.450218,0.002136,0.6278,0.488181,-0.11087,-0.035116,0.439085,0.035715,-0.141442,0.447344,0.035682,-0.40611,0.464866,-0.042343,-0.602448,0.523233,-0.168302,0.094631,-0.000499,-0.00243,0.161516,-0.46487,0.081245,0.206837,-0.787709,0.193989,-0.094632,0.000499,0.00243,-0.170875,-0.468302,0.041524,-0.228195,-0.782243,0.172465
0.533333,0,0,0,0.000611,0.085828,0.004567,0.002141,0.289851,0.01539,0.003015,0.498484,0.03946,-0.014409,0.639985,0.027335,0.040383,0.439417,0.039001,0.14633,0.446179,0.049159,0.418829,0.455259,0.003268,0.627127,0.497664,-0.109138,-0.035205,0.440049,0.036262,-0.141496,0.448756,0.036053,-0.405916,0.469743,-0.041954,-0.601376,0.532252,-0.167292,0.09463,-0.000543,-0.002463,0.161464,-0.464893,0.081373,0.206787,-0.787773,0.193997,-0.09463,0.000543,0.002464,-0.170871,-0.468248,0.041682,-0.228169,-0.782264,0.172453
0.55,0,0,0,0.000676,0.086213,0.004864,0.002292,0.290629,0.015813,0.003136,0.498637,0.040192,-0.014201,0.639539,0.027788,0.040509,0.440153,0.039728,0.146422,0.44733,0.049957,0.418864,0.459893,0.004558,0.626548,0.506538,-0.107303,-0.035076,0.440788,0.036923,-0.141329,0.449944,0.036595,-0.405557,0.474396,-0.041057,-0.60001,0.541011,-0.165844,0.094631,-0.000603,-0.00245,0.161399,-0.464929,0.081574,0.206689,-0.787844,0.194109,-0.09463,0.000604,0.00245,-0.17089,-0.468166,0.041891,-0.22822,-0.782249,0.172485
0.566666,0,0,0,0.000699,0.086505,0.005094,0.002253,0.29122,0.016188,0.002964,0.498664,0.040937,-0.014201,0.639048,0.028307,0.040369,0.440714,0.040453,0.146243,0.448267,0.050806,0.418634,0.464121,0.006132,0.625739,0.514768,-0.105059,-0.035214,0.441317,0.037568,-0.14143,0.450888,0.037135,-0.405449,0.478325,-0.040228,-0.599044,0.548414,-0.164444,0.094633,-0.000625,-0.002357,0.161283,-0.46493,0.081873,0.206468,-0.787895,0.19431,-0.094632,0.000625,0.002357,-0.170945,-0.468105,0.042166,-0.228385,-0.78223,0.172612
0.583333,0,0,0,0.000608,0.086655,0.005334,0.001701,0.291515,0.016833,0.00199,0.498485,0.042254,-0.014537,0.638524,0.029283,0.039497,0.440989,0.041707,0.145301,0.44886,0.052536,0.417674,0.468598,0.009324,0.623326,0.524857,-0.101868,-0.036079,0.441471,0.038643,-0.142243,0.451602,0.038089,-0.406002,0.482664,-0.038787,-0.598493,0.556899,-0.16231,0.094636,-0.000528,-0.00222,0.161298,-0.464789,0.082246,0.206442,-0.787798,0.19457,-0.094637,0.000528,0.00222,-0.170833,-0.468185,0.04245,-0.228297,-0.782341,0.17281
0.6,0,0,0,0.000477,0.086877,0.005602,0.001115,0.29194,0.017715,0.000994,0.498423,0.043767,-0.01475,0.638096,0.030285,0.038601,0.441396,0.043163,0.144323,0.449458,0.054627,0.416677,0.472741,0.013096,0.620419,0.534858,-0.098493,-0.03697,0.441759,0.039936,-0.143083,0.452394,0.039379,-0.406532,0.486071,-0.037462,-0.597815,0.563735,-0.160752,0.09464,-0.000385,-0.002079,0.1613,-0.464587,0.082707,0.206393,-0.787632,0.19495,-0.094641,0.000386,0.002079,-0.17077,-0.468296,0.042799,-0.228283,-0.782444,0.173156
0.616666,0,0,0,0.000407,0.086896,0.005814,0.00086,0.291966,0.018367,0.000615,0.49798,0.044932,-0.014581,0.637281,0.031113,0.038248,0.441368,0.044269,0.143913,0.449626,0.056113,0.416189,0.475746,0.015776,0.618629,0.542583,-0.095454,-0.037319,0.441706,0.040951,-0.143389,0.45277,0.040397,-0.406588,0.488584,-0.036333,-0.596932,0.568819,-0.15943,0.094644,-0.000313,-0.001937,0.16136,-0.464444,0.083199,0.206444,-0.78751,0.195383,-0.094643,0.000314,0.001937,-0.170625,-0.468344,0.043198,-0.228142,-0.782499,0.173538
0.633333,0,0,0,0.000395,0.086886,0.005965,0.000859,0.291938,0.018809,0.000723,0.497552,0.045752,-0.014125,0.636518,0.031693,0.038325,0.441266,0.045022,0.143967,0.449665,0.056977,0.416116,0.478542,0.017674,0.617364,0.54931,-0.093289,-0.037241,0.441652,0.041696,-0.143268,0.45312,0.041186,-0.406267,0.490977,-0.035249,-0.595885,0.573484,-0.157964,0.094646,-0.000304,-0.001826,0.161428,-0.464346,0.083739,0.206527,-0.787442,0.195833,-0.094645,0.000305,0.001825,-0.170466,-0.46833,0.043641,-0.227976,-0.782511,0.173919
0.65,0,0,0,0.000379,0.086877,0.006085,0.000823,0.291912,0.019189,0.000771,0.497226,0.046624,-0.013764,0.63598,0.032471,0.038347,0.441156,0.045801,0.143973,0.449639,0.057828,0.415985,0.481057,0.019531,0.615909,0.556017,-0.091069,-0.037218,0.441587,0.042437,-0.143209,0.453382,0.041902,-0.405988,0.493125,-0.034334,-0.594964,0.577681,-0.156644,0.094648,-0.000293,-0.001704,0.161527,-0.464252,0.084233,0.206644,-0.787343,0.196333,-0.094648,0.000293,0.001704,-0.170314,-0.468324,0.044004,-0.227812,-0.7825,0.174299
0.666666,0,0,0,0.000355,0.086868,0.00621,0.000762,0.291885,0.019602,0.000706,0.496911,0.047517,-0.013536,0.635461,0.033232,0.038277,0.441059,0.046615,0.143878,0.449655,0.058783,0.41577,0.482867,0.021156,0.614696,0.561403,-0.088762,-0.037284,0.441504,0.043192,-0.143251,0.45352,0.042614,-0.405842,0.494724,-0.033488,-0.594261,0.581011,-0.15545,0.09465,-0.000275,-0.001565,0.161537,-0.464167,0.08473,0.206609,-0.787263,0.196833,-0.094651,0.000275,0.001565,-0.170207,-0.468316,0.044341,-0.227725,-0.78247,0.174682
0.683333,0,0,0,0.000322,0.086859,0.006341,0.000653,0.291852,0.020086,0.000523,0.496547,0.048473,-0.013394,0.634842,0.033953,0.038109,0.440968,0.0475,0.143669,0.449775,0.059869,0.415419,0.484699,0.022773,0.613523,0.56633,-0.086372,-0.03745,0.441403,0.044015,-0.143394,0.453616,0.043415,-0.405796,0.496098,-0.03264,-0.593646,0.5839,-0.154396,0.094652,-0.000247,-0.00144,0.161535,-0.464087,0.085133,0.206559,-0.787199,0.197208,-0.094653,0.000246,0.00144,-0.170097,-0.468329,0.04459,-0.227632,-0.782467,0.174964
0.7,0,0,0,0.000292,0.086852,0.006438,0.000532,0.291826,0.020467,0.000352,0.496385,0.049323,-0.013288,0.634619,0.034626,0.037946,0.440883,0.048256,0.143472,0.449879,0.060783,0.415084,0.486812,0.024632,0.612224,0.571624,-0.08383,-0.03761,0.441315,0.04472,-0.143526,0.453768,0.044115,-0.405742,0.497359,-0.031955,-0.593022,0.586486,-0.153625,0.094654,-0.000219,-0.001349,0.161567,-0.464017,0.085427,0.206567,-0.78712,0.197539,-0.094654,0.000219,0.00135,-0.169963,-0.468358,0.044721,-0.227465,-0.782451,0.175215
0.716666,0,0,0,0.000266,0.086847,0.006508,0.000412,0.291806,0.020764,0.0002,0.496286,0.049982,-0.01319,0.634508,0.035189,0.0378,0.440816,0.048838,0.143303,0.449905,0.061487,0.414807,0.488604,0.026388,0.610856,0.57624,-0.081808,-0.037755,0.441248,0.045265,-0.143646,0.453909,0.044693,-0.405728,0.498306,-0.031372,-0.592528,0.588439,-0.15304,0.094656,-0.000195,-0.001259,0.161576,-0.463969,0.08564,0.206528,-0.787053,0.197827,-0.094655,0.000195,0.001258,-0.169822,-0.468389,0.04479,-0.227284,-0.782442,0.1754
0.733333,0,0,0,0.000241,0.08684,0.006592,0.000333,0.291785,0.021057,0.000132,0.4962,0.050504,-0.013045,0.634402,0.035632,0.037727,0.44076,0.049306,0.143215,0.449881,0.062066,0.414634,0.49015,0.028097,0.609809,0.57996,-0.079896,-0.037827,0.441201,0.045723,-0.143697,0.454036,0.045217,-0.405684,0.499048,-0.030816,-0.592086,0.589974,-0.152503,0.094657,-0.000174,-0.001182,0.161554,-0.463926,0.085851,0.206451,-0.787006,0.198072,-0.094656,0.000173,0.001181,-0.169712,-0.468412,0.044897,-0.227152,-0.782433,0.175591
0.75,0,0,0,0.000212,0.086833,0.006692,0.000248,0.291761,0.021391,5.70E-05,0.496133,0.051046,-0.012979,0.63433,0.036137,0.03765,0.440705,0.049794,0.14313,0.449809,0.062624,0.414476,0.491282,0.029528,0.60906,0.582487,-0.078361,-0.037904,0.441154,0.04621,-0.14376,0.454107,0.045774,-0.405677,0.499565,-0.030233,-0.591734,0.591114,-0.151984,0.094657,-0.000147,-0.001093,0.161493,-0.463874,0.086122,0.206307,-0.786959,0.19836,-0.094658,0.000147,0.001094,-0.169689,-0.468416,0.045077,-0.22716,-0.782391,0.17587
0.766666,0,0,0,0.000187,0.08682,0.006857,0.000218,0.29173,0.021806,6.10E-05,0.496049,0.051574,-0.012924,0.634206,0.036574,0.037646,0.440652,0.050287,0.143129,0.449709,0.063136,0.41441,0.491956,0.03049,0.608803,0.58371,-0.077278,-0.037908,0.441114,0.04672,-0.143763,0.454086,0.046309,-0.405627,0.499728,-0.029768,-0.591438,0.591633,-0.151625,0.094658,-0.000125,-0.000992,0.161394,-0.463827,0.086436,0.206108,-0.786959,0.198578,-0.094659,0.000126,0.000991,-0.169777,-0.468389,0.045348,-0.227363,-0.782341,0.176145
0.783333,0,0,0,0.000156,0.086811,0.006974,0.00013,0.291705,0.022137,-5.50E-05,0.495994,0.052092,-0.012994,0.634144,0.037024,0.037537,0.440606,0.05076,0.143014,0.449656,0.063652,0.414262,0.492391,0.031367,0.608569,0.584555,-0.076207,-0.038018,0.441062,0.047183,-0.143871,0.454042,0.046792,-0.405702,0.499871,-0.02929,-0.591267,0.592137,-0.151248,0.09466,-9.90E-05,-0.000886,0.161268,-0.463794,0.086668,0.205857,-0.786964,0.198753,-0.094659,9.90E-05,0.000887,-0.169886,-0.468372,0.045513,-0.227606,-0.782302,0.176304
0.8,0,0,0,0.000127,0.086806,0.007033,3.50E-05,0.291688,0.022363,-0.000196,0.496003,0.052465,-0.013119,0.634196,0.037326,0.037406,0.440575,0.0511,0.142875,0.449609,0.064073,0.414134,0.492556,0.032165,0.60831,0.585029,-0.075379,-0.038147,0.44102,0.047498,-0.144,0.454007,0.047129,-0.405803,0.499881,-0.029021,-0.591151,0.592329,-0.151173,0.09466,-7.20E-05,-0.000815,0.161178,-0.463789,0.0867,0.205672,-0.786969,0.198793,-0.094661,7.20E-05,0.000815,-0.16993,-0.468387,0.045495,-0.227715,-0.782285,0.176335
0.816666,0,0,0,0.000102,0.086798,0.007135,8.30E-05,0.291662,0.022693,-3.50E-05,0.495981,0.052952,-0.012957,0.634191,0.037727,0.037536,0.440507,0.051546,0.143001,0.449489,0.064587,0.414305,0.492309,0.032897,0.608574,0.58469,-0.07456,-0.038016,0.440997,0.047937,-0.143872,0.453962,0.047589,-0.405655,0.499702,-0.028708,-0.590865,0.592146,-0.151072,0.094662,-5.50E-05,-0.000687,0.161235,-0.463765,0.086815,0.205723,-0.78694,0.198925,-0.094661,5.40E-05,0.000687,-0.169855,-0.468394,0.045618,-0.227675,-0.782264,0.176506
0.833333,0,0,0,9.90E-05,0.086791,0.007219,5.10E-05,0.291641,0.022975,-7.90E-05,0.496023,0.053373,-0.013069,0.6343,0.038061,0.037495,0.440468,0.051925,0.142948,0.449426,0.065075,0.414319,0.491936,0.033538,0.608578,0.584313,-0.07394,-0.038057,0.440959,0.048306,-0.143919,0.453871,0.047926,-0.405681,0.499436,-0.028551,-0.590817,0.591782,-0.1511,0.094661,-5.50E-05,-0.000649,0.161238,-0.463772,0.086812,0.205704,-0.786918,0.199017,-0.094662,5.50E-05,0.000649,-0.169848,-0.468379,0.045732,-0.227695,-0.782221,0.176678
0.85,0,0,0,7.00E-05,0.086787,0.007275,-0.00016,0.291626,0.023156,-0.000491,0.496085,0.05361,-0.013585,0.634424,0.038196,0.037135,0.440483,0.05215,0.142576,0.449373,0.06544,0.41405,0.491352,0.034076,0.608278,0.583557,-0.073605,-0.038417,0.440903,0.048507,-0.144286,0.453751,0.048091,-0.406033,0.499104,-0.02856,-0.591122,0.591313,-0.151285,0.094661,-1.40E-05,-0.000738,0.161071,-0.463764,0.086677,0.205459,-0.786887,0.198977,-0.094661,1.40E-05,0.000739,-0.170015,-0.468402,0.045729,-0.227886,-0.782214,0.176736
0.866666,0,0,0,3.90E-05,0.08678,0.007345,-0.000256,0.29161,0.023348,-0.000669,0.496132,0.053841,-0.013842,0.634524,0.038345,0.036975,0.440474,0.052386,0.142408,0.449295,0.065786,0.413974,0.49071,0.034466,0.608249,0.58264,-0.073366,-0.038574,0.440872,0.048695,-0.144448,0.453684,0.048233,-0.406186,0.498782,-0.028599,-0.591317,0.590727,-0.151458,0.094661,2.50E-05,-0.000792,0.161011,-0.463728,0.086655,0.20539,-0.786832,0.199011,-0.09466,-2.50E-05,0.000791,-0.170072,-0.468439,0.045708,-0.227919,-0.78222,0.1768
0.883333,0,0,0,4.10E-05,0.086778,0.007383,-0.000285,0.2916,0.023479,-0.000755,0.496186,0.054009,-0.014024,0.634634,0.038474,0.0369,0.440467,0.05256,0.142331,0.449187,0.066048,0.41399,0.489942,0.03467,0.608423,0.581414,-0.073266,-0.038647,0.440851,0.048824,-0.144528,0.453601,0.048322,-0.406269,0.498377,-0.028689,-0.591454,0.59,-0.151705,0.094661,2.30E-05,-0.000794,0.160984,-0.463746,0.086584,0.205343,-0.786823,0.199026,-0.094661,-2.30E-05,0.000794,-0.170026,-0.468453,0.045619,-0.227764,-0.782064,0.177164
0.9,0,0,0,3.50E-05,0.086774,0.007427,-0.000297,0.29159,0.023607,-0.000787,0.496277,0.054144,-0.014106,0.634816,0.038567,0.036869,0.440458,0.052708,0.142295,0.449101,0.066281,0.414055,0.48917,0.034893,0.608701,0.580059,-0.07315,-0.038675,0.440842,0.04892,-0.14456,0.453553,0.048373,-0.406309,0.497984,-0.028812,-0.591558,0.589221,-0.15202,0.094661,3.10E-05,-0.000803,0.161021,-0.46374,0.086542,0.205394,-0.786786,0.199066,-0.09466,-3.10E-05,0.000803,-0.170055,-0.468455,0.045643,-0.227846,-0.782185,0.176881
0.916666,0,0,0,7.80E-05,0.086771,0.007455,-7.50E-05,0.291582,0.023706,-0.000383,0.496339,0.054271,-0.013727,0.634952,0.038714,0.037219,0.440411,0.052841,0.142648,0.448952,0.06646,0.414491,0.488408,0.03502,0.609405,0.578748,-0.073001,-0.038322,0.440869,0.049009,-0.144214,0.453527,0.048402,-0.405981,0.497581,-0.028933,-0.591407,0.588441,-0.152155,0.094661,-2.50E-05,-0.000695,0.161233,-0.463772,0.086619,0.20569,-0.786786,0.199202,-0.094662,2.50E-05,0.000695,-0.169841,-0.468417,0.045701,-0.227585,-0.782142,0.176973
0.933333,0,0,0,8.30E-05,0.08677,0.007472,-8.00E-05,0.291577,0.023762,-0.000399,0.496412,0.054305,-0.013785,0.635097,0.038781,0.037206,0.440412,0.052879,0.14264,0.448837,0.066522,0.414578,0.487582,0.035016,0.609845,0.577259,-0.072921,-0.038335,0.440867,0.049036,-0.144233,0.453475,0.048389,-0.405999,0.497183,-0.029149,-0.591592,0.587544,-0.152484,0.094662,-3.00E-05,-0.000702,0.161291,-0.463765,0.086626,0.205784,-0.786756,0.199262,-0.094661,3.00E-05,0.000703,-0.169817,-0.468417,0.045702,-0.227545,-0.782124,0.177025
0.95,0,0,0,8.10E-05,0.08677,0.007474,-9.20E-05,0.291578,0.02376,-0.000406,0.49648,0.054241,-0.013797,0.635229,0.038774,0.037196,0.44042,0.052836,0.142637,0.448727,0.066497,0.414664,0.486802,0.034938,0.610299,0.575813,-0.072883,-0.038344,0.440879,0.048972,-0.144246,0.453442,0.048277,-0.406023,0.49679,-0.029427,-0.591824,0.586632,-0.152829,0.094661,-2.70E-05,-0.000702,0.161335,-0.463756,0.086627,0.205852,-0.786736,0.199286,-0.094661,2.80E-05,0.000701,-0.169792,-0.468428,0.045651,-0.227524,-0.782131,0.17698
0.966666,0,0,0,7.90E-05,0.08677,0.007473,-1.00E-04,0.291577,0.02376,-0.000426,0.496505,0.05415,-0.013807,0.63527,0.038711,0.037176,0.440433,0.052784,0.142614,0.448671,0.066514,0.414719,0.486161,0.034934,0.61079,0.574327,-0.072791,-0.038362,0.44089,0.048889,-0.144271,0.453392,0.048158,-0.406067,0.496383,-0.029681,-0.592049,0.585716,-0.153179,0.094661,-2.70E-05,-0.000687,0.161344,-0.46376,0.086612,0.205857,-0.786739,0.199274,-0.094662,2.70E-05,0.000686,-0.169781,-0.468437,0.045573,-0.227528,-0.782138,0.176899
0.983333,0,0,0,7.40E-05,0.08677,0.007464,-0.000123,0.291579,0.023735,-0.00046,0.496566,0.054055,-0.013804,0.63539,0.038673,0.037143,0.440446,0.052715,0.14258,0.448599,0.066502,0.414773,0.485421,0.034893,0.611269,0.572759,-0.072731,-0.038394,0.440902,0.048794,-0.14431,0.45335,0.048039,-0.406135,0.495958,-0.02991,-0.592309,0.584766,-0.153497,0.094662,-2.40E-05,-0.000666,0.16135,-0.463762,0.086599,0.205853,-0.786747,0.19925,-0.094662,2.40E-05,0.000666,-0.16976,-0.468449,0.045494,-0.227527,-0.782149,0.176814
1,0,0,0,6.80E-05,0.086771,0.007452,-0.00015,0.291581,0.023709,-0.000493,0.496621,0.05393,-0.013792,0.635488,0.038569,0.03711,0.440462,0.052621,0.142546,0.448543,0.06646,0.414823,0.484744,0.034856,0.611666,0.571299,-0.072765,-0.038426,0.440916,0.048684,-0.144346,0.453327,0.047934,-0.406209,0.495543,-0.030103,-0.592503,0.583815,-0.153893,0.094661,-2.00E-05,-0.000646,0.161361,-0.463765,0.086578,0.20586,-0.786762,0.199194,-0.094662,1.90E-05,0.000646,-0.169733,-0.468466,0.045391,-0.227502,-0.782159,0.176729
1.016666,0,0,0,6.80E-05,0.086772,0.007437,-0.000158,0.291584,0.023671,-0.000487,0.496687,0.053805,-0.01375,0.635611,0.03847,0.037112,0.440476,0.052515,0.142552,0.448457,0.066382,0.414918,0.484054,0.034862,0.612084,0.569972,-0.072679,-0.038424,0.440934,0.048577,-0.144348,0.45331,0.047855,-0.40627,0.495146,-0.030189,-0.592703,0.582907,-0.154133,0.094662,-1.90E-05,-0.000638,0.16139,-0.463763,0.086568,0.205911,-0.786776,0.19913,-0.094661,1.90E-05,0.000638,-0.169682,-0.468485,0.045272,-0.227413,-0.782136,0.176725
1.033333,0,0,0,6.10E-05,0.086774,0.007415,-0.000205,0.291587,0.023637,-0.000537,0.496759,0.053661,-0.013736,0.635744,0.038345,0.037062,0.440495,0.052402,0.142504,0.448334,0.066333,0.414985,0.483126,0.034911,0.612379,0.568395,-0.072728,-0.038474,0.440951,0.048452,-0.144404,0.453273,0.047752,-0.406398,0.494588,-0.030328,-0.592933,0.58174,-0.154548,0.094662,-1.20E-05,-0.000635,0.161448,-0.46375,0.08656,0.20601,-0.786759,0.199116,-0.094661,1.10E-05,0.000635,-0.169654,-0.4685,0.045237,-0.2274,-0.782199,0.176569
1.05,0,0,0,6.20E-05,0.086741,0.007392,-0.00022,0.291519,0.023617,-0.00058,0.496796,0.053507,-0.013727,0.635869,0.038178,0.037025,0.440451,0.052288,0.14246,0.448159,0.066347,0.415079,0.482036,0.035121,0.612804,0.566405,-0.072619,-0.03851,0.440897,0.048313,-0.144453,0.453106,0.047628,-0.406557,0.493684,-0.030468,-0.593226,0.580163,-0.154957,0.094661,-1.50E-05,-0.000631,0.161502,-0.463751,0.086528,0.206102,-0.786765,0.199057,-0.094662,1.40E-05,0.000632,-0.169626,-0.46851,0.045157,-0.227355,-0.782174,0.17658
1.066666,0,0,0,7.40E-05,0.086574,0.00735,-0.000192,0.291184,0.023538,-0.000505,0.496662,0.053122,-0.013642,0.635894,0.037823,0.037086,0.440152,0.051971,0.142517,0.447671,0.066164,0.415352,0.480466,0.035677,0.614335,0.562688,-0.071405,-0.038448,0.44061,0.047994,-0.144403,0.452728,0.047392,-0.406658,0.492468,-0.030624,-0.593534,0.578088,-0.155396,0.094662,-2.60E-05,-0.000639,0.161549,-0.46376,0.086498,0.206181,-0.786775,0.199011,-0.094662,2.70E-05,0.00064,-0.169561,-0.468511,0.04512,-0.227205,-0.782066,0.176839
1.083333,0,0,0,7.80E-05,0.086483,0.007266,-0.000204,0.290993,0.023476,-0.000505,0.496699,0.053012,-0.0136,0.63615,0.037683,0.037085,0.439971,0.051847,0.142538,0.447254,0.065997,0.415547,0.478698,0.035643,0.615633,0.558658,-0.071096,-0.03845,0.44043,0.047881,-0.144417,0.452444,0.047345,-0.406835,0.490775,-0.030832,-0.594023,0.575008,-0.156079,0.094661,-2.90E-05,-0.000676,0.16169,-0.463743,0.08646,0.206421,-0.786734,0.199001,-0.094662,2.90E-05,0.000677,-0.169472,-0.468529,0.045097,-0.227073,-0.782171,0.176628
1.1,0,0,0,6.90E-05,0.086301,0.007217,-0.000342,0.290622,0.02345,-0.000776,0.496625,0.052805,-0.013875,0.636345,0.037483,0.036849,0.439653,0.05167,0.142303,0.446648,0.065954,0.415527,0.476253,0.035686,0.616481,0.554167,-0.070937,-0.038685,0.440062,0.047687,-0.144685,0.451782,0.04717,-0.407268,0.488357,-0.031294,-0.594941,0.570962,-0.156898,0.094661,-1.10E-05,-0.000775,0.161641,-0.463725,0.086401,0.206382,-0.786725,0.198914,-0.09466,1.10E-05,0.000774,-0.169674,-0.46851,0.045244,-0.22735,-0.782205,0.176615
1.116666,0,0,0,7.30E-05,0.085998,0.007164,-0.000358,0.29001,0.02343,-0.000808,0.496416,0.052586,-0.013859,0.636518,0.037317,0.03682,0.439077,0.051477,0.142286,0.445658,0.065872,0.415737,0.473114,0.035626,0.617552,0.548822,-0.07096,-0.038713,0.439478,0.047477,-0.144752,0.450841,0.047007,-0.407505,0.485384,-0.031807,-0.595739,0.566114,-0.157791,0.094661,-1.20E-05,-0.000819,0.161729,-0.463704,0.086398,0.206557,-0.78671,0.19886,-0.09466,1.10E-05,0.000819,-0.169639,-0.468523,0.045199,-0.227211,-0.782076,0.176956
1.133333,0,0,0,7.40E-05,0.085623,0.00703,-0.00036,0.289252,0.02326,-0.000856,0.496224,0.052185,-0.01385,0.636872,0.03701,0.036781,0.438364,0.051113,0.142267,0.444472,0.065569,0.41596,0.469123,0.035096,0.618904,0.541867,-0.071411,-0.038749,0.43875,0.04706,-0.144836,0.449659,0.046556,-0.407782,0.481441,-0.032772,-0.59677,0.559683,-0.159197,0.094659,-1.00E-05,-0.000876,0.161845,-0.463696,0.086288,0.206769,-0.786675,0.198787,-0.09466,1.00E-05,0.000876,-0.169584,-0.468559,0.04498,-0.22707,-0.782057,0.176906
1.15,0,0,0,8.10E-05,0.085124,0.006886,-0.00033,0.288248,0.02304,-0.00086,0.495935,0.051725,-0.013856,0.637267,0.03663,0.036781,0.437406,0.050692,0.142288,0.442932,0.065227,0.416219,0.46428,0.034408,0.620426,0.533663,-0.071926,-0.038746,0.437783,0.046563,-0.144894,0.448066,0.04593,-0.407997,0.476798,-0.034038,-0.597882,0.552357,-0.160751,0.09466,-2.10E-05,-0.000857,0.161986,-0.463716,0.086149,0.206976,-0.786655,0.198738,-0.09466,2.00E-05,0.000858,-0.169509,-0.468576,0.044808,-0.226948,-0.782042,0.17683
1.166666,0,0,0,7.60E-05,0.084631,0.006753,-0.000379,0.287256,0.02284,-0.001001,0.495753,0.051249,-0.013982,0.637859,0.036223,0.036662,0.436476,0.050247,0.14219,0.441367,0.064857,0.416319,0.45902,0.033467,0.621814,0.524739,-0.072713,-0.038862,0.436821,0.046061,-0.145071,0.446448,0.045333,-0.408293,0.471874,-0.035361,-0.599083,0.544425,-0.162471,0.09466,-1.90E-05,-0.00082,0.162154,-0.463724,0.086002,0.207215,-0.786622,0.198681,-0.09466,2.00E-05,0.00082,-0.169532,-0.468587,0.044616,-0.227033,-0.782126,0.176438
1.183333,0,0,0,6.20E-05,0.084083,0.006665,-0.000531,0.286152,0.022769,-0.001324,0.495496,0.050857,-0.014297,0.638407,0.035889,0.036387,0.435455,0.049887,0.14193,0.439542,0.064635,0.41624,0.452668,0.032611,0.623031,0.514093,-0.073623,-0.039135,0.435735,0.045667,-0.145413,0.444568,0.044927,-0.408704,0.466051,-0.036683,-0.600523,0.534921,-0.164292,0.09466,-6.00E-06,-0.000812,0.162279,-0.463717,0.085888,0.207409,-0.786604,0.198567,-0.094661,6.00E-06,0.000812,-0.169604,-0.468606,0.04443,-0.227101,-0.782007,0.176579
1.2,0,0,0,3.70E-05,0.083563,0.00654,-0.000681,0.285101,0.022656,-0.001665,0.495333,0.050293,-0.014647,0.639077,0.035442,0.0361,0.434506,0.049396,0.14164,0.437779,0.064364,0.416069,0.445666,0.031651,0.624073,0.502065,-0.075003,-0.03942,0.434713,0.045135,-0.145767,0.442667,0.044384,-0.40907,0.459498,-0.038275,-0.601875,0.524105,-0.166623,0.094661,2.30E-05,-0.000824,0.162425,-0.463698,0.085704,0.207646,-0.786563,0.198412,-0.09466,-2.30E-05,0.000825,-0.169747,-0.468635,0.044193,-0.227315,-0.782021,0.176349
1.216666,0,0,0,1.00E-06,0.083047,0.006378,-0.000834,0.284054,0.022498,-0.001979,0.495168,0.049687,-0.014992,0.639747,0.035014,0.035833,0.433555,0.04886,0.141359,0.436011,0.064081,0.415812,0.438371,0.030706,0.62474,0.489702,-0.076698,-0.039686,0.433698,0.044568,-0.146093,0.440811,0.043834,-0.409374,0.452916,-0.039714,-0.603103,0.513064,-0.168836,0.094659,6.70E-05,-0.000894,0.162557,-0.463673,0.085429,0.20788,-0.786511,0.198173,-0.09466,-6.60E-05,0.000895,-0.169923,-0.468681,0.043923,-0.227583,-0.782151,0.175839
1.233333,0,0,0,-2.40E-05,0.082476,0.006175,-0.000947,0.282889,0.022398,-0.002213,0.494895,0.049124,-0.015278,0.640307,0.034551,0.035633,0.432478,0.048377,0.141133,0.434012,0.063906,0.415475,0.429892,0.029803,0.62513,0.475416,-0.078797,-0.039883,0.432572,0.044049,-0.14635,0.43873,0.043353,-0.4094,0.444876,-0.041562,-0.603835,0.499313,-0.172149,0.094659,0.000101,-0.00099,0.162679,-0.463672,0.085058,0.208105,-0.78648,0.197845,-0.094659,-0.000102,0.000991,-0.169993,-0.468746,0.043581,-0.227576,-0.782078,0.175857
1.25,0,0,0,-4.30E-05,0.081871,0.005723,-0.00087,0.281634,0.022104,-0.002347,0.494685,0.048485,-0.015558,0.641082,0.033939,0.035568,0.431316,0.047749,0.141038,0.432513,0.063499,0.415142,0.421176,0.029156,0.62479,0.459708,-0.08212,-0.039949,0.431327,0.043429,-0.146455,0.436764,0.042803,-0.409473,0.436994,-0.042433,-0.604918,0.485523,-0.173837,0.094656,0.00013,-0.001151,0.162707,-0.463704,0.084543,0.208178,-0.786424,0.197564,-0.094657,-0.00013,0.001151,-0.170144,-0.468822,0.042942,-0.227751,-0.782125,0.175276
1.266666,0,0,0,-0.000113,0.081928,0.00535,-0.001492,0.281644,0.022625,-0.003866,0.495017,0.048215,-0.01672,0.641634,0.033239,0.034343,0.431592,0.047557,0.139883,0.431397,0.062877,0.412836,0.406116,0.026822,0.620707,0.431961,-0.09125,-0.041189,0.431236,0.043515,-0.147744,0.435623,0.042948,-0.410241,0.429269,-0.043645,-0.605855,0.471908,-0.17683,0.094654,0.000218,-0.001341,0.16274,-0.46362,0.084297,0.208149,-0.786391,0.197198,-0.094654,-0.000219,0.001342,-0.170216,-0.468956,0.042475,-0.228344,-0.782217,0.174681
1.283333,0,0,0,-0.000181,0.081261,0.004898,-0.001743,0.280291,0.022028,-0.00447,0.494635,0.047046,-0.017016,0.642188,0.03214,0.033834,0.430363,0.046575,0.139202,0.430028,0.063038,0.410998,0.393534,0.027833,0.614868,0.407909,-0.098863,-0.041686,0.429895,0.042351,-0.148268,0.43362,0.041934,-0.410298,0.420241,-0.045272,-0.605885,0.455537,-0.180629,0.094653,0.000293,-0.001364,0.162907,-0.46367,0.083468,0.208444,-0.78632,0.196664,-0.094654,-0.000293,0.001363,-0.170144,-0.469126,0.041517,-0.227879,-0.782272,0.174168
1.3,0,0,0,-0.000227,0.080551,0.004584,-0.001928,0.278868,0.021513,-0.004753,0.494193,0.045942,-0.017287,0.642677,0.031256,0.033585,0.42903,0.045597,0.13888,0.42828,0.062506,0.410073,0.386544,0.028501,0.612011,0.39524,-0.101753,-0.041933,0.428523,0.041333,-0.148542,0.431386,0.041172,-0.409871,0.410889,-0.046751,-0.605424,0.438832,-0.18386,0.094652,0.000353,-0.001492,0.162942,-0.463666,0.083005,0.208543,-0.786295,0.196232,-0.094651,-0.000353,0.001492,-0.170321,-0.469205,0.041082,-0.228066,-0.782383,0.173653
1.316666,0,0,0,-0.000301,0.079935,0.004272,-0.0022,0.277638,0.020942,-0.005018,0.493881,0.044992,-0.0175,0.643264,0.030564,0.033312,0.427841,0.04477,0.138506,0.426488,0.062262,0.408951,0.379838,0.028692,0.609752,0.383838,-0.103536,-0.042198,0.427349,0.040355,-0.148824,0.42943,0.040444,-0.409366,0.401924,-0.047901,-0.60461,0.42295,-0.186676,0.09465,0.00044,-0.00158,0.162945,-0.463665,0.082435,0.208572,-0.786255,0.195764,-0.09465,-0.000441,0.00158,-0.170461,-0.469333,0.04043,-0.228084,-0.782441,0.173217
1.333333,0,0,0,-0.000356,0.079382,0.003968,-0.002253,0.276528,0.020475,-0.004918,0.493748,0.043822,-0.017497,0.64402,0.029433,0.033354,0.426781,0.043845,0.138441,0.424745,0.061907,0.407393,0.370669,0.027492,0.606,0.368986,-0.108058,-0.042144,0.42635,0.039237,-0.148784,0.427584,0.039451,-0.408254,0.392069,-0.049194,-0.602887,0.404681,-0.189838,0.094649,0.000505,-0.001624,0.162866,-0.463712,0.081833,0.208472,-0.786278,0.195239,-0.094649,-0.000505,0.001624,-0.170675,-0.469438,0.039545,-0.228128,-0.782442,0.172654
1.35,0,0,0,-0.000427,0.078989,0.003563,-0.002526,0.275724,0.020017,-0.005236,0.493678,0.042883,-0.017703,0.644641,0.028503,0.03305,0.426038,0.043035,0.138031,0.423434,0.061631,0.405574,0.362165,0.028318,0.601663,0.355075,-0.11068,-0.042445,0.425589,0.038368,-0.149089,0.426111,0.038963,-0.40717,0.381881,-0.049812,-0.600486,0.386056,-0.192754,0.094646,0.00059,-0.001722,0.162936,-0.463712,0.081201,0.208573,-0.786198,0.194823,-0.094646,-0.000589,0.001721,-0.170618,-0.469617,0.03856,-0.227892,-0.782492,0.172046
1.366666,0,0,0,-0.000486,0.078473,0.003229,-0.002741,0.274685,0.019585,-0.005633,0.49343,0.041756,-0.017922,0.64512,0.027311,0.032717,0.425108,0.042069,0.137594,0.421966,0.061162,0.40417,0.355727,0.029643,0.598513,0.345532,-0.111596,-0.042778,0.424581,0.037413,-0.14942,0.424427,0.038401,-0.406133,0.372381,-0.050103,-0.598193,0.368918,-0.194747,0.094645,0.00066,-0.001775,0.162918,-0.463743,0.080597,0.208536,-0.786214,0.194269,-0.094645,-0.000659,0.001776,-0.170703,-0.469747,0.03766,-0.227955,-0.782561,0.1713
1.383333,0,0,0,-0.000523,0.078269,0.00303,-0.002862,0.274262,0.019438,-0.005783,0.493437,0.040875,-0.01798,0.645482,0.026369,0.032579,0.424767,0.041392,0.137324,0.420578,0.061004,0.402301,0.347618,0.030871,0.595777,0.333135,-0.11118,-0.042916,0.424216,0.03674,-0.149547,0.423004,0.038142,-0.40423,0.361683,-0.050289,-0.594677,0.349414,-0.19658,0.094644,0.000702,-0.001815,0.162949,-0.463773,0.080117,0.208586,-0.786261,0.193735,-0.094644,-0.000702,0.001816,-0.170763,-0.469837,0.036948,-0.228022,-0.782634,0.170624
1.4,0,0,0,-0.000561,0.077915,0.002881,-0.003011,0.273529,0.019486,-0.00596,0.493278,0.040009,-0.018041,0.645808,0.025414,0.032418,0.424133,0.04077,0.137038,0.41908,0.060838,0.400569,0.340404,0.032469,0.59237,0.321072,-0.111266,-0.043079,0.423552,0.036144,-0.149686,0.421311,0.037987,-0.401967,0.350551,-0.050277,-0.590329,0.329373,-0.198236,0.094643,0.000748,-0.001816,0.16299,-0.463776,0.079802,0.208642,-0.786321,0.193251,-0.094644,-0.000748,0.001815,-0.170849,-0.469906,0.036459,-0.228179,-0.782698,0.170115
1.416666,0,0,0,-0.00057,0.077683,0.002718,-0.00285,0.273041,0.019573,-0.005417,0.493196,0.039349,-0.017295,0.646066,0.024652,0.032844,0.423658,0.040317,0.137326,0.417731,0.060859,0.399375,0.333567,0.03458,0.589221,0.309614,-0.111042,-0.042654,0.423191,0.035709,-0.14923,0.420127,0.03809,-0.398874,0.339992,-0.049656,-0.584734,0.31025,-0.199296,0.094647,0.000753,-0.001646,0.163395,-0.463772,0.079634,0.209205,-0.786322,0.193004,-0.094647,-0.000752,0.001646,-0.170492,-0.469986,0.036046,-0.227773,-0.782736,0.169822
1.433333,0,0,0,-0.000599,0.077528,0.002532,-0.002951,0.27271,0.019524,-0.005393,0.493202,0.038519,-0.017125,0.646345,0.023802,0.032838,0.423384,0.039681,0.137173,0.416584,0.060693,0.397406,0.326328,0.036675,0.584982,0.297481,-0.110988,-0.042665,0.422939,0.03515,-0.149198,0.419028,0.038144,-0.39563,0.328834,-0.04892,-0.578428,0.290096,-0.200267,0.094647,0.000782,-0.001592,0.163522,-0.463778,0.079376,0.209349,-0.786327,0.192742,-0.094648,-0.000783,0.001592,-0.170455,-0.470042,0.035724,-0.227765,-0.782778,0.169522
1.45,0,0,0,-0.00063,0.077481,0.002325,-0.003056,0.2726,0.019425,-0.005412,0.493336,0.037619,-0.017061,0.646662,0.022909,0.032802,0.423336,0.038982,0.136973,0.415712,0.060515,0.395144,0.319146,0.038925,0.580141,0.285437,-0.110945,-0.042707,0.422897,0.034538,-0.149189,0.41823,0.038186,-0.392039,0.317752,-0.047668,-0.571252,0.269734,-0.20063,0.094647,0.000817,-0.00157,0.163634,-0.463771,0.079143,0.20949,-0.786308,0.192532,-0.094647,-0.000817,0.00157,-0.170442,-0.4701,0.035417,-0.227761,-0.782827,0.169229
1.466666,0,0,0,-0.000697,0.077342,0.00189,-0.003286,0.272343,0.018584,-0.00563,0.493345,0.036361,-0.017259,0.646923,0.021856,0.032593,0.423121,0.037783,0.136624,0.41504,0.059824,0.392544,0.312124,0.040948,0.574714,0.274137,-0.111342,-0.042923,0.422668,0.033463,-0.149375,0.417948,0.037835,-0.388333,0.307262,-0.04637,-0.563161,0.250057,-0.201235,0.094647,0.000891,-0.001578,0.163682,-0.463765,0.078701,0.209527,-0.786253,0.192232,-0.094646,-0.000891,0.001579,-0.170387,-0.470218,0.034916,-0.227648,-0.782907,0.168845
1.483333,0,0,0,-0.000757,0.077293,0.001513,-0.003482,0.272256,0.017967,-0.005916,0.493355,0.035272,-0.017544,0.647,0.020848,0.03234,0.423091,0.036819,0.136221,0.414512,0.059376,0.389433,0.304718,0.04285,0.568789,0.262134,-0.11155,-0.043177,0.422594,0.032543,-0.149586,0.417448,0.037467,-0.384251,0.296503,-0.044682,-0.554859,0.229947,-0.200518,0.094646,0.000957,-0.001561,0.16362,-0.46379,0.078247,0.20937,-0.786236,0.191936,-0.094646,-0.000957,0.00156,-0.170304,-0.470338,0.034335,-0.227429,-0.782813,0.168817
1.5,0,0,0,-0.000812,0.077397,0.001245,-0.003654,0.272465,0.01762,-0.006037,0.493507,0.03422,-0.017628,0.647047,0.019823,0.032206,0.423352,0.035977,0.135918,0.414114,0.059043,0.386254,0.297588,0.045016,0.562385,0.25051,-0.111773,-0.043314,0.422856,0.031742,-0.149667,0.417176,0.037258,-0.37938,0.285692,-0.042656,-0.545096,0.209593,-0.199398,0.094646,0.001017,-0.001528,0.163626,-0.463775,0.078009,0.209332,-0.786218,0.191725,-0.094646,-0.001017,0.001528,-0.170297,-0.470413,0.034102,-0.227504,-0.783031,0.168217
1.516666,0,0,0,-0.000861,0.077477,0.001028,-0.003843,0.272629,0.017306,-0.006252,0.493608,0.03324,-0.017768,0.647052,0.01895,0.032002,0.423576,0.035196,0.135559,0.413778,0.058723,0.383071,0.291094,0.047321,0.555889,0.240072,-0.111902,-0.04352,0.423055,0.030999,-0.149818,0.416915,0.037056,-0.374757,0.276043,-0.040404,-0.53576,0.191326,-0.197635,0.094646,0.001072,-0.001491,0.163634,-0.463745,0.077894,0.209299,-0.786182,0.191644,-0.094646,-0.001071,0.00149,-0.170301,-0.470478,0.033889,-0.227561,-0.783074,0.168035
1.533333,0,0,0,-0.000915,0.077656,0.000815,-0.004042,0.272993,0.01697,-0.006487,0.493854,0.032213,-0.017977,0.647143,0.018018,0.031782,0.424003,0.034368,0.135174,0.413648,0.058374,0.379526,0.284549,0.050007,0.548592,0.229538,-0.111893,-0.043743,0.423452,0.030229,-0.149979,0.416883,0.036895,-0.369476,0.266325,-0.03792,-0.525369,0.172688,-0.195244,0.094645,0.00113,-0.001463,0.163635,-0.463705,0.07782,0.209262,-0.786141,0.191586,-0.094646,-0.00113,0.001463,-0.170343,-0.470541,0.033701,-0.227676,-0.783111,0.167875
1.55,0,0,0,-0.000975,0.077895,0.000605,-0.004287,0.27348,0.016608,-0.006784,0.494171,0.031173,-0.01833,0.647251,0.01708,0.031508,0.424553,0.033505,0.134753,0.413665,0.057909,0.375787,0.27831,0.052879,0.540952,0.219444,-0.11167,-0.044022,0.423965,0.02946,-0.150195,0.417065,0.036755,-0.363906,0.257143,-0.035321,-0.51436,0.154958,-0.192619,0.094645,0.001196,-0.001451,0.163624,-0.463653,0.077756,0.209213,-0.786091,0.191533,-0.094646,-0.001195,0.001452,-0.17041,-0.470606,0.033528,-0.227812,-0.783133,0.167773
1.566666,0,0,0,-0.001022,0.078092,0.000404,-0.004476,0.273882,0.016283,-0.006965,0.4944,0.030253,-0.018609,0.647272,0.016277,0.031331,0.425001,0.032736,0.134452,0.413625,0.057441,0.372306,0.27268,0.055636,0.533735,0.210331,-0.111321,-0.044203,0.424398,0.028787,-0.150322,0.417279,0.036641,-0.358344,0.248868,-0.032695,-0.503098,0.139352,-0.190407,0.094646,0.001247,-0.001404,0.163602,-0.463615,0.077744,0.209136,-0.786061,0.191521,-0.094645,-0.001246,0.001405,-0.170442,-0.470656,0.033426,-0.227926,-0.783138,0.167741
1.583333,0,0,0,-0.001086,0.078227,0.000227,-0.00473,0.27416,0.015969,-0.007229,0.494501,0.029244,-0.018818,0.647172,0.015427,0.031079,0.425334,0.031903,0.134081,0.413451,0.056862,0.368555,0.266952,0.058804,0.526228,0.200148,-0.110009,-0.044461,0.424709,0.028059,-0.150521,0.417317,0.036448,-0.352354,0.240216,-0.029449,-0.49094,0.122796,-0.187017,0.094645,0.001318,-0.001405,0.163656,-0.463535,0.077745,0.209208,-0.785983,0.19151,-0.094644,-0.001319,0.001406,-0.170305,-0.470761,0.033271,-0.227693,-0.783164,0.16781
1.6,0,0,0,-0.000714,0.077863,6.30E-05,-0.001984,0.273404,0.01645,-0.002227,0.494594,0.029221,-0.016493,0.647807,0.014998,0.035393,0.42425,0.031887,0.138892,0.41145,0.054194,0.357991,0.243049,0.045259,0.511754,0.142104,-0.109623,-0.040161,0.424375,0.028285,-0.146222,0.415978,0.035642,-0.344068,0.233386,-0.027291,-0.478954,0.107497,-0.181493,0.094648,0.000869,-0.001478,0.163455,-0.464016,0.077666,0.208889,-0.786444,0.191532,-0.094648,-0.000869,0.001478,-0.170776,-0.470242,0.033263,-0.228504,-0.782719,0.167483
1.616666,0,0,0,-0.000763,0.078145,-0.000211,-0.001828,0.273987,0.015987,-0.001558,0.495034,0.028303,-0.016288,0.648024,0.013996,0.03588,0.424771,0.031225,0.139287,0.412631,0.054316,0.353553,0.238185,0.04423,0.505298,0.135905,-0.111762,-0.039664,0.425076,0.027411,-0.145664,0.415973,0.034812,-0.338018,0.226426,-0.024472,-0.467461,0.093557,-0.177478,0.094644,0.000919,-0.001732,0.163541,-0.463959,0.077373,0.209119,-0.786348,0.191293,-0.094643,-0.00092,0.001731,-0.170743,-0.470341,0.03286,-0.228292,-0.782808,0.16718
1.633333,0,0,0,-0.00083,0.078308,-0.000432,-0.002061,0.274319,0.015687,-0.001623,0.495207,0.027504,-0.016514,0.647994,0.013171,0.035751,0.425105,0.030648,0.139055,0.412696,0.054054,0.349246,0.233331,0.044467,0.49634,0.129055,-0.114629,-0.039786,0.425464,0.02672,-0.145752,0.416173,0.034364,-0.332144,0.219597,-0.020951,-0.455267,0.080172,-0.173342,0.094643,0.000993,-0.001704,0.163385,-0.463931,0.077267,0.208816,-0.786297,0.191311,-0.094643,-0.000993,0.001704,-0.170819,-0.470419,0.032574,-0.228451,-0.782778,0.167112
1.65,0,0,0,-0.00072,0.078317,-0.000365,-0.001947,0.274307,0.0161,-0.001515,0.495057,0.027584,-0.016522,0.647676,0.013219,0.035854,0.425113,0.030882,0.139032,0.412078,0.054503,0.345451,0.228338,0.045876,0.486907,0.12231,-0.117125,-0.039679,0.42547,0.026867,-0.145612,0.416039,0.034798,-0.325961,0.212809,-0.016338,-0.442533,0.067418,-0.168303,0.094651,0.000864,-0.001266,0.163221,-0.464054,0.077892,0.208312,-0.786382,0.192176,-0.094652,-0.000863,0.001265,-0.170684,-0.470254,0.033001,-0.228526,-0.782339,0.168084
1.666666,0,0,0,-0.000742,0.078398,-0.000407,-0.002116,0.274465,0.016123,-0.00165,0.495202,0.027112,-0.016696,0.647778,0.012755,0.035708,0.425298,0.030568,0.13876,0.411581,0.05435,0.341986,0.224264,0.046884,0.477847,0.11679,-0.119885,-0.039825,0.425657,0.026552,-0.145735,0.416187,0.034729,-0.320394,0.20708,-0.0123,-0.430756,0.056126,-0.163475,0.094653,0.00089,-0.001115,0.163208,-0.464016,0.078125,0.208191,-0.786329,0.192496,-0.094653,-0.000891,0.001115,-0.170731,-0.470248,0.033242,-0.228815,-0.782423,0.168011
1.683333,0,0,0,-0.000799,0.078454,-0.000484,-0.002447,0.274571,0.016088,-0.001997,0.495241,0.026534,-0.016965,0.647727,0.012126,0.035364,0.425441,0.030174,0.138264,0.410962,0.054166,0.338301,0.220197,0.048028,0.468263,0.111322,-0.122494,-0.040167,0.425786,0.02614,-0.146049,0.416222,0.034573,-0.31463,0.201301,-0.008243,-0.418472,0.044941,-0.158543,0.094654,0.000959,-0.001026,0.163205,-0.463942,0.078247,0.208116,-0.786238,0.192693,-0.094653,-0.000958,0.001026,-0.170791,-0.470292,0.033346,-0.229054,-0.782467,0.16804
1.7,0,0,0,-0.000877,0.078543,-0.000563,-0.002856,0.274744,0.016038,-0.002456,0.495295,0.025965,-0.017192,0.647659,0.011552,0.034917,0.425654,0.029795,0.137633,0.410383,0.054081,0.334621,0.21643,0.049421,0.459277,0.10609,-0.124094,-0.040612,0.425975,0.025716,-0.146467,0.416315,0.034384,-0.308906,0.195934,-0.004201,-0.406392,0.034599,-0.153495,0.094653,0.001051,-0.000993,0.163217,-0.463837,0.078345,0.208087,-0.786102,0.192896,-0.094653,-0.00105,0.000993,-0.170748,-0.470391,0.033313,-0.229054,-0.78248,0.168187
1.716666,0,0,0,-0.000961,0.07857,-0.00064,-0.00333,0.274795,0.015979,-0.003074,0.495258,0.025331,-0.017542,0.647539,0.010965,0.034343,0.425765,0.029355,0.136949,0.409839,0.053686,0.331199,0.213121,0.050105,0.449775,0.100859,-0.126411,-0.041185,0.426026,0.025259,-0.147019,0.416294,0.034096,-0.303701,0.191117,-0.000387,-0.395267,0.025434,-0.148663,0.094652,0.001149,-0.00095,0.163196,-0.46373,0.078456,0.208002,-0.785975,0.193088,-0.094652,-0.00115,0.00095,-0.170645,-0.470516,0.033153,-0.228877,-0.782358,0.168628
1.733333,0,0,0,-0.00107,0.078665,-0.000729,-0.003918,0.274983,0.015879,-0.003821,0.495337,0.024672,-0.017911,0.647527,0.010353,0.033641,0.426011,0.028902,0.136054,0.409201,0.053448,0.327789,0.210014,0.050894,0.439308,0.095813,-0.128948,-0.041885,0.42621,0.02475,-0.147707,0.416477,0.033731,-0.298214,0.186529,0.003477,-0.383544,0.016382,-0.143459,0.094651,0.001279,-0.000814,0.163216,-0.463597,0.078592,0.20793,-0.785809,0.193353,-0.094652,-0.001279,0.000815,-0.170641,-0.470635,0.033164,-0.229046,-0.782502,0.168507
1.75,0,0,0,-0.001154,0.07879,-0.000797,-0.004385,0.27523,0.015793,-0.004534,0.495406,0.024186,-0.018344,0.647438,0.009983,0.033005,0.426323,0.028552,0.135239,0.408895,0.053412,0.324112,0.20698,0.052409,0.430667,0.091722,-0.129753,-0.042521,0.426431,0.024391,-0.148318,0.416617,0.033569,-0.292672,0.182277,0.007301,-0.372408,0.00784,-0.137733,0.094651,0.001379,-0.000683,0.163149,-0.463494,0.078797,0.207721,-0.78567,0.193712,-0.094651,-0.001379,0.000683,-0.170601,-0.470738,0.033092,-0.229036,-0.782304,0.169113
1.766666,0,0,0,-0.001224,0.07901,-0.000862,-0.00471,0.275674,0.015675,-0.005106,0.495619,0.023745,-0.018721,0.647441,0.009708,0.032512,0.426827,0.028204,0.134627,0.409069,0.053322,0.320607,0.204486,0.05427,0.423939,0.088781,-0.129458,-0.043015,0.426843,0.024071,-0.148785,0.416884,0.033407,-0.287491,0.178785,0.010757,-0.362023,0.000431,-0.132266,0.094651,0.00146,-0.00057,0.163127,-0.463401,0.079,0.207613,-0.785562,0.193991,-0.094651,-0.001461,0.00057,-0.170599,-0.470807,0.033164,-0.229207,-0.782416,0.169012
1.783333,0,0,0,-0.001284,0.079242,-0.000916,-0.004988,0.276142,0.01553,-0.005626,0.495888,0.023217,-0.018977,0.647526,0.009225,0.032074,0.427359,0.027766,0.1341,0.409422,0.053113,0.316865,0.201989,0.056627,0.417803,0.086123,-0.128328,-0.043457,0.427282,0.023703,-0.149195,0.417131,0.033188,-0.282069,0.175407,0.014265,-0.351207,-0.006991,-0.126349,0.09465,0.001527,-0.000539,0.163084,-0.463308,0.079218,0.207508,-0.785436,0.194328,-0.09465,-0.001528,0.000538,-0.170449,-0.470903,0.033058,-0.228908,-0.782208,0.169666
1.8,0,0,0,-0.001338,0.07917,-0.000924,-0.005267,0.275996,0.01551,-0.00648,0.495838,0.02249,-0.019582,0.647589,0.008668,0.031398,0.427348,0.027268,0.133407,0.409613,0.052825,0.313258,0.19972,0.059339,0.412299,0.083819,-0.126615,-0.044132,0.42706,0.023185,-0.149851,0.416359,0.032265,-0.277135,0.171332,0.017985,-0.340767,-0.017757,-0.116243,0.094649,0.001594,-0.000515,0.162986,-0.463223,0.079434,0.207318,-0.785321,0.19466,-0.094649,-0.001594,0.000515,-0.170451,-0.470966,0.033079,-0.228925,-0.782158,0.169938
1.816666,0,0,0,-0.001405,0.079586,-0.000995,-0.00554,0.276834,0.015349,-0.006893,0.496264,0.022233,-0.019742,0.647636,0.008555,0.031041,0.428216,0.026969,0.133038,0.410354,0.052486,0.309856,0.198001,0.061742,0.407486,0.081604,-0.12465,-0.044496,0.427874,0.02305,-0.150148,0.416929,0.032619,-0.271807,0.168931,0.020805,-0.33148,-0.023118,-0.11102,0.094648,0.001665,-0.000496,0.162986,-0.463125,0.079605,0.207285,-0.785163,0.195012,-0.094648,-0.001665,0.000495,-0.170409,-0.471031,0.033239,-0.228945,-0.782297,0.169901
1.833333,0,0,0,-0.001473,0.079753,-0.001042,-0.005892,0.27717,0.015242,-0.007577,0.496387,0.021772,-0.020136,0.64758,0.008303,0.030469,0.428628,0.026571,0.13248,0.410834,0.052078,0.306451,0.196301,0.064472,0.4023,0.079276,-0.12245,-0.045074,0.428161,0.022755,-0.150703,0.417169,0.032514,-0.267322,0.166617,0.024278,-0.321996,-0.027776,-0.106274,0.094647,0.001743,-0.000457,0.162928,-0.463047,0.079696,0.207154,-0.785017,0.19532,-0.094647,-0.001742,0.000457,-0.170449,-0.471088,0.033385,-0.229058,-0.782279,0.170189
1.85,0,0,0,-0.001269,0.080415,-0.001099,-0.004045,0.278479,0.015708,-0.005852,0.497136,0.021831,-0.019702,0.647643,0.008328,0.032306,0.429991,0.026323,0.135091,0.412333,0.048611,0.286746,0.181672,0.064091,0.368059,0.041734,-0.113749,-0.043276,0.429448,0.0234,-0.148788,0.417306,0.03306,-0.262315,0.165283,0.026734,-0.313679,-0.032058,-0.1007,0.094651,0.001486,-0.00051,0.162423,-0.463352,0.079796,0.206259,-0.785339,0.19552,-0.094651,-0.001486,0.00051,-0.171074,-0.47072,0.033598,-0.230302,-0.781926,0.170099
1.866666,0,0,0,-0.00114,0.08052,-0.001118,-0.003432,0.278676,0.0159,-0.005213,0.497264,0.022082,-0.019555,0.647634,0.008335,0.032936,0.430181,0.02656,0.135956,0.414596,0.049308,0.282602,0.180693,0.064418,0.35978,0.03856,-0.113523,-0.042646,0.429648,0.023633,-0.14814,0.417053,0.032897,-0.25838,0.163513,0.029924,-0.305565,-0.035821,-0.096015,0.094653,0.001333,-0.000518,0.162499,-0.463454,0.08002,0.206344,-0.785385,0.1959,-0.094653,-0.001332,0.000518,-0.171068,-0.470568,0.033604,-0.230428,-0.781692,0.170234
1.883333,0,0,0,-0.001191,0.080665,-0.00117,-0.003652,0.278963,0.015886,-0.005493,0.49737,0.021744,-0.019805,0.647565,0.008124,0.032687,0.430496,0.026245,0.135733,0.415017,0.048948,0.278673,0.17892,0.065387,0.349942,0.035775,-0.114201,-0.042901,0.429933,0.023478,-0.148366,0.417207,0.032895,-0.254394,0.16186,0.032905,-0.297403,-0.039536,-0.091238,0.094652,0.001389,-0.000631,0.16243,-0.463357,0.080201,0.206273,-0.785238,0.196218,-0.094651,-0.001388,0.000631,-0.171143,-0.470605,0.033815,-0.23046,-0.781706,0.170515
1.9,0,0,0,-0.001253,0.080817,-0.001231,-0.00389,0.279266,0.015833,-0.005779,0.497482,0.021342,-0.019999,0.647493,0.007798,0.032426,0.430825,0.02588,0.135463,0.415114,0.048468,0.275053,0.177106,0.066096,0.339953,0.033328,-0.115389,-0.043166,0.430237,0.023262,-0.148616,0.417539,0.032886,-0.250553,0.160547,0.035628,-0.289775,-0.042675,-0.086781,0.09465,0.001456,-0.000777,0.162411,-0.46327,0.080177,0.206312,-0.785073,0.196392,-0.094649,-0.001456,0.000777,-0.171132,-0.470679,0.033888,-0.230315,-0.781735,0.170751
1.916666,0,0,0,-0.00128,0.080938,-0.001234,-0.004028,0.279499,0.015944,-0.005943,0.497541,0.02121,-0.020077,0.647387,0.007741,0.032282,0.431075,0.025751,0.135301,0.415091,0.048226,0.271935,0.175443,0.066769,0.330966,0.031433,-0.116527,-0.043316,0.430471,0.023283,-0.148751,0.417825,0.033137,-0.246966,0.159422,0.038197,-0.282842,-0.045194,-0.082909,0.094648,0.001483,-0.000896,0.162419,-0.463195,0.080328,0.20639,-0.784951,0.196644,-0.094648,-0.001482,0.000895,-0.171025,-0.470721,0.03402,-0.230024,-0.781728,0.171073
1.933333,0,0,0,-0.001314,0.08107,-0.001258,-0.004175,0.279756,0.015987,-0.006109,0.497614,0.020973,-0.020154,0.647285,0.007583,0.032133,0.43135,0.025518,0.135133,0.415094,0.047889,0.268744,0.173841,0.067614,0.322073,0.029613,-0.117253,-0.043469,0.430732,0.023219,-0.148885,0.418137,0.03334,-0.243416,0.158422,0.040828,-0.275988,-0.047463,-0.079055,0.094646,0.001517,-0.001033,0.162417,-0.463116,0.080448,0.206459,-0.784829,0.196856,-0.094646,-0.001518,0.001033,-0.170952,-0.470764,0.034233,-0.22977,-0.781739,0.171436
1.95,0,0,0,-0.001322,0.081163,-0.001304,-0.004222,0.279946,0.015907,-0.006131,0.497639,0.020615,-0.020066,0.647156,0.007303,0.032114,0.43155,0.025175,0.135094,0.415089,0.047485,0.265901,0.172398,0.068332,0.314215,0.02827,-0.117986,-0.043493,0.430933,0.023021,-0.148898,0.418424,0.033352,-0.240098,0.157592,0.043012,-0.269717,-0.049396,-0.075731,0.094644,0.001523,-0.001228,0.162502,-0.463072,0.080402,0.206709,-0.784745,0.196858,-0.094644,-0.001522,0.001228,-0.170805,-0.470799,0.034316,-0.229386,-0.78179,0.171584
1.966666,0,0,0,-0.001312,0.081284,-0.00135,-0.004197,0.280196,0.015787,-0.00608,0.497723,0.020127,-0.019931,0.647077,0.00684,0.032166,0.431812,0.024743,0.13513,0.415203,0.047018,0.263435,0.171286,0.069067,0.307782,0.027276,-0.118325,-0.043445,0.431198,0.022709,-0.148833,0.418641,0.033159,-0.237162,0.156901,0.044754,-0.263834,-0.051093,-0.072925,0.09464,0.001502,-0.00146,0.162696,-0.463073,0.080115,0.20712,-0.784653,0.196744,-0.094641,-0.001503,0.00146,-0.170618,-0.470834,0.034199,-0.22892,-0.78182,0.171597
1.983333,0,0,0,-0.001357,0.081409,-0.001347,-0.004428,0.280418,0.016107,-0.006504,0.497784,0.020419,-0.020283,0.646994,0.007242,0.031807,0.432068,0.024994,0.134768,0.415434,0.047264,0.260564,0.170345,0.070727,0.301404,0.026396,-0.117508,-0.043805,0.431384,0.023062,-0.149181,0.418882,0.033703,-0.234937,0.156384,0.047287,-0.258666,-0.052347,-0.069716,0.094638,0.001551,-0.001554,0.162475,-0.462954,0.080601,0.206824,-0.784488,0.197387,-0.094638,-0.001552,0.001554,-0.170796,-0.470806,0.034963,-0.229065,-0.78177,0.172426
2,0,0,0,-0.001352,0.081478,-0.001345,-0.004439,0.280546,0.016212,-0.006599,0.497774,0.020283,-0.020325,0.646847,0.007098,0.031744,0.432222,0.024884,0.134729,0.415617,0.047067,0.258259,0.169514,0.071922,0.296143,0.02555,-0.116918,-0.04387,0.431504,0.023051,-0.14924,0.418991,0.03374,-0.232842,0.155893,0.049038,-0.25369,-0.053519,-0.067295,0.094635,0.001541,-0.001739,0.16244,-0.462942,0.080566,0.206867,-0.78441,0.197502,-0.094636,-0.001541,0.001738,-0.170803,-0.470782,0.035316,-0.228888,-0.781808,0.172717
2.016666,0,0,0,-0.001354,0.081558,-0.001354,-0.004443,0.280698,0.016291,-0.006645,0.49778,0.02018,-0.020336,0.646705,0.006995,0.031717,0.432389,0.024794,0.134738,0.415841,0.046851,0.25639,0.168932,0.072944,0.291918,0.024869,-0.116277,-0.043899,0.431653,0.02305,-0.149267,0.419159,0.033777,-0.231198,0.155625,0.050541,-0.249476,-0.054301,-0.065297,0.094632,0.00154,-0.001881,0.162422,-0.462933,0.080495,0.206919,-0.784341,0.197571,-0.094633,-0.00154,0.001882,-0.170798,-0.470778,0.035503,-0.228748,-0.781805,0.172957
2.033333,0,0,0,-0.001348,0.081636,-0.001364,-0.004403,0.280849,0.016357,-0.006628,0.49781,0.020053,-0.020327,0.646609,0.006825,0.031746,0.432551,0.024687,0.134818,0.416123,0.046592,0.254695,0.16849,0.074012,0.287949,0.0243,-0.115526,-0.043872,0.431804,0.023023,-0.149242,0.419328,0.033752,-0.229661,0.155414,0.051807,-0.245457,-0.055072,-0.063379,0.09463,0.001529,-0.002017,0.162402,-0.462934,0.080424,0.206955,-0.78428,0.19765,-0.09463,-0.00153,0.002017,-0.170797,-0.470767,0.035646,-0.228632,-0.78178,0.173181
2.05,0,0,0,-0.001337,0.08171,-0.001369,-0.004357,0.28099,0.016427,-0.006587,0.497848,0.019953,-0.020287,0.646533,0.006666,0.031794,0.432701,0.024598,0.134917,0.416395,0.046353,0.253269,0.168159,0.074916,0.284419,0.023886,-0.114917,-0.043826,0.431949,0.023017,-0.149204,0.419527,0.033731,-0.228374,0.155314,0.052902,-0.241883,-0.055644,-0.061709,0.094627,0.001512,-0.002139,0.162373,-0.462953,0.080319,0.206963,-0.784226,0.197728,-0.094628,-0.001513,0.002139,-0.170799,-0.47075,0.035755,-0.228536,-0.781757,0.173344
2.066666,0,0,0,-0.001325,0.081762,-0.001376,-0.004309,0.281089,0.016479,-0.006531,0.497871,0.019833,-0.020261,0.646467,0.006443,0.031852,0.432805,0.0245,0.135012,0.416584,0.046146,0.252108,0.167857,0.075595,0.281493,0.023599,-0.114531,-0.043769,0.432054,0.022981,-0.149161,0.419705,0.033637,-0.227371,0.155274,0.053725,-0.238858,-0.056138,-0.060269,0.094625,0.001495,-0.002244,0.16235,-0.462972,0.080213,0.206971,-0.784187,0.197771,-0.094626,-0.001495,0.002244,-0.17079,-0.470738,0.035809,-0.228436,-0.781737,0.173455
2.083333,0,0,0,-0.001314,0.081818,-0.001383,-0.004265,0.281192,0.016572,-0.006436,0.497888,0.019795,-0.020181,0.646386,0.006319,0.031935,0.432906,0.02447,0.135131,0.416733,0.045981,0.251068,0.167559,0.076221,0.278556,0.023401,-0.114263,-0.043687,0.432169,0.023016,-0.149096,0.419928,0.033632,-0.226478,0.155313,0.054488,-0.235959,-0.056466,-0.059007,0.094624,0.00148,-0.002331,0.162326,-0.462986,0.080155,0.206976,-0.784161,0.197811,-0.094624,-0.001479,0.002331,-0.170759,-0.47073,0.03585,-0.228302,-0.78172,0.173558
2.1,0,0,0,-0.001311,0.08187,-0.00139,-0.004237,0.281289,0.016655,-0.006365,0.497931,0.019773,-0.020104,0.646371,0.006263,0.031997,0.433,0.024452,0.135223,0.416861,0.045844,0.250172,0.167294,0.076617,0.275903,0.023341,-0.114268,-0.043626,0.432277,0.023054,-0.149049,0.420149,0.033667,-0.225758,0.15539,0.05517,-0.233441,-0.056698,-0.057882,0.094622,0.001475,-0.002391,0.162304,-0.462988,0.080128,0.206971,-0.784141,0.197837,-0.094622,-0.001474,0.00239,-0.170715,-0.470738,0.035828,-0.228166,-0.78169,0.17366
2.116666,0,0,0,-0.001304,0.0819,-0.001387,-0.004198,0.281343,0.016741,-0.006254,0.497959,0.01978,-0.019975,0.646373,0.006266,0.032088,0.433045,0.024472,0.135334,0.416925,0.045781,0.24954,0.167055,0.076859,0.27371,0.023213,-0.114313,-0.043536,0.432346,0.023098,-0.148973,0.420332,0.033693,-0.225181,0.155477,0.055789,-0.231411,-0.056895,-0.05682,0.094622,0.001465,-0.002396,0.16229,-0.462995,0.08015,0.206943,-0.784106,0.19798,-0.094623,-0.001465,0.002397,-0.170675,-0.470734,0.035843,-0.228094,-0.781659,0.17375
2.133333,0,0,0,-0.001289,0.081935,-0.00138,-0.004153,0.281406,0.016821,-0.006095,0.497978,0.019751,-0.019819,0.646337,0.006173,0.032213,0.433093,0.024478,0.135458,0.416934,0.045759,0.249067,0.166815,0.077024,0.27167,0.023072,-0.114414,-0.043412,0.432433,0.0231,-0.148873,0.420601,0.033664,-0.224665,0.155688,0.05648,-0.229478,-0.056856,-0.055874,0.094623,0.001449,-0.00237,0.162284,-0.463007,0.080205,0.20691,-0.784082,0.198142,-0.094623,-0.001449,0.002371,-0.170632,-0.470722,0.035872,-0.228046,-0.781628,0.173824
2.15,0,0,0,-0.00127,0.081958,-0.00138,-0.00412,0.281443,0.016915,-0.005977,0.497973,0.019778,-0.019693,0.646288,0.006172,0.032302,0.433117,0.024546,0.135537,0.416905,0.045836,0.24875,0.16661,0.077123,0.269852,0.022803,-0.114439,-0.043322,0.432487,0.023126,-0.148808,0.420806,0.033613,-0.224257,0.155854,0.057105,-0.227736,-0.05684,-0.055014,0.094625,0.001427,-0.002319,0.162274,-0.463024,0.080295,0.206879,-0.784081,0.198289,-0.094625,-0.001426,0.00232,-0.170602,-0.470697,0.03592,-0.228044,-0.781582,0.173907
2.166666,0,0,0,-0.001252,0.081958,-0.001385,-0.00408,0.281436,0.016992,-0.005847,0.497944,0.019818,-0.019539,0.646234,0.006184,0.032399,0.433096,0.024631,0.135608,0.416823,0.046001,0.248634,0.166403,0.076968,0.268741,0.022571,-0.114682,-0.043224,0.432498,0.023144,-0.148731,0.420945,0.033549,-0.223912,0.155972,0.057653,-0.226388,-0.056896,-0.054163,0.094626,0.001407,-0.002274,0.162259,-0.463036,0.080396,0.206833,-0.784083,0.198431,-0.094626,-0.001407,0.002274,-0.170588,-0.470673,0.035977,-0.228073,-0.781537,0.173995
2.183333,0,0,0,-0.001232,0.081961,-0.00138,-0.004049,0.281434,0.017077,-0.005707,0.497917,0.019869,-0.019356,0.646182,0.006198,0.032499,0.433077,0.024741,0.135664,0.416713,0.046254,0.248601,0.166182,0.076645,0.268222,0.022458,-0.115135,-0.043122,0.432518,0.023158,-0.148657,0.421119,0.03346,-0.223661,0.156167,0.058333,-0.225225,-0.056857,-0.0532,0.094628,0.001386,-0.002196,0.162244,-0.463054,0.080507,0.206765,-0.784095,0.198577,-0.094628,-0.001385,0.002195,-0.170581,-0.470644,0.036008,-0.228129,-0.781475,0.174074
2.2,0,0,0,-0.001221,0.081955,-0.001372,-0.004051,0.281413,0.017174,-0.005613,0.497853,0.019959,-0.019218,0.646072,0.006212,0.032556,0.433038,0.024887,0.13567,0.416573,0.046568,0.248587,0.165968,0.076415,0.268114,0.022304,-0.115421,-0.043063,0.432514,0.023195,-0.148625,0.421269,0.033391,-0.223523,0.156365,0.059074,-0.224288,-0.056802,-0.052195,0.094631,0.001375,-0.002087,0.162208,-0.463059,0.080677,0.206647,-0.784094,0.198795,-0.094631,-0.001374,0.002088,-0.170607,-0.470617,0.036071,-0.228268,-0.781404,0.174189
2.216666,0,0,0,-0.001214,0.081957,-0.001365,-0.004043,0.281412,0.017246,-0.005479,0.497822,0.020055,-0.019012,0.646016,0.006303,0.032644,0.433014,0.025031,0.135706,0.416437,0.046873,0.248711,0.165815,0.076231,0.268434,0.022155,-0.115588,-0.042973,0.432536,0.023228,-0.148563,0.421449,0.033308,-0.223411,0.156596,0.059657,-0.223624,-0.056763,-0.051245,0.094633,0.001369,-0.001973,0.162207,-0.463064,0.080804,0.206576,-0.784083,0.19899,-0.094634,-0.001369,0.001972,-0.170611,-0.4706,0.036111,-0.228386,-0.781347,0.174272
2.233333,0,0,0,-0.001206,0.081957,-0.001354,-0.004029,0.281404,0.017323,-0.005295,0.497797,0.020163,-0.018774,0.645974,0.006365,0.032769,0.432976,0.025182,0.135775,0.416253,0.047173,0.248966,0.165658,0.07605,0.269129,0.021967,-0.115699,-0.042846,0.432559,0.023275,-0.148464,0.421668,0.033261,-0.223295,0.156873,0.060242,-0.223086,-0.056666,-0.050314,0.094636,0.001362,-0.00185,0.162236,-0.463068,0.080921,0.206543,-0.784072,0.199173,-0.094636,-0.001362,0.00185,-0.170574,-0.470592,0.036099,-0.228438,-0.781279,0.174356
2.25,0,0,0,-0.001193,0.081934,-0.001346,-0.003998,0.281351,0.017412,-0.005105,0.497753,0.02033,-0.018537,0.645943,0.006523,0.032904,0.432893,0.025373,0.135866,0.416039,0.04747,0.249403,0.165555,0.075951,0.270111,0.021712,-0.115627,-0.042709,0.432533,0.02337,-0.148352,0.421817,0.033285,-0.223227,0.157093,0.06083,-0.22286,-0.056705,-0.049224,0.094638,0.00135,-0.001753,0.162261,-0.463068,0.081066,0.20652,-0.784055,0.19938,-0.094638,-0.001349,0.001753,-0.170534,-0.470576,0.036138,-0.228456,-0.781214,0.174479
2.266666,0,0,0,-0.001182,0.081922,-0.001335,-0.003966,0.281322,0.017484,-0.004938,0.497721,0.020473,-0.018325,0.645911,0.006643,0.033024,0.432837,0.025534,0.135955,0.415888,0.047705,0.249885,0.165555,0.075947,0.271135,0.021482,-0.115398,-0.042587,0.432526,0.023454,-0.148249,0.421951,0.033317,-0.223239,0.157299,0.061239,-0.222848,-0.056702,-0.048419,0.09464,0.001338,-0.001686,0.162284,-0.46307,0.081173,0.206513,-0.784043,0.199538,-0.094639,-0.001338,0.001687,-0.170496,-0.470566,0.036152,-0.228456,-0.781166,0.174564
2.283333,0,0,0,-0.001168,0.081896,-0.001317,-0.00392,0.281262,0.017578,-0.004767,0.497678,0.020642,-0.018115,0.645886,0.006794,0.033153,0.432752,0.025707,0.136062,0.415733,0.047927,0.250498,0.165615,0.076021,0.272299,0.021215,-0.115016,-0.042456,0.432487,0.023573,-0.148136,0.422047,0.03339,-0.223352,0.15749,0.061601,-0.223018,-0.056694,-0.047701,0.094641,0.001323,-0.001631,0.162293,-0.463071,0.081297,0.206488,-0.784023,0.199731,-0.094641,-0.001324,0.001631,-0.170449,-0.470555,0.036143,-0.22842,-0.781111,0.17465
2.3,0,0,0,-0.001149,0.081883,-0.001295,-0.003859,0.281228,0.017693,-0.004586,0.497639,0.020862,-0.017902,0.645846,0.007011,0.033296,0.432693,0.025912,0.136186,0.415606,0.048164,0.25111,0.165706,0.076207,0.273485,0.020942,-0.114488,-0.042313,0.432471,0.023745,-0.148005,0.422147,0.033554,-0.223472,0.157685,0.061989,-0.223338,-0.056636,-0.047043,0.094642,0.001303,-0.001566,0.162295,-0.463077,0.081445,0.206453,-0.784006,0.199952,-0.094642,-0.001303,0.001566,-0.170408,-0.470538,0.036128,-0.228404,-0.781036,0.174753
2.316666,0,0,0,-0.001133,0.081857,-0.001278,-0.0038,0.281167,0.017786,-0.004442,0.497612,0.021065,-0.017722,0.645863,0.007259,0.033413,0.432614,0.026093,0.13629,0.415486,0.048376,0.251686,0.165807,0.076448,0.274564,0.02071,-0.113932,-0.042196,0.432423,0.023902,-0.147894,0.422175,0.033723,-0.223604,0.157793,0.062253,-0.223867,-0.056628,-0.046581,0.094643,0.001286,-0.001514,0.162297,-0.463077,0.081584,0.20643,-0.783978,0.200179,-0.094643,-0.001286,0.001514,-0.170383,-0.470521,0.036122,-0.228407,-0.780968,0.174851
2.333333,0,0,0,-0.001116,0.081828,-0.001263,-0.003742,0.2811,0.017894,-0.004281,0.497557,0.0213,-0.017546,0.645825,0.00753,0.033541,0.432524,0.0263,0.136396,0.415323,0.048626,0.252266,0.165871,0.07677,0.275712,0.020387,-0.113246,-0.042067,0.43237,0.024088,-0.147768,0.422191,0.033946,-0.223736,0.157888,0.062527,-0.224582,-0.056589,-0.046195,0.094644,0.001268,-0.001466,0.1623,-0.463078,0.081726,0.206412,-0.783954,0.200396,-0.094644,-0.001267,0.001466,-0.170345,-0.470504,0.03614,-0.228376,-0.780899,0.174984
2.35,0,0,0,-0.001095,0.081798,-0.001254,-0.00368,0.281034,0.017983,-0.004141,0.497479,0.021525,-0.017381,0.645747,0.007835,0.033656,0.432439,0.02649,0.136485,0.415158,0.04888,0.252768,0.165902,0.077051,0.276982,0.020072,-0.112604,-0.041951,0.432315,0.024266,-0.147649,0.42217,0.0342,-0.223857,0.157926,0.062683,-0.225471,-0.056573,-0.045986,0.094645,0.001245,-0.00143,0.162307,-0.463089,0.081831,0.206406,-0.783936,0.200582,-0.094645,-0.001246,0.00143,-0.170324,-0.470481,0.036174,-0.228363,-0.780823,0.175131
2.366666,0,0,0,-0.001079,0.081749,-0.001241,-0.003635,0.280928,0.018067,-0.004041,0.497394,0.021711,-0.017265,0.64569,0.008069,0.03374,0.43232,0.026649,0.136537,0.414938,0.049103,0.253227,0.165878,0.077322,0.278264,0.019696,-0.111955,-0.041867,0.432215,0.024419,-0.147559,0.422077,0.034428,-0.22406,0.157893,0.062686,-0.226517,-0.056627,-0.045926,0.094645,0.001228,-0.001419,0.162321,-0.463097,0.081875,0.206418,-0.783905,0.200735,-0.094646,-0.001228,0.00142,-0.170315,-0.470462,0.0362,-0.228354,-0.780766,0.175242
2.383333,0,0,0,-0.001066,0.081699,-0.001229,-0.003592,0.280823,0.018139,-0.003901,0.497316,0.02189,-0.017101,0.64565,0.008307,0.033851,0.432193,0.026793,0.136602,0.414651,0.049336,0.253769,0.165809,0.077507,0.279872,0.019303,-0.111374,-0.041756,0.432124,0.024567,-0.147441,0.422032,0.034687,-0.224382,0.157942,0.062627,-0.227948,-0.056597,-0.045917,0.094646,0.001213,-0.001426,0.162342,-0.463105,0.081888,0.206445,-0.783873,0.200855,-0.094645,-0.001214,0.001425,-0.170283,-0.470452,0.036215,-0.228296,-0.780725,0.175337
2.4,0,0,0,-0.001065,0.081627,-0.001237,-0.003592,0.280676,0.018151,-0.003827,0.497218,0.022006,-0.01699,0.645612,0.008496,0.033904,0.43203,0.026868,0.13661,0.414307,0.049473,0.254346,0.16572,0.077521,0.281825,0.018757,-0.110809,-0.041704,0.431987,0.024661,-0.147377,0.421943,0.034954,-0.224892,0.157972,0.062424,-0.229815,-0.056528,-0.046143,0.094645,0.001213,-0.001439,0.162354,-0.463098,0.081909,0.206458,-0.783838,0.200949,-0.094646,-0.001212,0.001439,-0.170244,-0.470458,0.036215,-0.228209,-0.78069,0.175448
2.416666,0,0,0,-0.001062,0.081547,-0.001251,-0.003581,0.280514,0.018148,-0.003759,0.497099,0.022133,-0.016884,0.645549,0.008706,0.033956,0.431853,0.026951,0.136614,0.413944,0.049623,0.25497,0.165615,0.077346,0.283955,0.01816,-0.110373,-0.041653,0.431831,0.024752,-0.147313,0.421793,0.035182,-0.225558,0.157978,0.062073,-0.232132,-0.056454,-0.04654,0.094645,0.00121,-0.001461,0.162359,-0.463098,0.081895,0.206465,-0.783799,0.201039,-0.094645,-0.001211,0.001461,-0.170224,-0.470461,0.036221,-0.228143,-0.780668,0.175529
2.433333,0,0,0,-0.001051,0.081377,-0.00126,-0.003557,0.280176,0.018118,-0.003708,0.496882,0.022296,-0.01681,0.645465,0.008953,0.033998,0.431503,0.027056,0.136621,0.413507,0.049822,0.255902,0.165582,0.07719,0.286679,0.017685,-0.109896,-0.04161,0.431492,0.024853,-0.147252,0.421465,0.035469,-0.2265,0.157872,0.061593,-0.235249,-0.056366,-0.047251,0.094645,0.0012,-0.001479,0.16235,-0.4631,0.081933,0.20645,-0.783762,0.201183,-0.094644,-0.0012,0.001479,-0.170214,-0.470451,0.036247,-0.228095,-0.780621,0.175653
2.45,0,0,0,-0.00104,0.081231,-0.001268,-0.003528,0.279886,0.01809,-0.003708,0.496691,0.022472,-0.016756,0.645388,0.009191,0.034006,0.431208,0.027174,0.136584,0.413096,0.050049,0.256939,0.165626,0.076826,0.28991,0.017269,-0.109519,-0.041602,0.43119,0.024961,-0.147215,0.42106,0.035772,-0.227809,0.157762,0.060723,-0.239463,-0.05622,-0.048352,0.094645,0.001189,-0.001492,0.162338,-0.463108,0.081946,0.206432,-0.783736,0.201291,-0.094644,-0.001188,0.001492,-0.170217,-0.470441,0.036235,-0.228069,-0.780576,0.17573
2.466666,0,0,0,-0.00103,0.081084,-0.001272,-0.003492,0.279595,0.018049,-0.00374,0.496526,0.022655,-0.016715,0.645368,0.009465,0.033995,0.43092,0.027287,0.13654,0.412738,0.050254,0.258182,0.165821,0.076314,0.293521,0.017054,-0.109269,-0.041613,0.430881,0.025075,-0.147185,0.42059,0.036127,-0.229365,0.157645,0.059587,-0.244461,-0.056041,-0.049646,0.094645,0.001179,-0.001499,0.162316,-0.46312,0.081948,0.206397,-0.783709,0.201404,-0.094645,-0.001178,0.001499,-0.170244,-0.470428,0.03622,-0.228085,-0.780525,0.175805
2.483333,0,0,0,-0.001015,0.080968,-0.001267,-0.003408,0.279363,0.018047,-0.003738,0.496393,0.022887,-0.016697,0.64534,0.009689,0.034019,0.430691,0.027462,0.136512,0.412413,0.050585,0.259865,0.166227,0.075493,0.298181,0.017082,-0.109193,-0.041588,0.430626,0.025219,-0.147109,0.420069,0.036502,-0.231565,0.157668,0.05788,-0.251257,-0.055543,-0.05155,0.094645,0.001164,-0.001494,0.162273,-0.463152,0.081894,0.206315,-0.783714,0.201436,-0.094645,-0.001163,0.001495,-0.170278,-0.470414,0.036129,-0.22812,-0.780467,0.175811
2.5,0,0,0,-0.001002,0.080685,-0.001268,-0.003357,0.278809,0.017913,-0.003787,0.496091,0.023143,-0.016791,0.645299,0.009998,0.034002,0.430138,0.027587,0.136511,0.412054,0.050791,0.261968,0.166835,0.074712,0.303343,0.017568,-0.109214,-0.041605,0.430042,0.025361,-0.147098,0.419502,0.036927,-0.234592,0.157919,0.055976,-0.259163,-0.054654,-0.053706,0.094646,0.001152,-0.001489,0.162219,-0.463167,0.081923,0.206228,-0.783705,0.201542,-0.094645,-0.001152,0.001489,-0.170347,-0.470395,0.036074,-0.228212,-0.780403,0.175847
2.516666,0,0,0,-0.000981,0.080568,-0.00126,-0.00327,0.278575,0.017911,-0.003793,0.495958,0.023403,-0.016907,0.645258,0.010195,0.034024,0.429909,0.027768,0.136523,0.411845,0.051034,0.264439,0.167762,0.073507,0.309247,0.018404,-0.109539,-0.041583,0.429783,0.025536,-0.147044,0.419047,0.037214,-0.238054,0.158485,0.053588,-0.268009,-0.053155,-0.05656,0.094646,0.00113,-0.001477,0.162159,-0.463211,0.081861,0.206124,-0.78373,0.201547,-0.094645,-0.00113,0.001476,-0.170404,-0.470372,0.035954,-0.22828,-0.780342,0.175806
2.533333,0,0,0,-0.000961,0.080298,-0.001251,-0.003223,0.278046,0.017802,-0.003899,0.495688,0.023759,-0.017167,0.645247,0.010541,0.033967,0.429385,0.027968,0.136529,0.411659,0.051216,0.267658,0.169147,0.07212,0.316317,0.019953,-0.110075,-0.04164,0.42921,0.025755,-0.147096,0.418604,0.037593,-0.242756,0.15953,0.050769,-0.278809,-0.050941,-0.059793,0.094646,0.00111,-0.001476,0.162092,-0.463271,0.081695,0.206016,-0.783725,0.20157,-0.094646,-0.00111,0.001476,-0.170515,-0.470338,0.0359,-0.228426,-0.780274,0.175815
2.55,0,0,0,-0.000933,0.080161,-0.001221,-0.00309,0.277766,0.017906,-0.003874,0.495565,0.02419,-0.017348,0.645264,0.010885,0.034024,0.429108,0.028304,0.13663,0.411558,0.051492,0.271655,0.171024,0.070333,0.324606,0.022053,-0.110844,-0.041583,0.4289,0.026076,-0.147037,0.418168,0.037818,-0.248305,0.161077,0.047416,-0.291359,-0.047882,-0.063506,0.094646,0.001079,-0.001467,0.162026,-0.463355,0.08146,0.20588,-0.783722,0.201592,-0.094647,-0.00108,0.001468,-0.170606,-0.4703,0.035796,-0.228559,-0.780196,0.17578
2.566666,0,0,0,-0.000912,0.079999,-0.001186,-0.002943,0.277435,0.018016,-0.003812,0.495416,0.024622,-0.017518,0.645276,0.011215,0.034114,0.428775,0.028629,0.136783,0.411447,0.051703,0.276023,0.173163,0.068324,0.333425,0.024698,-0.11191,-0.041494,0.428541,0.02641,-0.146944,0.417677,0.038066,-0.254374,0.162984,0.04383,-0.304713,-0.044042,-0.067648,0.094647,0.001058,-0.001465,0.161903,-0.463388,0.081495,0.205665,-0.783787,0.201575,-0.094647,-0.001058,0.001466,-0.170681,-0.470275,0.035677,-0.228661,-0.780149,0.175699
2.583333,0,0,0,-0.000895,0.079588,-0.001169,-0.002881,0.276625,0.017873,-0.003789,0.49503,0.025054,-0.017786,0.645304,0.011628,0.034151,0.427945,0.028867,0.136956,0.411218,0.051778,0.281324,0.17586,0.066206,0.34351,0.028325,-0.113204,-0.041457,0.427703,0.026664,-0.146967,0.417365,0.038256,-0.261614,0.165776,0.039971,-0.319539,-0.038782,-0.072378,0.094646,0.001042,-0.001474,0.161798,-0.463431,0.08142,0.20549,-0.783821,0.201549,-0.094647,-0.001042,0.001474,-0.170779,-0.470246,0.03564,-0.228786,-0.780111,0.175671
2.6,0,0,0,-0.000855,0.079328,-0.001117,-0.002695,0.276096,0.018002,-0.003651,0.494772,0.025574,-0.017959,0.645291,0.01204,0.034306,0.427405,0.029247,0.13721,0.41101,0.051954,0.287102,0.178969,0.063471,0.354592,0.03281,-0.115146,-0.041302,0.427149,0.027069,-0.146833,0.416847,0.038499,-0.269587,0.169127,0.035472,-0.336134,-0.032256,-0.077831,0.094647,0.001,-0.001471,0.161713,-0.4635,0.081346,0.205346,-0.783906,0.201453,-0.094648,-0.000999,0.001471,-0.170824,-0.470203,0.035542,-0.22884,-0.780074,0.175557
2.616666,0,0,0,-0.000822,0.079077,-0.00108,-0.002507,0.275588,0.018115,-0.003566,0.49452,0.026019,-0.01818,0.645271,0.012406,0.034428,0.426897,0.029561,0.137444,0.410857,0.052011,0.293112,0.182522,0.060596,0.366146,0.037903,-0.11709,-0.041182,0.426609,0.027428,-0.146725,0.416218,0.038664,-0.277752,0.172885,0.030673,-0.352924,-0.024831,-0.083686,0.094647,0.000963,-0.001485,0.161672,-0.463577,0.081138,0.205287,-0.783973,0.201279,-0.094648,-0.000963,0.001485,-0.170897,-0.470169,0.035367,-0.228926,-0.780039,0.175377
2.633333,0,0,0,-0.000794,0.078745,-0.001049,-0.002387,0.274922,0.01813,-0.00356,0.494222,0.026497,-0.018435,0.645329,0.012823,0.034476,0.426229,0.029849,0.137642,0.410691,0.051959,0.29984,0.186847,0.057412,0.379012,0.04421,-0.119246,-0.041135,0.425903,0.027788,-0.146711,0.41562,0.038817,-0.286848,0.17766,0.025368,-0.371241,-0.015447,-0.090429,0.094647,0.000934,-0.001515,0.161619,-0.463651,0.080895,0.205191,-0.783979,0.201235,-0.094648,-0.000933,0.001515,-0.170978,-0.470134,0.035279,-0.229009,-0.780012,0.175271
2.65,0,0,0,-0.000779,0.078224,-0.001034,-0.002379,0.273893,0.017993,-0.003735,0.493734,0.026986,-0.018854,0.645377,0.013248,0.034367,0.425198,0.030085,0.137728,0.41047,0.051839,0.306896,0.191794,0.0543,0.392402,0.051819,-0.121531,-0.041246,0.424813,0.02811,-0.146879,0.414935,0.038967,-0.296425,0.183155,0.020105,-0.390224,-0.004802,-0.096917,0.094647,0.000923,-0.001552,0.16155,-0.463641,0.081035,0.205112,-0.784009,0.201269,-0.094647,-0.000922,0.001552,-0.171074,-0.470111,0.035272,-0.229113,-0.780006,0.175223
2.666666,0,0,0,-0.000756,0.077934,-0.000989,-0.002226,0.2733,0.018163,-0.003898,0.493477,0.027495,-0.019261,0.64543,0.013564,0.034315,0.424643,0.030404,0.137841,0.410416,0.0517,0.313837,0.197183,0.050962,0.406078,0.059954,-0.123626,-0.041301,0.424146,0.028576,-0.146925,0.41392,0.039184,-0.305615,0.188866,0.014468,-0.409327,0.00619,-0.102552,0.094646,0.000898,-0.001585,0.161469,-0.463683,0.080972,0.205012,-0.784063,0.201183,-0.094647,-0.000897,0.001584,-0.171178,-0.470082,0.035115,-0.229212,-0.779969,0.175086
2.683333,0,0,0,-0.000737,0.077576,-0.000952,-0.00211,0.27259,0.018114,-0.004192,0.493163,0.028039,-0.019741,0.645517,0.01404,0.034161,0.42397,0.030699,0.137857,0.410724,0.051801,0.3212,0.20379,0.049051,0.423234,0.069896,-0.122655,-0.041457,0.423334,0.028972,-0.147105,0.413018,0.039247,-0.315246,0.195682,0.00863,-0.429198,0.018939,-0.107982,0.094645,0.000878,-0.001657,0.161384,-0.463691,0.081034,0.204939,-0.784087,0.201197,-0.094646,-0.000878,0.001658,-0.171277,-0.470051,0.035133,-0.229265,-0.779941,0.175117
2.7,0,0,0,-0.000708,0.077285,-0.000912,-0.001936,0.272019,0.018036,-0.004551,0.492927,0.028685,-0.020258,0.645631,0.014603,0.033981,0.423447,0.031048,0.137953,0.411764,0.051706,0.32844,0.211421,0.047211,0.441969,0.081748,-0.120468,-0.041638,0.42263,0.029434,-0.147318,0.41219,0.039251,-0.324823,0.203354,0.002899,-0.449028,0.033178,-0.113002,0.094644,0.000847,-0.001751,0.161287,-0.463707,0.081097,0.204863,-0.784126,0.201192,-0.094644,-0.000847,0.001751,-0.171374,-0.47001,0.035143,-0.229295,-0.779916,0.175119
2.716666,0,0,0,-0.000702,0.076941,-0.000844,-0.001878,0.271333,0.018064,-0.004881,0.492637,0.029396,-0.020696,0.645755,0.015197,0.03378,0.422784,0.031508,0.137981,0.412326,0.051665,0.335438,0.218931,0.044454,0.457977,0.093698,-0.120231,-0.041838,0.421839,0.029933,-0.147574,0.411448,0.039181,-0.333713,0.211273,-0.002346,-0.467367,0.047891,-0.11751,0.094642,0.000843,-0.001827,0.161221,-0.463699,0.081142,0.204823,-0.784108,0.201256,-0.094643,-0.000842,0.001828,-0.171451,-0.469992,0.035226,-0.229315,-0.779912,0.175193
2.733333,0,0,0,-0.000698,0.076567,-0.000761,-0.001897,0.270589,0.018074,-0.005236,0.492297,0.030022,-0.021128,0.645838,0.015705,0.033535,0.422057,0.031926,0.137935,0.412607,0.051547,0.343013,0.227476,0.04088,0.473336,0.107252,-0.121551,-0.042081,0.421003,0.030343,-0.147893,0.410849,0.038959,-0.342935,0.220489,-0.00758,-0.486346,0.064978,-0.121908,0.094641,0.000843,-0.001875,0.161189,-0.463691,0.081162,0.204822,-0.784082,0.201311,-0.094642,-0.000843,0.001875,-0.171497,-0.469981,0.035326,-0.22931,-0.779914,0.175287
2.75,0,0,0,-0.000704,0.076172,-0.000657,-0.001995,0.269805,0.018072,-0.005578,0.491942,0.030574,-0.021474,0.645938,0.016188,0.033272,0.421276,0.032309,0.137847,0.412632,0.051359,0.350558,0.236595,0.036959,0.487316,0.121697,-0.124027,-0.042342,0.420148,0.030675,-0.148255,0.410496,0.038605,-0.351881,0.230561,-0.012406,-0.504464,0.083513,-0.126051,0.094641,0.000858,-0.001927,0.161193,-0.463672,0.08113,0.204877,-0.78404,0.201322,-0.09464,-0.000858,0.001927,-0.171486,-0.469995,0.035408,-0.229195,-0.779946,0.175372
2.766666,0,0,0,-0.000714,0.07585,-0.000548,-0.002138,0.269172,0.018042,-0.005926,0.491649,0.030999,-0.021783,0.646011,0.016529,0.032987,0.420644,0.032618,0.137707,0.412655,0.051149,0.35736,0.245685,0.033367,0.49932,0.136086,-0.126809,-0.042625,0.419457,0.030894,-0.148639,0.410425,0.038169,-0.36007,0.240905,-0.016621,-0.520814,0.102453,-0.129813,0.09464,0.000877,-0.001944,0.161176,-0.463658,0.0811,0.204873,-0.784012,0.201322,-0.09464,-0.000877,0.001943,-0.171463,-0.470016,0.035454,-0.229081,-0.779962,0.175466
2.783333,0,0,0,-0.00073,0.075559,-0.000433,-0.00233,0.268613,0.017887,-0.006318,0.49136,0.031321,-0.022063,0.64604,0.016889,0.032653,0.420081,0.032835,0.137516,0.41272,0.050813,0.36425,0.255917,0.02964,0.511741,0.152153,-0.129423,-0.042954,0.418839,0.030991,-0.149076,0.41055,0.03755,-0.368194,0.252328,-0.020736,-0.537078,0.123298,-0.133213,0.09464,0.000903,-0.001933,0.161174,-0.463642,0.081052,0.204871,-0.783965,0.201359,-0.09464,-0.000903,0.001933,-0.171412,-0.470046,0.035503,-0.228937,-0.779989,0.17556
2.8,0,0,0,-0.000578,0.074536,-0.000321,-0.001586,0.266611,0.017505,-0.003787,0.490543,0.030964,-0.020808,0.646314,0.017228,0.034593,0.417785,0.032582,0.139753,0.41052,0.048773,0.370203,0.260002,0.022675,0.521489,0.153779,-0.131113,-0.041014,0.417172,0.030417,-0.147263,0.409868,0.036019,-0.374462,0.264449,-0.024628,-0.551466,0.145618,-0.135849,0.094643,0.000726,-0.001848,0.161316,-0.463854,0.080839,0.205148,-0.784032,0.201481,-0.094643,-0.000725,0.001848,-0.17129,-0.46989,0.035394,-0.228471,-0.779795,0.175678
2.816666,0,0,0,-0.000615,0.074401,-0.000299,-0.001957,0.266391,0.016943,-0.004642,0.490326,0.030898,-0.021383,0.646185,0.017382,0.033876,0.417601,0.032478,0.139092,0.4117,0.048858,0.375638,0.271431,0.020429,0.532478,0.172881,-0.13289,-0.041722,0.416845,0.030062,-0.148066,0.410579,0.035076,-0.38129,0.276022,-0.027681,-0.564081,0.165979,-0.138564,0.094644,0.000775,-0.001771,0.161266,-0.463826,0.080831,0.20504,-0.784008,0.201484,-0.094644,-0.000775,0.001771,-0.171255,-0.469944,0.03534,-0.228422,-0.779829,0.175673
2.833333,0,0,0,-0.000641,0.074501,-0.0002,-0.002103,0.266625,0.016645,-0.005219,0.490377,0.031202,-0.02155,0.646148,0.017773,0.033426,0.417857,0.032663,0.138706,0.412841,0.048925,0.381248,0.283692,0.018301,0.54563,0.194188,-0.13266,-0.042166,0.416971,0.030103,-0.148565,0.411114,0.034398,-0.387761,0.288658,-0.03067,-0.576734,0.188369,-0.140455,0.094643,0.00081,-0.001843,0.161279,-0.463776,0.080831,0.205101,-0.783882,0.201668,-0.094642,-0.00081,0.001842,-0.171076,-0.470003,0.035489,-0.228016,-0.779889,0.17591
2.85,0,0,0,-0.000683,0.074697,-8.10E-05,-0.002363,0.267056,0.016302,-0.005808,0.490465,0.031564,-0.02175,0.645998,0.018289,0.032927,0.418282,0.032892,0.138268,0.414291,0.049049,0.386309,0.296509,0.016717,0.558794,0.216874,-0.130683,-0.042657,0.417303,0.030164,-0.14912,0.41221,0.033825,-0.393322,0.301339,-0.033371,-0.587572,0.211093,-0.142653,0.094641,0.000864,-0.001915,0.161292,-0.463655,0.081125,0.205202,-0.783799,0.201831,-0.09464,-0.000863,0.001916,-0.170924,-0.47007,0.035704,-0.227688,-0.779975,0.176157
2.866666,0,0,0,-0.000694,0.075102,4.00E-05,-0.0025,0.267903,0.015991,-0.00607,0.490744,0.032187,-0.02172,0.645815,0.019014,0.032688,0.419071,0.033308,0.138068,0.415892,0.049391,0.390748,0.308766,0.015935,0.570845,0.239013,-0.127311,-0.04289,0.418069,0.030435,-0.149407,0.413892,0.033658,-0.397785,0.314109,-0.035582,-0.596481,0.234454,-0.145103,0.09464,0.000876,-0.001906,0.161299,-0.463587,0.081443,0.205234,-0.783745,0.202102,-0.094641,-0.000876,0.001906,-0.170754,-0.470091,0.035966,-0.2274,-0.779992,0.176473
2.883333,0,0,0,-0.000447,0.0759,9.60E-05,-0.000488,0.269536,0.015715,-0.001243,0.491684,0.033742,-0.018597,0.645989,0.020502,0.036634,0.42011,0.034133,0.142169,0.416711,0.049117,0.398237,0.319178,0.012235,0.583925,0.260843,-0.128968,-0.038964,0.420059,0.031599,-0.145522,0.418075,0.03546,-0.39784,0.32995,-0.035346,-0.600214,0.264601,-0.147578,0.094641,0.00056,-0.002001,0.160998,-0.463811,0.082098,0.204794,-0.784014,0.202688,-0.094641,-0.00056,0.002,-0.170959,-0.469703,0.036598,-0.22782,-0.779664,0.176886
2.9,0,0,0,-0.000524,0.076635,0.000313,-0.001801,0.271082,0.014941,-0.002961,0.49206,0.033561,-0.019625,0.645355,0.020671,0.035016,0.421653,0.033983,0.1406,0.418329,0.048629,0.400675,0.332525,0.01066,0.592739,0.286113,-0.126369,-0.04057,0.421497,0.031129,-0.147166,0.420593,0.034313,-0.40194,0.346802,-0.04371,-0.603994,0.304661,-0.167077,0.094644,0.000655,-0.001812,0.161487,-0.463632,0.082364,0.205565,-0.783826,0.202876,-0.094645,-0.000654,0.001813,-0.170286,-0.469879,0.036765,-0.226806,-0.77987,0.177125
2.916666,0,0,0,-0.000518,0.07693,0.000501,-0.001753,0.271707,0.014679,-0.003171,0.492186,0.033821,-0.019495,0.6451,0.021355,0.034868,0.422264,0.03421,0.140489,0.419717,0.04875,0.403605,0.344235,0.009831,0.600703,0.307932,-0.12304,-0.040709,0.422044,0.031141,-0.147332,0.421793,0.033389,-0.405069,0.358219,-0.043898,-0.608188,0.325069,-0.168253,0.094645,0.000649,-0.001788,0.161518,-0.463534,0.082936,0.20565,-0.783744,0.203386,-0.094645,-0.000648,0.001789,-0.170144,-0.469852,0.037345,-0.226572,-0.779874,0.177672
2.933333,0,0,0,-0.000497,0.077578,0.000737,-0.0017,0.273038,0.014484,-0.00304,0.492592,0.034402,-0.019076,0.644701,0.022168,0.034962,0.423501,0.034649,0.14064,0.421681,0.048872,0.406326,0.356265,0.009174,0.607536,0.329778,-0.1198,-0.040612,0.423327,0.031476,-0.147243,0.423948,0.033218,-0.407126,0.370441,-0.044511,-0.612154,0.346822,-0.167909,0.094646,0.000623,-0.001759,0.161609,-0.463437,0.083567,0.20583,-0.783669,0.203923,-0.094645,-0.000622,0.001759,-0.169869,-0.469817,0.038005,-0.226161,-0.779896,0.178262
2.95,0,0,0,-0.000443,0.078272,0.000998,-0.001568,0.274457,0.014376,-0.00283,0.493031,0.035076,-0.018682,0.644266,0.022983,0.035134,0.424822,0.03519,0.140856,0.423712,0.049158,0.408661,0.367815,0.009165,0.613067,0.350908,-0.116346,-0.040435,0.424696,0.031907,-0.147063,0.42622,0.033222,-0.408651,0.38216,-0.044713,-0.61518,0.367814,-0.167026,0.094649,0.000557,-0.00163,0.161641,-0.463397,0.084249,0.205862,-0.783659,0.204527,-0.094648,-0.000557,0.00163,-0.169663,-0.469721,0.038696,-0.225948,-0.779836,0.178876
2.966666,0,0,0,-0.000403,0.07898,0.0013,-0.001484,0.275893,0.014471,-0.002701,0.493474,0.035822,-0.018375,0.643807,0.023813,0.035237,0.426175,0.035841,0.140994,0.425743,0.049585,0.410376,0.378255,0.00932,0.617022,0.369936,-0.113354,-0.040327,0.426083,0.032464,-0.146944,0.428457,0.033429,-0.409815,0.392739,-0.044457,-0.617317,0.386753,-0.165815,0.094651,0.000507,-0.001489,0.161639,-0.463359,0.084865,0.205823,-0.783644,0.205095,-0.094651,-0.000507,0.001489,-0.169514,-0.46963,0.039382,-0.225846,-0.779786,0.179453
2.983333,0,0,0,-0.000366,0.079804,0.001653,-0.001412,0.277557,0.014711,-0.002575,0.494018,0.036767,-0.018098,0.643325,0.024794,0.035335,0.427745,0.036687,0.141118,0.428021,0.050231,0.411839,0.388949,0.009893,0.620219,0.389333,-0.110104,-0.040226,0.427693,0.033218,-0.14682,0.430985,0.033875,-0.410732,0.403546,-0.043854,-0.618811,0.405976,-0.164348,0.094653,0.000462,-0.00132,0.161588,-0.463306,0.085604,0.2057,-0.783616,0.205792,-0.094654,-0.000462,0.001321,-0.169408,-0.46952,0.040208,-0.225824,-0.779718,0.180151
3,0,0,0,-0.000344,0.080622,0.002044,-0.001419,0.279201,0.015126,-0.002652,0.494544,0.037742,-0.017994,0.642813,0.02575,0.035265,0.429328,0.037624,0.141048,0.430369,0.051125,0.412846,0.399209,0.011145,0.622593,0.407708,-0.106137,-0.040291,0.429271,0.03404,-0.146858,0.433383,0.034394,-0.411477,0.413198,-0.043148,-0.619326,0.42323,-0.163644,0.094655,0.000433,-0.001166,0.161486,-0.463237,0.086354,0.2055,-0.783572,0.206511,-0.094656,-0.000433,0.001167,-0.169342,-0.469414,0.041106,-0.225859,-0.779667,0.180887
3.016666,0,0,0,-0.000294,0.08141,0.002401,-0.001249,0.280786,0.0155,-0.002337,0.495068,0.038908,-0.017699,0.642356,0.026828,0.035532,0.430793,0.038628,0.141339,0.432459,0.051884,0.413874,0.408465,0.011979,0.624512,0.424482,-0.102894,-0.040023,0.430803,0.035035,-0.146553,0.435781,0.035306,-0.411718,0.422489,-0.041859,-0.619519,0.43965,-0.16163,0.094657,0.000373,-0.001051,0.161339,-0.463209,0.087049,0.205247,-0.783578,0.207154,-0.094657,-0.000373,0.001051,-0.16937,-0.469264,0.04198,-0.226001,-0.779572,0.181593
3.033333,0,0,0,-0.000312,0.082338,0.002792,-0.001454,0.282646,0.016043,-0.002765,0.495681,0.040153,-0.017753,0.641825,0.027803,0.035157,0.432596,0.039803,0.140929,0.435057,0.053212,0.414112,0.418,0.014179,0.625752,0.440752,-0.097681,-0.040393,0.432549,0.036111,-0.146881,0.438377,0.036253,-0.412355,0.431874,-0.040724,-0.619445,0.456746,-0.160376,0.094658,0.00039,-0.000946,0.161223,-0.463132,0.087558,0.205046,-0.783559,0.207541,-0.094659,-0.00039,0.000946,-0.169357,-0.469214,0.042668,-0.226075,-0.779584,0.182107
3.05,0,0,0,-0.000337,0.08313,0.003162,-0.001685,0.284231,0.016597,-0.003288,0.496197,0.041133,-0.017819,0.641339,0.02837,0.034705,0.434165,0.040792,0.140409,0.437495,0.054549,0.414191,0.427065,0.017421,0.626851,0.455582,-0.09113,-0.040839,0.434034,0.036991,-0.14728,0.440654,0.037036,-0.412911,0.440087,-0.03967,-0.619057,0.471689,-0.159362,0.094659,0.000417,-0.000887,0.161127,-0.463071,0.087866,0.204897,-0.783563,0.207695,-0.094659,-0.000416,0.000887,-0.169351,-0.469192,0.043157,-0.226123,-0.779632,0.182419
3.066666,0,0,0,-0.000352,0.083826,0.003517,-0.001871,0.285623,0.017159,-0.003728,0.496647,0.0421,-0.017837,0.640897,0.028823,0.034326,0.435538,0.041759,0.139955,0.439578,0.055887,0.414156,0.43441,0.020802,0.628094,0.467547,-0.083858,-0.041214,0.435334,0.037868,-0.14761,0.442651,0.037812,-0.413289,0.447456,-0.038575,-0.618567,0.48514,-0.157999,0.094659,0.000436,-0.000892,0.161057,-0.46303,0.088025,0.204811,-0.783565,0.207744,-0.094658,-0.000435,0.000893,-0.169329,-0.469185,0.043481,-0.226093,-0.779693,0.182595
3.083333,0,0,0,-0.000355,0.085016,0.003847,-0.0021,0.287977,0.0181,-0.004461,0.4976,0.043334,-0.018119,0.640473,0.029319,0.033726,0.437925,0.043036,0.139306,0.442459,0.057386,0.413355,0.434477,0.02165,0.628272,0.463028,-0.082354,-0.041812,0.437546,0.039119,-0.148174,0.445328,0.03888,-0.413716,0.454631,-0.037573,-0.617868,0.49807,-0.156975,0.094658,0.000438,-0.000936,0.160887,-0.463037,0.088062,0.204508,-0.783636,0.207658,-0.094658,-0.000438,0.000937,-0.169345,-0.469181,0.043575,-0.226304,-0.779751,0.182471
3.1,0,0,0,-0.000281,0.08529,0.00434,-0.001965,0.288529,0.018877,-0.004445,0.497666,0.043854,-0.017852,0.639993,0.029276,0.033787,0.438532,0.043587,0.139361,0.444084,0.057615,0.413792,0.439956,0.02423,0.627772,0.468915,-0.081577,-0.041759,0.438084,0.039842,-0.148068,0.446564,0.039571,-0.413558,0.460997,-0.036264,-0.61713,0.509865,-0.15455,0.094657,0.000365,-0.001051,0.160826,-0.463052,0.088294,0.204475,-0.783725,0.207681,-0.094658,-0.000364,0.00105,-0.169445,-0.469063,0.043998,-0.226514,-0.779746,0.182594
3.116666,0,0,0,-0.000233,0.085709,0.004771,-0.001927,0.289378,0.019462,-0.004531,0.497873,0.044621,-0.017751,0.639554,0.02957,0.033731,0.439374,0.044353,0.139252,0.445538,0.058524,0.413804,0.444585,0.025905,0.626328,0.476163,-0.082066,-0.041815,0.438882,0.040612,-0.148082,0.44788,0.04035,-0.413583,0.466251,-0.034587,-0.61714,0.518889,-0.151271,0.094656,0.000319,-0.001119,0.160753,-0.463069,0.088427,0.204424,-0.783791,0.207674,-0.094657,-0.000319,0.00112,-0.169476,-0.468993,0.044286,-0.226518,-0.779752,0.182723
3.133333,0,0,0,-0.000191,0.086004,0.005149,-0.00197,0.289979,0.019984,-0.004832,0.497897,0.045367,-0.017704,0.639025,0.029942,0.033491,0.439982,0.045116,0.138922,0.446859,0.059624,0.413552,0.449009,0.02772,0.623322,0.484201,-0.084439,-0.042051,0.439407,0.041309,-0.148269,0.448958,0.041037,-0.413829,0.471783,-0.032456,-0.617705,0.528403,-0.146693,0.094656,0.00028,-0.001186,0.160631,-0.463087,0.088558,0.204296,-0.783876,0.207628,-0.094657,-0.000281,0.001186,-0.16949,-0.468936,0.044528,-0.226501,-0.779789,0.182766
3.15,0,0,0,-0.000152,0.08634,0.005429,-0.001932,0.29065,0.020522,-0.004913,0.497941,0.046231,-0.017518,0.638461,0.030336,0.033438,0.440626,0.045938,0.138782,0.448127,0.060766,0.413457,0.453268,0.029604,0.619658,0.492851,-0.087593,-0.042104,0.440012,0.042135,-0.148282,0.450005,0.042033,-0.413812,0.476113,-0.030467,-0.617922,0.535768,-0.142723,0.094656,0.000243,-0.001214,0.160479,-0.463115,0.088692,0.204091,-0.783964,0.20762,-0.094656,-0.000243,0.001214,-0.169517,-0.468868,0.044833,-0.226548,-0.779836,0.182805
3.166666,0,0,0,-0.000147,0.0866,0.005596,-0.00198,0.291167,0.020889,-0.005075,0.497895,0.046913,-0.017457,0.637867,0.030583,0.033301,0.441117,0.046581,0.138562,0.449153,0.061722,0.413261,0.457132,0.031383,0.615746,0.501363,-0.090537,-0.04224,0.440465,0.042774,-0.148377,0.450884,0.042831,-0.413905,0.480067,-0.028494,-0.618269,0.542433,-0.1388,0.094655,0.000243,-0.001277,0.160256,-0.463102,0.088852,0.203796,-0.784043,0.20756,-0.094655,-0.000244,0.001277,-0.169643,-0.468826,0.045145,-0.226728,-0.779889,0.182879
3.183333,0,0,0,-0.000159,0.086737,0.005701,-0.002068,0.291438,0.021093,-0.005348,0.497688,0.047327,-0.017485,0.6372,0.030702,0.033069,0.441384,0.047005,0.138231,0.450024,0.062493,0.412933,0.461084,0.033157,0.61166,0.510167,-0.093016,-0.042469,0.440674,0.043143,-0.148568,0.451471,0.043249,-0.414179,0.484336,-0.026138,-0.618353,0.549829,-0.134973,0.094654,0.000261,-0.001323,0.160006,-0.463067,0.089078,0.203455,-0.78411,0.20754,-0.094655,-0.00026,0.001324,-0.169765,-0.468791,0.045523,-0.226916,-0.77996,0.18299
3.2,0,0,0,-0.000181,0.086872,0.00579,-0.002118,0.2917,0.021372,-0.005503,0.497469,0.047934,-0.01744,0.636536,0.03108,0.032934,0.441614,0.047581,0.138006,0.450753,0.063392,0.412681,0.464588,0.034999,0.60783,0.518231,-0.094848,-0.042602,0.440875,0.043681,-0.148676,0.451912,0.043867,-0.414249,0.487453,-0.024338,-0.617949,0.555509,-0.132487,0.094655,0.000284,-0.0013,0.159705,-0.463051,0.089284,0.202986,-0.784196,0.207531,-0.094655,-0.000283,0.001299,-0.169955,-0.468743,0.045924,-0.227256,-0.780008,0.183113
3.216666,0,0,0,-0.000229,0.086892,0.005869,-0.002239,0.291729,0.021658,-0.005672,0.497055,0.048571,-0.017425,0.635706,0.031401,0.032771,0.4416,0.048169,0.137763,0.451175,0.064255,0.412402,0.4674,0.036795,0.604443,0.52497,-0.095971,-0.042763,0.440851,0.04425,-0.148808,0.452165,0.044575,-0.414276,0.489864,-0.022873,-0.617247,0.560371,-0.130823,0.094655,0.000333,-0.001246,0.159438,-0.462997,0.089549,0.202552,-0.784225,0.207634,-0.094655,-0.000333,0.001245,-0.170146,-0.468714,0.046375,-0.227633,-0.780054,0.183316
3.233333,0,0,0,-0.000308,0.086885,0.00597,-0.002419,0.291701,0.022016,-0.005861,0.496584,0.049285,-0.01745,0.63481,0.031755,0.032579,0.441521,0.048832,0.137492,0.451471,0.065202,0.412089,0.46985,0.038701,0.601257,0.53103,-0.096555,-0.042955,0.440776,0.044896,-0.148969,0.452369,0.045372,-0.414291,0.491962,-0.021565,-0.61618,0.565188,-0.129733,0.094656,0.000415,-0.001151,0.159113,-0.462917,0.089868,0.20201,-0.784249,0.207748,-0.094656,-0.000415,0.00115,-0.170393,-0.468702,0.046841,-0.228118,-0.780099,0.183551
3.25,0,0,0,-0.000361,0.086877,0.006095,-0.002422,0.291669,0.022449,-0.005676,0.496199,0.050066,-0.017122,0.634085,0.032195,0.032708,0.441404,0.049562,0.137554,0.45164,0.066178,0.412107,0.47182,0.040537,0.598854,0.536021,-0.096669,-0.042825,0.440737,0.0456,-0.148809,0.452597,0.046222,-0.413971,0.49371,-0.020432,-0.614552,0.569661,-0.129153,0.094659,0.000458,-0.000908,0.159002,-0.462872,0.090202,0.201741,-0.784285,0.207918,-0.094658,-0.000457,0.000908,-0.170398,-0.468679,0.04726,-0.228334,-0.780128,0.183762
3.266666,0,0,0,-0.000401,0.086867,0.006214,-0.002494,0.291637,0.022846,-0.00566,0.495914,0.05075,-0.017043,0.633546,0.032528,0.0327,0.441317,0.050178,0.1375,0.451759,0.066955,0.412021,0.473247,0.042041,0.596822,0.539886,-0.096628,-0.042835,0.440684,0.046239,-0.148796,0.452743,0.047019,-0.413804,0.495011,-0.019524,-0.613048,0.57343,-0.128948,0.09466,0.000488,-0.000721,0.158865,-0.462828,0.09056,0.201436,-0.784294,0.208192,-0.09466,-0.000489,0.000722,-0.170481,-0.46863,0.047746,-0.228633,-0.780129,0.184041
3.283333,0,0,0,-0.000439,0.086858,0.006347,-0.002531,0.291601,0.023312,-0.005607,0.495649,0.051485,-0.016994,0.633031,0.032822,0.032724,0.441224,0.050875,0.137457,0.451862,0.067947,0.411965,0.474413,0.04385,0.594852,0.542856,-0.096469,-0.04281,0.440633,0.046905,-0.148748,0.45288,0.047794,-0.413579,0.496063,-0.018867,-0.611531,0.576659,-0.129051,0.094661,0.000522,-0.000593,0.158733,-0.462776,0.090869,0.201179,-0.784287,0.208423,-0.094661,-0.000522,0.000593,-0.170585,-0.468601,0.048066,-0.228916,-0.780149,0.184174
3.3,0,0,0,-0.000461,0.086851,0.006442,-0.002509,0.291572,0.023664,-0.005478,0.495442,0.052088,-0.016891,0.632629,0.033077,0.03282,0.441139,0.051442,0.137487,0.451965,0.068797,0.411989,0.475304,0.045392,0.593294,0.545023,-0.096345,-0.042712,0.440597,0.047439,-0.148633,0.452983,0.048423,-0.413326,0.496814,-0.018364,-0.610077,0.579283,-0.129312,0.094661,0.000534,-0.000433,0.158694,-0.462748,0.09114,0.201049,-0.784294,0.208632,-0.094661,-0.000534,0.000433,-0.170591,-0.468574,0.048275,-0.22907,-0.780146,0.184265
3.316666,0,0,0,-0.000481,0.086845,0.006518,-0.002553,0.291547,0.023963,-0.005535,0.495293,0.05261,-0.017003,0.632341,0.033297,0.032762,0.441081,0.051934,0.137372,0.452064,0.069533,0.411885,0.47589,0.046756,0.591794,0.546529,-0.096297,-0.042769,0.440544,0.04789,-0.148679,0.453011,0.048942,-0.413292,0.497215,-0.017916,-0.609136,0.581046,-0.129445,0.094661,0.000548,-0.000324,0.158612,-0.462712,0.091421,0.200863,-0.78426,0.208942,-0.094662,-0.000548,0.000324,-0.170677,-0.468541,0.048496,-0.229306,-0.780103,0.184443
3.333333,0,0,0,-0.000475,0.086838,0.006608,-0.002542,0.291518,0.024313,-0.005537,0.495212,0.053139,-0.017115,0.632183,0.03353,0.03276,0.441027,0.05243,0.137329,0.452099,0.070221,0.411866,0.476068,0.047892,0.590611,0.547428,-0.096259,-0.042768,0.440492,0.048361,-0.148669,0.453029,0.049541,-0.413248,0.497343,-0.017379,-0.608196,0.582243,-0.129668,0.094662,0.000536,-0.000242,0.158546,-0.462697,0.091681,0.200716,-0.784248,0.209223,-0.094662,-0.000537,0.000242,-0.170742,-0.468494,0.048652,-0.2295,-0.780042,0.184578
3.35,0,0,0,-0.000468,0.086832,0.006694,-0.002557,0.291491,0.024633,-0.005621,0.49515,0.053583,-0.017276,0.632074,0.033816,0.032691,0.440993,0.052859,0.137227,0.452106,0.070814,0.4118,0.475995,0.048833,0.589551,0.547828,-0.096308,-0.042835,0.44044,0.048757,-0.14873,0.453019,0.050031,-0.41331,0.497303,-0.016907,-0.607613,0.582849,-0.129821,0.094662,0.000525,-0.000192,0.158457,-0.462677,0.09195,0.200546,-0.784231,0.209515,-0.094662,-0.000525,0.000192,-0.170808,-0.468456,0.048755,-0.229656,-0.779964,0.184732
3.366666,0,0,0,-0.000468,0.086829,0.006733,-0.002605,0.291474,0.024823,-0.005739,0.495118,0.053837,-0.017441,0.632016,0.033944,0.03259,0.440977,0.05311,0.137106,0.452073,0.071189,0.411719,0.475662,0.049396,0.588716,0.547746,-0.096541,-0.042935,0.440403,0.048981,-0.148829,0.452987,0.050325,-0.41343,0.497145,-0.016609,-0.607303,0.582973,-0.130048,0.094662,0.000522,-0.000157,0.15838,-0.46267,0.092086,0.200395,-0.784228,0.209666,-0.094663,-0.000523,0.000157,-0.170845,-0.468446,0.048741,-0.229763,-0.779919,0.184765
3.383333,0,0,0,-0.000474,0.086827,0.006756,-0.002672,0.291461,0.024969,-0.005887,0.495099,0.053966,-0.01764,0.631965,0.033932,0.032461,0.440978,0.053255,0.136962,0.452029,0.071453,0.411623,0.475139,0.049755,0.587946,0.547261,-0.096977,-0.043062,0.440377,0.049104,-0.148956,0.452949,0.050534,-0.413601,0.496872,-0.016383,-0.607072,0.582748,-0.13047,0.094662,0.000527,-0.00013,0.15829,-0.462668,0.092165,0.200225,-0.78423,0.209762,-0.094663,-0.000527,0.00013,-0.170871,-0.468455,0.04863,-0.229853,-0.779887,0.184722
3.4,0,0,0,-0.000483,0.086825,0.006777,-0.00273,0.291452,0.025063,-0.006003,0.49512,0.053986,-0.017828,0.631975,0.033779,0.03236,0.440989,0.053297,0.136859,0.451992,0.071535,0.411571,0.474639,0.049987,0.58735,0.546714,-0.097419,-0.043163,0.440366,0.049137,-0.149048,0.452997,0.050665,-0.413742,0.496606,-0.016265,-0.60696,0.582205,-0.130986,0.094663,0.000535,-9.80E-05,0.158273,-0.462657,0.092224,0.200177,-0.784237,0.209784,-0.094662,-0.000535,9.90E-05,-0.170891,-0.468476,0.048441,-0.22993,-0.779877,0.184579
3.416666,0,0,0,-0.000488,0.086825,0.00678,-0.0028,0.291448,0.025103,-0.006124,0.495137,0.053919,-0.017991,0.631979,0.033607,0.032253,0.441008,0.053262,0.136754,0.451934,0.071529,0.4115,0.474066,0.049885,0.58697,0.545895,-0.098008,-0.04327,0.440365,0.049095,-0.149155,0.452992,0.050672,-0.413878,0.496311,-0.016328,-0.606961,0.581532,-0.131559,0.094662,0.00054,-9.20E-05,0.158231,-0.46267,0.092169,0.200093,-0.784258,0.209722,-0.094662,-0.000539,9.20E-05,-0.170924,-0.468501,0.048177,-0.230016,-0.779867,0.184374
3.433333,0,0,0,-0.000496,0.086825,0.006777,-0.00281,0.291444,0.025146,-0.00612,0.495168,0.05385,-0.018026,0.632009,0.033424,0.032253,0.441017,0.05322,0.136758,0.451862,0.071515,0.411546,0.473415,0.04981,0.586806,0.544731,-0.09858,-0.04327,0.440377,0.049054,-0.149152,0.453018,0.050698,-0.413914,0.495927,-0.016412,-0.606947,0.580572,-0.132149,0.094662,0.000548,-9.60E-05,0.158268,-0.462667,0.092112,0.200151,-0.78425,0.209672,-0.094663,-0.000548,9.60E-05,-0.170884,-0.468546,0.047888,-0.229957,-0.779861,0.184209
3.45,0,0,0,-0.000436,0.086826,0.006769,-0.002518,0.291442,0.025192,-0.005532,0.495237,0.053869,-0.017476,0.632118,0.033321,0.032762,0.440969,0.053242,0.137277,0.451723,0.071532,0.412108,0.472772,0.049881,0.587227,0.543557,-0.098928,-0.042761,0.440439,0.049073,-0.148632,0.45317,0.050793,-0.413452,0.495547,-0.016426,-0.60656,0.579494,-0.132546,0.094663,0.00047,6.90E-05,0.158607,-0.462741,0.092065,0.200605,-0.784289,0.209678,-0.094662,-0.000471,-6.90E-05,-0.170471,-0.468547,0.047616,-0.229439,-0.779808,0.184105
3.466666,0,0,0,-0.000422,0.086825,0.00678,-0.002499,0.291441,0.02521,-0.005499,0.495322,0.053787,-0.017521,0.632257,0.033162,0.032794,0.440981,0.053172,0.137322,0.451627,0.071452,0.412192,0.472038,0.04969,0.58738,0.542265,-0.099303,-0.04273,0.440453,0.049018,-0.1486,0.453182,0.050775,-0.413475,0.495092,-0.016522,-0.606653,0.57842,-0.13297,0.094663,0.000454,7.90E-05,0.158685,-0.46277,0.091954,0.200701,-0.7843,0.20961,-0.094663,-0.000454,-7.90E-05,-0.170374,-0.468566,0.047417,-0.229298,-0.77979,0.184008
3.483333,0,0,0,-0.000441,0.086824,0.006791,-0.002648,0.29144,0.025209,-0.005766,0.495386,0.053647,-0.017849,0.632357,0.032993,0.032559,0.441021,0.053063,0.137091,0.451583,0.071367,0.412012,0.471332,0.049626,0.587303,0.540824,-0.09959,-0.042965,0.440445,0.04891,-0.148839,0.453137,0.050694,-0.413773,0.494596,-0.016647,-0.607015,0.577314,-0.133424,0.094663,0.000478,3.40E-05,0.158584,-0.462775,0.091834,0.200536,-0.78433,0.209443,-0.094662,-0.000478,-3.30E-05,-0.170478,-0.468595,0.047242,-0.229445,-0.779792,0.183877
3.5,0,0,0,-0.000436,0.086824,0.006796,-0.00251,0.291438,0.025237,-0.005463,0.495459,0.053591,-0.017534,0.632495,0.032966,0.032818,0.441003,0.053027,0.137366,0.451435,0.071319,0.412324,0.470625,0.049555,0.5879,0.539362,-0.099675,-0.042706,0.440488,0.048869,-0.148583,0.453148,0.0507,-0.413591,0.494093,-0.016665,-0.606874,0.576206,-0.1338,0.094663,0.000467,9.60E-05,0.158742,-0.462769,0.091866,0.200772,-0.784309,0.209493,-0.094663,-0.000468,-9.50E-05,-0.1703,-0.468621,0.047106,-0.229214,-0.77979,0.183826
3.516666,0,0,0,-0.000413,0.086824,0.006802,-0.002394,0.291438,0.025256,-0.005217,0.495543,0.053521,-0.01727,0.632657,0.032929,0.033029,0.440993,0.052977,0.137589,0.451293,0.07127,0.412594,0.469837,0.049528,0.588538,0.537753,-0.099645,-0.042495,0.440525,0.048813,-0.148377,0.453136,0.050662,-0.413453,0.493544,-0.016762,-0.606821,0.57501,-0.134209,0.094663,0.000438,0.000154,0.15887,-0.462787,0.091892,0.200951,-0.78431,0.209544,-0.094663,-0.000439,-0.000154,-0.17015,-0.468617,0.047042,-0.229031,-0.779773,0.183806
3.533333,0,0,0,-0.000394,0.086823,0.00681,-0.002359,0.291439,0.025248,-0.005141,0.495649,0.053427,-0.017172,0.632871,0.032927,0.033097,0.441001,0.052885,0.137681,0.451158,0.071124,0.412729,0.468945,0.049304,0.589268,0.535991,-0.09956,-0.042428,0.440544,0.048744,-0.148319,0.453077,0.050615,-0.413464,0.492851,-0.016916,-0.607002,0.573544,-0.134615,0.094663,0.000418,0.000148,0.158936,-0.462805,0.091855,0.201049,-0.784324,0.209505,-0.094663,-0.000418,-0.000148,-0.170116,-0.468602,0.047032,-0.228976,-0.779744,0.18384
3.55,0,0,0,-0.000399,0.086823,0.006808,-0.002489,0.291441,0.025213,-0.00544,0.495739,0.053316,-0.017417,0.633057,0.032904,0.032846,0.441045,0.052779,0.137443,0.451088,0.071006,0.412542,0.467895,0.04906,0.589862,0.533962,-0.099312,-0.04268,0.440522,0.048652,-0.148583,0.452965,0.050479,-0.413791,0.491898,-0.017291,-0.607627,0.571533,-0.13522,0.094663,0.000433,1.40E-05,0.15885,-0.462774,0.091858,0.20097,-0.784274,0.209558,-0.094663,-0.000434,-1.40E-05,-0.170229,-0.468608,0.04709,-0.229035,-0.779739,0.183946
3.566666,0,0,0,-0.000384,0.086825,0.006789,-0.002421,0.291444,0.02519,-0.005292,0.495856,0.053201,-0.017203,0.633295,0.032885,0.032975,0.441049,0.052669,0.137605,0.450874,0.070827,0.412748,0.466709,0.048703,0.590927,0.531733,-0.099101,-0.042552,0.440551,0.048562,-0.148466,0.452899,0.0504,-0.413736,0.49085,-0.017683,-0.607961,0.569305,-0.135764,0.094663,0.000421,-3.50E-05,0.158955,-0.462758,0.091878,0.201172,-0.784253,0.209558,-0.094663,-0.000421,3.50E-05,-0.17016,-0.468603,0.047173,-0.228882,-0.779729,0.184075
3.583333,0,0,0,-0.000356,0.086828,0.006749,-0.002331,0.291452,0.025092,-0.005132,0.496001,0.052963,-0.016992,0.633581,0.032787,0.033118,0.441067,0.052453,0.137792,0.45061,0.070509,0.412972,0.465281,0.048048,0.592325,0.528975,-0.098912,-0.042409,0.440591,0.048356,-0.148342,0.452783,0.05014,-0.413686,0.489424,-0.018372,-0.608454,0.566343,-0.136568,0.094663,0.000397,-0.000109,0.159045,-0.462753,0.091889,0.201362,-0.784198,0.209669,-0.094663,-0.000398,0.000108,-0.170118,-0.468587,0.047241,-0.228746,-0.779711,0.184187
3.6,0,0,0,-0.000301,0.086831,0.00671,-0.002206,0.291461,0.025005,-0.004952,0.496197,0.052703,-0.016787,0.633963,0.032683,0.033287,0.441093,0.052212,0.138009,0.450343,0.070136,0.413223,0.463653,0.047243,0.593985,0.525658,-0.098708,-0.042242,0.440631,0.048138,-0.148196,0.45264,0.049882,-0.413616,0.487681,-0.019171,-0.608971,0.562676,-0.137635,0.094663,0.000344,-0.000199,0.159164,-0.462786,0.091816,0.201599,-0.784199,0.20964,-0.094663,-0.000344,0.000199,-0.170073,-0.46854,0.047336,-0.228586,-0.779677,0.184301
3.616666,0,0,0,-0.000233,0.086835,0.006666,-0.002011,0.291469,0.024924,-0.004667,0.496416,0.052456,-0.016434,0.634399,0.032593,0.03355,0.441111,0.051989,0.138325,0.450016,0.069779,0.413564,0.461791,0.046351,0.595849,0.521915,-0.098489,-0.041979,0.440678,0.047922,-0.147959,0.452472,0.049579,-0.413437,0.485692,-0.02015,-0.609398,0.558477,-0.13899,0.094663,0.000277,-0.000311,0.15934,-0.462815,0.091768,0.201943,-0.784186,0.209647,-0.094663,-0.000277,0.000311,-0.16995,-0.468499,0.047396,-0.228278,-0.779636,0.18444
3.633333,0,0,0,-0.000158,0.086767,0.006624,-0.001792,0.291333,0.024871,-0.004333,0.496595,0.052231,-0.015999,0.634907,0.032593,0.033857,0.440983,0.051775,0.138702,0.449447,0.069366,0.413962,0.459251,0.045286,0.598178,0.5169,-0.098112,-0.041673,0.440588,0.047724,-0.147685,0.452109,0.049276,-0.413199,0.483048,-0.021354,-0.609912,0.553001,-0.140654,0.094663,0.000205,-0.000435,0.159565,-0.462841,0.091715,0.202363,-0.784143,0.209712,-0.094662,-0.000206,0.000435,-0.169789,-0.468457,0.047476,-0.227901,-0.779585,0.184634
3.65,0,0,0,-8.70E-05,0.086556,0.006561,-0.001593,0.29091,0.024765,-0.004042,0.496548,0.051879,-0.015586,0.635248,0.0325,0.034129,0.440583,0.051443,0.139047,0.448556,0.068829,0.414321,0.455941,0.044059,0.600644,0.510638,-0.097763,-0.041403,0.440214,0.04742,-0.147452,0.451402,0.048867,-0.412995,0.479602,-0.022795,-0.61058,0.546166,-0.142589,0.094662,0.00014,-0.000585,0.159815,-0.462861,0.091619,0.202834,-0.784087,0.209741,-0.094662,-0.00014,0.000585,-0.169629,-0.468429,0.0475,-0.2275,-0.779541,0.184797
3.666666,0,0,0,-2.20E-05,0.086314,0.006452,-0.001425,0.290426,0.024567,-0.003807,0.496502,0.051348,-0.015331,0.635625,0.032187,0.034353,0.440139,0.050943,0.139343,0.447582,0.068126,0.414608,0.452314,0.042616,0.603097,0.503868,-0.097511,-0.041182,0.439783,0.046968,-0.147266,0.450629,0.048385,-0.412854,0.475708,-0.024265,-0.611229,0.538578,-0.144747,0.094661,8.10E-05,-0.000761,0.160029,-0.462895,0.091413,0.203257,-0.784057,0.209633,-0.094661,-8.20E-05,0.000762,-0.169512,-0.468417,0.047401,-0.227156,-0.779516,0.184823
3.683333,0,0,0,3.70E-05,0.085998,0.006256,-0.001274,0.289794,0.024212,-0.003605,0.496418,0.050572,-0.015148,0.636064,0.03165,0.034549,0.439561,0.05022,0.139612,0.446384,0.067213,0.414828,0.447846,0.040795,0.605693,0.495617,-0.097444,-0.040988,0.439211,0.04628,-0.147114,0.449648,0.047684,-0.41276,0.470819,-0.025989,-0.611951,0.529201,-0.14738,0.09466,2.30E-05,-0.000894,0.160235,-0.462963,0.091082,0.203645,-0.784062,0.209408,-0.09466,-2.40E-05,0.000893,-0.169416,-0.468412,0.047156,-0.226875,-0.779502,0.184674
3.7,0,0,0,7.60E-05,0.08559,0.005985,-0.001224,0.288978,0.023697,-0.00354,0.496225,0.049537,-0.015105,0.636459,0.030891,0.034616,0.438816,0.049268,0.139747,0.444918,0.066115,0.414885,0.442581,0.038966,0.608001,0.486297,-0.097476,-0.040922,0.438461,0.045349,-0.14709,0.448463,0.046752,-0.412789,0.465101,-0.027887,-0.612675,0.518247,-0.150533,0.094658,-1.30E-05,-0.001021,0.160388,-0.463049,0.090594,0.203932,-0.784091,0.209023,-0.094658,1.20E-05,0.00102,-0.169354,-0.468442,0.046709,-0.226665,-0.779507,0.184344
3.716666,0,0,0,0.0001,0.085158,0.005677,-0.001164,0.288118,0.023105,-0.00343,0.495983,0.0484,-0.01502,0.636801,0.03005,0.03472,0.438024,0.048214,0.139906,0.44343,0.06495,0.414929,0.437168,0.037252,0.610076,0.476713,-0.097562,-0.04082,0.437672,0.044338,-0.14703,0.447215,0.045788,-0.412772,0.459094,-0.029601,-0.613376,0.506718,-0.153341,0.094657,-3.50E-05,-0.00115,0.160549,-0.463122,0.090091,0.204229,-0.784113,0.208608,-0.094657,3.40E-05,0.00115,-0.169288,-0.468493,0.046191,-0.226466,-0.779533,0.183938
3.733333,0,0,0,0.000136,0.084472,0.005449,-0.000828,0.286783,0.022269,-0.002721,0.495481,0.04686,-0.014495,0.6371,0.029087,0.03532,0.436711,0.046862,0.1405,0.441646,0.063781,0.415223,0.430893,0.034529,0.61285,0.464259,-0.098331,-0.040215,0.436495,0.042879,-0.14647,0.445502,0.04445,-0.412269,0.452205,-0.031376,-0.613609,0.493747,-0.156108,0.094656,-7.30E-05,-0.001223,0.160752,-0.463246,0.089429,0.204644,-0.784156,0.208089,-0.094656,7.30E-05,0.001223,-0.169183,-0.468536,0.045578,-0.225929,-0.779572,0.183515
3.75,0,0,0,0.000143,0.084,0.005101,-0.000833,0.285836,0.021676,-0.002621,0.495233,0.045664,-0.014416,0.637516,0.028218,0.035393,0.435823,0.045789,0.140573,0.440105,0.06289,0.41506,0.424878,0.033416,0.614298,0.453442,-0.09815,-0.040142,0.435635,0.041797,-0.146438,0.444102,0.043548,-0.412089,0.444336,-0.033086,-0.613378,0.478825,-0.160028,0.094654,-7.70E-05,-0.001392,0.161006,-0.463304,0.088797,0.205107,-0.784158,0.20753,-0.094654,7.70E-05,0.001392,-0.169049,-0.468637,0.044851,-0.225595,-0.779633,0.18296
3.766666,0,0,0,0.00013,0.083479,0.004681,-0.000848,0.28479,0.020996,-0.002668,0.494923,0.044361,-0.014457,0.637899,0.027158,0.035357,0.43486,0.044619,0.140516,0.438603,0.061976,0.414741,0.418664,0.032881,0.615099,0.442523,-0.097919,-0.040176,0.434651,0.040611,-0.146516,0.442532,0.042474,-0.412033,0.436914,-0.03442,-0.613102,0.465208,-0.163229,0.094651,-6.20E-05,-0.001534,0.16114,-0.463372,0.08813,0.205357,-0.784167,0.206978,-0.094652,6.20E-05,0.001534,-0.168951,-0.468753,0.04406,-0.225315,-0.779697,0.182357
3.783333,0,0,0,8.80E-05,0.082934,0.004304,-0.000987,0.283697,0.020409,-0.002874,0.494615,0.043051,-0.014636,0.638316,0.025996,0.035179,0.433868,0.043443,0.140317,0.436969,0.061048,0.414172,0.411765,0.032552,0.615446,0.430404,-0.09769,-0.040357,0.433618,0.039473,-0.146739,0.440847,0.041533,-0.411906,0.428626,-0.035804,-0.612511,0.450156,-0.16663,0.094648,-1.20E-05,-0.00171,0.161241,-0.463398,0.087479,0.205588,-0.784181,0.206313,-0.094649,1.10E-05,0.001709,-0.168946,-0.46889,0.04328,-0.225138,-0.779823,0.181673
3.8,0,0,0,1.70E-05,0.08231,0.00389,-0.001251,0.282444,0.019748,-0.003262,0.494205,0.041664,-0.014945,0.638692,0.024736,0.034835,0.432723,0.04219,0.139923,0.435093,0.060203,0.413452,0.404817,0.033576,0.617303,0.417722,-0.093307,-0.040702,0.432413,0.03826,-0.14712,0.438981,0.040618,-0.411819,0.419819,-0.036912,-0.611692,0.434556,-0.169782,0.094644,7.30E-05,-0.001938,0.161267,-0.463386,0.08685,0.205723,-0.784162,0.205662,-0.094644,-7.20E-05,0.001938,-0.169039,-0.469034,0.042639,-0.225072,-0.779961,0.18111
3.816666,0,0,0,-6.20E-05,0.08192,0.003488,-0.001549,0.281647,0.0193,-0.003771,0.494046,0.040627,-0.015338,0.639114,0.023663,0.03439,0.432029,0.041292,0.139407,0.433707,0.059789,0.412229,0.397373,0.03349,0.616115,0.405418,-0.093739,-0.041146,0.431635,0.037345,-0.147601,0.437492,0.039947,-0.411612,0.411058,-0.037787,-0.610258,0.419058,-0.173053,0.094638,0.000166,-0.00222,0.161256,-0.463349,0.086277,0.205836,-0.784128,0.205034,-0.094638,-0.000166,0.00222,-0.169198,-0.469177,0.042041,-0.225076,-0.780105,0.180572
3.833333,0,0,0,-1.40E-05,0.081676,0.003116,-0.00124,0.281141,0.018976,-0.003037,0.494145,0.040056,-0.014474,0.639778,0.022925,0.035002,0.431481,0.040759,0.139938,0.432318,0.059764,0.411897,0.389353,0.034538,0.614994,0.39231,-0.094164,-0.040534,0.431235,0.036801,-0.147012,0.436485,0.039723,-0.409799,0.402909,-0.039394,-0.605813,0.406654,-0.178629,0.094636,0.000104,-0.002299,0.161842,-0.463378,0.085927,0.20681,-0.784067,0.204782,-0.094636,-0.000104,0.002299,-0.1687,-0.469231,0.041681,-0.224228,-0.780159,0.180355
3.85,0,0,0,-4.70E-05,0.081094,0.002784,-0.001355,0.279967,0.018614,-0.003298,0.493821,0.038586,-0.014619,0.640197,0.021375,0.03479,0.430448,0.039559,0.139615,0.430693,0.059189,0.410574,0.38101,0.03561,0.612538,0.378897,-0.094878,-0.040747,0.43013,0.035617,-0.147249,0.434572,0.038956,-0.409224,0.392675,-0.038871,-0.60268,0.38858,-0.181625,0.094632,0.00014,-0.002478,0.161995,-0.463396,0.085346,0.207125,-0.784048,0.204238,-0.094631,-0.00014,0.002478,-0.168695,-0.469325,0.041162,-0.224072,-0.780258,0.179885
3.866666,0,0,0,-0.000101,0.080672,0.002485,-0.001532,0.279112,0.018286,-0.003658,0.493619,0.037576,-0.014909,0.640583,0.020291,0.034489,0.429695,0.03871,0.139205,0.429322,0.058906,0.408993,0.372939,0.037023,0.609535,0.366234,-0.095488,-0.041048,0.4293,0.034777,-0.147571,0.432912,0.038427,-0.408301,0.383012,-0.038861,-0.600185,0.371169,-0.183294,0.094628,0.000198,-0.002598,0.162025,-0.463398,0.084875,0.207212,-0.784041,0.20377,-0.094628,-0.000198,0.002598,-0.168781,-0.469413,0.040737,-0.224098,-0.780354,0.179464
3.883333,0,0,0,-0.000166,0.08029,0.002185,-0.001724,0.27834,0.017948,-0.003975,0.493491,0.036485,-0.01516,0.641025,0.019088,0.034216,0.42902,0.037796,0.138811,0.427959,0.058588,0.407127,0.364241,0.038834,0.605844,0.352872,-0.096087,-0.041322,0.428566,0.03389,-0.147856,0.431345,0.037937,-0.406914,0.372628,-0.038779,-0.596873,0.352336,-0.184811,0.094626,0.000268,-0.002661,0.162032,-0.463402,0.084416,0.207221,-0.784046,0.203309,-0.094626,-0.000268,0.002662,-0.168867,-0.469519,0.040191,-0.22418,-0.780436,0.178975
3.9,0,0,0,-0.000214,0.079989,0.001884,-0.001863,0.277734,0.017597,-0.004215,0.493403,0.03545,-0.015365,0.6414,0.018069,0.034014,0.428497,0.036916,0.138487,0.426772,0.058269,0.405082,0.355626,0.040691,0.601736,0.339766,-0.096775,-0.041526,0.427993,0.033058,-0.14806,0.429962,0.037552,-0.405138,0.362173,-0.038335,-0.592787,0.333316,-0.185903,0.094626,0.000316,-0.002657,0.162044,-0.463422,0.08405,0.207203,-0.78406,0.202967,-0.094626,-0.000316,0.002657,-0.168945,-0.469594,0.039691,-0.224299,-0.78047,0.178549
3.916666,0,0,0,-0.000247,0.079665,0.001781,-0.001994,0.277064,0.017695,-0.004372,0.493224,0.034636,-0.015472,0.641639,0.01722,0.033872,0.427916,0.036333,0.138249,0.425375,0.058072,0.403376,0.348552,0.042283,0.597845,0.327665,-0.097598,-0.04167,0.427383,0.032519,-0.148201,0.428416,0.037382,-0.403134,0.3522,-0.037741,-0.588423,0.315621,-0.186572,0.094626,0.000353,-0.002671,0.162117,-0.463393,0.083932,0.207312,-0.784051,0.202783,-0.094625,-0.000353,0.002671,-0.169018,-0.469639,0.039445,-0.224425,-0.780499,0.178319
3.933333,0,0,0,-0.000282,0.079277,0.001618,-0.002146,0.276275,0.017642,-0.004498,0.493019,0.033611,-0.015534,0.64194,0.016144,0.033747,0.427209,0.035544,0.138,0.423739,0.057747,0.401399,0.340763,0.044331,0.593216,0.314596,-0.098297,-0.041798,0.426666,0.031795,-0.14831,0.426869,0.037159,-0.400671,0.341402,-0.036686,-0.582995,0.296277,-0.18683,0.094625,0.000391,-0.002685,0.162169,-0.463356,0.083875,0.207391,-0.784038,0.202649,-0.094625,-0.000392,0.002685,-0.1691,-0.469683,0.039223,-0.22456,-0.780515,0.178138
3.95,0,0,0,-0.000331,0.078931,0.001428,-0.002383,0.275575,0.017477,-0.004766,0.49278,0.032558,-0.015665,0.642113,0.015119,0.033498,0.426589,0.03471,0.137624,0.422149,0.05733,0.399073,0.332895,0.04631,0.588273,0.301527,-0.098743,-0.042051,0.426016,0.031028,-0.148535,0.425454,0.036882,-0.397935,0.330588,-0.035529,-0.576799,0.276849,-0.186991,0.094626,0.000446,-0.002674,0.16221,-0.463309,0.083813,0.207442,-0.784017,0.202516,-0.094625,-0.000445,0.002675,-0.169159,-0.469744,0.038995,-0.224672,-0.780536,0.177979
3.966666,0,0,0,-0.000384,0.07874,0.001245,-0.002572,0.275185,0.017333,-0.004932,0.49272,0.031691,-0.015694,0.642343,0.01425,0.033331,0.426256,0.034024,0.13732,0.420895,0.057071,0.396717,0.325587,0.048509,0.583365,0.289416,-0.098716,-0.04222,0.425676,0.030397,-0.148669,0.424455,0.036763,-0.395026,0.320724,-0.033887,-0.57053,0.258795,-0.18615,0.094625,0.000503,-0.002646,0.162212,-0.463259,0.083796,0.207413,-0.783969,0.202506,-0.094626,-0.000504,0.002647,-0.169242,-0.469799,0.038846,-0.224825,-0.780539,0.177919
3.983333,0,0,0,-0.000488,0.078464,0.000827,-0.002966,0.274661,0.016462,-0.005411,0.49261,0.030347,-0.015924,0.642653,0.013055,0.032888,0.425785,0.032772,0.136754,0.419729,0.056195,0.393803,0.318034,0.050898,0.577592,0.277087,-0.098656,-0.042666,0.425163,0.029218,-0.149079,0.423805,0.036161,-0.391648,0.310296,-0.03254,-0.56238,0.239448,-0.186335,0.094627,0.000614,-0.002546,0.162201,-0.463192,0.083671,0.207312,-0.783871,0.202497,-0.094628,-0.000615,0.002547,-0.169277,-0.469922,0.038515,-0.224928,-0.780561,0.177787
4,0,0,0,-0.000526,0.078364,0.000463,-0.003037,0.27448,0.0158,-0.00544,0.492628,0.029103,-0.015883,0.642855,0.011965,0.032852,0.425643,0.031669,0.136602,0.418956,0.055438,0.39092,0.310512,0.053045,0.572176,0.264833,-0.09822,-0.042705,0.425023,0.028177,-0.149075,0.423199,0.035635,-0.387499,0.300087,-0.030999,-0.554016,0.220443,-0.185108,0.094629,0.00065,-0.002473,0.162193,-0.463213,0.083447,0.207219,-0.783832,0.202468,-0.094629,-0.00065,0.002473,-0.169263,-0.469982,0.03816,-0.224954,-0.78055,0.177571
4.016666,0,0,0,-0.000487,0.078436,0.000117,-0.003033,0.274655,0.015013,-0.005454,0.492914,0.02748,-0.015872,0.643217,0.010445,0.032844,0.42588,0.030301,0.136453,0.418559,0.054492,0.388005,0.303821,0.054805,0.56671,0.253751,-0.098096,-0.042713,0.425241,0.026811,-0.149039,0.422886,0.034732,-0.383047,0.290608,-0.029967,-0.544891,0.202913,-0.184682,0.094636,0.000591,-0.002209,0.162212,-0.463384,0.083091,0.207092,-0.784039,0.202071,-0.094637,-0.000591,0.002209,-0.169337,-0.469937,0.037565,-0.225309,-0.780472,0.176939
4.033333,0,0,0,-0.000583,0.078387,-8.90E-05,-0.003244,0.274556,0.014825,-0.005498,0.492744,0.026757,-0.015785,0.642971,0.009884,0.032761,0.425794,0.029675,0.136215,0.417615,0.05425,0.384533,0.296077,0.057463,0.561086,0.24016,-0.095912,-0.042803,0.425196,0.026329,-0.149067,0.422344,0.034901,-0.377882,0.280202,-0.027416,-0.534637,0.184176,-0.182426,0.094631,0.000702,-0.002386,0.162259,-0.463211,0.083213,0.207228,-0.783793,0.202356,-0.094631,-0.000701,0.002386,-0.169181,-0.470064,0.037846,-0.22495,-0.780603,0.177292
4.05,0,0,0,-0.000627,0.078447,-0.000278,-0.003367,0.274688,0.014481,-0.005414,0.492847,0.025689,-0.015668,0.643026,0.008986,0.032778,0.425939,0.028849,0.136038,0.416917,0.053937,0.380893,0.288646,0.059951,0.554876,0.228486,-0.094748,-0.042785,0.425404,0.025471,-0.149003,0.42213,0.034449,-0.372317,0.270314,-0.02493,-0.523591,0.165856,-0.17993,0.094632,0.000748,-0.002371,0.162293,-0.463151,0.083278,0.207273,-0.78376,0.202345,-0.094631,-0.000748,0.002372,-0.169126,-0.470117,0.037864,-0.224909,-0.780652,0.177312
4.066666,0,0,0,-0.000668,0.078551,-0.000478,-0.003549,0.274908,0.01409,-0.005511,0.492915,0.024614,-0.015719,0.642931,0.00811,0.03265,0.426189,0.028009,0.135734,0.416438,0.053545,0.377119,0.281907,0.06239,0.548572,0.217923,-0.093595,-0.042912,0.425673,0.024594,-0.149087,0.422042,0.03393,-0.366904,0.261359,-0.022456,-0.51268,0.149134,-0.177297,0.094632,0.000791,-0.002325,0.162316,-0.463097,0.083363,0.207273,-0.783715,0.202414,-0.094632,-0.000791,0.002325,-0.169097,-0.470154,0.03795,-0.224946,-0.780684,0.177384
4.083333,0,0,0,-0.000702,0.078704,-0.000711,-0.003755,0.275233,0.013595,-0.005748,0.49298,0.023468,-0.015891,0.642748,0.007296,0.032421,0.426559,0.027072,0.13534,0.416159,0.053013,0.372819,0.275095,0.065225,0.541345,0.20719,-0.092284,-0.043141,0.426023,0.023656,-0.149265,0.422027,0.033419,-0.361038,0.252427,-0.019798,-0.500742,0.132553,-0.174506,0.094634,0.000825,-0.002228,0.16233,-0.463066,0.083436,0.207229,-0.783693,0.202484,-0.094634,-0.000824,0.002227,-0.169115,-0.470174,0.037994,-0.225096,-0.780682,0.177424
4.1,0,0,0,-0.000404,0.07837,-0.000938,-0.001631,0.274545,0.013926,-0.001881,0.493039,0.022824,-0.013963,0.643342,0.006502,0.035813,0.42565,0.026368,0.139288,0.412935,0.048838,0.362535,0.249925,0.054365,0.523403,0.148053,-0.092485,-0.039777,0.425675,0.023635,-0.145891,0.420932,0.033169,-0.352893,0.245036,-0.018349,-0.488498,0.118092,-0.171048,0.094637,0.000461,-0.002211,0.161975,-0.463473,0.083505,0.206522,-0.78414,0.202575,-0.094637,-0.000462,0.002211,-0.169647,-0.469734,0.037887,-0.226247,-0.780193,0.177177
4.116666,0,0,0,-0.000218,0.0786,-0.001122,-0.000561,0.275011,0.013728,-2.40E-05,0.493483,0.022722,-0.013257,0.643638,0.006077,0.037378,0.425963,0.02653,0.140668,0.414535,0.05049,0.357457,0.242948,0.052244,0.517984,0.138551,-0.093199,-0.038189,0.426286,0.023207,-0.144286,0.42026,0.032187,-0.346384,0.237834,-0.015982,-0.476593,0.104692,-0.168099,0.09464,0.000232,-0.002119,0.162109,-0.463724,0.083372,0.206742,-0.78426,0.202762,-0.094639,-0.000232,0.00212,-0.169662,-0.469498,0.037855,-0.226164,-0.779981,0.177131
4.133333,0,0,0,-0.000283,0.078814,-0.001329,-0.000622,0.275456,0.013342,0.000221,0.493853,0.021679,-0.013441,0.643877,0.005114,0.037526,0.426392,0.025703,0.140741,0.414849,0.049934,0.352548,0.23715,0.052095,0.508981,0.130829,-0.096384,-0.038039,0.426812,0.022359,-0.14408,0.420203,0.031588,-0.340106,0.230403,-0.013059,-0.463916,0.091006,-0.164919,0.094638,0.000304,-0.002195,0.16204,-0.463657,0.083325,0.20663,-0.784143,0.202866,-0.094637,-0.000303,0.002196,-0.169761,-0.469572,0.037678,-0.226266,-0.779978,0.177125
4.15,0,0,0,-0.000289,0.078899,-0.001396,-0.000759,0.275622,0.013336,0.000188,0.493838,0.021083,-0.013679,0.643671,0.0048,0.037462,0.426573,0.025294,0.140582,0.414339,0.049587,0.347871,0.231407,0.05287,0.498702,0.123069,-0.099884,-0.038103,0.427019,0.021949,-0.144099,0.420132,0.031487,-0.333696,0.223046,-0.00917,-0.450765,0.077402,-0.160509,0.094643,0.000312,-0.00199,0.161792,-0.463652,0.083711,0.20609,-0.784068,0.203549,-0.094642,-0.000312,0.001989,-0.169855,-0.469543,0.037787,-0.226586,-0.779765,0.177551
4.166666,0,0,0,-0.000255,0.07903,-0.001376,-0.000785,0.275884,0.013376,0.000201,0.493965,0.020445,-0.013795,0.64367,0.004546,0.037472,0.426865,0.024817,0.140509,0.413893,0.049077,0.343848,0.226606,0.053611,0.488789,0.116375,-0.103431,-0.038098,0.427312,0.021574,-0.144058,0.420307,0.03142,-0.327401,0.216683,-0.005533,-0.437956,0.065298,-0.156135,0.094646,0.000273,-0.001836,0.161808,-0.463654,0.084054,0.206032,-0.784034,0.204014,-0.094645,-0.000274,0.001836,-0.16983,-0.469476,0.038062,-0.226721,-0.779674,0.177816
4.183333,0,0,0,-0.000291,0.079136,-0.001485,-0.001074,0.276111,0.013082,-0.000137,0.49408,0.019426,-0.01406,0.643687,0.003806,0.037158,0.427139,0.023977,0.140053,0.413306,0.048368,0.339425,0.221844,0.054415,0.477745,0.110039,-0.107415,-0.038415,0.427556,0.020827,-0.144327,0.42041,0.031091,-0.320774,0.21011,-0.001838,-0.424592,0.052955,-0.151322,0.094646,0.000315,-0.001797,0.161833,-0.463602,0.084127,0.206029,-0.783942,0.204207,-0.094646,-0.000315,0.001796,-0.16976,-0.469536,0.037928,-0.22667,-0.77962,0.177925
4.2,0,0,0,-0.000352,0.079266,-0.001578,-0.001434,0.276383,0.01282,-0.00061,0.494172,0.018562,-0.014291,0.643638,0.003275,0.036729,0.427462,0.02325,0.139465,0.412789,0.047817,0.33491,0.217393,0.055904,0.466854,0.104166,-0.110203,-0.038849,0.427828,0.020202,-0.144702,0.420471,0.030906,-0.313953,0.20378,0.001884,-0.411268,0.04112,-0.146077,0.094646,0.000385,-0.001781,0.161839,-0.46352,0.084204,0.205998,-0.783796,0.204466,-0.094647,-0.000385,0.001782,-0.169666,-0.469627,0.037842,-0.226541,-0.77958,0.178142
4.216666,0,0,0,-0.000378,0.079445,-0.001603,-0.001431,0.276726,0.013031,-0.000905,0.494354,0.018555,-0.014578,0.643663,0.003366,0.036538,0.427869,0.023238,0.139359,0.413186,0.047442,0.330428,0.213534,0.056092,0.456252,0.096595,-0.112176,-0.039046,0.428125,0.020341,-0.144848,0.420243,0.031183,-0.307449,0.198114,0.005434,-0.398815,0.030321,-0.140575,0.094647,0.000415,-0.001751,0.161817,-0.463459,0.08442,0.205916,-0.783668,0.204883,-0.094646,-0.000415,0.001751,-0.169643,-0.469652,0.037923,-0.226528,-0.779478,0.178501
4.233333,0,0,0,-0.00031,0.079867,-0.00165,-0.000542,0.277562,0.013148,0.00023,0.494889,0.017915,-0.014233,0.64382,0.002888,0.037643,0.428701,0.022568,0.140492,0.412743,0.045828,0.316241,0.199598,0.057028,0.432425,0.069737,-0.10868,-0.03796,0.429021,0.020204,-0.143676,0.420323,0.031251,-0.299952,0.19331,0.009201,-0.385997,0.020066,-0.133643,0.094646,0.00033,-0.001823,0.161457,-0.463489,0.084917,0.205255,-0.783669,0.205569,-0.094646,-0.000331,0.001823,-0.170032,-0.469473,0.038409,-0.227326,-0.779206,0.179023
4.25,0,0,0,-0.000309,0.08007,-0.001686,-0.000447,0.277964,0.013186,0.00016,0.495097,0.017714,-0.014462,0.64383,0.002849,0.037632,0.429143,0.022391,0.140562,0.413829,0.045722,0.310453,0.196139,0.05957,0.422814,0.062949,-0.10613,-0.037974,0.429402,0.02013,-0.143644,0.420192,0.031204,-0.293168,0.18833,0.013154,-0.373193,0.010106,-0.127035,0.094647,0.000328,-0.00176,0.161409,-0.463443,0.085277,0.20513,-0.783537,0.206182,-0.094647,-0.000327,0.001759,-0.17013,-0.469423,0.038744,-0.227562,-0.779057,0.179519
4.266666,0,0,0,-0.000335,0.080287,-0.001744,-0.000573,0.278399,0.013136,-0.000167,0.495308,0.017368,-0.014749,0.643836,0.002724,0.037373,0.429627,0.0221,0.140311,0.414393,0.045448,0.305284,0.193136,0.061974,0.413031,0.057164,-0.104529,-0.038236,0.429811,0.019915,-0.143858,0.420223,0.031127,-0.286928,0.184074,0.016727,-0.361525,0.001442,-0.120757,0.094647,0.000357,-0.001768,0.161368,-0.463378,0.085492,0.205052,-0.783389,0.206629,-0.094647,-0.000357,0.001769,-0.170173,-0.469429,0.038958,-0.227638,-0.778973,0.17992
4.283333,0,0,0,-0.000323,0.080609,-0.001732,-0.00065,0.279032,0.013302,-0.000493,0.495692,0.017289,-0.014981,0.643993,0.002836,0.037129,0.430313,0.022053,0.140071,0.415114,0.04541,0.300027,0.190411,0.064546,0.402093,0.051839,-0.103389,-0.038482,0.430406,0.01996,-0.144056,0.420523,0.031361,-0.28045,0.180258,0.020699,-0.349453,-0.006747,-0.113796,0.094645,0.000339,-0.001852,0.16137,-0.463325,0.085777,0.205068,-0.783181,0.20732,-0.094645,-0.000339,0.001853,-0.17017,-0.469394,0.03926,-0.22754,-0.778781,0.180604
4.3,0,0,0,-0.000404,0.08069,-0.001744,-0.000925,0.279186,0.013393,-0.001012,0.495635,0.01713,-0.015341,0.643753,0.002841,0.036689,0.43052,0.021938,0.139627,0.415247,0.045262,0.294773,0.187416,0.066863,0.390609,0.04656,-0.102832,-0.038925,0.430524,0.019913,-0.144446,0.420316,0.031509,-0.274256,0.176302,0.024455,-0.337846,-0.014831,-0.106861,0.094644,0.000433,-0.001879,0.161214,-0.463188,0.086097,0.204833,-0.782993,0.207802,-0.094644,-0.000434,0.001879,-0.170135,-0.469477,0.039498,-0.227449,-0.778765,0.181083
4.316666,0,0,0,-0.000459,0.08071,-0.001721,-0.001113,0.279207,0.013663,-0.001647,0.495597,0.017046,-0.015848,0.643678,0.002906,0.036195,0.430633,0.021917,0.139149,0.415369,0.045177,0.29009,0.184947,0.06897,0.379933,0.042195,-0.102411,-0.03942,0.430476,0.01998,-0.144862,0.41947,0.031579,-0.268365,0.17213,0.027909,-0.32746,-0.025325,-0.095947,0.094644,0.000497,-0.001889,0.161069,-0.463093,0.086359,0.204574,-0.782783,0.208405,-0.094644,-0.000498,0.00189,-0.170166,-0.469515,0.039777,-0.22746,-0.778638,0.181729
4.333333,0,0,0,-0.000523,0.080908,-0.00167,-0.001454,0.279584,0.013944,-0.002151,0.495729,0.017151,-0.016266,0.64358,0.003133,0.035746,0.431045,0.022037,0.138668,0.415436,0.045208,0.285428,0.182528,0.070888,0.369034,0.037903,-0.102072,-0.039871,0.430829,0.020181,-0.145283,0.419844,0.032068,-0.262777,0.169566,0.031625,-0.316853,-0.030134,-0.09092,0.094643,0.000572,-0.001902,0.160958,-0.462983,0.086612,0.204386,-0.782551,0.209005,-0.094643,-0.000573,0.001902,-0.170137,-0.469565,0.040163,-0.227386,-0.778572,0.182385
4.35,0,0,0,-0.000551,0.081044,-0.00164,-0.001619,0.279841,0.014158,-0.00257,0.495785,0.017105,-0.01674,0.643442,0.003237,0.035407,0.431356,0.022042,0.138315,0.415563,0.045152,0.280979,0.180321,0.072582,0.358583,0.034158,-0.101875,-0.040212,0.431048,0.020244,-0.145585,0.419857,0.032277,-0.257742,0.167159,0.035161,-0.306821,-0.035081,-0.085303,0.094644,0.000607,-0.001867,0.160878,-0.46294,0.086753,0.204211,-0.782399,0.209464,-0.094643,-0.000606,0.001866,-0.17014,-0.469574,0.040411,-0.227403,-0.778476,0.182856
4.366666,0,0,0,-0.000596,0.081207,-0.001643,-0.001828,0.280156,0.014274,-0.003011,0.495923,0.017002,-0.017282,0.643401,0.003236,0.03504,0.43172,0.02197,0.137929,0.415791,0.04507,0.276954,0.178556,0.07397,0.349346,0.031272,-0.101779,-0.04058,0.431327,0.020244,-0.145915,0.419973,0.032455,-0.253355,0.165282,0.038196,-0.29809,-0.039082,-0.08036,0.094643,0.000657,-0.001898,0.160779,-0.462886,0.086816,0.20403,-0.782259,0.209781,-0.094642,-0.000656,0.001897,-0.170161,-0.469616,0.040494,-0.227376,-0.778404,0.183206
4.383333,0,0,0,-0.000608,0.081312,-0.001613,-0.001966,0.280347,0.014545,-0.003365,0.495909,0.017107,-0.017735,0.643172,0.003353,0.034754,0.431953,0.022093,0.137629,0.415929,0.045189,0.272906,0.176739,0.075722,0.340232,0.028404,-0.101155,-0.040867,0.431482,0.020434,-0.146166,0.419985,0.03282,-0.248996,0.163481,0.04151,-0.289285,-0.042952,-0.075039,0.094642,0.00067,-0.001896,0.160638,-0.462844,0.087071,0.203757,-0.782113,0.210351,-0.094643,-0.000671,0.001895,-0.170144,-0.469615,0.040708,-0.227331,-0.778252,0.183758
4.4,0,0,0,-0.000642,0.081465,-0.001526,-0.002156,0.280627,0.014903,-0.003827,0.49599,0.017349,-0.018289,0.643053,0.00366,0.034377,0.432285,0.022334,0.137263,0.416204,0.045348,0.268988,0.175251,0.077499,0.331681,0.025985,-0.100295,-0.041244,0.431716,0.02075,-0.146511,0.42006,0.03326,-0.245008,0.161968,0.044691,-0.281182,-0.046223,-0.070066,0.094642,0.00071,-0.001934,0.160558,-0.462772,0.087261,0.203627,-0.781875,0.210986,-0.094641,-0.00071,0.001934,-0.170157,-0.469636,0.040942,-0.227331,-0.778094,0.184381
4.416666,0,0,0,-0.00068,0.081595,-0.001467,-0.002312,0.280869,0.015192,-0.00413,0.496088,0.017525,-0.018666,0.642994,0.003789,0.034121,0.432555,0.022518,0.137014,0.416417,0.045456,0.265456,0.173874,0.078913,0.324032,0.024059,-0.09982,-0.041501,0.431933,0.020987,-0.146753,0.42018,0.033542,-0.241549,0.160834,0.047586,-0.274075,-0.048789,-0.065646,0.09464,0.000753,-0.001989,0.160483,-0.462688,0.08747,0.203523,-0.781664,0.211534,-0.09464,-0.000753,0.001989,-0.170166,-0.469658,0.04124,-0.227278,-0.778014,0.184922
4.433333,0,0,0,-0.000713,0.08172,-0.001428,-0.002469,0.281097,0.015475,-0.004467,0.496086,0.017777,-0.019179,0.642764,0.004227,0.033839,0.432816,0.02276,0.136753,0.416633,0.045571,0.262013,0.172598,0.080227,0.316581,0.022158,-0.099249,-0.041784,0.432129,0.021272,-0.147031,0.420297,0.033791,-0.23819,0.159801,0.050388,-0.267038,-0.051117,-0.061428,0.094639,0.00079,-0.002027,0.160384,-0.462606,0.087738,0.203365,-0.78149,0.212059,-0.094639,-0.000791,0.002028,-0.170131,-0.469683,0.041492,-0.227192,-0.77793,0.185428
4.45,0,0,0,-0.000736,0.081806,-0.001388,-0.002571,0.28125,0.015712,-0.004675,0.496177,0.017928,-0.019505,0.642775,0.004317,0.033663,0.432989,0.022922,0.136585,0.416779,0.04568,0.258993,0.171445,0.081339,0.309782,0.020602,-0.098906,-0.041959,0.432264,0.021463,-0.147198,0.420365,0.033981,-0.235202,0.158944,0.052909,-0.260684,-0.053092,-0.057602,0.094638,0.000816,-0.002046,0.160296,-0.462534,0.088018,0.203215,-0.781351,0.21253,-0.094639,-0.000816,0.002046,-0.170087,-0.469706,0.04162,-0.227091,-0.777823,0.185855
4.466666,0,0,0,-0.000759,0.081894,-0.001348,-0.002685,0.281409,0.015941,-0.004902,0.496189,0.018166,-0.019848,0.642633,0.004606,0.033471,0.433168,0.023145,0.136409,0.416936,0.045811,0.256385,0.170505,0.082159,0.303843,0.01944,-0.098806,-0.042152,0.432402,0.021714,-0.147389,0.420475,0.034223,-0.232778,0.158339,0.055132,-0.255375,-0.054593,-0.054278,0.094637,0.000843,-0.002083,0.160252,-0.462478,0.088162,0.203152,-0.781198,0.212932,-0.094638,-0.000843,0.002084,-0.170031,-0.469737,0.041712,-0.226945,-0.777734,0.186239
4.483333,0,0,0,-0.000784,0.081992,-0.001309,-0.002789,0.281588,0.016167,-0.0051,0.4963,0.018324,-0.020137,0.642671,0.004803,0.033304,0.433365,0.023299,0.136262,0.4171,0.045853,0.253837,0.169617,0.082896,0.29784,0.018456,-0.098862,-0.042319,0.432565,0.021916,-0.14755,0.420625,0.034466,-0.230512,0.157863,0.057219,-0.250157,-0.055863,-0.051209,0.094636,0.00087,-0.002131,0.160187,-0.462417,0.088335,0.203061,-0.781043,0.213351,-0.094636,-0.000871,0.002132,-0.169974,-0.469771,0.041802,-0.2268,-0.777645,0.186628
4.5,0,0,0,-0.000824,0.082067,-0.001262,-0.002958,0.281717,0.016426,-0.005403,0.49633,0.018515,-0.020431,0.642598,0.004924,0.033043,0.433519,0.023483,0.136033,0.417228,0.045873,0.2515,0.168828,0.083407,0.292287,0.017692,-0.099118,-0.042581,0.432671,0.022155,-0.147805,0.420689,0.034724,-0.228668,0.157419,0.059099,-0.245551,-0.056926,-0.048569,0.094635,0.000917,-0.002172,0.160106,-0.46234,0.088504,0.202928,-0.780874,0.213772,-0.094634,-0.000917,0.002171,-0.169941,-0.469814,0.041927,-0.226685,-0.77758,0.187013
4.516666,0,0,0,-0.000845,0.082118,-0.001231,-0.003067,0.281805,0.016618,-0.005617,0.496332,0.018616,-0.020683,0.642505,0.004966,0.032863,0.433628,0.023585,0.135895,0.417307,0.045758,0.249704,0.168178,0.083526,0.287584,0.017004,-0.099594,-0.042761,0.432741,0.022311,-0.147995,0.420763,0.034796,-0.227243,0.157133,0.060543,-0.241676,-0.057647,-0.046614,0.094633,0.000941,-0.0022,0.16005,-0.462293,0.088638,0.202838,-0.780759,0.214088,-0.094634,-0.00094,0.002199,-0.169918,-0.469838,0.041994,-0.226618,-0.7775,0.187318
4.533333,0,0,0,-0.000859,0.082171,-0.001206,-0.003171,0.281894,0.016801,-0.005828,0.496325,0.018734,-0.020965,0.642406,0.0052,0.032685,0.433738,0.023702,0.13576,0.417382,0.045649,0.248167,0.167616,0.083403,0.28305,0.016418,-0.100291,-0.042939,0.432812,0.022469,-0.148194,0.420856,0.034802,-0.225986,0.156921,0.061826,-0.238167,-0.058357,-0.04461,0.094632,0.000957,-0.002243,0.159992,-0.462255,0.088746,0.202751,-0.780647,0.214397,-0.094633,-0.000956,0.002244,-0.169896,-0.469857,0.042029,-0.226545,-0.777427,0.187568
4.55,0,0,0,-0.000862,0.0822,-0.001199,-0.003225,0.28194,0.01695,-0.005924,0.496365,0.018768,-0.021087,0.642432,0.005192,0.032602,0.433795,0.023767,0.135699,0.417403,0.045581,0.247126,0.167146,0.082988,0.279149,0.015957,-0.101234,-0.043023,0.432853,0.02254,-0.148301,0.42096,0.034729,-0.224979,0.156818,0.062888,-0.235077,-0.058858,-0.04296,0.094632,0.00096,-0.002277,0.159955,-0.462232,0.088841,0.202696,-0.780566,0.214645,-0.094632,-0.000959,0.002278,-0.169836,-0.46987,0.042057,-0.226423,-0.777363,0.187782
4.566666,0,0,0,-0.000871,0.082247,-0.001185,-0.003293,0.282022,0.017108,-0.006003,0.496396,0.018861,-0.021153,0.642407,0.005217,0.032525,0.43388,0.023885,0.13564,0.417471,0.0456,0.246307,0.166796,0.082463,0.275774,0.015691,-0.102255,-0.043099,0.432934,0.022646,-0.148407,0.421116,0.034656,-0.224162,0.15681,0.06377,-0.23235,-0.059095,-0.041774,0.094631,0.000969,-0.002315,0.159942,-0.462209,0.088883,0.202683,-0.780472,0.214864,-0.09463,-0.00097,0.002315,-0.16975,-0.469895,0.042091,-0.226259,-0.777312,0.188008
4.583333,0,0,0,-0.000877,0.082294,-0.001173,-0.003359,0.282099,0.017284,-0.006115,0.496411,0.019013,-0.021249,0.642366,0.005415,0.032424,0.433966,0.024052,0.135567,0.417591,0.045663,0.245697,0.166552,0.081644,0.273023,0.015342,-0.103316,-0.043199,0.433004,0.022798,-0.148537,0.421261,0.034618,-0.223607,0.156861,0.064633,-0.230002,-0.05932,-0.04047,0.09463,0.000976,-0.002354,0.159904,-0.462169,0.089036,0.202669,-0.780378,0.215148,-0.094629,-0.000976,0.002354,-0.169703,-0.469901,0.042227,-0.226144,-0.77726,0.18829
4.6,0,0,0,-0.000885,0.082319,-0.001159,-0.003413,0.282133,0.017453,-0.006184,0.496352,0.019199,-0.021343,0.642218,0.00568,0.032358,0.434002,0.024237,0.135509,0.417627,0.045811,0.245272,0.166294,0.080846,0.271279,0.015221,-0.104416,-0.043265,0.433035,0.022976,-0.148627,0.421379,0.034664,-0.223233,0.156924,0.06535,-0.228116,-0.059419,-0.039499,0.094628,0.000983,-0.002405,0.159884,-0.462139,0.089114,0.202672,-0.780272,0.215408,-0.094628,-0.000983,0.002404,-0.169641,-0.46991,0.042363,-0.225988,-0.777208,0.188592
4.616666,0,0,0,-0.000898,0.082331,-0.001152,-0.00349,0.28215,0.017543,-0.006268,0.496328,0.019268,-0.02143,0.642163,0.005857,0.032276,0.434021,0.024316,0.135418,0.417611,0.045901,0.245085,0.166123,0.08012,0.270488,0.015188,-0.105338,-0.043348,0.43305,0.023049,-0.148727,0.421495,0.034679,-0.223038,0.157019,0.06589,-0.226909,-0.059439,-0.038764,0.094626,0.000997,-0.002452,0.159895,-0.4621,0.089187,0.202722,-0.780181,0.215599,-0.094627,-0.000997,0.002451,-0.169586,-0.46992,0.04256,-0.225846,-0.777199,0.188863
4.633333,0,0,0,-0.000905,0.082327,-0.001155,-0.003567,0.282135,0.017588,-0.006331,0.496279,0.01933,-0.021443,0.642092,0.005994,0.032207,0.434003,0.024384,0.135324,0.417516,0.046031,0.245159,0.165988,0.079409,0.270408,0.015212,-0.106199,-0.043416,0.433038,0.023096,-0.148815,0.421622,0.034686,-0.222941,0.157143,0.066312,-0.226173,-0.059311,-0.038371,0.094626,0.001005,-0.002482,0.159928,-0.462063,0.089279,0.202788,-0.780093,0.215808,-0.094626,-0.001005,0.002482,-0.169512,-0.469922,0.042792,-0.225683,-0.777184,0.189165
4.65,0,0,0,-0.00091,0.082294,-0.001156,-0.003625,0.282063,0.01764,-0.006351,0.496225,0.019466,-0.021422,0.642065,0.006182,0.032174,0.433922,0.024511,0.135265,0.417344,0.04621,0.245509,0.1659,0.078865,0.271027,0.015334,-0.106877,-0.043449,0.432971,0.02319,-0.148865,0.421689,0.034757,-0.223009,0.157247,0.066649,-0.226049,-0.059157,-0.038145,0.094626,0.001011,-0.0025,0.159953,-0.462029,0.08938,0.202817,-0.779989,0.216084,-0.094625,-0.001011,0.0025,-0.169465,-0.469913,0.043068,-0.225572,-0.777146,0.189525
4.666666,0,0,0,-0.000916,0.082256,-0.001153,-0.003656,0.281982,0.017697,-0.006324,0.496176,0.019622,-0.02138,0.642051,0.006354,0.032182,0.433828,0.024651,0.135257,0.417165,0.046364,0.246062,0.165892,0.078428,0.271991,0.015439,-0.107349,-0.04344,0.432899,0.023303,-0.148867,0.421714,0.034863,-0.223222,0.157347,0.066878,-0.226448,-0.059023,-0.037981,0.094625,0.001019,-0.002525,0.159961,-0.461995,0.089486,0.202828,-0.779901,0.216324,-0.094624,-0.001018,0.002525,-0.169436,-0.469907,0.043302,-0.225485,-0.777112,0.189839
4.683333,0,0,0,-0.000922,0.082221,-0.001149,-0.003666,0.281906,0.017774,-0.006266,0.496149,0.019824,-0.02134,0.642071,0.006549,0.032219,0.433736,0.024825,0.135288,0.417025,0.04653,0.246853,0.166027,0.078106,0.273272,0.015572,-0.107601,-0.043403,0.432831,0.023459,-0.14884,0.42174,0.035019,-0.223594,0.157484,0.067031,-0.227202,-0.058826,-0.037938,0.094623,0.001025,-0.002555,0.159959,-0.461959,0.089602,0.202829,-0.779797,0.21661,-0.094624,-0.001025,0.002556,-0.169415,-0.4699,0.043532,-0.225411,-0.777064,0.190176
4.7,0,0,0,-0.000924,0.082146,-0.001141,-0.003644,0.281751,0.017837,-0.00618,0.496076,0.019984,-0.021271,0.642075,0.006652,0.032288,0.433567,0.024952,0.135365,0.41685,0.046615,0.247781,0.166194,0.07789,0.274789,0.015611,-0.107628,-0.043335,0.432685,0.023594,-0.148775,0.421624,0.035157,-0.224139,0.157511,0.066907,-0.228357,-0.0588,-0.038037,0.094623,0.00103,-0.002579,0.15997,-0.461938,0.089654,0.202853,-0.779705,0.216836,-0.094623,-0.001029,0.002579,-0.169368,-0.469901,0.043669,-0.225306,-0.777019,0.190433
4.716666,0,0,0,-0.000923,0.082048,-0.001138,-0.003596,0.281552,0.017855,-0.006077,0.495991,0.020088,-0.021168,0.642104,0.00677,0.032377,0.433356,0.025025,0.135471,0.416704,0.046652,0.248757,0.166416,0.077738,0.276388,0.015736,-0.107609,-0.043247,0.432495,0.023678,-0.148695,0.421499,0.035228,-0.22479,0.157561,0.066693,-0.229738,-0.058788,-0.038141,0.094622,0.001028,-0.002592,0.159976,-0.461931,0.089682,0.202864,-0.779639,0.217009,-0.094623,-0.001027,0.002591,-0.169335,-0.4699,0.043736,-0.225229,-0.776962,0.190632
4.733333,0,0,0,-0.000921,0.081952,-0.001128,-0.003557,0.281361,0.017866,-0.006009,0.495908,0.020191,-0.021106,0.64213,0.006883,0.03244,0.433157,0.02508,0.135556,0.416554,0.046644,0.249726,0.166649,0.077575,0.278185,0.015733,-0.107455,-0.043184,0.432307,0.023772,-0.148629,0.421338,0.035374,-0.225639,0.157597,0.066265,-0.231624,-0.058737,-0.038545,0.094622,0.001028,-0.002612,0.159971,-0.461928,0.089679,0.202861,-0.779563,0.217188,-0.094623,-0.001028,0.002611,-0.169303,-0.469905,0.043762,-0.225136,-0.7769,0.19082
4.75,0,0,0,-0.000919,0.081853,-0.001119,-0.003524,0.281164,0.017853,-0.005952,0.495812,0.020261,-0.021045,0.642137,0.006958,0.032494,0.432953,0.025105,0.135617,0.416361,0.046643,0.250633,0.166821,0.077392,0.280223,0.015635,-0.107239,-0.043131,0.432112,0.023838,-0.148563,0.421167,0.035575,-0.226669,0.15767,0.065787,-0.234129,-0.058623,-0.039012,0.094622,0.001026,-0.00262,0.159955,-0.461936,0.089653,0.202828,-0.779497,0.217351,-0.094622,-0.001027,0.002621,-0.16928,-0.46991,0.043732,-0.225051,-0.776823,0.190988
4.766666,0,0,0,-0.000917,0.081724,-0.001117,-0.003513,0.28091,0.017803,-0.00595,0.495684,0.020281,-0.021024,0.642138,0.006992,0.032502,0.432699,0.025087,0.135619,0.416089,0.046641,0.251419,0.166893,0.077231,0.282258,0.015498,-0.107024,-0.043123,0.431855,0.023852,-0.148539,0.420899,0.03573,-0.227742,0.157638,0.065128,-0.236848,-0.058555,-0.039749,0.094621,0.001026,-0.002642,0.159956,-0.461939,0.089617,0.202831,-0.779439,0.217464,-0.094622,-0.001025,0.002642,-0.169247,-0.469919,0.043696,-0.22495,-0.776757,0.191133
4.783333,0,0,0,-0.000911,0.08158,-0.001121,-0.003473,0.28063,0.017724,-0.005903,0.495536,0.020294,-0.020946,0.642128,0.007015,0.03255,0.432415,0.025053,0.135648,0.415749,0.046657,0.252307,0.166931,0.077053,0.284701,0.015369,-0.106797,-0.043076,0.431574,0.023856,-0.148464,0.420593,0.035952,-0.228972,0.157619,0.064365,-0.240365,-0.058403,-0.040642,0.09462,0.001019,-0.002673,0.159967,-0.461938,0.089612,0.202863,-0.77936,0.217649,-0.094621,-0.00102,0.002672,-0.169224,-0.469923,0.043656,-0.224855,-0.776689,0.19127
4.8,0,0,0,-0.000893,0.0815,-0.001129,-0.003393,0.28047,0.017704,-0.0058,0.495448,0.020291,-0.02086,0.642106,0.006957,0.032648,0.43225,0.025041,0.135682,0.415308,0.046733,0.253453,0.166991,0.076943,0.287691,0.015293,-0.106461,-0.042978,0.431418,0.023851,-0.148321,0.420209,0.036136,-0.230374,0.157578,0.063269,-0.244957,-0.058215,-0.041812,0.09462,0.001,-0.002702,0.159985,-0.461964,0.089536,0.202903,-0.779295,0.217789,-0.09462,-0.000999,0.002701,-0.169145,-0.469924,0.043578,-0.224652,-0.776633,0.191356
4.816666,0,0,0,-0.000877,0.081288,-0.001141,-0.003312,0.28006,0.017557,-0.005667,0.495253,0.020318,-0.02075,0.642125,0.006977,0.032769,0.431825,0.025004,0.135784,0.414913,0.046808,0.254868,0.167202,0.076842,0.291072,0.015449,-0.106139,-0.042858,0.431012,0.023835,-0.148176,0.419867,0.036385,-0.232022,0.157666,0.062161,-0.249777,-0.057699,-0.043308,0.09462,0.000984,-0.002723,0.159996,-0.461984,0.089492,0.202925,-0.77925,0.2179,-0.094619,-0.000983,0.002722,-0.169115,-0.469916,0.043569,-0.224542,-0.776592,0.191445
4.833333,0,0,0,-0.000852,0.081186,-0.001159,-0.003188,0.279863,0.01747,-0.00546,0.495165,0.020295,-0.020542,0.642139,0.006867,0.032953,0.431611,0.024957,0.135898,0.41443,0.046879,0.256849,0.167572,0.076482,0.295761,0.015769,-0.105899,-0.042675,0.430829,0.023795,-0.147944,0.419479,0.036566,-0.234161,0.157867,0.060441,-0.256379,-0.056886,-0.045431,0.094619,0.000953,-0.002738,0.160042,-0.462044,0.089293,0.202986,-0.779209,0.217948,-0.09462,-0.000953,0.002739,-0.168995,-0.469918,0.04344,-0.224293,-0.776534,0.19149
4.85,0,0,0,-0.000837,0.080931,-0.00117,-0.003091,0.279368,0.017303,-0.005287,0.494943,0.020412,-0.020399,0.64218,0.006895,0.033107,0.431094,0.024973,0.136045,0.414037,0.047029,0.259367,0.168296,0.076132,0.301283,0.016621,-0.105689,-0.042521,0.43034,0.023839,-0.14777,0.419162,0.036925,-0.23709,0.15841,0.058695,-0.263874,-0.055495,-0.047834,0.094619,0.000938,-0.002757,0.160048,-0.462068,0.089226,0.203,-0.779164,0.218045,-0.094619,-0.000938,0.002756,-0.168966,-0.469911,0.043413,-0.224207,-0.77647,0.191601
4.866666,0,0,0,-0.000817,0.080797,-0.001169,-0.002993,0.279103,0.017267,-0.005088,0.494827,0.020592,-0.020213,0.642201,0.006927,0.033277,0.430804,0.025094,0.136177,0.413654,0.047253,0.262369,0.169276,0.07552,0.307643,0.017733,-0.105606,-0.042352,0.430087,0.023946,-0.147583,0.418922,0.037185,-0.240547,0.159261,0.056623,-0.272531,-0.053612,-0.050537,0.094619,0.000917,-0.002773,0.160063,-0.462112,0.089086,0.203029,-0.779136,0.218078,-0.094619,-0.000917,0.002773,-0.168912,-0.469909,0.043315,-0.224068,-0.776409,0.191657
4.883333,0,0,0,-0.000799,0.08067,-0.001141,-0.002899,0.278849,0.017298,-0.004912,0.494734,0.020877,-0.020059,0.642253,0.007016,0.033427,0.430526,0.025318,0.136302,0.413364,0.047584,0.266265,0.170822,0.074552,0.315848,0.019434,-0.105572,-0.042201,0.42984,0.024137,-0.147427,0.418705,0.03744,-0.245135,0.160592,0.054015,-0.283245,-0.050859,-0.053955,0.094619,0.000898,-0.002794,0.160072,-0.462175,0.088832,0.203051,-0.779071,0.218135,-0.094618,-0.000899,0.002793,-0.168895,-0.469902,0.043229,-0.223976,-0.776336,0.191735
4.9,0,0,0,-0.000783,0.080321,-0.001131,-0.002828,0.278166,0.01714,-0.004741,0.494436,0.021159,-0.019925,0.642329,0.007149,0.03357,0.429809,0.025469,0.136503,0.41305,0.047776,0.270832,0.172752,0.07339,0.325054,0.021824,-0.10578,-0.042058,0.429163,0.024277,-0.147331,0.418523,0.037615,-0.250707,0.162449,0.051131,-0.294986,-0.047267,-0.057864,0.094618,0.000882,-0.00282,0.160077,-0.462203,0.088741,0.203087,-0.779031,0.218201,-0.094618,-0.000883,0.00282,-0.16892,-0.469883,0.043246,-0.223958,-0.776282,0.19184
4.916666,0,0,0,-0.000773,0.080128,-0.001106,-0.002735,0.277778,0.017156,-0.004517,0.4943,0.021471,-0.019698,0.642427,0.007217,0.033755,0.429387,0.025701,0.136714,0.412756,0.04798,0.275863,0.175028,0.07179,0.335289,0.024544,-0.106098,-0.041874,0.428789,0.024483,-0.14718,0.41834,0.037708,-0.256703,0.164678,0.047883,-0.307599,-0.042981,-0.062155,0.094618,0.000874,-0.002843,0.160044,-0.462225,0.08867,0.203036,-0.779046,0.218155,-0.094617,-0.000874,0.002844,-0.168916,-0.469886,0.043132,-0.223895,-0.776255,0.191809
4.933333,0,0,0,-0.000757,0.079876,-0.001059,-0.002594,0.277271,0.017247,-0.004241,0.494088,0.02195,-0.019466,0.642484,0.007405,0.033988,0.428842,0.026084,0.13698,0.412359,0.048322,0.281884,0.177846,0.069556,0.34762,0.028311,-0.106908,-0.04164,0.428295,0.024815,-0.146984,0.417987,0.037846,-0.263951,0.167535,0.04386,-0.322626,-0.037329,-0.067538,0.094617,0.000859,-0.002836,0.160006,-0.462289,0.08846,0.202967,-0.779037,0.218132,-0.094618,-0.00086,0.002837,-0.168918,-0.469888,0.042937,-0.223847,-0.776192,0.191767
4.95,0,0,0,-0.000735,0.079411,-0.001032,-0.002473,0.276358,0.017062,-0.003949,0.493709,0.022413,-0.019247,0.642627,0.00768,0.03423,0.427872,0.026351,0.137339,0.41201,0.048496,0.288548,0.181299,0.067253,0.360914,0.033032,-0.107678,-0.041398,0.42739,0.025063,-0.146823,0.417831,0.038015,-0.271761,0.171194,0.039868,-0.338328,-0.030334,-0.073162,0.094618,0.00084,-0.002824,0.16001,-0.462322,0.088395,0.202975,-0.779051,0.218112,-0.094618,-0.000839,0.002825,-0.168922,-0.46987,0.04289,-0.223834,-0.776157,0.19176
4.966666,0,0,0,-0.000697,0.079307,-0.000969,-0.002243,0.276138,0.017264,-0.003553,0.493705,0.022851,-0.018987,0.642786,0.007666,0.034571,0.427612,0.026748,0.137701,0.411724,0.04878,0.29539,0.185149,0.064309,0.375,0.038185,-0.108563,-0.041055,0.427192,0.025391,-0.146502,0.417467,0.038044,-0.279662,0.175178,0.03539,-0.354823,-0.022443,-0.079141,0.094619,0.000797,-0.0028,0.160027,-0.462438,0.088034,0.20297,-0.779062,0.218015,-0.094619,-0.000798,0.0028,-0.168885,-0.469854,0.04264,-0.223747,-0.776098,0.191617
4.983333,0,0,0,-0.000673,0.078949,-0.000935,-0.002107,0.275427,0.017232,-0.003317,0.493461,0.023457,-0.018845,0.642985,0.007958,0.034776,0.426856,0.027176,0.138015,0.411463,0.049047,0.302998,0.189924,0.061084,0.390584,0.045024,-0.109661,-0.040851,0.426476,0.025768,-0.146364,0.417149,0.03816,-0.288461,0.180103,0.030324,-0.372727,-0.01266,-0.086138,0.09462,0.000774,-0.002777,0.16001,-0.462474,0.088006,0.202945,-0.779113,0.217953,-0.09462,-0.000774,0.002778,-0.168913,-0.469838,0.042479,-0.22377,-0.776051,0.191522
5,0,0,0,-0.000646,0.078592,-0.000894,-0.001961,0.274712,0.017259,-0.003104,0.493204,0.024046,-0.018731,0.643169,0.008327,0.034967,0.426103,0.027601,0.138323,0.411187,0.049246,0.310953,0.195386,0.057722,0.406952,0.053017,-0.110611,-0.040659,0.425753,0.026154,-0.146229,0.41663,0.038212,-0.297769,0.185742,0.025214,-0.391718,-0.001644,-0.0926,0.094621,0.000746,-0.002745,0.159992,-0.46252,0.087958,0.202902,-0.779137,0.217966,-0.094622,-0.000745,0.002746,-0.168945,-0.46981,0.042375,-0.223808,-0.775995,0.191475
5.016666,0,0,0,-0.000613,0.078232,-0.000851,-0.001778,0.273992,0.017307,-0.002901,0.492952,0.024592,-0.018638,0.643356,0.008527,0.035161,0.425355,0.02801,0.138653,0.411024,0.0494,0.318618,0.201191,0.054444,0.422728,0.061795,-0.111541,-0.040464,0.425017,0.02651,-0.146105,0.416121,0.038102,-0.306593,0.191709,0.020081,-0.409774,0.009478,-0.098097,0.094623,0.000712,-0.002711,0.159965,-0.462577,0.087898,0.202855,-0.779179,0.217948,-0.094622,-0.000712,0.002711,-0.168985,-0.469779,0.042235,-0.223868,-0.77595,0.191356
5.033333,0,0,0,-0.000574,0.077878,-0.000808,-0.001566,0.273285,0.017316,-0.00276,0.492698,0.025247,-0.01858,0.643537,0.008885,0.03532,0.424627,0.028493,0.138973,0.411184,0.049679,0.326672,0.208182,0.051474,0.44102,0.072645,-0.110932,-0.040303,0.424273,0.026912,-0.146017,0.415545,0.037955,-0.316045,0.198787,0.014492,-0.429182,0.022458,-0.103532,0.094624,0.00067,-0.00267,0.159913,-0.46263,0.087921,0.202761,-0.779242,0.217961,-0.094624,-0.00067,0.00267,-0.169037,-0.469734,0.042138,-0.223948,-0.775887,0.191287
5.05,0,0,0,-0.00054,0.077481,-0.000762,-0.00137,0.272494,0.017298,-0.002608,0.492396,0.025839,-0.018469,0.643722,0.009275,0.035484,0.423812,0.028906,0.139326,0.411287,0.049725,0.334891,0.215851,0.048354,0.458743,0.084974,-0.11087,-0.040138,0.423449,0.027277,-0.145935,0.415019,0.037741,-0.325469,0.206729,0.009015,-0.448632,0.036869,-0.108452,0.094625,0.000634,-0.002641,0.159889,-0.462673,0.087934,0.202724,-0.779298,0.217945,-0.094625,-0.000634,0.00264,-0.16908,-0.469698,0.042032,-0.223999,-0.775845,0.19119
5.066666,0,0,0,-0.000508,0.077096,-0.000712,-0.001217,0.271729,0.01728,-0.002502,0.492135,0.026379,-0.018381,0.643959,0.00956,0.035603,0.423024,0.029285,0.139619,0.411306,0.0497,0.342588,0.223621,0.045171,0.474982,0.097622,-0.111087,-0.040018,0.422653,0.027598,-0.145897,0.414547,0.037475,-0.334249,0.21492,0.004091,-0.466678,0.051762,-0.112794,0.094626,0.000599,-0.002619,0.15988,-0.462715,0.087925,0.202712,-0.779346,0.217924,-0.094626,-0.000599,0.002619,-0.169105,-0.469664,0.041942,-0.224022,-0.775811,0.1911
5.083333,0,0,0,-0.000482,0.076721,-0.000651,-0.001102,0.270982,0.017287,-0.002435,0.49184,0.026985,-0.018325,0.644109,0.009866,0.03568,0.42225,0.029728,0.139878,0.411416,0.049702,0.350722,0.23273,0.041952,0.491429,0.112513,-0.111576,-0.039938,0.421871,0.027961,-0.145907,0.414194,0.03719,-0.343385,0.224466,-0.000884,-0.485509,0.069088,-0.116988,0.094627,0.000573,-0.002595,0.159883,-0.462741,0.087946,0.202722,-0.779374,0.21794,-0.094626,-0.000573,0.002595,-0.169125,-0.469639,0.041872,-0.224027,-0.775773,0.191061
5.1,0,0,0,-0.000471,0.076385,-0.000606,-0.000988,0.270323,0.017176,-0.002258,0.491633,0.027452,-0.018141,0.644364,0.010175,0.035833,0.421547,0.030039,0.140211,0.411614,0.049534,0.358844,0.242705,0.038972,0.507183,0.128947,-0.112273,-0.039784,0.421199,0.028188,-0.145851,0.414091,0.036722,-0.352083,0.234884,-0.005649,-0.503578,0.087878,-0.120795,0.094626,0.000563,-0.002604,0.159902,-0.462752,0.087916,0.202776,-0.779383,0.217903,-0.094627,-0.000563,0.002604,-0.169131,-0.469635,0.041797,-0.22399,-0.775773,0.190995
5.116666,0,0,0,-0.000455,0.076024,-0.000598,-0.000884,0.269616,0.017012,-0.002046,0.491338,0.027873,-0.017959,0.644487,0.010413,0.036007,0.420786,0.030294,0.140555,0.411725,0.049298,0.366356,0.252701,0.036335,0.521595,0.145575,-0.112814,-0.039608,0.420484,0.028374,-0.14576,0.413992,0.036327,-0.359983,0.245387,-0.009743,-0.519925,0.107066,-0.124226,0.094627,0.000546,-0.002594,0.159875,-0.462788,0.087854,0.202738,-0.779404,0.217879,-0.094627,-0.000545,0.002594,-0.169118,-0.469633,0.041635,-0.223929,-0.775745,0.190903
5.133333,0,0,0,-0.000374,0.075755,-0.000524,-0.000618,0.269093,0.016904,-0.001672,0.491096,0.028281,-0.017483,0.644541,0.010635,0.036343,0.420214,0.030559,0.141057,0.412065,0.049056,0.374046,0.263961,0.034057,0.536356,0.163951,-0.112487,-0.039271,0.419956,0.028576,-0.145509,0.414138,0.03587,-0.36751,0.256986,-0.013758,-0.535967,0.128126,-0.127066,0.094629,0.000449,-0.002541,0.159954,-0.46288,0.087873,0.202856,-0.779488,0.217907,-0.094629,-0.00045,0.002541,-0.169004,-0.469545,0.04171,-0.223771,-0.775711,0.190884
5.15,0,0,0,-0.000329,0.075206,-0.000471,-0.000493,0.26801,0.016743,-0.001145,0.490649,0.028368,-0.016845,0.644723,0.010443,0.036741,0.419048,0.030559,0.141634,0.411365,0.04822,0.381943,0.27586,0.029998,0.545738,0.181807,-0.118818,-0.038873,0.418932,0.028544,-0.145198,0.414111,0.035274,-0.374707,0.269184,-0.017296,-0.551232,0.150586,-0.129518,0.094629,0.000399,-0.002548,0.160082,-0.462924,0.087808,0.203081,-0.779519,0.217841,-0.094628,-0.000398,0.002549,-0.168853,-0.469525,0.041629,-0.223495,-0.775705,0.190819
5.166666,0,0,0,-0.000273,0.074879,-0.000446,-0.00031,0.267383,0.016446,-0.00089,0.490365,0.02836,-0.016308,0.644805,0.010262,0.036966,0.418391,0.030487,0.141986,0.411468,0.047705,0.388237,0.2874,0.027456,0.556068,0.199796,-0.120797,-0.038645,0.418306,0.028389,-0.145036,0.414159,0.034494,-0.381009,0.280939,-0.020382,-0.563965,0.17173,-0.13183,0.09463,0.00033,-0.002536,0.160166,-0.463013,0.087651,0.203215,-0.779565,0.217773,-0.094629,-0.00033,0.002536,-0.168752,-0.469482,0.041501,-0.223297,-0.775669,0.190713
5.183333,0,0,0,-0.000246,0.074759,-0.000395,-0.00019,0.267175,0.01613,-0.0008,0.490136,0.028721,-0.015959,0.644623,0.010657,0.037057,0.418141,0.030683,0.142197,0.412189,0.047525,0.393773,0.29958,0.025783,0.56743,0.219875,-0.120203,-0.038551,0.418059,0.028475,-0.144997,0.414482,0.033953,-0.387099,0.293825,-0.023251,-0.576596,0.195202,-0.133641,0.094626,0.000297,-0.00265,0.160217,-0.462995,0.087762,0.2034,-0.779546,0.217841,-0.094626,-0.000296,0.002649,-0.168646,-0.469466,0.041599,-0.222997,-0.77569,0.190806
5.2,0,0,0,-0.000203,0.074981,-0.00034,-9.60E-05,0.267658,0.015712,-0.00093,0.490343,0.028986,-0.015737,0.644611,0.010793,0.036988,0.418612,0.030802,0.142231,0.413888,0.047389,0.398108,0.311627,0.024741,0.579499,0.240663,-0.11626,-0.038616,0.418468,0.028463,-0.145108,0.415446,0.033357,-0.392457,0.307046,-0.025886,-0.587718,0.219282,-0.135389,0.094626,0.000244,-0.002667,0.160204,-0.463031,0.087843,0.20343,-0.779579,0.217914,-0.094626,-0.000244,0.002667,-0.168608,-0.469413,0.0417,-0.22286,-0.775676,0.190863
5.216666,0,0,0,-0.000172,0.075511,-0.000263,-4.00E-05,0.268754,0.015398,-0.001221,0.490869,0.029532,-0.01557,0.644636,0.011091,0.036795,0.419699,0.031168,0.142104,0.416394,0.047678,0.401305,0.322939,0.02479,0.590158,0.260461,-0.110307,-0.038804,0.419455,0.028678,-0.14533,0.416915,0.033061,-0.39693,0.319916,-0.028023,-0.597189,0.242845,-0.136542,0.094627,0.000207,-0.002654,0.160115,-0.46306,0.087963,0.203324,-0.779622,0.218006,-0.094626,-0.000207,0.002655,-0.168636,-0.469353,0.041912,-0.222856,-0.775657,0.191001
5.233333,0,0,0,-3.20E-05,0.077367,-0.000199,0.000833,0.272456,0.015616,0.000918,0.492757,0.032056,-0.013985,0.644703,0.012759,0.038532,0.423008,0.033013,0.143878,0.420448,0.04942,0.405399,0.333964,0.025513,0.600783,0.280498,-0.104055,-0.037068,0.42322,0.030568,-0.143595,0.422012,0.035495,-0.398528,0.335832,-0.027953,-0.60189,0.273682,-0.140215,0.094626,3.20E-05,-0.002666,0.159883,-0.463197,0.088307,0.202934,-0.779795,0.218316,-0.094627,-3.20E-05,0.002666,-0.168736,-0.46912,0.042422,-0.22318,-0.775515,0.191244
5.25,0,0,0,-5.40E-05,0.078236,3.00E-05,0.000248,0.274257,0.015108,1.00E-05,0.493437,0.032008,-0.014246,0.644307,0.012308,0.037723,0.42482,0.03289,0.143119,0.423401,0.049113,0.407306,0.345382,0.025413,0.608152,0.299631,-0.098637,-0.037877,0.424928,0.030417,-0.144413,0.424946,0.035283,-0.402157,0.352737,-0.033973,-0.605885,0.314229,-0.155763,0.094629,6.60E-05,-0.002593,0.159928,-0.463164,0.088347,0.203083,-0.7798,0.218227,-0.094628,-6.70E-05,0.002592,-0.168631,-0.469146,0.042643,-0.222907,-0.775646,0.191309
5.266666,0,0,0,-5.00E-06,0.078799,0.000248,0.000335,0.2754,0.015125,-0.000267,0.493935,0.032788,-0.014194,0.644234,0.012965,0.037544,0.425951,0.033551,0.142932,0.425761,0.049888,0.409355,0.355578,0.026722,0.612881,0.316157,-0.095114,-0.038049,0.425957,0.030902,-0.144613,0.42649,0.035081,-0.405144,0.364677,-0.033807,-0.611057,0.335449,-0.154497,0.094629,1.40E-05,-0.002555,0.159872,-0.463154,0.088739,0.203015,-0.779809,0.218577,-0.09463,-1.30E-05,0.002554,-0.168632,-0.469037,0.043257,-0.222936,-0.775623,0.191736
5.283333,0,0,0,2.40E-05,0.079487,0.000477,0.000252,0.276799,0.015075,-0.0006,0.49451,0.033696,-0.014119,0.644069,0.013638,0.037278,0.427302,0.03426,0.142653,0.428099,0.050663,0.411612,0.368167,0.028009,0.619536,0.33862,-0.089106,-0.038312,0.427242,0.031501,-0.144883,0.428567,0.035284,-0.407456,0.376948,-0.034251,-0.615077,0.358215,-0.154101,0.09463,-1.30E-05,-0.002518,0.159831,-0.463118,0.089125,0.202964,-0.779809,0.218879,-0.094631,1.30E-05,0.002518,-0.16857,-0.468963,0.043881,-0.222897,-0.77565,0.192143
5.3,0,0,0,3.60E-05,0.080216,0.000764,0.00014,0.278271,0.01523,-0.000888,0.495033,0.034781,-0.014017,0.64373,0.014496,0.037031,0.428708,0.035173,0.142381,0.430373,0.05167,0.413318,0.379833,0.029717,0.624849,0.359303,-0.08277,-0.038554,0.428609,0.03229,-0.145123,0.430812,0.035732,-0.409339,0.38898,-0.034146,-0.618323,0.380487,-0.152781,0.094632,-1.90E-05,-0.002469,0.159755,-0.463051,0.089599,0.20285,-0.779809,0.219202,-0.094632,1.90E-05,0.00247,-0.168505,-0.468904,0.044547,-0.22286,-0.775695,0.192583
5.316666,0,0,0,5.50E-05,0.081056,0.00109,0.000141,0.27995,0.015654,-0.000818,0.495692,0.036262,-0.013745,0.643423,0.015542,0.037074,0.430267,0.036409,0.142407,0.432536,0.052938,0.414784,0.390199,0.031445,0.629479,0.377725,-0.076123,-0.03851,0.43021,0.033489,-0.14506,0.433291,0.036844,-0.410262,0.39994,-0.033858,-0.618874,0.402232,-0.153423,0.094633,-3.10E-05,-0.002433,0.15964,-0.462994,0.090064,0.202676,-0.779816,0.219529,-0.094632,3.10E-05,0.002432,-0.168487,-0.468832,0.045205,-0.222889,-0.775729,0.193003
5.333333,0,0,0,5.40E-05,0.081666,0.001483,-1.30E-05,0.281179,0.016029,-0.001041,0.496068,0.037228,-0.0137,0.642969,0.016109,0.036861,0.431438,0.037299,0.142169,0.434379,0.053885,0.415727,0.400277,0.032742,0.633064,0.395973,-0.070058,-0.038719,0.431375,0.034279,-0.145243,0.435397,0.037441,-0.411444,0.410485,-0.032989,-0.619484,0.422575,-0.152968,0.094635,-2.00E-05,-0.002332,0.159505,-0.462893,0.090708,0.202445,-0.779808,0.219977,-0.094635,2.00E-05,0.002332,-0.168483,-0.468763,0.045975,-0.223013,-0.775758,0.193523
5.35,0,0,0,4.30E-05,0.082355,0.001918,-0.00023,0.282563,0.016539,-0.001438,0.496477,0.038504,-0.013758,0.642465,0.017073,0.036505,0.432762,0.038464,0.141792,0.436321,0.055064,0.416168,0.409592,0.033931,0.634977,0.412875,-0.065733,-0.039071,0.432656,0.035332,-0.145566,0.43754,0.038243,-0.412472,0.420927,-0.031961,-0.620255,0.442178,-0.151106,0.094638,1.00E-06,-0.002192,0.159317,-0.462795,0.091364,0.202112,-0.779823,0.220406,-0.094639,-2.00E-06,0.002193,-0.16852,-0.468694,0.046754,-0.223238,-0.775782,0.19404
5.366666,0,0,0,3.70E-05,0.08283,0.002392,-0.000333,0.283541,0.016792,-0.001645,0.496672,0.039489,-0.013757,0.641958,0.017975,0.036299,0.433658,0.039436,0.141488,0.438161,0.056424,0.416417,0.418611,0.034631,0.63551,0.429182,-0.063897,-0.039263,0.43356,0.035996,-0.145723,0.439277,0.03865,-0.413135,0.430155,-0.030997,-0.620247,0.45982,-0.149511,0.094643,1.50E-05,-0.001987,0.15906,-0.462787,0.091719,0.201698,-0.779876,0.220662,-0.094643,-1.40E-05,0.001987,-0.168648,-0.468618,0.047257,-0.223359,-0.77576,0.194432
5.383333,0,0,0,7.00E-06,0.083544,0.002747,-0.000588,0.284989,0.017031,-0.002026,0.497178,0.040455,-0.013989,0.641588,0.018764,0.035934,0.43503,0.04035,0.141065,0.440152,0.057519,0.416248,0.425365,0.035167,0.634884,0.441578,-0.06361,-0.039619,0.434919,0.036716,-0.146034,0.441523,0.039116,-0.413715,0.439599,-0.030073,-0.619901,0.477435,-0.147874,0.094645,5.40E-05,-0.001892,0.15877,-0.462752,0.091995,0.201189,-0.779919,0.22082,-0.094645,-5.40E-05,0.001893,-0.168741,-0.468598,0.047642,-0.223588,-0.775804,0.19463
5.4,0,0,0,-1.80E-05,0.084272,0.003003,-0.000788,0.286461,0.017205,-0.002406,0.497714,0.041264,-0.01427,0.64122,0.019252,0.035592,0.436447,0.041096,0.140685,0.442258,0.05828,0.416028,0.431741,0.035488,0.633606,0.453512,-0.064547,-0.039955,0.436294,0.037353,-0.146318,0.443781,0.039479,-0.414078,0.448632,-0.029256,-0.619,0.494493,-0.146409,0.094647,8.30E-05,-0.001791,0.158429,-0.462781,0.09204,0.200578,-0.780019,0.220779,-0.094647,-8.40E-05,0.001792,-0.168862,-0.468591,0.047727,-0.223881,-0.775848,0.194545
5.416666,0,0,0,-3.80E-05,0.084905,0.003294,-0.000987,0.287741,0.017463,-0.002815,0.498163,0.041917,-0.014594,0.640836,0.019541,0.035233,0.437705,0.041732,0.140288,0.444145,0.058925,0.415725,0.437444,0.03583,0.631953,0.46425,-0.065896,-0.04031,0.437491,0.03792,-0.146622,0.445715,0.039849,-0.414331,0.456469,-0.028415,-0.617711,0.509684,-0.145143,0.094648,0.000108,-0.001719,0.158075,-0.462817,0.092054,0.199962,-0.780131,0.22069,-0.094648,-0.000109,0.001718,-0.16902,-0.468575,0.047804,-0.224219,-0.775893,0.194428
5.433333,0,0,0,-4.10E-05,0.085488,0.003628,-0.001175,0.288919,0.017806,-0.003265,0.498502,0.042607,-0.014974,0.640327,0.019871,0.034848,0.438874,0.042419,0.139856,0.445949,0.059644,0.415343,0.443082,0.036348,0.629891,0.474923,-0.067463,-0.040693,0.438579,0.038544,-0.146949,0.447528,0.040291,-0.414483,0.464085,-0.027499,-0.616095,0.524617,-0.143732,0.094649,0.000118,-0.001681,0.157681,-0.46286,0.092098,0.199308,-0.780259,0.220608,-0.094649,-0.000117,0.001682,-0.169232,-0.468534,0.047931,-0.22461,-0.775932,0.19432
5.45,0,0,0,3.00E-06,0.085887,0.004432,-0.001181,0.289729,0.019006,-0.003451,0.498621,0.043756,-0.015056,0.639705,0.020686,0.034706,0.439711,0.043645,0.139701,0.447184,0.060789,0.415245,0.448794,0.03806,0.627738,0.485167,-0.068453,-0.040833,0.439351,0.039762,-0.14705,0.448767,0.041489,-0.414321,0.471298,-0.025607,-0.613705,0.539521,-0.14142,0.094651,7.80E-05,-0.001578,0.157391,-0.462779,0.092988,0.198849,-0.7804,0.221003,-0.09465,-7.80E-05,0.001579,-0.169627,-0.468326,0.048893,-0.225417,-0.775886,0.194784
5.466666,0,0,0,4.10E-05,0.086276,0.004873,-0.001208,0.290516,0.019657,-0.00364,0.498716,0.044772,-0.01525,0.639103,0.021394,0.034554,0.440473,0.044632,0.139528,0.448365,0.061718,0.415011,0.453277,0.038727,0.625935,0.493645,-0.069452,-0.040983,0.440064,0.04071,-0.14715,0.45004,0.042352,-0.414092,0.477067,-0.024392,-0.611479,0.551214,-0.139985,0.094652,3.90E-05,-0.00149,0.157118,-0.462785,0.09342,0.198395,-0.780573,0.221079,-0.094652,-4.00E-05,0.00149,-0.169868,-0.468187,0.049417,-0.225934,-0.775882,0.194918
5.483333,0,0,0,4.00E-05,0.086615,0.005212,-0.001342,0.291198,0.020202,-0.003978,0.498729,0.045823,-0.015571,0.638473,0.022223,0.034261,0.441117,0.045633,0.139196,0.44945,0.062743,0.414591,0.457479,0.03956,0.623865,0.501671,-0.070316,-0.041272,0.440651,0.041632,-0.14738,0.45125,0.043118,-0.413994,0.483212,-0.022758,-0.609292,0.56372,-0.137644,0.094654,4.00E-05,-0.001393,0.156807,-0.462747,0.093903,0.19787,-0.780683,0.221261,-0.094653,-4.00E-05,0.001393,-0.170098,-0.46808,0.050002,-0.226445,-0.775889,0.195152
5.5,0,0,0,5.00E-06,0.086918,0.005498,-0.001478,0.291796,0.020794,-0.004257,0.498683,0.046952,-0.015925,0.637799,0.023075,0.03401,0.441661,0.046698,0.1389,0.450418,0.063874,0.41419,0.4611,0.040524,0.621833,0.508446,-0.071119,-0.041519,0.441161,0.042628,-0.147588,0.452167,0.04402,-0.413821,0.487913,-0.021447,-0.60701,0.574047,-0.135815,0.094655,7.50E-05,-0.001268,0.156418,-0.462701,0.094336,0.197203,-0.780813,0.221345,-0.094656,-7.40E-05,0.001268,-0.17038,-0.468005,0.05049,-0.227049,-0.775924,0.19528
5.516666,0,0,0,-5.70E-05,0.086904,0.00571,-0.001649,0.291764,0.021246,-0.004489,0.498155,0.047879,-0.016192,0.636798,0.02379,0.033786,0.44157,0.047559,0.138638,0.450677,0.064786,0.413829,0.463513,0.041351,0.620048,0.513441,-0.071796,-0.04174,0.441062,0.043438,-0.147767,0.452463,0.044803,-0.413648,0.491224,-0.02038,-0.60477,0.581933,-0.134685,0.094657,0.000135,-0.00111,0.156118,-0.462638,0.0947,0.196656,-0.780895,0.221424,-0.094658,-0.000134,0.00111,-0.170594,-0.46797,0.050893,-0.22757,-0.775973,0.195385
5.533333,0,0,0,-0.000117,0.086889,0.005925,-0.001812,0.29173,0.021703,-0.004657,0.497728,0.048823,-0.016388,0.63601,0.024575,0.033613,0.441467,0.048417,0.138441,0.450829,0.065653,0.413527,0.465575,0.042111,0.61834,0.518046,-0.07243,-0.041911,0.440971,0.044261,-0.147895,0.452768,0.045614,-0.413405,0.494296,-0.019376,-0.602421,0.589199,-0.13378,0.09466,0.00019,-0.000909,0.155922,-0.462567,0.095107,0.196248,-0.780945,0.221595,-0.094659,-0.000189,0.000908,-0.170721,-0.467942,0.051291,-0.227988,-0.776,0.195549
5.55,0,0,0,-0.000186,0.086876,0.006107,-0.001954,0.291697,0.022128,-0.00473,0.497372,0.049713,-0.016509,0.635373,0.02539,0.033516,0.441356,0.049217,0.138329,0.450882,0.066454,0.413314,0.467143,0.042727,0.616882,0.521782,-0.073014,-0.042007,0.440898,0.045037,-0.147953,0.453031,0.046365,-0.413099,0.496853,-0.018604,-0.600128,0.595316,-0.133264,0.094661,0.000254,-0.000723,0.155786,-0.46248,0.095489,0.195953,-0.780976,0.221731,-0.09466,-0.000253,0.000723,-0.17078,-0.46794,0.051633,-0.228274,-0.776046,0.195698
5.566666,0,0,0,-0.000233,0.086866,0.006257,-0.002008,0.291671,0.022475,-0.004658,0.497133,0.050427,-0.016504,0.634962,0.026097,0.033551,0.441257,0.049856,0.138358,0.450903,0.067064,0.41325,0.468333,0.043101,0.615744,0.524612,-0.073735,-0.041971,0.440854,0.045657,-0.147889,0.453242,0.046943,-0.412718,0.498837,-0.018099,-0.598026,0.60015,-0.133069,0.094662,0.000291,-0.000506,0.155754,-0.462435,0.095767,0.1958,-0.781017,0.221827,-0.094662,-0.00029,0.000506,-0.170759,-0.467935,0.051827,-0.228452,-0.776067,0.195757
5.583333,0,0,0,-0.000284,0.086855,0.006411,-0.002061,0.291639,0.022894,-0.00456,0.496881,0.051211,-0.016508,0.634543,0.026951,0.033606,0.441146,0.050558,0.138406,0.450875,0.067762,0.41322,0.469275,0.043629,0.61468,0.526956,-0.074305,-0.041916,0.440806,0.046357,-0.147805,0.453438,0.047626,-0.412315,0.500491,-0.017675,-0.595942,0.604228,-0.133181,0.094663,0.000334,-0.000334,0.155765,-0.462367,0.09605,0.195734,-0.781015,0.221971,-0.094663,-0.000333,0.000334,-0.17071,-0.467945,0.052029,-0.228541,-0.776089,0.195878
5.6,0,0,0,-0.000306,0.086845,0.006533,-0.002048,0.291611,0.023251,-0.004392,0.496727,0.051864,-0.016469,0.634306,0.027692,0.033733,0.441051,0.051132,0.138529,0.450817,0.068338,0.413299,0.469798,0.044153,0.61369,0.528674,-0.075005,-0.041791,0.440772,0.046945,-0.147657,0.453592,0.048202,-0.411891,0.501733,-0.017424,-0.593975,0.607473,-0.133554,0.094663,0.00035,-0.000216,0.155814,-0.462311,0.096332,0.195766,-0.78101,0.222128,-0.094663,-0.000349,0.000216,-0.170642,-0.467935,0.052243,-0.228554,-0.776097,0.196022
5.616666,0,0,0,-0.000302,0.086839,0.006615,-0.001997,0.291589,0.023522,-0.004224,0.496618,0.052385,-0.016408,0.634162,0.028369,0.033871,0.440975,0.05158,0.138668,0.450739,0.068778,0.413413,0.470019,0.044541,0.612902,0.529805,-0.075673,-0.041654,0.440741,0.047415,-0.147502,0.453714,0.048663,-0.411492,0.502642,-0.017362,-0.592335,0.609801,-0.134127,0.094663,0.000343,-0.000192,0.155892,-0.462267,0.09655,0.195888,-0.780982,0.22229,-0.094663,-0.000343,0.000192,-0.170559,-0.46792,0.05242,-0.228455,-0.776098,0.196171
5.633333,0,0,0,-0.000268,0.086833,0.006688,-0.001851,0.291572,0.023748,-0.003927,0.49654,0.052819,-0.016214,0.634081,0.029029,0.034128,0.440904,0.051949,0.138931,0.450629,0.069136,0.413666,0.470024,0.044872,0.612243,0.530559,-0.076472,-0.041398,0.440727,0.047807,-0.147229,0.453835,0.049028,-0.410986,0.503362,-0.01748,-0.590714,0.611584,-0.134985,0.094663,0.000314,-0.000285,0.15604,-0.462226,0.096699,0.196188,-0.780947,0.222377,-0.094663,-0.000314,0.000285,-0.170407,-0.467913,0.052534,-0.228146,-0.776127,0.19627
5.65,0,0,0,-0.000245,0.08683,0.006726,-0.001738,0.291558,0.023921,-0.003679,0.496497,0.053155,-0.016093,0.634044,0.029511,0.034341,0.440845,0.052235,0.13915,0.450493,0.069431,0.413882,0.469807,0.04508,0.611656,0.530931,-0.077275,-0.041186,0.440718,0.048107,-0.147003,0.453944,0.049303,-0.410551,0.503857,-0.017741,-0.589326,0.612794,-0.136036,0.094663,0.000294,-0.000353,0.156182,-0.462199,0.096761,0.196468,-0.78091,0.22242,-0.094663,-0.000295,0.000353,-0.170277,-0.467917,0.052594,-0.227883,-0.776152,0.196337
5.666666,0,0,0,-0.000224,0.086828,0.006752,-0.001625,0.291548,0.024048,-0.003432,0.496455,0.053387,-0.015937,0.634012,0.029953,0.034552,0.440797,0.052436,0.139364,0.450346,0.069667,0.414109,0.469414,0.045261,0.611066,0.530968,-0.07819,-0.040976,0.440721,0.048315,-0.146782,0.454038,0.049487,-0.41016,0.504154,-0.018069,-0.588198,0.613477,-0.137118,0.094662,0.000276,-0.000418,0.15633,-0.462185,0.096757,0.196751,-0.780892,0.222384,-0.094663,-0.000276,0.000417,-0.170149,-0.467922,0.05262,-0.22763,-0.77619,0.196345
5.683333,0,0,0,-0.000194,0.086826,0.006774,-0.001501,0.291543,0.024125,-0.003167,0.496515,0.053501,-0.015785,0.63416,0.030234,0.034779,0.440763,0.052532,0.139594,0.450194,0.069808,0.414365,0.468886,0.045408,0.610573,0.530723,-0.079091,-0.040749,0.440739,0.048413,-0.146546,0.454128,0.049572,-0.40979,0.504323,-0.018449,-0.587209,0.613827,-0.138252,0.094662,0.000248,-0.00048,0.156481,-0.462181,0.096753,0.197039,-0.780886,0.222338,-0.094663,-0.000249,0.00048,-0.170034,-0.467918,0.052641,-0.2274,-0.776218,0.196342
5.7,0,0,0,-0.000167,0.086824,0.006799,-0.001415,0.291539,0.02418,-0.002976,0.496534,0.053565,-0.015656,0.634225,0.030474,0.03494,0.440738,0.052603,0.13976,0.450043,0.069918,0.414555,0.468296,0.045461,0.610078,0.530319,-0.08002,-0.040587,0.440756,0.048461,-0.146377,0.454199,0.049579,-0.409506,0.504381,-0.018899,-0.586428,0.613916,-0.139406,0.094662,0.000222,-0.000512,0.156597,-0.462193,0.096709,0.197252,-0.780907,0.222243,-0.094662,-0.000223,0.000512,-0.16998,-0.467905,0.052635,-0.227287,-0.776228,0.196311
5.716666,0,0,0,-0.000146,0.086824,0.00682,-0.001362,0.291538,0.024205,-0.002872,0.496536,0.053575,-0.015592,0.634252,0.030654,0.035026,0.440727,0.052635,0.139849,0.449931,0.069985,0.414665,0.467793,0.045467,0.609674,0.529894,-0.080773,-0.040498,0.44077,0.048455,-0.146285,0.454249,0.049516,-0.409331,0.504385,-0.01931,-0.585951,0.613811,-0.140359,0.094662,0.0002,-0.000516,0.156637,-0.46222,0.096662,0.197324,-0.78095,0.222143,-0.094663,-0.000199,0.000515,-0.169969,-0.467882,0.052642,-0.227259,-0.776227,0.196278
5.733333,0,0,0,-0.000126,0.086821,0.006842,-0.001321,0.291536,0.024215,-0.002803,0.496535,0.053537,-0.015559,0.634268,0.030772,0.035083,0.440724,0.052634,0.139909,0.449826,0.070021,0.41475,0.467212,0.045446,0.60933,0.529228,-0.081496,-0.040439,0.440782,0.048408,-0.146224,0.454277,0.049392,-0.409203,0.504295,-0.019777,-0.585626,0.61349,-0.141321,0.094662,0.000178,-0.000516,0.156668,-0.462249,0.096605,0.197382,-0.781002,0.222021,-0.094662,-0.000179,0.000515,-0.169984,-0.467858,0.052661,-0.227275,-0.776236,0.196224
5.75,0,0,0,-0.000111,0.08682,0.00686,-0.001282,0.291537,0.024216,-0.002755,0.496571,0.053487,-0.015571,0.634347,0.030855,0.035126,0.440727,0.052613,0.139954,0.449759,0.070024,0.414814,0.466783,0.045406,0.609056,0.528653,-0.082122,-0.040394,0.440793,0.048351,-0.146181,0.454284,0.049266,-0.409115,0.504121,-0.020202,-0.585426,0.613047,-0.142149,0.094662,0.000162,-0.000522,0.156679,-0.462273,0.096556,0.197412,-0.781048,0.221907,-0.094663,-0.000162,0.000522,-0.170023,-0.467833,0.05268,-0.227332,-0.776247,0.196161
5.766666,0,0,0,-9.60E-05,0.086819,0.006868,-0.001232,0.291539,0.024189,-0.002686,0.496613,0.053387,-0.015534,0.634434,0.030861,0.035187,0.440735,0.052544,0.140016,0.449719,0.069975,0.414895,0.46644,0.045365,0.608896,0.528107,-0.082629,-0.040331,0.440811,0.048253,-0.14612,0.454286,0.049104,-0.409028,0.50393,-0.020602,-0.585355,0.612547,-0.1428,0.094663,0.000147,-0.000536,0.156705,-0.462291,0.09651,0.197469,-0.78109,0.22179,-0.094662,-0.000148,0.000535,-0.170047,-0.467818,0.052664,-0.227354,-0.77627,0.196063
5.783333,0,0,0,-7.80E-05,0.08682,0.006872,-0.001158,0.291544,0.024141,-0.002569,0.496662,0.053244,-0.015431,0.634527,0.030816,0.035291,0.440745,0.05243,0.140124,0.449694,0.069859,0.415021,0.46611,0.045249,0.60888,0.527426,-0.083128,-0.040226,0.440836,0.048127,-0.146019,0.454281,0.048935,-0.408921,0.503648,-0.020991,-0.58535,0.611884,-0.14338,0.094662,0.00013,-0.000567,0.156745,-0.462311,0.096439,0.197559,-0.781137,0.221634,-0.094662,-0.000129,0.000567,-0.17006,-0.467807,0.052617,-0.227344,-0.776315,0.195904
5.8,0,0,0,-5.80E-05,0.086819,0.006872,-0.001081,0.291549,0.024088,-0.002448,0.496692,0.053094,-0.015321,0.634583,0.03076,0.0354,0.440755,0.052308,0.140236,0.449669,0.069726,0.415152,0.46583,0.045145,0.608999,0.526803,-0.083414,-0.040118,0.440861,0.047999,-0.145916,0.454264,0.048784,-0.408836,0.503281,-0.02132,-0.585449,0.611052,-0.143855,0.094662,0.00011,-0.000588,0.156785,-0.462334,0.096376,0.197645,-0.781197,0.221465,-0.094662,-0.00011,0.000588,-0.170053,-0.467802,0.05251,-0.227316,-0.776346,0.19573
5.816666,0,0,0,-2.50E-05,0.08682,0.006857,-0.000974,0.291556,0.024008,-0.002283,0.496723,0.052926,-0.015168,0.634636,0.030668,0.035549,0.440764,0.052167,0.140394,0.449632,0.069559,0.415334,0.465501,0.045065,0.609317,0.526119,-0.083455,-0.039968,0.44089,0.047851,-0.145771,0.454262,0.048606,-0.408726,0.502899,-0.021627,-0.585645,0.610092,-0.144228,0.094662,7.60E-05,-0.00062,0.156838,-0.462367,0.096318,0.197754,-0.781257,0.221318,-0.094662,-7.60E-05,0.000619,-0.170013,-0.467793,0.052381,-0.227233,-0.776357,0.195573
5.833333,0,0,0,2.00E-06,0.086822,0.006834,-0.000882,0.291561,0.023945,-0.002144,0.496763,0.05278,-0.015036,0.634704,0.030552,0.035674,0.440772,0.052046,0.140525,0.449587,0.069426,0.415482,0.46512,0.044906,0.609681,0.525319,-0.083486,-0.039842,0.440916,0.047719,-0.145651,0.45424,0.048451,-0.40865,0.50244,-0.02192,-0.585906,0.608943,-0.144635,0.094662,4.90E-05,-0.000636,0.156883,-0.462403,0.09623,0.197843,-0.781321,0.221142,-0.094661,-4.90E-05,0.000636,-0.169978,-0.467787,0.052249,-0.22717,-0.776387,0.195376
5.85,0,0,0,2.00E-05,0.086823,0.006817,-0.000816,0.291565,0.02389,-0.00203,0.496806,0.052626,-0.014897,0.634783,0.030467,0.035773,0.44078,0.051926,0.140631,0.449523,0.069303,0.415608,0.464658,0.044762,0.610238,0.524248,-0.08326,-0.039742,0.440942,0.047581,-0.145558,0.45421,0.048284,-0.408607,0.501914,-0.02224,-0.58622,0.607619,-0.14513,0.094662,2.70E-05,-0.000626,0.156926,-0.46244,0.09614,0.197913,-0.781382,0.220983,-0.094662,-2.70E-05,0.000625,-0.16995,-0.46778,0.052151,-0.227136,-0.776415,0.195203
5.866666,0,0,0,3.30E-05,0.086824,0.0068,-0.000771,0.291568,0.023855,-0.001954,0.496871,0.052494,-0.014795,0.634901,0.030339,0.035841,0.440792,0.051816,0.140705,0.44947,0.069187,0.415709,0.464219,0.044704,0.61078,0.523171,-0.082942,-0.039674,0.440963,0.047469,-0.145499,0.454164,0.048175,-0.408623,0.501349,-0.022416,-0.586616,0.606208,-0.145479,0.094662,1.20E-05,-0.000621,0.156965,-0.462467,0.096059,0.197978,-0.781422,0.220863,-0.094662,-1.30E-05,0.000621,-0.169941,-0.467775,0.052078,-0.227123,-0.776426,0.195098
5.883333,0,0,0,4.80E-05,0.086826,0.006777,-0.000724,0.291571,0.023818,-0.001869,0.496957,0.052361,-0.014669,0.63506,0.030213,0.035916,0.440802,0.051701,0.140795,0.449383,0.069034,0.415817,0.463604,0.044446,0.611532,0.521772,-0.082571,-0.039599,0.440985,0.047357,-0.145433,0.454109,0.048076,-0.408649,0.500624,-0.02262,-0.587169,0.604355,-0.145875,0.094661,-5.00E-06,-0.000628,0.157015,-0.462491,0.095986,0.198064,-0.781463,0.220733,-0.094662,4.00E-06,0.000627,-0.169924,-0.467771,0.051996,-0.227093,-0.776433,0.194996
5.9,0,0,0,7.30E-05,0.086828,0.006751,-0.000652,0.291573,0.023799,-0.001767,0.497053,0.052217,-0.014539,0.635238,0.03008,0.036011,0.440817,0.051581,0.140899,0.449287,0.06891,0.415959,0.462831,0.044359,0.612342,0.52003,-0.082066,-0.039505,0.441008,0.047243,-0.145353,0.454014,0.047984,-0.40867,0.499595,-0.022942,-0.587702,0.602005,-0.14656,0.094662,-2.90E-05,-0.000656,0.15709,-0.462521,0.095886,0.198201,-0.781503,0.220586,-0.094661,2.90E-05,0.000656,-0.16989,-0.467764,0.051906,-0.227019,-0.776443,0.194886
5.916666,0,0,0,9.10E-05,0.086831,0.006719,-0.000602,0.291577,0.023748,-0.001682,0.497203,0.052052,-0.014406,0.635521,0.029918,0.036088,0.440834,0.051425,0.140996,0.449135,0.068718,0.41609,0.461856,0.044108,0.613195,0.518066,-0.081635,-0.039428,0.441033,0.047105,-0.145293,0.453907,0.04786,-0.408706,0.498474,-0.023351,-0.58838,0.59936,-0.147289,0.094661,-4.40E-05,-0.00072,0.157187,-0.462532,0.095778,0.198389,-0.78151,0.220457,-0.094661,4.40E-05,0.000721,-0.169831,-0.467776,0.051814,-0.226878,-0.776475,0.194783
5.933333,0,0,0,0.000114,0.086833,0.006687,-0.000514,0.291581,0.023701,-0.001531,0.497399,0.051883,-0.014249,0.635903,0.029809,0.036224,0.440847,0.051264,0.14116,0.448945,0.068485,0.416284,0.460654,0.043718,0.614317,0.515565,-0.081138,-0.039293,0.441063,0.04696,-0.145181,0.453739,0.047703,-0.408716,0.496983,-0.023876,-0.589238,0.595987,-0.148099,0.09466,-6.60E-05,-0.000774,0.157286,-0.462545,0.095699,0.198576,-0.781507,0.220391,-0.094661,6.50E-05,0.000774,-0.169787,-0.467772,0.051767,-0.226764,-0.776481,0.194745
5.95,0,0,0,0.00013,0.086833,0.006678,-0.000446,0.291577,0.023724,-0.001403,0.497644,0.051766,-0.014114,0.636381,0.029714,0.036337,0.440856,0.051157,0.141304,0.448717,0.068297,0.416454,0.459265,0.043293,0.615469,0.512668,-0.080653,-0.039181,0.44109,0.046867,-0.145099,0.453518,0.047595,-0.408775,0.495118,-0.024433,-0.590288,0.591863,-0.148992,0.094661,-7.80E-05,-0.000821,0.157405,-0.462546,0.095631,0.198789,-0.781475,0.220376,-0.09466,7.70E-05,0.00082,-0.169751,-0.467776,0.051715,-0.226669,-0.776472,0.194744
5.966666,0,0,0,0.000154,0.086707,0.006656,-0.00038,0.291322,0.023703,-0.001333,0.497686,0.051585,-0.014054,0.636706,0.029591,0.036407,0.440626,0.050998,0.141402,0.448259,0.068064,0.416569,0.45752,0.042733,0.616546,0.509196,-0.080394,-0.039111,0.440858,0.046699,-0.145065,0.452979,0.047362,-0.40888,0.492737,-0.025196,-0.591434,0.587032,-0.150112,0.09466,-0.000101,-0.000865,0.157502,-0.462563,0.095554,0.198967,-0.781465,0.220342,-0.09466,0.000101,0.000864,-0.169736,-0.467769,0.051625,-0.226594,-0.77645,0.19471
5.983333,0,0,0,0.000188,0.086462,0.006603,-0.000288,0.290829,0.023645,-0.001239,0.497577,0.051355,-0.013999,0.636967,0.029447,0.0365,0.44016,0.050787,0.141533,0.447469,0.067766,0.416716,0.455002,0.042047,0.617816,0.504568,-0.080116,-0.039017,0.440391,0.046475,-0.145013,0.452135,0.047059,-0.408983,0.489579,-0.026166,-0.592829,0.580795,-0.151474,0.094659,-0.000135,-0.000922,0.157617,-0.462584,0.095479,0.199183,-0.781449,0.22033,-0.09466,0.000136,0.000922,-0.169718,-0.467755,0.051527,-0.226503,-0.77641,0.194694
6,0,0,0,0.000227,0.08619,0.006501,-0.00019,0.290282,0.023481,-0.001166,0.497495,0.050932,-0.014013,0.637329,0.02917,0.036581,0.439658,0.0504,0.14165,0.446616,0.067301,0.416851,0.452082,0.041255,0.619006,0.499165,-0.080146,-0.038935,0.439875,0.046079,-0.144982,0.451167,0.046581,-0.409125,0.485849,-0.027374,-0.594356,0.573509,-0.153178,0.094658,-0.000174,-0.001007,0.157749,-0.46263,0.095274,0.199432,-0.781449,0.220201,-0.094659,0.000173,0.001008,-0.169712,-0.467754,0.051282,-0.226414,-0.77638,0.194546
6.016666,0,0,0,0.000241,0.085852,0.006352,-0.000153,0.289606,0.023211,-0.001166,0.497343,0.050368,-0.01411,0.637679,0.028766,0.03659,0.439033,0.049885,0.141694,0.445604,0.066724,0.416895,0.448805,0.040306,0.620107,0.493259,-0.080319,-0.038925,0.439232,0.045541,-0.145024,0.450023,0.045955,-0.409335,0.481663,-0.02876,-0.596005,0.565488,-0.155049,0.094658,-0.000185,-0.001073,0.15785,-0.462672,0.094996,0.199615,-0.781451,0.219998,-0.094657,0.000186,0.001072,-0.169716,-0.467785,0.050928,-0.226352,-0.776362,0.194324
6.033333,0,0,0,0.000259,0.085466,0.006155,-8.00E-05,0.288834,0.022832,-0.0011,0.497168,0.049623,-0.014175,0.638077,0.028258,0.036661,0.438317,0.049192,0.1418,0.444431,0.065981,0.416982,0.444838,0.03917,0.621353,0.486208,-0.08059,-0.038854,0.438506,0.044847,-0.14501,0.448721,0.045233,-0.409497,0.476598,-0.030355,-0.597792,0.555726,-0.157262,0.094657,-0.000206,-0.001126,0.158003,-0.462742,0.094599,0.199868,-0.781463,0.219716,-0.094657,0.000206,0.001126,-0.169689,-0.467828,0.050429,-0.226256,-0.776351,0.193969
6.05,0,0,0,0.000278,0.085001,0.005966,-1.70E-05,0.287903,0.022477,-0.001041,0.496968,0.048844,-0.014273,0.63857,0.027686,0.036723,0.43745,0.048472,0.141903,0.443018,0.065198,0.417016,0.440354,0.037824,0.622553,0.478455,-0.081021,-0.038792,0.437628,0.044128,-0.145006,0.447226,0.044473,-0.409634,0.47086,-0.032059,-0.599558,0.544769,-0.159681,0.094656,-0.000227,-0.001181,0.158174,-0.462828,0.094118,0.200136,-0.781468,0.219407,-0.094657,0.000228,0.001181,-0.169666,-0.467876,0.049848,-0.226152,-0.776322,0.193585
6.066666,0,0,0,0.000285,0.084516,0.005759,-4.30E-05,0.286931,0.02213,-0.001128,0.496731,0.048074,-0.014482,0.639025,0.027074,0.036656,0.436551,0.047762,0.141873,0.441514,0.064443,0.416879,0.43551,0.036522,0.623555,0.470171,-0.081396,-0.03886,0.436697,0.043419,-0.145129,0.445662,0.043745,-0.409829,0.464789,-0.033789,-0.601171,0.533244,-0.162332,0.094656,-0.000235,-0.001242,0.158305,-0.46289,0.093703,0.200347,-0.781463,0.219138,-0.094655,0.000234,0.001242,-0.169656,-0.467932,0.04932,-0.226063,-0.77631,0.193233
6.083333,0,0,0,0.00028,0.083941,0.005465,-8.20E-05,0.285777,0.021627,-0.001225,0.496408,0.047097,-0.014671,0.639506,0.026368,0.036579,0.435475,0.04685,0.14182,0.439767,0.063568,0.416716,0.429897,0.035662,0.624776,0.460652,-0.080899,-0.038937,0.435589,0.042518,-0.145263,0.44384,0.042849,-0.409993,0.457677,-0.035706,-0.602862,0.519765,-0.165197,0.094654,-0.000224,-0.001389,0.158444,-0.462937,0.093185,0.200619,-0.781463,0.218692,-0.094653,0.000225,0.001389,-0.169643,-0.468029,0.048626,-0.225904,-0.776342,0.192734
6.1,0,0,0,0.000242,0.083323,0.005123,-0.000223,0.284534,0.021087,-0.001452,0.495998,0.046061,-0.014845,0.639908,0.025559,0.036386,0.43432,0.045866,0.141648,0.437943,0.062609,0.416338,0.423954,0.034447,0.62618,0.450137,-0.080019,-0.039133,0.434386,0.041588,-0.145516,0.441883,0.04202,-0.410157,0.449829,-0.037639,-0.604253,0.505112,-0.168373,0.094651,-0.00018,-0.001556,0.158653,-0.46294,0.092637,0.201018,-0.781418,0.218204,-0.094651,0.000179,0.001557,-0.169565,-0.468177,0.047887,-0.225627,-0.776428,0.192207
6.116666,0,0,0,0.000194,0.082737,0.004741,-0.000348,0.283355,0.020502,-0.001622,0.49566,0.045009,-0.014996,0.640384,0.024693,0.036238,0.433215,0.04486,0.141504,0.436181,0.061706,0.415922,0.417987,0.033291,0.626982,0.439919,-0.079819,-0.039285,0.433249,0.040637,-0.145718,0.439973,0.041213,-0.410145,0.44169,-0.039526,-0.60524,0.489955,-0.171546,0.094648,-0.000124,-0.001727,0.158795,-0.462951,0.092038,0.201317,-0.781409,0.217602,-0.094648,0.000123,0.001726,-0.169557,-0.468332,0.047053,-0.225453,-0.776525,0.191562
6.133333,0,0,0,0.000129,0.082044,0.004321,-0.000497,0.281958,0.019913,-0.001803,0.495182,0.043992,-0.015257,0.640822,0.024071,0.036073,0.431885,0.043878,0.141345,0.434131,0.060801,0.415374,0.411248,0.032017,0.627416,0.428641,-0.080041,-0.039451,0.431894,0.0397,-0.145935,0.437761,0.040398,-0.410008,0.432463,-0.04134,-0.605843,0.473001,-0.174857,0.094646,-5.00E-05,-0.001861,0.158915,-0.462954,0.091444,0.201555,-0.781361,0.217096,-0.094646,5.10E-05,0.001861,-0.169567,-0.468493,0.046245,-0.225319,-0.776608,0.190973
6.15,0,0,0,4.20E-05,0.081389,0.00393,-0.000738,0.280636,0.019386,-0.002108,0.494869,0.042958,-0.015673,0.641494,0.023365,0.035795,0.430643,0.042905,0.141065,0.432069,0.059929,0.414575,0.404094,0.030719,0.627264,0.416905,-0.080729,-0.039732,0.430616,0.038761,-0.14626,0.435575,0.039579,-0.409828,0.422857,-0.042967,-0.60616,0.455496,-0.177909,0.094642,5.00E-05,-0.002041,0.159016,-0.46292,0.09086,0.201789,-0.781277,0.216595,-0.094642,-5.00E-05,0.002041,-0.169635,-0.468674,0.045442,-0.22523,-0.776685,0.190452
6.166666,0,0,0,-4.60E-05,0.080773,0.003555,-0.001032,0.279395,0.018884,-0.00253,0.494562,0.0419,-0.016159,0.642086,0.022546,0.035419,0.429495,0.04193,0.140674,0.430107,0.059093,0.413583,0.397007,0.029622,0.626528,0.405441,-0.081755,-0.04011,0.429408,0.037824,-0.146674,0.433483,0.038819,-0.409562,0.413291,-0.0444,-0.605975,0.438293,-0.180848,0.094637,0.000154,-0.002256,0.159057,-0.462885,0.090275,0.201947,-0.781221,0.216021,-0.094637,-0.000153,0.002255,-0.169748,-0.468851,0.044641,-0.225177,-0.776781,0.189888
6.183333,0,0,0,-3.80E-05,0.080164,0.003171,-0.00081,0.278159,0.01853,-0.002004,0.494278,0.041031,-0.015584,0.642729,0.021874,0.035858,0.428272,0.041139,0.141081,0.428045,0.058513,0.413222,0.389234,0.028901,0.626079,0.392979,-0.082899,-0.039672,0.42828,0.037059,-0.146266,0.431384,0.03833,-0.408153,0.402663,-0.04554,-0.604277,0.41928,-0.183673,0.094639,0.000131,-0.002157,0.159613,-0.462941,0.089815,0.202773,-0.78121,0.21564,-0.094639,-0.000131,0.002158,-0.169297,-0.468959,0.043898,-0.224512,-0.776798,0.189419
6.2,0,0,0,-8.70E-05,0.079534,0.002751,-0.000931,0.276889,0.018006,-0.002238,0.493925,0.039887,-0.015782,0.643248,0.020865,0.03567,0.427097,0.040086,0.140839,0.426097,0.057751,0.412042,0.381096,0.028301,0.624378,0.380116,-0.084544,-0.039864,0.427046,0.036085,-0.14648,0.429083,0.037659,-0.407062,0.391489,-0.046763,-0.60269,0.399322,-0.186367,0.094637,0.000181,-0.002247,0.159811,-0.462979,0.08914,0.203109,-0.781215,0.215,-0.094637,-0.000181,0.002247,-0.169231,-0.469097,0.04311,-0.224291,-0.776899,0.188768
6.216666,0,0,0,-0.000172,0.079029,0.002345,-0.001121,0.275868,0.017554,-0.002521,0.493709,0.038913,-0.016054,0.643789,0.019915,0.035425,0.426154,0.039192,0.140525,0.424422,0.057209,0.410689,0.373307,0.02819,0.622218,0.367903,-0.086036,-0.040113,0.426055,0.035251,-0.146738,0.427066,0.037159,-0.405953,0.381163,-0.047359,-0.601111,0.38086,-0.187836,0.094633,0.000276,-0.002385,0.159959,-0.462964,0.088485,0.203388,-0.78116,0.2144,-0.094634,-0.000277,0.002386,-0.169224,-0.469268,0.042381,-0.224111,-0.777031,0.188188
6.233333,0,0,0,-0.000274,0.078631,0.001921,-0.001361,0.275058,0.017135,-0.002804,0.493651,0.037871,-0.016342,0.64443,0.018933,0.035163,0.425421,0.038272,0.14017,0.422887,0.056729,0.409014,0.364844,0.028475,0.619309,0.354765,-0.087696,-0.040377,0.425291,0.034386,-0.146999,0.425278,0.036718,-0.404254,0.369575,-0.047904,-0.598167,0.359732,-0.189758,0.09463,0.000391,-0.002509,0.160117,-0.462928,0.087842,0.20368,-0.78109,0.213799,-0.09463,-0.000391,0.002508,-0.169185,-0.469465,0.041596,-0.223891,-0.777166,0.187599
6.25,0,0,0,-0.000418,0.078218,0.001467,-0.001726,0.274228,0.016587,-0.003245,0.493448,0.036641,-0.016732,0.64481,0.017819,0.034751,0.424675,0.037207,0.139636,0.421297,0.05621,0.406894,0.355932,0.028935,0.615706,0.341307,-0.089407,-0.040791,0.424504,0.033346,-0.147398,0.423531,0.036092,-0.402322,0.357691,-0.048297,-0.594382,0.337971,-0.191632,0.094627,0.000555,-0.002587,0.160222,-0.462866,0.087164,0.203875,-0.781033,0.213075,-0.094627,-0.000554,0.002587,-0.169168,-0.469701,0.040812,-0.223748,-0.777369,0.186933
6.266666,0,0,0,-0.000498,0.07782,0.0012,-0.001943,0.273418,0.016422,-0.00354,0.493146,0.035745,-0.017011,0.644967,0.017032,0.034483,0.423949,0.036505,0.139254,0.419707,0.055968,0.404926,0.3478,0.029682,0.612077,0.328731,-0.090925,-0.041059,0.423737,0.032662,-0.147639,0.421668,0.035802,-0.400068,0.346188,-0.048016,-0.590087,0.317212,-0.192493,0.094625,0.000645,-0.002605,0.160317,-0.462834,0.08677,0.204027,-0.781032,0.212585,-0.094626,-0.000646,0.002605,-0.169143,-0.469836,0.040339,-0.223672,-0.777502,0.186484
6.283333,0,0,0,-0.000547,0.077357,0.001053,-0.002123,0.272467,0.016526,-0.003796,0.492755,0.034874,-0.017262,0.645062,0.016235,0.03426,0.423103,0.035885,0.138913,0.417909,0.055743,0.402905,0.339554,0.030989,0.607854,0.315045,-0.092367,-0.041285,0.422845,0.032102,-0.14782,0.419541,0.035713,-0.397106,0.33356,-0.047402,-0.584541,0.294502,-0.192881,0.094625,0.000705,-0.002621,0.16046,-0.462799,0.086518,0.20425,-0.781018,0.212252,-0.094625,-0.000704,0.002621,-0.169105,-0.469921,0.040105,-0.223601,-0.777602,0.186229
6.3,0,0,0,-0.000642,0.077087,0.000722,-0.002625,0.271935,0.016,-0.004434,0.492534,0.034148,-0.01771,0.645178,0.015711,0.033673,0.422617,0.035166,0.138214,0.416515,0.055352,0.400344,0.331527,0.032795,0.60278,0.301367,-0.093422,-0.041876,0.422302,0.031462,-0.148359,0.418216,0.03572,-0.394128,0.323005,-0.047798,-0.580432,0.276337,-0.192482,0.094623,0.000812,-0.002646,0.1606,-0.462717,0.086258,0.204469,-0.780925,0.211991,-0.094624,-0.000812,0.002648,-0.169033,-0.47006,0.039874,-0.223479,-0.777747,0.186005
6.316666,0,0,0,-0.000733,0.076833,0.000542,-0.002996,0.271412,0.015946,-0.005105,0.49234,0.03296,-0.018107,0.645269,0.014696,0.033113,0.422247,0.034247,0.137531,0.415327,0.054803,0.397723,0.324022,0.034626,0.597721,0.288436,-0.094042,-0.042443,0.421799,0.030702,-0.148861,0.41691,0.035696,-0.391062,0.311527,-0.046008,-0.573244,0.256324,-0.192918,0.094621,0.000922,-0.002691,0.160601,-0.462672,0.085872,0.204468,-0.780888,0.211587,-0.094621,-0.000921,0.002692,-0.169079,-0.470198,0.039449,-0.223496,-0.777857,0.18565
6.333333,0,0,0,-0.000768,0.076817,0.000461,-0.003168,0.271355,0.016165,-0.00542,0.492376,0.032192,-0.01831,0.645347,0.01403,0.032849,0.422296,0.033757,0.137089,0.414432,0.054869,0.394897,0.316113,0.037184,0.592016,0.274749,-0.094173,-0.042709,0.421778,0.030282,-0.149041,0.415771,0.035859,-0.386978,0.299902,-0.044167,-0.565277,0.235116,-0.191931,0.09462,0.000963,-0.002733,0.160707,-0.462643,0.085683,0.204652,-0.780874,0.211334,-0.09462,-0.000962,0.002733,-0.169082,-0.470256,0.039271,-0.223488,-0.77793,0.185445
6.35,0,0,0,-0.000806,0.076685,0.000173,-0.003363,0.271112,0.015574,-0.005864,0.492319,0.031067,-0.018732,0.645484,0.013254,0.032502,0.422143,0.032695,0.136608,0.41393,0.05433,0.39173,0.308286,0.040345,0.585719,0.261266,-0.093739,-0.043064,0.421518,0.029421,-0.149325,0.415226,0.035956,-0.382262,0.288248,-0.041886,-0.555596,0.213581,-0.190884,0.094618,0.001,-0.00276,0.160743,-0.462649,0.085404,0.204701,-0.780884,0.211038,-0.094619,-0.001001,0.002761,-0.169027,-0.470332,0.038917,-0.223373,-0.777997,0.185133
6.366666,0,0,0,-0.000836,0.076681,1.50E-05,-0.003521,0.271105,0.015389,-0.006245,0.492346,0.030245,-0.019025,0.645533,0.012618,0.032203,0.422225,0.032016,0.136165,0.413523,0.054146,0.388571,0.301189,0.043395,0.579698,0.24886,-0.092815,-0.043368,0.421506,0.028863,-0.149535,0.414445,0.036099,-0.377435,0.277428,-0.0396,-0.546567,0.193879,-0.188712,0.094618,0.001033,-0.002756,0.160754,-0.462652,0.085212,0.20469,-0.78088,0.210873,-0.094618,-0.001032,0.002756,-0.169017,-0.470383,0.038682,-0.223375,-0.778033,0.184922
6.383333,0,0,0,-0.000854,0.076764,-0.000123,-0.003642,0.271267,0.01529,-0.006522,0.492397,0.02939,-0.019284,0.645436,0.011843,0.031985,0.422472,0.031338,0.135782,0.413201,0.054008,0.385068,0.293823,0.046972,0.572916,0.236134,-0.091615,-0.043591,0.421679,0.028326,-0.149638,0.4138,0.036415,-0.371609,0.266048,-0.036676,-0.535898,0.173204,-0.185709,0.094619,0.001048,-0.002713,0.160749,-0.462658,0.085146,0.204636,-0.780882,0.210833,-0.094619,-0.001049,0.002712,-0.169015,-0.470406,0.038564,-0.223431,-0.778035,0.184828
6.4,0,0,0,-0.000885,0.076907,-0.000259,-0.003793,0.271551,0.015177,-0.006826,0.492507,0.028563,-0.019517,0.645356,0.011188,0.031737,0.422835,0.03069,0.135364,0.413019,0.053901,0.381309,0.28675,0.05065,0.56573,0.22399,-0.090315,-0.043842,0.421972,0.027793,-0.149769,0.41335,0.03667,-0.36541,0.255057,-0.03322,-0.524408,0.152992,-0.181958,0.094619,0.00108,-0.002708,0.160762,-0.462627,0.08514,0.204638,-0.780849,0.210835,-0.094619,-0.00108,0.002707,-0.169028,-0.470436,0.038533,-0.223479,-0.778064,0.184787
6.416666,0,0,0,-0.000925,0.077108,-0.000388,-0.003974,0.271956,0.015004,-0.007121,0.492658,0.027804,-0.019711,0.645254,0.010655,0.03148,0.423299,0.030101,0.134944,0.413018,0.05383,0.377537,0.280384,0.054163,0.558641,0.212946,-0.088927,-0.044101,0.422387,0.02726,-0.149921,0.413207,0.036826,-0.359289,0.245332,-0.029699,-0.512983,0.134936,-0.178061,0.094619,0.001121,-0.002687,0.160785,-0.462588,0.085132,0.204651,-0.78082,0.210806,-0.094619,-0.001121,0.002687,-0.169034,-0.470479,0.03848,-0.223534,-0.778085,0.184762
6.433333,0,0,0,-0.000987,0.077377,-0.000537,-0.004187,0.272504,0.014724,-0.007357,0.492941,0.026853,-0.019877,0.645265,0.009934,0.031252,0.423898,0.029348,0.134556,0.413178,0.053576,0.373473,0.274101,0.058059,0.550729,0.201995,-0.087552,-0.044331,0.422964,0.026558,-0.150051,0.413392,0.036811,-0.35251,0.235781,-0.025711,-0.500226,0.116788,-0.173502,0.094618,0.001189,-0.002694,0.160839,-0.462527,0.085049,0.204724,-0.78076,0.210714,-0.094618,-0.001188,0.002695,-0.169032,-0.470556,0.038367,-0.223554,-0.77815,0.184664
6.45,0,0,0,-0.000804,0.077013,-0.000872,-0.002008,0.271769,0.014758,-0.002906,0.493147,0.025765,-0.01781,0.646123,0.008874,0.035048,0.422881,0.02824,0.138827,0.409939,0.04912,0.363563,0.248893,0.048805,0.531209,0.14381,-0.087847,-0.040563,0.422678,0.026141,-0.146269,0.412752,0.036197,-0.343518,0.228293,-0.023052,-0.486991,0.10077,-0.167877,0.094612,0.000954,-0.002978,0.160548,-0.462819,0.084675,0.20428,-0.781096,0.210284,-0.094613,-0.000953,0.002978,-0.169563,-0.470304,0.037741,-0.22439,-0.777841,0.184044
6.466666,0,0,0,-0.000525,0.077185,-0.000946,-0.000949,0.272085,0.015067,-0.001216,0.49321,0.026395,-0.017351,0.645795,0.009267,0.036482,0.423053,0.029118,0.140085,0.411533,0.05164,0.358544,0.242083,0.049217,0.524049,0.134566,-0.088148,-0.039107,0.423104,0.026333,-0.14472,0.411878,0.036001,-0.33614,0.220022,-0.0187,-0.474275,0.085249,-0.162142,0.094625,0.000611,-0.002644,0.16045,-0.463232,0.084722,0.203984,-0.781338,0.210828,-0.094625,-0.000612,0.002644,-0.169532,-0.469944,0.037742,-0.224462,-0.777384,0.184212
6.483333,0,0,0,-0.000385,0.077287,-0.000849,-0.000524,0.272259,0.015494,-0.000532,0.493267,0.02632,-0.01706,0.645669,0.009208,0.03708,0.423213,0.029228,0.140593,0.411498,0.052064,0.354301,0.236084,0.050509,0.514876,0.126311,-0.090868,-0.038507,0.423349,0.026401,-0.144036,0.411623,0.036388,-0.328622,0.211966,-0.013701,-0.4605,0.069769,-0.155862,0.09463,0.000445,-0.002504,0.160521,-0.463351,0.085064,0.204011,-0.781415,0.211293,-0.094629,-0.000444,0.002505,-0.169476,-0.469742,0.038201,-0.224605,-0.777251,0.184449
6.5,0,0,0,-0.000399,0.077393,-0.000873,-0.000577,0.272466,0.015546,-0.000311,0.49336,0.02581,-0.016966,0.645624,0.00885,0.037215,0.423408,0.028899,0.140592,0.410856,0.051902,0.350075,0.230411,0.051678,0.50457,0.11869,-0.09485,-0.038372,0.42363,0.026075,-0.143851,0.411786,0.036443,-0.321338,0.204694,-0.008882,-0.446585,0.055441,-0.149798,0.09463,0.00046,-0.002483,0.160556,-0.463312,0.085184,0.204038,-0.781348,0.211488,-0.094631,-0.000459,0.002483,-0.169446,-0.469758,0.03823,-0.224617,-0.777222,0.184558
6.516666,0,0,0,-0.00045,0.07753,-0.000918,-0.000815,0.272739,0.015516,-0.000365,0.493494,0.025315,-0.017036,0.645614,0.008527,0.037102,0.423676,0.028559,0.140339,0.41023,0.051689,0.346012,0.225458,0.052794,0.494204,0.112048,-0.098858,-0.038485,0.423956,0.025729,-0.143928,0.412138,0.036483,-0.314573,0.19847,-0.004369,-0.433574,0.042973,-0.143939,0.094632,0.000521,-0.002411,0.160578,-0.463245,0.085275,0.204012,-0.781248,0.211675,-0.094632,-0.00052,0.002411,-0.169433,-0.469815,0.038229,-0.22469,-0.777206,0.184678
6.533333,0,0,0,-0.00052,0.077767,-0.000995,-0.001176,0.273217,0.015404,-0.000599,0.493723,0.024749,-0.017219,0.645601,0.008141,0.03683,0.424158,0.028136,0.139898,0.409776,0.051454,0.341662,0.220759,0.054233,0.482837,0.105693,-0.102774,-0.038757,0.424475,0.025321,-0.144166,0.412777,0.036537,-0.307283,0.19247,0.000462,-0.419624,0.030773,-0.137578,0.094632,0.000603,-0.002359,0.160619,-0.463163,0.085296,0.204024,-0.781125,0.211809,-0.094633,-0.000602,0.002358,-0.169388,-0.469906,0.038152,-0.224649,-0.777227,0.184746
6.55,0,0,0,-0.000593,0.078002,-0.001073,-0.001607,0.273693,0.015287,-0.001005,0.493874,0.0242,-0.017422,0.645453,0.007804,0.036418,0.424654,0.027722,0.139284,0.409335,0.051335,0.337267,0.216404,0.056206,0.471798,0.099865,-0.105475,-0.03917,0.424974,0.024929,-0.144547,0.413437,0.036591,-0.29993,0.186908,0.005227,-0.405613,0.019381,-0.131106,0.094632,0.000687,-0.002348,0.160658,-0.463071,0.085315,0.204057,-0.780994,0.211931,-0.094632,-0.000687,0.002347,-0.169238,-0.470017,0.03812,-0.22443,-0.777255,0.184913
6.566666,0,0,0,-0.000662,0.078211,-0.001116,-0.002022,0.27411,0.015245,-0.001465,0.493988,0.023773,-0.017641,0.645292,0.007565,0.035976,0.4251,0.027408,0.138649,0.408981,0.051324,0.333139,0.212605,0.058656,0.462161,0.094728,-0.106508,-0.039613,0.425399,0.024647,-0.144961,0.414003,0.036714,-0.29307,0.182088,0.00984,-0.392475,0.009375,-0.124733,0.094631,0.000768,-0.002388,0.160672,-0.462975,0.085347,0.204084,-0.780866,0.212038,-0.09463,-0.000768,0.002387,-0.16913,-0.470115,0.038162,-0.224238,-0.777305,0.185089
6.583333,0,0,0,-0.000748,0.078434,-0.001144,-0.002485,0.274556,0.015201,-0.002058,0.494125,0.023365,-0.017923,0.645159,0.007352,0.035426,0.425588,0.02711,0.137912,0.408782,0.051353,0.328752,0.20898,0.061539,0.452813,0.089957,-0.10658,-0.040164,0.425837,0.024374,-0.145484,0.41456,0.036792,-0.286189,0.177584,0.014695,-0.378972,-0.000296,-0.117863,0.094628,0.000867,-0.002464,0.160679,-0.462849,0.085406,0.204118,-0.780701,0.212185,-0.094628,-0.000867,0.002464,-0.169034,-0.470227,0.038262,-0.224019,-0.777365,0.185342
6.6,0,0,0,-0.000836,0.078526,-0.001158,-0.002879,0.274737,0.015204,-0.002934,0.49413,0.02289,-0.018451,0.645035,0.007145,0.034701,0.425877,0.026787,0.137067,0.408808,0.051349,0.324327,0.205827,0.064624,0.444104,0.085885,-0.10593,-0.04089,0.425954,0.024054,-0.146158,0.414199,0.036466,-0.279538,0.172632,0.019191,-0.366096,-0.013103,-0.10663,0.094626,0.000971,-0.002516,0.160628,-0.462715,0.085548,0.204049,-0.780523,0.212443,-0.094625,-0.000971,0.002516,-0.169062,-0.470316,0.038443,-0.223996,-0.777377,0.185703
6.616666,0,0,0,-0.000918,0.078769,-0.001183,-0.003306,0.27522,0.015183,-0.003603,0.494256,0.022552,-0.018829,0.644837,0.006959,0.03411,0.426418,0.026537,0.136366,0.409029,0.051334,0.320225,0.203178,0.067607,0.436375,0.082453,-0.104892,-0.041482,0.426406,0.023842,-0.146704,0.41462,0.036609,-0.273424,0.169249,0.023257,-0.354662,-0.020542,-0.100034,0.094625,0.001066,-0.002505,0.160571,-0.462603,0.085692,0.203943,-0.780377,0.212688,-0.094625,-0.001065,0.002504,-0.16909,-0.470387,0.038666,-0.22405,-0.777403,0.186012
6.633333,0,0,0,-0.000975,0.078954,-0.001209,-0.00361,0.27559,0.015151,-0.004281,0.494311,0.022168,-0.019244,0.644615,0.006788,0.033549,0.426871,0.026254,0.135738,0.409368,0.051246,0.316036,0.200669,0.070781,0.428415,0.079264,-0.103728,-0.042044,0.426724,0.02359,-0.147219,0.414636,0.03646,-0.267089,0.165659,0.027217,-0.342771,-0.029094,-0.0918,0.094624,0.00113,-0.002488,0.160483,-0.462534,0.085802,0.203782,-0.780281,0.212892,-0.094625,-0.00113,0.002488,-0.169158,-0.470426,0.038844,-0.22417,-0.777392,0.186274
6.65,0,0,0,-0.001024,0.079217,-0.001217,-0.003925,0.276113,0.015157,-0.004819,0.494477,0.02186,-0.019569,0.644454,0.006656,0.033084,0.427447,0.026019,0.135212,0.409757,0.051131,0.312065,0.198454,0.073887,0.420737,0.076411,-0.102513,-0.042511,0.427218,0.023418,-0.14766,0.415115,0.036486,-0.260964,0.162973,0.031026,-0.331167,-0.035216,-0.085653,0.094623,0.001184,-0.002506,0.160443,-0.462472,0.085851,0.203719,-0.780186,0.213031,-0.094623,-0.001185,0.002506,-0.169181,-0.470468,0.038985,-0.224193,-0.777404,0.186476
6.666666,0,0,0,-0.001065,0.079681,-0.00123,-0.004121,0.27703,0.015271,-0.005058,0.494904,0.021497,-0.01973,0.644391,0.006365,0.032858,0.428395,0.025803,0.134857,0.410286,0.051139,0.308552,0.196652,0.076322,0.413931,0.073687,-0.101431,-0.042737,0.428144,0.023221,-0.147829,0.415697,0.03643,-0.255363,0.160991,0.034259,-0.320594,-0.039771,-0.080896,0.094621,0.001225,-0.002575,0.160426,-0.462435,0.085769,0.203717,-0.780115,0.213031,-0.094621,-0.001225,0.002576,-0.169188,-0.47051,0.039016,-0.22416,-0.777442,0.18653
6.683333,0,0,0,-0.001128,0.079682,-0.001249,-0.004463,0.277043,0.01509,-0.005519,0.494836,0.021222,-0.020068,0.644281,0.00639,0.032444,0.428435,0.025494,0.134453,0.410283,0.050759,0.304994,0.194573,0.079541,0.406344,0.071628,-0.100555,-0.043156,0.428137,0.023043,-0.148296,0.416276,0.0364,-0.250227,0.159272,0.038118,-0.309556,-0.044286,-0.075308,0.094618,0.001297,-0.002658,0.160333,-0.462351,0.085817,0.203598,-0.779988,0.213193,-0.094618,-0.001297,0.002659,-0.169209,-0.470571,0.039197,-0.224127,-0.777465,0.18681
6.7,0,0,0,-0.001163,0.0799,-0.001249,-0.004605,0.277472,0.015161,-0.005775,0.495004,0.021028,-0.020297,0.644195,0.006315,0.032231,0.428897,0.02533,0.134236,0.41056,0.050464,0.300867,0.192244,0.081858,0.397836,0.06809,-0.099708,-0.043372,0.428553,0.022991,-0.148515,0.416801,0.036425,-0.245394,0.157892,0.041388,-0.299211,-0.048302,-0.070006,0.094615,0.001335,-0.002745,0.160309,-0.462306,0.085785,0.203598,-0.779889,0.213287,-0.094614,-0.001335,0.002744,-0.169243,-0.470599,0.039326,-0.224123,-0.77748,0.18698
6.716666,0,0,0,-0.000788,0.08066,-0.001188,-0.001819,0.278914,0.016418,-0.002787,0.495949,0.022436,-0.019334,0.644367,0.007052,0.035206,0.430306,0.026386,0.138158,0.413516,0.048575,0.279438,0.177773,0.078717,0.357253,0.028541,-0.093026,-0.040415,0.430016,0.024679,-0.145538,0.417018,0.037077,-0.240732,0.157522,0.043701,-0.29081,-0.051087,-0.064907,0.094617,0.000882,-0.002846,0.159815,-0.462782,0.085929,0.20276,-0.780406,0.213446,-0.094617,-0.000882,0.002846,-0.16985,-0.470042,0.039524,-0.22532,-0.776996,0.186806
6.733333,0,0,0,-0.00078,0.080921,-0.001171,-0.001907,0.279408,0.016735,-0.00289,0.496074,0.022293,-0.019517,0.644096,0.006869,0.035105,0.430824,0.026397,0.138057,0.414048,0.048599,0.275203,0.175929,0.079163,0.347093,0.025368,-0.093997,-0.040515,0.430525,0.024675,-0.145636,0.417209,0.036758,-0.236734,0.156348,0.046591,-0.281775,-0.05413,-0.060608,0.094616,0.00087,-0.002871,0.159782,-0.462822,0.085781,0.202697,-0.780416,0.213384,-0.094616,-0.000871,0.00287,-0.169855,-0.470031,0.039528,-0.22535,-0.776995,0.186781
6.75,0,0,0,-0.000805,0.081136,-0.001153,-0.002175,0.279813,0.017013,-0.003226,0.496189,0.022222,-0.019807,0.643915,0.006788,0.034789,0.431256,0.026433,0.137725,0.414294,0.04857,0.271036,0.174044,0.079422,0.336408,0.022682,-0.095613,-0.040831,0.43093,0.024717,-0.145969,0.417522,0.036544,-0.233207,0.155478,0.049446,-0.273129,-0.056608,-0.056606,0.094616,0.000898,-0.002882,0.159728,-0.462805,0.085754,0.202592,-0.780387,0.213402,-0.094616,-0.000898,0.002882,-0.169876,-0.470055,0.039536,-0.225405,-0.777006,0.186802
6.766666,0,0,0,-0.000832,0.08129,-0.001135,-0.002451,0.280106,0.017186,-0.003607,0.496247,0.022111,-0.020083,0.643744,0.006685,0.03444,0.431579,0.0264,0.137345,0.414374,0.048493,0.267195,0.172235,0.079339,0.326558,0.020605,-0.097594,-0.041181,0.431213,0.024707,-0.146341,0.417826,0.03636,-0.230221,0.154829,0.051861,-0.265505,-0.058516,-0.053307,0.094615,0.000929,-0.002896,0.159725,-0.462792,0.085646,0.202596,-0.78034,0.213377,-0.094615,-0.000928,0.002897,-0.169899,-0.470084,0.039517,-0.225444,-0.777025,0.186799
6.783333,0,0,0,-0.000862,0.08142,-0.001121,-0.002741,0.280356,0.017311,-0.004044,0.496301,0.021959,-0.020394,0.643609,0.006524,0.034047,0.431866,0.026324,0.136903,0.414405,0.048448,0.26329,0.170445,0.079332,0.316849,0.018767,-0.099404,-0.041573,0.431445,0.024652,-0.146759,0.418138,0.036162,-0.227417,0.154285,0.054046,-0.258075,-0.060137,-0.05038,0.094615,0.000962,-0.002901,0.159661,-0.462766,0.085654,0.202469,-0.780332,0.21336,-0.094615,-0.000962,0.002901,-0.169935,-0.470117,0.03947,-0.225516,-0.777045,0.186764
6.8,0,0,0,-0.00089,0.081511,-0.001111,-0.002974,0.280529,0.01739,-0.00443,0.496312,0.02177,-0.020629,0.643472,0.006345,0.033709,0.432076,0.026203,0.136515,0.414394,0.04838,0.259663,0.168791,0.079322,0.308109,0.017223,-0.100959,-0.041912,0.431599,0.02456,-0.147121,0.418386,0.035961,-0.224989,0.153838,0.055836,-0.251433,-0.061448,-0.047963,0.094614,0.000994,-0.002915,0.159611,-0.462742,0.085635,0.202382,-0.780339,0.213277,-0.094613,-0.000993,0.002915,-0.169973,-0.470148,0.039394,-0.225596,-0.777084,0.186656
6.816666,0,0,0,-0.000911,0.081604,-0.001103,-0.003129,0.280708,0.017464,-0.004707,0.496316,0.021588,-0.020775,0.643311,0.006176,0.033469,0.432287,0.026084,0.136238,0.414458,0.048319,0.256581,0.167495,0.079475,0.300854,0.016116,-0.102034,-0.042152,0.431764,0.024472,-0.147382,0.41864,0.035787,-0.222944,0.15355,0.057265,-0.245614,-0.062379,-0.046089,0.094613,0.001017,-0.002929,0.159565,-0.462733,0.085582,0.20231,-0.78036,0.213156,-0.094613,-0.001016,0.002929,-0.170002,-0.470173,0.039315,-0.22566,-0.777125,0.186531
6.833333,0,0,0,-0.000925,0.081675,-0.001103,-0.003231,0.280846,0.017491,-0.004897,0.496337,0.021344,-0.020836,0.643223,0.005931,0.033307,0.432451,0.025907,0.136048,0.414544,0.048202,0.253684,0.166328,0.079743,0.294172,0.015169,-0.102831,-0.042315,0.431894,0.024327,-0.147564,0.418871,0.035579,-0.221068,0.153316,0.058422,-0.240183,-0.063132,-0.044565,0.094613,0.001031,-0.00294,0.159507,-0.462733,0.085532,0.202218,-0.780397,0.213028,-0.094613,-0.001031,0.00294,-0.170029,-0.470191,0.039239,-0.225721,-0.777166,0.186394
6.85,0,0,0,-0.00093,0.081744,-0.0011,-0.003276,0.28098,0.017545,-0.004978,0.496341,0.021184,-0.020832,0.643102,0.005754,0.033239,0.432599,0.025796,0.13597,0.414686,0.048133,0.251293,0.165446,0.080134,0.288542,0.014691,-0.10346,-0.042384,0.432028,0.024249,-0.147654,0.41915,0.035471,-0.219503,0.15324,0.05942,-0.235495,-0.063514,-0.043456,0.094612,0.001037,-0.002949,0.159455,-0.462745,0.085472,0.202139,-0.780439,0.212903,-0.094613,-0.001037,0.002949,-0.170061,-0.470199,0.039151,-0.225787,-0.777193,0.186254
6.866666,0,0,0,-0.000926,0.081798,-0.001097,-0.00329,0.281085,0.017578,-0.005001,0.496352,0.021043,-0.020803,0.643019,0.005585,0.03322,0.432713,0.025694,0.135957,0.414835,0.048036,0.249411,0.164795,0.080469,0.284098,0.014406,-0.103926,-0.042403,0.432136,0.024174,-0.147694,0.419414,0.035381,-0.218296,0.153241,0.060107,-0.231683,-0.063623,-0.042909,0.094613,0.001032,-0.00294,0.159423,-0.462757,0.085467,0.202095,-0.780481,0.212826,-0.094613,-0.001032,0.00294,-0.170088,-0.470197,0.039046,-0.225857,-0.777208,0.186096
6.883333,0,0,0,-0.000919,0.081836,-0.001093,-0.003265,0.281156,0.017632,-0.004947,0.496354,0.020949,-0.020711,0.642951,0.005467,0.033267,0.432784,0.025631,0.136023,0.414985,0.047946,0.247862,0.164283,0.080876,0.280165,0.01438,-0.104346,-0.042357,0.432216,0.024139,-0.147671,0.419685,0.035339,-0.21744,0.15335,0.060681,-0.22854,-0.063527,-0.042577,0.094613,0.001024,-0.002927,0.159406,-0.462781,0.085408,0.202056,-0.780547,0.21267,-0.094613,-0.001024,0.002926,-0.17011,-0.470193,0.038932,-0.225935,-0.777224,0.18592
6.9,0,0,0,-0.000907,0.081835,-0.001094,-0.003201,0.281152,0.017666,-0.004808,0.496325,0.020896,-0.020561,0.642895,0.005409,0.033385,0.432772,0.025593,0.136172,0.415074,0.047845,0.2468,0.16388,0.081122,0.277019,0.014513,-0.104882,-0.042239,0.432229,0.024123,-0.147577,0.419921,0.035347,-0.217059,0.153534,0.060928,-0.226489,-0.063134,-0.042936,0.094614,0.00101,-0.002908,0.159405,-0.46281,0.085353,0.202043,-0.780618,0.212514,-0.094613,-0.00101,0.002907,-0.170112,-0.470185,0.038847,-0.225992,-0.777242,0.185758
6.916666,0,0,0,-0.000896,0.081796,-0.001097,-0.003143,0.281075,0.017653,-0.004699,0.496253,0.020826,-0.020408,0.642836,0.005389,0.033479,0.432688,0.02554,0.136304,0.415125,0.047722,0.246165,0.163622,0.081202,0.2746,0.014712,-0.105449,-0.042145,0.432163,0.024069,-0.147501,0.420024,0.03531,-0.217054,0.153643,0.060754,-0.225609,-0.062743,-0.04377,0.094615,0.000998,-0.002878,0.159415,-0.462839,0.085282,0.202047,-0.780689,0.21234,-0.094615,-0.000998,0.002878,-0.170104,-0.470179,0.038753,-0.226035,-0.777269,0.185577
6.933333,0,0,0,-0.000886,0.081727,-0.001098,-0.003092,0.280942,0.017594,-0.00459,0.49616,0.020748,-0.020262,0.642791,0.005343,0.03357,0.432546,0.025471,0.136427,0.415098,0.047599,0.245968,0.16343,0.080887,0.273139,0.014894,-0.106249,-0.042054,0.432041,0.023993,-0.147427,0.420077,0.035256,-0.217395,0.153758,0.060213,-0.225766,-0.062256,-0.045092,0.094615,0.000987,-0.00288,0.15945,-0.462862,0.085191,0.202113,-0.780754,0.212134,-0.094615,-0.000987,0.00288,-0.170087,-0.470178,0.03865,-0.226029,-0.777312,0.185379
6.95,0,0,0,-0.000881,0.081641,-0.001097,-0.003079,0.280777,0.017536,-0.004535,0.496081,0.02073,-0.020159,0.642805,0.005347,0.033611,0.432371,0.025459,0.136475,0.414985,0.047602,0.246138,0.163285,0.080239,0.272793,0.015123,-0.107268,-0.042013,0.431883,0.023943,-0.147404,0.420069,0.035199,-0.218006,0.153857,0.059492,-0.226783,-0.061787,-0.046537,0.094616,0.000982,-0.002862,0.159466,-0.462886,0.0851,0.20212,-0.780821,0.211936,-0.094615,-0.000983,0.002862,-0.170116,-0.470179,0.0385,-0.226083,-0.777335,0.185174
6.966666,0,0,0,-0.00088,0.081564,-0.001094,-0.003067,0.280626,0.017489,-0.004464,0.496017,0.020788,-0.020043,0.642838,0.005437,0.033661,0.432207,0.025508,0.136521,0.414838,0.047684,0.24666,0.163227,0.079388,0.273472,0.015393,-0.108355,-0.041961,0.43174,0.023946,-0.147371,0.420059,0.035169,-0.218827,0.153991,0.058537,-0.228408,-0.061253,-0.048233,0.094617,0.000983,-0.002825,0.159506,-0.4629,0.085029,0.202157,-0.780875,0.211765,-0.094617,-0.000983,0.002825,-0.170141,-0.470184,0.038361,-0.226127,-0.777354,0.184994
6.983333,0,0,0,-0.00088,0.081455,-0.001088,-0.003059,0.280415,0.017426,-0.004393,0.495913,0.020864,-0.019927,0.642847,0.0055,0.03371,0.431979,0.025567,0.13656,0.414611,0.047786,0.247571,0.163222,0.07818,0.275154,0.015752,-0.109738,-0.041912,0.431536,0.023954,-0.147342,0.41999,0.035121,-0.220093,0.154166,0.057231,-0.231014,-0.060604,-0.05036,0.094618,0.000985,-0.002775,0.159551,-0.46292,0.084929,0.202199,-0.780936,0.211564,-0.094618,-0.000985,0.002776,-0.170153,-0.470193,0.038199,-0.226165,-0.777384,0.18478
7,0,0,0,-0.000875,0.0813,-0.001086,-0.003015,0.28011,0.017364,-0.004279,0.495763,0.020979,-0.0198,0.642856,0.005614,0.0338,0.431655,0.025651,0.13664,0.414281,0.047915,0.248916,0.163286,0.076889,0.27775,0.01611,-0.111072,-0.041821,0.431239,0.023991,-0.147267,0.419801,0.035113,-0.22178,0.154333,0.055568,-0.234643,-0.059864,-0.052948,0.094619,0.000982,-0.002742,0.159596,-0.462943,0.084824,0.20226,-0.780993,0.21137,-0.094619,-0.000982,0.002743,-0.170167,-0.470194,0.038083,-0.226211,-0.777413,0.184593
7.016666,0,0,0,-0.000866,0.081135,-0.00108,-0.002972,0.279785,0.017313,-0.004213,0.495583,0.021122,-0.019748,0.642827,0.0058,0.033857,0.431318,0.025755,0.136695,0.413959,0.04804,0.250527,0.163504,0.075578,0.280958,0.016398,-0.112186,-0.041763,0.430913,0.024053,-0.147218,0.419535,0.035156,-0.223891,0.154544,0.053732,-0.239195,-0.059037,-0.055678,0.094621,0.000974,-0.002707,0.159626,-0.462975,0.084713,0.202291,-0.781052,0.211188,-0.09462,-0.000974,0.002707,-0.170167,-0.470195,0.037926,-0.226252,-0.777432,0.184385
7.033333,0,0,0,-0.000854,0.080897,-0.001076,-0.002901,0.279316,0.017224,-0.004149,0.495406,0.021226,-0.019691,0.642944,0.005889,0.033922,0.430842,0.025817,0.136759,0.413532,0.048141,0.252672,0.163866,0.074117,0.285139,0.016828,-0.113359,-0.041698,0.430438,0.024076,-0.147145,0.419034,0.035226,-0.226556,0.154687,0.051308,-0.245099,-0.05805,-0.059239,0.094621,0.000964,-0.002677,0.159662,-0.463012,0.084573,0.202339,-0.781121,0.210967,-0.094622,-0.000963,0.002676,-0.170169,-0.470197,0.03772,-0.226281,-0.777452,0.184129
7.05,0,0,0,-0.000841,0.080686,-0.001072,-0.002813,0.2789,0.017155,-0.004063,0.495206,0.021378,-0.019615,0.642967,0.006062,0.034005,0.430417,0.025924,0.136833,0.41315,0.048326,0.255157,0.164466,0.072812,0.290216,0.017402,-0.114175,-0.041613,0.430015,0.024135,-0.14705,0.418556,0.035331,-0.229806,0.15508,0.04857,-0.252392,-0.056755,-0.062952,0.094622,0.000952,-0.002644,0.159705,-0.463051,0.08443,0.202394,-0.781184,0.210758,-0.094622,-0.000952,0.002645,-0.170168,-0.4702,0.037499,-0.2263,-0.777458,0.183893
7.066666,0,0,0,-0.000825,0.080537,-0.001069,-0.002703,0.278602,0.017179,-0.00392,0.495039,0.021507,-0.019479,0.642939,0.006253,0.034136,0.430109,0.026036,0.136934,0.412734,0.048495,0.258172,0.165315,0.071493,0.296096,0.018177,-0.114877,-0.041481,0.42972,0.024213,-0.146889,0.417984,0.035387,-0.233438,0.155593,0.045591,-0.260766,-0.055322,-0.066611,0.094622,0.000934,-0.002644,0.159773,-0.463095,0.084239,0.2025,-0.781235,0.210537,-0.094622,-0.000934,0.002645,-0.170148,-0.470203,0.037267,-0.226252,-0.777479,0.183634
7.083333,0,0,0,-0.000814,0.08044,-0.001056,-0.002605,0.278408,0.017179,-0.003711,0.494941,0.021702,-0.019319,0.642938,0.006487,0.034312,0.429887,0.026176,0.137083,0.412379,0.04865,0.261973,0.166629,0.069939,0.303635,0.019383,-0.115545,-0.041306,0.42954,0.024343,-0.146701,0.417692,0.035518,-0.23779,0.156725,0.042089,-0.270814,-0.052779,-0.07122,0.094623,0.000922,-0.002633,0.15983,-0.463134,0.084058,0.202587,-0.781292,0.210301,-0.094623,-0.000923,0.002633,-0.170122,-0.470224,0.03688,-0.226225,-0.777471,0.183309
7.1,0,0,0,-0.000803,0.080087,-0.001042,-0.002551,0.277717,0.017013,-0.003595,0.494576,0.02199,-0.019294,0.642916,0.006924,0.034408,0.429166,0.026335,0.137244,0.411998,0.048774,0.266389,0.168327,0.068525,0.312136,0.021172,-0.116066,-0.041208,0.428845,0.024476,-0.146656,0.417391,0.035576,-0.243027,0.158263,0.038577,-0.28182,-0.04958,-0.075955,0.094623,0.000915,-0.002646,0.159902,-0.463175,0.083817,0.202732,-0.781307,0.210099,-0.094623,-0.000914,0.002646,-0.170144,-0.470221,0.036751,-0.226227,-0.777492,0.183138
7.116666,0,0,0,-0.000789,0.079886,-0.001015,-0.00246,0.277315,0.017037,-0.0034,0.494374,0.022305,-0.019206,0.642917,0.007301,0.034568,0.428733,0.026589,0.137417,0.411618,0.049012,0.271199,0.17031,0.066798,0.321675,0.02339,-0.116745,-0.041047,0.428452,0.024668,-0.146527,0.417096,0.035563,-0.248615,0.160151,0.034737,-0.293672,-0.045771,-0.080965,0.094623,0.0009,-0.002639,0.159935,-0.463208,0.083696,0.20278,-0.781392,0.209843,-0.094623,-0.000901,0.00264,-0.170127,-0.470224,0.036564,-0.226154,-0.777542,0.182875
7.133333,0,0,0,-0.000785,0.079512,-0.000999,-0.002417,0.27659,0.016782,-0.003273,0.494091,0.022499,-0.019147,0.643084,0.007534,0.034667,0.427974,0.026664,0.137605,0.411307,0.049015,0.276839,0.172955,0.064699,0.332883,0.026434,-0.117542,-0.040948,0.427728,0.024693,-0.146498,0.416881,0.035414,-0.255396,0.162795,0.030322,-0.307429,-0.040619,-0.086881,0.094623,0.000901,-0.002651,0.159969,-0.463245,0.083458,0.202855,-0.78147,0.209487,-0.094622,-0.000901,0.002651,-0.170143,-0.470242,0.036294,-0.226142,-0.777607,0.182515
7.15,0,0,0,-0.00076,0.079297,-0.000942,-0.002302,0.276153,0.01691,-0.00306,0.493866,0.022944,-0.019026,0.643071,0.008,0.034843,0.427504,0.027055,0.137813,0.410944,0.049336,0.283094,0.176074,0.062484,0.34561,0.030209,-0.118171,-0.040769,0.427298,0.024989,-0.146364,0.416555,0.035377,-0.262915,0.166025,0.025712,-0.322667,-0.034401,-0.092947,0.094624,0.000877,-0.002604,0.159999,-0.463316,0.083231,0.202874,-0.781538,0.209272,-0.094624,-0.000876,0.002603,-0.170081,-0.470248,0.035957,-0.226067,-0.777593,0.182226
7.166666,0,0,0,-0.000736,0.079118,-0.000888,-0.002177,0.27579,0.01702,-0.002905,0.493728,0.023384,-0.018972,0.643159,0.008464,0.034983,0.42712,0.027426,0.138011,0.410735,0.049572,0.289504,0.179683,0.059984,0.358801,0.034764,-0.11895,-0.040626,0.42693,0.025287,-0.146262,0.416258,0.035327,-0.270756,0.169806,0.020996,-0.338342,-0.027254,-0.099088,0.094625,0.000851,-0.002551,0.160059,-0.463403,0.082906,0.202949,-0.781602,0.209,-0.094626,-0.000851,0.002552,-0.170061,-0.470246,0.035624,-0.226055,-0.777588,0.181896
7.183333,0,0,0,-0.000713,0.078802,-0.000845,-0.002081,0.27516,0.01702,-0.002767,0.493466,0.02386,-0.018921,0.643276,0.008996,0.035103,0.426458,0.027791,0.138222,0.410451,0.049785,0.296792,0.184083,0.057337,0.373759,0.040552,-0.11957,-0.040505,0.426291,0.025566,-0.146205,0.415918,0.035232,-0.279638,0.174544,0.015777,-0.355875,-0.01825,-0.10604,0.094628,0.00083,-0.00247,0.160064,-0.463471,0.082731,0.202889,-0.781695,0.208783,-0.094628,-0.00083,0.002469,-0.170043,-0.470242,0.035344,-0.226059,-0.777582,0.181611
7.2,0,0,0,-0.000694,0.078456,-0.000799,-0.002003,0.27447,0.017032,-0.002684,0.493121,0.024332,-0.018963,0.643285,0.009528,0.035178,0.425744,0.028156,0.138416,0.410222,0.049942,0.304454,0.189192,0.05448,0.389628,0.047507,-0.120138,-0.040427,0.425585,0.025844,-0.146206,0.415605,0.035047,-0.288969,0.180092,0.010659,-0.373776,-0.007969,-0.112877,0.09463,0.000813,-0.002399,0.160111,-0.463529,0.082541,0.202932,-0.781773,0.208545,-0.09463,-0.000813,0.0024,-0.170022,-0.470246,0.035036,-0.226064,-0.77759,0.181285
7.216666,0,0,0,-0.000681,0.078067,-0.000757,-0.001941,0.273692,0.017048,-0.002687,0.492761,0.024748,-0.01906,0.643354,0.010003,0.035189,0.424955,0.028485,0.138543,0.409914,0.050054,0.312003,0.19462,0.05175,0.405322,0.05523,-0.120537,-0.040413,0.424782,0.02608,-0.146252,0.414975,0.034775,-0.298182,0.185846,0.005464,-0.391906,0.002627,-0.118903,0.094632,0.000803,-0.002328,0.160128,-0.463576,0.082397,0.202919,-0.78184,0.208361,-0.094632,-0.000803,0.002329,-0.170025,-0.470249,0.034774,-0.226102,-0.777587,0.181022
7.233333,0,0,0,-0.000669,0.07769,-0.000725,-0.001865,0.272946,0.016956,-0.002797,0.492441,0.02517,-0.01919,0.643484,0.010491,0.035128,0.424211,0.028795,0.138603,0.409979,0.050335,0.32001,0.201329,0.049898,0.424232,0.064823,-0.118404,-0.04047,0.423985,0.026272,-0.146374,0.414385,0.034388,-0.307878,0.192617,4.60E-05,-0.411051,0.014641,-0.124458,0.094634,0.000794,-0.002242,0.160123,-0.463614,0.082328,0.202874,-0.781909,0.208227,-0.094634,-0.000794,0.002241,-0.17005,-0.470245,0.034546,-0.226188,-0.777573,0.180793
7.25,0,0,0,-0.000639,0.077369,-0.000688,-0.001695,0.272315,0.016882,-0.00289,0.492185,0.025703,-0.019335,0.643622,0.011015,0.03511,0.42359,0.029178,0.138793,0.410589,0.050496,0.327796,0.20881,0.04804,0.444261,0.076109,-0.115197,-0.040484,0.423284,0.026554,-0.146448,0.413823,0.034016,-0.31749,0.200191,-0.005332,-0.430418,0.02793,-0.129403,0.094637,0.000762,-0.002145,0.160115,-0.463679,0.08225,0.202822,-0.782009,0.208076,-0.094636,-0.000763,0.002146,-0.170083,-0.470219,0.034321,-0.226287,-0.777546,0.180544
7.266666,0,0,0,-0.000614,0.07702,-0.000635,-0.001583,0.27162,0.016875,-0.002958,0.49192,0.026258,-0.019454,0.643803,0.011525,0.035088,0.422891,0.029616,0.138945,0.410884,0.050665,0.335265,0.216267,0.045572,0.461733,0.087786,-0.113546,-0.040501,0.422537,0.026848,-0.146532,0.413318,0.03363,-0.326362,0.207971,-0.010373,-0.448534,0.041662,-0.133804,0.094639,0.000737,-0.002053,0.16012,-0.463729,0.082205,0.202792,-0.782088,0.20797,-0.094639,-0.000738,0.002053,-0.170108,-0.470193,0.034178,-0.226368,-0.777539,0.18034
7.283333,0,0,0,-0.000601,0.076613,-0.000579,-0.001555,0.270813,0.016845,-0.003049,0.491589,0.026775,-0.019525,0.643976,0.012044,0.035025,0.422069,0.030016,0.139041,0.410868,0.050719,0.343253,0.224657,0.042527,0.478969,0.101149,-0.112871,-0.040559,0.421688,0.027107,-0.146668,0.412894,0.03319,-0.335653,0.217016,-0.015399,-0.467522,0.057678,-0.138049,0.094641,0.000728,-0.001955,0.160147,-0.463761,0.082161,0.202793,-0.782152,0.207852,-0.09464,-0.000729,0.001955,-0.1701,-0.470193,0.033973,-0.226423,-0.777526,0.180137
7.3,0,0,0,-0.000603,0.076197,-0.000543,-0.001618,0.26999,0.01674,-0.003253,0.491211,0.027162,-0.019666,0.644079,0.01248,0.034855,0.421236,0.030308,0.139024,0.410751,0.050616,0.351041,0.23366,0.039207,0.494691,0.115633,-0.113289,-0.040723,0.420822,0.027248,-0.146914,0.412562,0.032604,-0.344761,0.226783,-0.020168,-0.486069,0.075098,-0.142003,0.094643,0.000736,-0.001894,0.160164,-0.463777,0.082077,0.202797,-0.782199,0.207694,-0.094642,-0.000736,0.001893,-0.170079,-0.470216,0.033731,-0.226408,-0.777546,0.179899
7.316666,0,0,0,-0.000586,0.075829,-0.000462,-0.001618,0.269263,0.016696,-0.003337,0.490851,0.027575,-0.019712,0.644115,0.012922,0.034789,0.420492,0.030627,0.139099,0.410644,0.050525,0.358189,0.242591,0.03637,0.508524,0.129901,-0.1137,-0.040783,0.420063,0.027438,-0.147048,0.412392,0.032184,-0.352924,0.236683,-0.024239,-0.502874,0.092963,-0.145398,0.094644,0.000721,-0.001805,0.160187,-0.463804,0.082081,0.2028,-0.782248,0.20765,-0.094644,-0.000721,0.001806,-0.170031,-0.47021,0.033634,-0.22638,-0.777549,0.179774
7.333333,0,0,0,-0.000576,0.075427,-0.000386,-0.001668,0.268479,0.016505,-0.003477,0.490435,0.027854,-0.019749,0.644109,0.013273,0.034665,0.41969,0.030825,0.139115,0.410475,0.050291,0.365427,0.252561,0.033268,0.52277,0.146131,-0.114168,-0.040899,0.419246,0.02747,-0.14724,0.412239,0.031494,-0.361025,0.2475,-0.028514,-0.519753,0.112609,-0.148644,0.094645,0.000714,-0.001715,0.160232,-0.463829,0.082037,0.202838,-0.782303,0.20753,-0.094646,-0.000714,0.001715,-0.169952,-0.470219,0.033497,-0.226306,-0.777568,0.179616
7.35,0,0,0,-0.000576,0.075157,-0.000314,-0.001764,0.267966,0.01626,-0.003744,0.490149,0.028067,-0.01984,0.644108,0.013623,0.03444,0.419171,0.030961,0.139026,0.41067,0.050018,0.371902,0.262904,0.030624,0.536121,0.162765,-0.113685,-0.041117,0.418684,0.027448,-0.147521,0.412335,0.030825,-0.368598,0.258775,-0.032317,-0.535621,0.133152,-0.151237,0.094647,0.000718,-0.001609,0.160264,-0.463841,0.082031,0.202847,-0.782342,0.207464,-0.094648,-0.000718,0.001609,-0.169888,-0.470233,0.033399,-0.226265,-0.777584,0.179503
7.366666,0,0,0,-0.000572,0.074955,-0.000258,-0.001842,0.267591,0.015959,-0.004042,0.489934,0.028163,-0.019988,0.6441,0.013816,0.034199,0.418801,0.031004,0.138907,0.411126,0.049738,0.377423,0.27291,0.028549,0.547994,0.179059,-0.112582,-0.04135,0.418256,0.027328,-0.147807,0.412505,0.030047,-0.375277,0.269748,-0.035678,-0.549481,0.153057,-0.153391,0.09465,0.000716,-0.001499,0.160287,-0.463867,0.081986,0.202831,-0.782396,0.207364,-0.094649,-0.000717,0.0015,-0.16985,-0.470238,0.033294,-0.226271,-0.777599,0.179362
7.383333,0,0,0,-0.000552,0.074846,-0.000255,-0.001841,0.26741,0.015497,-0.004361,0.489813,0.02817,-0.020088,0.644109,0.014003,0.033969,0.418636,0.030933,0.138791,0.411976,0.04942,0.382658,0.283654,0.026926,0.55975,0.196978,-0.110724,-0.041571,0.417998,0.027102,-0.14807,0.412762,0.029149,-0.381731,0.28163,-0.039047,-0.562779,0.174397,-0.155427,0.094651,0.000693,-0.001383,0.160354,-0.463932,0.081821,0.202867,-0.78244,0.207262,-0.094652,-0.000692,0.001384,-0.169771,-0.470229,0.033142,-0.226209,-0.777595,0.179192
7.4,0,0,0,-0.000572,0.074893,-0.00019,-0.001976,0.267538,0.015138,-0.004787,0.489799,0.028386,-0.02029,0.64402,0.014296,0.033623,0.418765,0.031044,0.138543,0.413122,0.049304,0.387045,0.294221,0.025806,0.570432,0.214854,-0.10795,-0.041909,0.418047,0.027062,-0.148444,0.413385,0.028538,-0.387634,0.293837,-0.041741,-0.574858,0.196452,-0.156994,0.094651,0.000719,-0.001371,0.160326,-0.463885,0.081967,0.202844,-0.782449,0.207264,-0.094651,-0.000719,0.001371,-0.169734,-0.470256,0.033205,-0.226151,-0.777648,0.179209
7.416666,0,0,0,-0.000573,0.075097,-0.000122,-0.00208,0.267978,0.01479,-0.005153,0.489934,0.028625,-0.020423,0.643915,0.01457,0.033323,0.419198,0.031183,0.138322,0.414476,0.049257,0.390618,0.304033,0.024932,0.579497,0.231712,-0.105127,-0.042199,0.418411,0.027045,-0.148765,0.414364,0.028008,-0.392434,0.305403,-0.044074,-0.584741,0.217486,-0.158567,0.094653,0.00072,-0.001308,0.160311,-0.463873,0.082108,0.202812,-0.782475,0.207311,-0.094652,-0.00072,0.001308,-0.169679,-0.470253,0.033332,-0.226114,-0.777673,0.17927
7.433333,0,0,0,-0.000523,0.077263,-7.20E-05,-0.001914,0.272354,0.014359,-0.004028,0.492014,0.032386,-0.019502,0.643915,0.017728,0.034142,0.423079,0.033646,0.139222,0.418342,0.051237,0.394108,0.314438,0.025142,0.587662,0.248788,-0.10154,-0.041391,0.42268,0.029639,-0.147981,0.419716,0.031472,-0.393928,0.324738,-0.051794,-0.589683,0.260381,-0.175726,0.094653,0.000639,-0.001287,0.160394,-0.463794,0.082952,0.202987,-0.782401,0.208112,-0.094653,-0.000639,0.001286,-0.169388,-0.47015,0.034315,-0.22575,-0.777663,0.180084
7.45,0,0,0,-0.000459,0.077283,8.80E-05,-0.001596,0.27239,0.0146,-0.003085,0.491985,0.031231,-0.018979,0.64364,0.016334,0.034877,0.423125,0.032997,0.13998,0.419618,0.050732,0.398209,0.324312,0.024691,0.595512,0.266073,-0.099809,-0.040651,0.422925,0.028873,-0.147278,0.421934,0.030673,-0.39837,0.336734,-0.04766,-0.5969,0.282144,-0.171862,0.094655,0.000563,-0.001162,0.160327,-0.463952,0.082679,0.202835,-0.782679,0.207562,-0.094655,-0.000564,0.001162,-0.169442,-0.47008,0.033988,-0.225963,-0.777693,0.179486
7.466666,0,0,0,-0.000509,0.077528,0.000249,-0.002042,0.27292,0.014173,-0.004267,0.49203,0.031353,-0.019583,0.643321,0.016595,0.033903,0.423719,0.033078,0.139048,0.421135,0.050727,0.400209,0.33418,0.024711,0.600798,0.28249,-0.097409,-0.041611,0.423293,0.028737,-0.148253,0.422679,0.029607,-0.401942,0.348501,-0.051522,-0.601892,0.305804,-0.178079,0.094655,0.000625,-0.001084,0.160372,-0.463829,0.083063,0.202904,-0.782623,0.207766,-0.094656,-0.000624,0.001084,-0.169339,-0.47012,0.034438,-0.225882,-0.777813,0.179758
7.483333,0,0,0,-0.000594,0.077967,0.000437,-0.002582,0.273829,0.013903,-0.005431,0.49224,0.03148,-0.020023,0.642963,0.016909,0.032909,0.424685,0.033212,0.138087,0.42288,0.050763,0.401855,0.344099,0.025003,0.605513,0.298897,-0.094588,-0.042593,0.424064,0.028679,-0.14924,0.424029,0.028814,-0.405395,0.360198,-0.053369,-0.605887,0.329248,-0.182468,0.094655,0.000726,-0.001039,0.160353,-0.46367,0.083435,0.202887,-0.782542,0.20794,-0.094656,-0.000727,0.001039,-0.169257,-0.470199,0.034901,-0.225795,-0.777948,0.180105
7.5,0,0,0,-0.000628,0.078539,0.000641,-0.002828,0.274995,0.013784,-0.005958,0.492654,0.032068,-0.020212,0.642706,0.017345,0.032448,0.425823,0.033696,0.137629,0.42482,0.05129,0.403962,0.355115,0.025769,0.61159,0.31844,-0.089843,-0.043044,0.425131,0.029011,-0.149687,0.425911,0.028718,-0.408026,0.371742,-0.053562,-0.610314,0.350585,-0.18183,0.094656,0.000764,-0.000957,0.160291,-0.463579,0.083862,0.202795,-0.782552,0.208117,-0.094656,-0.000764,0.000957,-0.169245,-0.470196,0.035401,-0.225858,-0.778038,0.180378
7.516666,0,0,0,-0.000651,0.079151,0.000866,-0.003048,0.276231,0.013831,-0.006397,0.493084,0.032668,-0.020367,0.64239,0.017758,0.032055,0.427033,0.03424,0.137228,0.426725,0.051905,0.405512,0.364757,0.02686,0.61587,0.335407,-0.085872,-0.043427,0.426286,0.029415,-0.150061,0.427829,0.028797,-0.409953,0.382038,-0.053681,-0.613381,0.36967,-0.181294,0.094656,0.000789,-0.000881,0.160245,-0.46351,0.084214,0.202713,-0.782562,0.208279,-0.094657,-0.000788,0.000881,-0.169192,-0.47019,0.035841,-0.225853,-0.778114,0.180623
7.533333,0,0,0,-0.000677,0.079798,0.001165,-0.003263,0.27754,0.013986,-0.006775,0.493538,0.033402,-0.020489,0.642046,0.018257,0.031706,0.428303,0.034907,0.136879,0.428659,0.052574,0.406902,0.374632,0.027829,0.619898,0.352702,-0.081594,-0.043768,0.42752,0.029958,-0.150384,0.429944,0.02905,-0.411684,0.392838,-0.053347,-0.615985,0.389539,-0.180122,0.094657,0.000814,-0.000812,0.160178,-0.463434,0.084609,0.202608,-0.78257,0.20847,-0.094657,-0.000814,0.000813,-0.169169,-0.470176,0.036357,-0.225909,-0.778195,0.180907
7.55,0,0,0,-0.000706,0.08043,0.001487,-0.003535,0.278816,0.014166,-0.007258,0.493932,0.034039,-0.020663,0.641614,0.0187,0.031263,0.429556,0.035526,0.136433,0.43053,0.053188,0.407829,0.383832,0.028551,0.622818,0.368894,-0.078114,-0.044201,0.42872,0.030441,-0.150791,0.431994,0.029206,-0.413143,0.402928,-0.053076,-0.617879,0.407938,-0.179087,0.094657,0.000844,-0.000763,0.160119,-0.463341,0.085045,0.20253,-0.782573,0.208666,-0.094658,-0.000844,0.000762,-0.16913,-0.470168,0.036889,-0.225931,-0.778285,0.181206
7.566666,0,0,0,-0.000733,0.081117,0.001789,-0.003732,0.280198,0.014431,-0.007544,0.49442,0.034858,-0.020736,0.641253,0.019241,0.030987,0.430888,0.036269,0.136162,0.43236,0.053868,0.408567,0.391971,0.029216,0.624565,0.38345,-0.076108,-0.044473,0.430037,0.031113,-0.151032,0.43413,0.029731,-0.414099,0.411924,-0.052403,-0.6185,0.42483,-0.178397,0.094657,0.000871,-0.000715,0.159991,-0.46327,0.085429,0.202342,-0.782612,0.208787,-0.094657,-0.000872,0.000715,-0.169176,-0.47015,0.037329,-0.226081,-0.778357,0.181414
7.583333,0,0,0,-0.000763,0.081742,0.002086,-0.003968,0.281459,0.014621,-0.007947,0.49483,0.035412,-0.020946,0.640839,0.019504,0.030613,0.432129,0.036819,0.13578,0.434215,0.054406,0.409032,0.399948,0.02985,0.62523,0.397951,-0.075392,-0.044839,0.431234,0.031564,-0.15136,0.436177,0.030041,-0.415171,0.421277,-0.051358,-0.619369,0.442127,-0.176618,0.094658,0.000898,-0.000551,0.159779,-0.463249,0.085725,0.201943,-0.782721,0.208808,-0.094658,-0.000897,0.000551,-0.169312,-0.470117,0.037643,-0.226471,-0.778396,0.181472
7.6,0,0,0,-0.000798,0.082439,0.002384,-0.004159,0.282859,0.014927,-0.008258,0.495341,0.036191,-0.021102,0.640481,0.019871,0.030321,0.433489,0.037544,0.135467,0.436247,0.055159,0.409352,0.407428,0.030658,0.624889,0.411672,-0.075864,-0.045127,0.432565,0.032233,-0.151609,0.438271,0.030621,-0.41585,0.429704,-0.050291,-0.619357,0.457813,-0.175256,0.094659,0.000928,-0.000389,0.159559,-0.463229,0.085996,0.201532,-0.782803,0.20888,-0.094659,-0.000927,0.000389,-0.169465,-0.470086,0.037944,-0.226891,-0.778443,0.181498
7.616666,0,0,0,-0.000794,0.082849,0.002708,-0.004092,0.283705,0.015026,-0.008127,0.495529,0.036817,-0.020806,0.640049,0.020222,0.030403,0.434252,0.03817,0.135431,0.438005,0.056293,0.409802,0.414789,0.031287,0.624354,0.425277,-0.07678,-0.04503,0.433385,0.032634,-0.15147,0.439806,0.03095,-0.416032,0.436707,-0.049304,-0.618735,0.471085,-0.174006,0.094659,0.000915,-0.000238,0.159494,-0.463267,0.086059,0.20145,-0.782888,0.208828,-0.094659,-0.000915,0.000238,-0.169424,-0.470054,0.038111,-0.226705,-0.778482,0.181571
7.633333,0,0,0,-0.000767,0.083354,0.003067,-0.004053,0.284723,0.015466,-0.007959,0.495775,0.037746,-0.020495,0.639549,0.020829,0.030514,0.435183,0.03906,0.13548,0.439403,0.057441,0.41014,0.420009,0.032342,0.623115,0.435627,-0.078199,-0.044912,0.434382,0.033423,-0.15131,0.441477,0.031785,-0.416083,0.443578,-0.047804,-0.617689,0.484356,-0.172359,0.09466,0.000879,-0.000204,0.15939,-0.46325,0.086456,0.201309,-0.782965,0.208991,-0.094659,-0.000879,0.000204,-0.169362,-0.469986,0.038594,-0.22664,-0.778539,0.181787
7.65,0,0,0,-0.000721,0.083888,0.003232,-0.003937,0.28579,0.015772,-0.007833,0.496092,0.038701,-0.020226,0.639156,0.021411,0.030625,0.436167,0.039896,0.135561,0.440939,0.058316,0.410404,0.424814,0.032911,0.621924,0.444959,-0.079671,-0.044798,0.435388,0.034227,-0.151151,0.443121,0.032538,-0.416012,0.449731,-0.04651,-0.61612,0.496401,-0.171409,0.09466,0.00082,-0.000181,0.159241,-0.463302,0.086631,0.201073,-0.783038,0.209142,-0.094661,-0.00082,0.000181,-0.169306,-0.469914,0.038835,-0.226565,-0.778525,0.181911
7.666666,0,0,0,-0.000601,0.084196,0.003596,-0.003612,0.286406,0.016423,-0.007463,0.496151,0.039726,-0.019733,0.63867,0.02211,0.030976,0.436729,0.040853,0.13588,0.442013,0.059313,0.410925,0.429134,0.03425,0.619976,0.453494,-0.082049,-0.044448,0.435973,0.035186,-0.150773,0.444098,0.033582,-0.415748,0.454792,-0.044634,-0.614472,0.507166,-0.16948,0.094661,0.000684,-0.000169,0.159152,-0.463338,0.087242,0.200979,-0.783153,0.20955,-0.094661,-0.000683,0.000169,-0.169301,-0.469716,0.039585,-0.226599,-0.778483,0.182306
7.683333,0,0,0,-0.000517,0.08457,0.004011,-0.00345,0.287142,0.017323,-0.007425,0.496314,0.041153,-0.019567,0.638278,0.023079,0.031041,0.437417,0.042179,0.135904,0.443107,0.060754,0.411163,0.433077,0.036756,0.618392,0.461101,-0.081953,-0.044381,0.436631,0.036494,-0.150688,0.444999,0.034945,-0.415549,0.458595,-0.043208,-0.612798,0.515505,-0.16841,0.094662,0.000588,-0.000178,0.158927,-0.463338,0.087909,0.200682,-0.783278,0.209912,-0.094662,-0.000587,0.000179,-0.169561,-0.469506,0.040434,-0.227046,-0.778427,0.182748
7.7,0,0,0,-0.000503,0.084818,0.004338,-0.003404,0.287625,0.018108,-0.007478,0.496461,0.042515,-0.019433,0.638106,0.023906,0.03101,0.437843,0.043409,0.135833,0.443913,0.062089,0.411195,0.436422,0.038355,0.616647,0.467973,-0.08254,-0.044411,0.437038,0.037706,-0.150702,0.445614,0.036226,-0.415464,0.461664,-0.041795,-0.611019,0.522834,-0.167644,0.094662,0.000572,-0.000212,0.158696,-0.463275,0.088456,0.200383,-0.783288,0.21029,-0.094662,-0.000573,0.000212,-0.16987,-0.469387,0.041113,-0.227502,-0.778379,0.183212
7.716666,0,0,0,-0.000425,0.084974,0.004656,-0.003091,0.28792,0.018946,-0.007031,0.496639,0.043884,-0.018883,0.638169,0.024786,0.031418,0.43805,0.044637,0.136207,0.444406,0.063412,0.411628,0.43888,0.039818,0.615429,0.473423,-0.083037,-0.044002,0.437309,0.038925,-0.150287,0.44598,0.03756,-0.41493,0.463613,-0.040524,-0.608676,0.528371,-0.167371,0.094663,0.000474,-1.90E-05,0.158711,-0.46332,0.088914,0.200335,-0.783349,0.210729,-0.094662,-0.000475,1.80E-05,-0.169902,-0.469218,0.041672,-0.227718,-0.778236,0.183639
7.733333,0,0,0,-0.000404,0.085063,0.004931,-0.00305,0.288088,0.019578,-0.007061,0.496783,0.044957,-0.018764,0.638312,0.025536,0.031406,0.438174,0.045593,0.136164,0.444725,0.064474,0.4116,0.440504,0.04079,0.613764,0.477775,-0.083959,-0.044013,0.437422,0.039862,-0.150291,0.44618,0.038512,-0.41485,0.465472,-0.039464,-0.60697,0.533817,-0.166901,0.094663,0.000444,0.000105,0.158592,-0.463365,0.089048,0.200079,-0.783369,0.210972,-0.094663,-0.000443,-0.000106,-0.170095,-0.469115,0.041991,-0.228098,-0.778131,0.183889
7.75,0,0,0,-0.000416,0.085078,0.005219,-0.003103,0.28811,0.020227,-0.007227,0.496908,0.045888,-0.018891,0.638524,0.02606,0.03128,0.438184,0.046408,0.136028,0.4448,0.065316,0.411456,0.441499,0.041388,0.612043,0.481014,-0.085201,-0.044143,0.437393,0.040725,-0.150432,0.446031,0.039458,-0.414814,0.465788,-0.038999,-0.605314,0.536797,-0.167409,0.094662,0.000459,5.40E-05,0.158346,-0.463368,0.089075,0.199715,-0.783375,0.211035,-0.094663,-0.00046,-5.40E-05,-0.170483,-0.469055,0.04221,-0.228634,-0.778076,0.184035
7.766666,0,0,0,-0.000411,0.085054,0.005316,-0.003045,0.288047,0.020589,-0.00716,0.497004,0.046669,-0.018764,0.638803,0.026611,0.031348,0.438071,0.047045,0.136096,0.44466,0.065969,0.411473,0.441516,0.041445,0.610709,0.482793,-0.086705,-0.044075,0.437293,0.041376,-0.150373,0.445825,0.04015,-0.414579,0.46538,-0.038949,-0.603558,0.537998,-0.1687,0.094663,0.000457,2.20E-05,0.158296,-0.463402,0.088913,0.199645,-0.783381,0.210953,-0.094662,-0.000457,-2.30E-05,-0.170585,-0.469042,0.042164,-0.228746,-0.77805,0.184013
7.783333,0,0,0,-0.0004,0.084951,0.005416,-0.002938,0.287834,0.020896,-0.006975,0.497002,0.047184,-0.018557,0.639016,0.026975,0.031519,0.437824,0.047458,0.13627,0.444348,0.066387,0.411594,0.441082,0.041287,0.609334,0.483925,-0.088653,-0.043908,0.437075,0.041833,-0.15022,0.445451,0.040712,-0.414251,0.464305,-0.039138,-0.601684,0.538094,-0.170461,0.094662,0.000447,-2.40E-05,0.158298,-0.46345,0.088673,0.199661,-0.783418,0.210736,-0.094663,-0.000447,2.40E-05,-0.170624,-0.469042,0.042035,-0.228756,-0.77805,0.183896
7.8,0,0,0,-0.00038,0.084825,0.005501,-0.002812,0.287573,0.021171,-0.006756,0.496929,0.04756,-0.018351,0.639139,0.027345,0.03172,0.437541,0.047762,0.136478,0.443986,0.066678,0.411751,0.440408,0.041066,0.608043,0.48441,-0.090671,-0.043711,0.436822,0.04219,-0.150039,0.445003,0.04119,-0.413904,0.462793,-0.039449,-0.599992,0.53718,-0.172337,0.094663,0.000429,-7.50E-05,0.158296,-0.463489,0.088504,0.199675,-0.783429,0.210637,-0.094663,-0.000429,7.50E-05,-0.170665,-0.469035,0.04189,-0.228767,-0.778038,0.183773
7.816666,0,0,0,-0.00036,0.084722,0.005574,-0.002687,0.28736,0.021412,-0.006535,0.496879,0.047804,-0.018172,0.639259,0.027673,0.031921,0.437317,0.047964,0.13669,0.443697,0.066838,0.411907,0.439612,0.040701,0.606962,0.484169,-0.092676,-0.043514,0.436626,0.042445,-0.149858,0.444617,0.041569,-0.413579,0.461196,-0.039797,-0.598546,0.535627,-0.174217,0.094663,0.000408,-9.60E-05,0.158316,-0.463536,0.088337,0.199707,-0.783452,0.210525,-0.094663,-0.000409,9.60E-05,-0.170662,-0.469036,0.041685,-0.228742,-0.778018,0.183624
7.833333,0,0,0,-0.000334,0.084588,0.005633,-0.002553,0.287087,0.021593,-0.00631,0.496791,0.047907,-0.018051,0.639354,0.027909,0.032129,0.437044,0.048045,0.136914,0.443373,0.06685,0.412071,0.438793,0.040174,0.605928,0.483667,-0.094835,-0.043311,0.436378,0.042585,-0.149669,0.444189,0.041829,-0.413251,0.459401,-0.040251,-0.59719,0.53341,-0.176304,0.094663,0.00038,-9.60E-05,0.158327,-0.463598,0.088153,0.199713,-0.783502,0.210374,-0.094663,-0.00038,9.60E-05,-0.17067,-0.469033,0.041365,-0.228737,-0.777997,0.183349
7.85,0,0,0,-0.000312,0.084472,0.005675,-0.002456,0.286853,0.021713,-0.00614,0.496679,0.047922,-0.017972,0.639368,0.02812,0.032284,0.436817,0.048053,0.137085,0.443093,0.066785,0.41218,0.437904,0.039583,0.604994,0.482697,-0.096937,-0.04316,0.436167,0.042648,-0.149528,0.443841,0.041982,-0.412966,0.457758,-0.040789,-0.596081,0.53096,-0.178381,0.094663,0.000355,-9.90E-05,0.158334,-0.463653,0.087979,0.199713,-0.783547,0.210233,-0.094663,-0.000356,9.90E-05,-0.170664,-0.469037,0.041069,-0.228706,-0.777967,0.183136
7.866666,0,0,0,-0.000293,0.084381,0.005704,-0.002377,0.286669,0.021795,-0.006013,0.496618,0.047877,-0.01798,0.639424,0.028239,0.032405,0.436646,0.04801,0.137216,0.442902,0.066691,0.412266,0.437212,0.03914,0.604186,0.48168,-0.098741,-0.043043,0.436004,0.042657,-0.14942,0.443565,0.042056,-0.41273,0.456292,-0.041308,-0.59525,0.528464,-0.180231,0.094664,0.000337,-0.000118,0.158349,-0.463697,0.087818,0.199736,-0.783584,0.210084,-0.094663,-0.000338,0.000117,-0.170663,-0.469042,0.04081,-0.228676,-0.777961,0.182913
7.883333,0,0,0,-0.000275,0.08431,0.00572,-0.002273,0.286526,0.021844,-0.005831,0.496584,0.047803,-0.01791,0.639502,0.028375,0.032569,0.436508,0.047945,0.137387,0.442746,0.066594,0.412402,0.436569,0.038795,0.603534,0.4806,-0.100314,-0.042882,0.435888,0.042628,-0.149265,0.443358,0.04206,-0.412447,0.45492,-0.041879,-0.594536,0.525854,-0.181998,0.094663,0.000317,-0.000124,0.158393,-0.463735,0.087687,0.199805,-0.783625,0.209938,-0.094664,-0.000317,0.000124,-0.170637,-0.469048,0.040556,-0.22862,-0.777955,0.182699
7.9,0,0,0,-0.00026,0.084252,0.005719,-0.002228,0.286409,0.021856,-0.00575,0.496537,0.047696,-0.017922,0.639532,0.02849,0.032643,0.436403,0.04785,0.137468,0.442623,0.06647,0.412455,0.435966,0.038512,0.603019,0.479447,-0.101546,-0.04281,0.435788,0.042568,-0.149197,0.443214,0.042027,-0.412264,0.453784,-0.042399,-0.594085,0.523421,-0.183514,0.094664,0.000302,-0.00014,0.158407,-0.463768,0.087561,0.199835,-0.783665,0.209789,-0.094663,-0.000303,0.000141,-0.170657,-0.469047,0.040386,-0.228637,-0.777962,0.182512
7.916666,0,0,0,-0.000234,0.084187,0.005698,-0.002021,0.286279,0.021851,-0.005324,0.496473,0.047637,-0.017526,0.639553,0.028672,0.033008,0.436244,0.047798,0.137841,0.442413,0.066387,0.412813,0.435451,0.038351,0.603037,0.478471,-0.102311,-0.042446,0.435705,0.042525,-0.148834,0.443119,0.042011,-0.411828,0.452812,-0.042747,-0.593492,0.521283,-0.184633,0.094663,0.000266,-5.40E-05,0.158599,-0.463798,0.087542,0.200112,-0.783701,0.209723,-0.094664,-0.000266,5.40E-05,-0.170458,-0.469044,0.040288,-0.228409,-0.777963,0.182416
7.933333,0,0,0,-0.000215,0.084141,0.005662,-0.001972,0.286189,0.021751,-0.005216,0.496436,0.047418,-0.017519,0.639571,0.028654,0.033101,0.43616,0.047603,0.137939,0.442285,0.066179,0.412904,0.434975,0.038172,0.60298,0.477545,-0.102826,-0.042354,0.435638,0.042343,-0.148743,0.443047,0.041833,-0.411685,0.452016,-0.043167,-0.593346,0.519325,-0.185611,0.094664,0.000244,-2.20E-05,0.158635,-0.463837,0.087457,0.200152,-0.783755,0.2096,-0.094663,-0.000243,2.30E-05,-0.170435,-0.469022,0.040282,-0.228409,-0.777983,0.182311
7.95,0,0,0,-0.000214,0.084117,0.005624,-0.002081,0.286146,0.021604,-0.005442,0.496434,0.047136,-0.017842,0.639616,0.028593,0.032911,0.436155,0.047349,0.13775,0.442247,0.065929,0.41271,0.434542,0.037968,0.602791,0.476713,-0.103143,-0.042545,0.435586,0.042106,-0.148934,0.442984,0.041569,-0.411838,0.4514,-0.043607,-0.593639,0.517603,-0.18639,0.094664,0.000247,-9.80E-05,0.158533,-0.463864,0.087298,0.200015,-0.783797,0.20941,-0.094664,-0.000248,9.80E-05,-0.17059,-0.469005,0.04032,-0.228618,-0.778009,0.182233
7.966666,0,0,0,-0.000223,0.084093,0.005574,-0.002153,0.286105,0.021423,-0.00559,0.496414,0.046835,-0.018029,0.639623,0.02847,0.032785,0.436141,0.04708,0.137624,0.44219,0.065675,0.412586,0.434172,0.037827,0.602788,0.476078,-0.1032,-0.042671,0.435541,0.041841,-0.14906,0.442938,0.041271,-0.411953,0.450934,-0.043975,-0.594042,0.516167,-0.186838,0.094663,0.000262,-0.000175,0.158463,-0.46386,0.087209,0.199946,-0.783817,0.209261,-0.094663,-0.000263,0.000175,-0.170727,-0.469004,0.04033,-0.228782,-0.778047,0.182144
7.983333,0,0,0,-0.000225,0.084064,0.005512,-0.002129,0.286053,0.021221,-0.005537,0.49638,0.046518,-0.017963,0.639613,0.028297,0.032828,0.436099,0.0468,0.137669,0.442096,0.065406,0.412637,0.433857,0.037686,0.60313,0.475527,-0.103019,-0.042627,0.435507,0.041552,-0.149015,0.442906,0.04096,-0.411927,0.450497,-0.044269,-0.594443,0.514775,-0.18702,0.094663,0.000267,-0.000202,0.158491,-0.463851,0.087189,0.200016,-0.783819,0.209196,-0.094663,-0.000266,0.000203,-0.170743,-0.469006,0.040341,-0.228799,-0.778097,0.182052
8,0,0,0,-0.000232,0.084052,0.005382,-0.002149,0.286037,0.020879,-0.0056,0.496377,0.046092,-0.017993,0.639627,0.027964,0.032774,0.436097,0.046416,0.137612,0.442079,0.065038,0.412573,0.433601,0.037309,0.603579,0.475103,-0.102747,-0.042679,0.435493,0.041132,-0.149067,0.442882,0.040475,-0.412022,0.450086,-0.044653,-0.595114,0.513535,-0.187037,0.094663,0.000279,-0.000266,0.158446,-0.463864,0.087024,0.199976,-0.783846,0.208992,-0.094663,-0.000278,0.000267,-0.170812,-0.46902,0.040245,-0.228867,-0.77816,0.18185
8.016666,0,0,0,-0.000231,0.084041,0.00531,-0.002181,0.286021,0.020669,-0.005673,0.496386,0.045765,-0.018058,0.63966,0.027728,0.032712,0.436102,0.046126,0.137551,0.442066,0.064752,0.412515,0.433425,0.037112,0.604034,0.474633,-0.102329,-0.04274,0.435481,0.040834,-0.149131,0.442837,0.04016,-0.412151,0.449768,-0.044787,-0.59597,0.512405,-0.186592,0.094663,0.000278,-0.00029,0.158392,-0.463885,0.086931,0.199895,-0.7839,0.208822,-0.094664,-0.000277,0.000291,-0.170884,-0.469011,0.040234,-0.22898,-0.778203,0.181706
8.033333,0,0,0,-0.000239,0.084033,0.005256,-0.002226,0.286011,0.0205,-0.005765,0.496412,0.045449,-0.018144,0.639712,0.027452,0.032634,0.436117,0.045851,0.137474,0.442059,0.064473,0.412444,0.433208,0.036953,0.60463,0.473971,-0.101699,-0.042818,0.435476,0.040558,-0.149213,0.442771,0.039876,-0.412303,0.449265,-0.04489,-0.596966,0.510811,-0.186075,0.094663,0.000291,-0.000331,0.158342,-0.463879,0.086891,0.199844,-0.783925,0.2087,-0.094663,-0.00029,0.000331,-0.170965,-0.469014,0.04023,-0.229076,-0.778241,0.181622
8.05,0,0,0,-0.000239,0.083998,0.005207,-0.002205,0.285946,0.020336,-0.005712,0.496394,0.045133,-0.018069,0.63973,0.027184,0.032677,0.436065,0.04558,0.137527,0.441956,0.064164,0.412498,0.432931,0.036716,0.605473,0.47316,-0.100993,-0.042774,0.435432,0.04028,-0.149172,0.442683,0.039568,-0.412329,0.448705,-0.045026,-0.597869,0.508914,-0.185636,0.094663,0.000289,-0.000311,0.15837,-0.463881,0.086889,0.199886,-0.783952,0.208631,-0.094663,-0.00029,0.000311,-0.170951,-0.469007,0.040316,-0.229088,-0.778279,0.181597
8.066666,0,0,0,-0.000254,0.083948,0.005165,-0.002261,0.285852,0.020183,-0.0058,0.496358,0.044836,-0.018127,0.639743,0.026925,0.032599,0.435993,0.045324,0.13746,0.441789,0.063872,0.412426,0.432445,0.03648,0.606253,0.472009,-0.100222,-0.042852,0.435346,0.040018,-0.149255,0.442527,0.039249,-0.412463,0.447997,-0.045223,-0.598903,0.5068,-0.185236,0.094663,0.000307,-0.000333,0.158354,-0.463861,0.086891,0.199878,-0.783955,0.208569,-0.094663,-0.000307,0.000334,-0.171008,-0.469013,0.04036,-0.229154,-0.778303,0.1816
8.083333,0,0,0,-0.000262,0.083861,0.005112,-0.002315,0.28568,0.020039,-0.005896,0.496294,0.044568,-0.018207,0.639778,0.026689,0.032515,0.435845,0.045083,0.137396,0.441509,0.063562,0.412339,0.43166,0.036112,0.607232,0.470231,-0.099353,-0.042936,0.43518,0.039779,-0.149345,0.442241,0.038947,-0.412587,0.446797,-0.045475,-0.600139,0.503629,-0.184816,0.094663,0.000319,-0.000372,0.158318,-0.463844,0.086904,0.199844,-0.783964,0.208512,-0.094662,-0.000318,0.000371,-0.171093,-0.469003,0.040485,-0.22927,-0.778332,0.181625
8.1,0,0,0,-0.000278,0.083708,0.005038,-0.002385,0.285375,0.019861,-0.006007,0.49618,0.044266,-0.018332,0.639842,0.026417,0.032418,0.435564,0.044802,0.137334,0.441009,0.063147,0.412219,0.430454,0.035386,0.608381,0.467823,-0.098575,-0.043033,0.434881,0.0395,-0.149454,0.441763,0.038598,-0.4127,0.445021,-0.045868,-0.601519,0.499333,-0.184501,0.094662,0.000338,-0.000391,0.158282,-0.463822,0.086925,0.199798,-0.783973,0.208454,-0.094663,-0.000338,0.00039,-0.171186,-0.469002,0.040561,-0.229406,-0.778357,0.181628
8.116666,0,0,0,-0.000302,0.08351,0.004948,-0.002478,0.284981,0.019686,-0.006138,0.496053,0.043976,-0.01847,0.639971,0.026151,0.032303,0.435193,0.044518,0.137261,0.44035,0.062701,0.41202,0.428744,0.034117,0.609302,0.464701,-0.098579,-0.043149,0.434493,0.039228,-0.149584,0.441144,0.038264,-0.41278,0.442693,-0.046411,-0.602855,0.494076,-0.184442,0.094662,0.000366,-0.000405,0.158268,-0.463798,0.0869,0.199781,-0.783961,0.2084,-0.094663,-0.000366,0.000406,-0.171252,-0.469018,0.040598,-0.229502,-0.778385,0.181626
8.133333,0,0,0,-0.00034,0.083242,0.004801,-0.002572,0.284441,0.019455,-0.00624,0.495884,0.043607,-0.018627,0.640162,0.02587,0.03221,0.434675,0.044145,0.137219,0.439458,0.062145,0.411823,0.426142,0.032831,0.609896,0.460234,-0.099176,-0.043244,0.433967,0.038887,-0.1497,0.440258,0.037856,-0.412798,0.43931,-0.04713,-0.604159,0.486869,-0.184754,0.094662,0.000414,-0.000458,0.158253,-0.463752,0.086851,0.199785,-0.783921,0.208327,-0.094662,-0.000413,0.000458,-0.171337,-0.469052,0.040634,-0.229593,-0.77843,0.181635
8.15,0,0,0,-0.00037,0.082874,0.004627,-0.002602,0.2837,0.01922,-0.006214,0.495674,0.043197,-0.018766,0.640453,0.025513,0.032232,0.433954,0.043721,0.137285,0.438289,0.061572,0.411685,0.422651,0.031508,0.610327,0.454649,-0.10017,-0.043226,0.433257,0.038514,-0.149708,0.439091,0.03749,-0.41275,0.43502,-0.047575,-0.605804,0.47788,-0.184377,0.094661,0.000455,-0.000571,0.158227,-0.463731,0.086649,0.199795,-0.7839,0.208112,-0.094661,-0.000454,0.00057,-0.171459,-0.469094,0.040506,-0.229692,-0.778483,0.181492
8.166666,0,0,0,-0.000399,0.082432,0.004419,-0.00242,0.282806,0.019036,-0.005616,0.495367,0.042933,-0.018289,0.640706,0.025266,0.032717,0.433007,0.043421,0.13782,0.436732,0.061117,0.411981,0.418448,0.030375,0.611296,0.448156,-0.100821,-0.042744,0.432455,0.038242,-0.14925,0.437844,0.037279,-0.412106,0.430043,-0.0481,-0.606242,0.468144,-0.184778,0.094661,0.000487,-0.00056,0.15852,-0.463676,0.086564,0.200285,-0.783829,0.208004,-0.094661,-0.000489,0.00056,-0.171204,-0.469184,0.040332,-0.229303,-0.778557,0.181409
8.183333,0,0,0,-0.00037,0.081981,0.004204,-0.002303,0.281894,0.018785,-0.005241,0.495103,0.042386,-0.01808,0.641051,0.024824,0.033027,0.432095,0.042891,0.138176,0.435095,0.060451,0.412028,0.413384,0.029185,0.61223,0.440012,-0.10132,-0.042437,0.431624,0.037759,-0.148971,0.436452,0.036795,-0.411442,0.423716,-0.049173,-0.606374,0.455831,-0.186256,0.094662,0.000449,-0.000436,0.158839,-0.46376,0.086208,0.200677,-0.783833,0.207835,-0.094662,-0.000449,0.000436,-0.17095,-0.469197,0.040089,-0.229034,-0.778549,0.181218
8.2,0,0,0,-0.000404,0.081415,0.003928,-0.002358,0.280751,0.018453,-0.005181,0.49471,0.041757,-0.018135,0.641379,0.02436,0.033061,0.430975,0.042286,0.138226,0.433213,0.059865,0.411704,0.407522,0.028344,0.612771,0.430588,-0.101507,-0.042405,0.430536,0.037174,-0.148961,0.434817,0.03623,-0.411017,0.416919,-0.050084,-0.606778,0.442606,-0.187338,0.094661,0.000494,-0.000503,0.159043,-0.463747,0.085822,0.201013,-0.783769,0.207536,-0.094662,-0.000493,0.000502,-0.170841,-0.469303,0.039618,-0.228797,-0.778594,0.180934
8.216666,0,0,0,-0.00043,0.0809,0.003636,-0.002367,0.279709,0.01815,-0.005031,0.494361,0.04115,-0.018101,0.641687,0.023847,0.033175,0.42995,0.041691,0.13834,0.431455,0.059348,0.411391,0.401478,0.027917,0.613366,0.420706,-0.101149,-0.042295,0.429554,0.03664,-0.148875,0.433257,0.035915,-0.410507,0.40993,-0.050389,-0.60704,0.429437,-0.187559,0.094661,0.000531,-0.000609,0.15925,-0.463746,0.085361,0.201373,-0.783744,0.207085,-0.09466,-0.000531,0.00061,-0.17071,-0.469418,0.039044,-0.228498,-0.778664,0.180527
8.233333,0,0,0,-0.000472,0.080283,0.003282,-0.002453,0.278462,0.017736,-0.005073,0.493934,0.040227,-0.018274,0.642023,0.023011,0.033129,0.428759,0.040855,0.138271,0.429525,0.058693,0.410781,0.394708,0.027549,0.613901,0.409353,-0.100316,-0.042343,0.428367,0.035824,-0.148946,0.431372,0.035236,-0.40981,0.401272,-0.051297,-0.60667,0.412754,-0.188905,0.09466,0.000586,-0.000702,0.159421,-0.463759,0.084776,0.201661,-0.78372,0.206556,-0.094659,-0.000586,0.000703,-0.17061,-0.469557,0.038306,-0.228254,-0.778746,0.179972
8.25,0,0,0,-0.000519,0.079708,0.002918,-0.00252,0.277296,0.017374,-0.005036,0.493569,0.039502,-0.018342,0.64242,0.022401,0.033143,0.427624,0.040173,0.138248,0.427571,0.058245,0.410062,0.387397,0.027481,0.61432,0.397059,-0.099037,-0.042331,0.427257,0.035169,-0.148952,0.429547,0.034811,-0.40882,0.39211,-0.051854,-0.605492,0.395571,-0.190162,0.094658,0.000646,-0.000817,0.159615,-0.463759,0.08418,0.201996,-0.783685,0.206003,-0.094658,-0.000646,0.000817,-0.170491,-0.469704,0.037557,-0.227973,-0.778834,0.179417
8.266666,0,0,0,-0.000554,0.079207,0.002615,-0.002593,0.276279,0.01711,-0.005067,0.493308,0.038847,-0.018436,0.642867,0.021729,0.033105,0.426646,0.039585,0.138158,0.425823,0.05794,0.409193,0.380338,0.027696,0.614452,0.385109,-0.097473,-0.042369,0.426286,0.034589,-0.149004,0.427858,0.034457,-0.407908,0.383584,-0.051868,-0.6046,0.379613,-0.190134,0.094657,0.000692,-0.000907,0.15981,-0.463769,0.083633,0.202316,-0.783645,0.205544,-0.094657,-0.000692,0.000908,-0.170382,-0.469829,0.036854,-0.227709,-0.77889,0.178927
8.283333,0,0,0,-0.000594,0.078719,0.002313,-0.002768,0.275287,0.016876,-0.005352,0.493052,0.037998,-0.018695,0.643285,0.020859,0.032859,0.425741,0.038885,0.137829,0.424116,0.057655,0.407906,0.372715,0.028328,0.614301,0.372031,-0.09505,-0.042614,0.42533,0.03388,-0.149259,0.426099,0.033977,-0.406621,0.373474,-0.052274,-0.602481,0.36074,-0.191192,0.094656,0.000744,-0.000997,0.159989,-0.463772,0.083103,0.202611,-0.783608,0.205078,-0.094656,-0.000744,0.000996,-0.170297,-0.469955,0.036151,-0.227482,-0.778943,0.178439
8.3,0,0,0,-0.000637,0.078337,0.002015,-0.002933,0.274502,0.016736,-0.005679,0.492947,0.037328,-0.018971,0.643805,0.020097,0.032588,0.42504,0.038336,0.137445,0.422634,0.057641,0.406353,0.364835,0.029508,0.613495,0.358609,-0.092454,-0.042885,0.424562,0.033336,-0.149531,0.424472,0.033758,-0.405102,0.363119,-0.052048,-0.599768,0.341427,-0.19153,0.094654,0.000798,-0.0011,0.160094,-0.463761,0.082679,0.202801,-0.783563,0.204714,-0.094654,-0.000798,0.001099,-0.170314,-0.47006,0.035522,-0.227389,-0.778968,0.178029
8.316666,0,0,0,-0.000686,0.077975,0.001752,-0.003104,0.273756,0.016652,-0.005973,0.492829,0.036749,-0.019174,0.644263,0.019389,0.032338,0.424367,0.037867,0.137081,0.421234,0.057685,0.404716,0.357219,0.030909,0.611998,0.345904,-0.090448,-0.043136,0.423836,0.032882,-0.149776,0.422931,0.033671,-0.403371,0.353047,-0.051471,-0.59653,0.322769,-0.191447,0.094653,0.000859,-0.00115,0.160166,-0.463744,0.08233,0.202915,-0.783515,0.204431,-0.094653,-0.000859,0.001151,-0.170346,-0.470158,0.034994,-0.227378,-0.778985,0.177692
8.333333,0,0,0,-0.000748,0.077603,0.001511,-0.003328,0.272991,0.016582,-0.006348,0.492724,0.036013,-0.019411,0.644761,0.018566,0.032016,0.423694,0.037303,0.13663,0.419838,0.057666,0.40275,0.349138,0.032661,0.609321,0.332398,-0.08928,-0.043458,0.423097,0.03232,-0.150084,0.421336,0.033501,-0.401306,0.342152,-0.05053,-0.592354,0.302787,-0.191145,0.094652,0.000933,-0.00114,0.160246,-0.463727,0.081951,0.203013,-0.783489,0.204071,-0.094653,-0.000934,0.00114,-0.170382,-0.470267,0.034418,-0.227412,-0.779025,0.177268
8.35,0,0,0,-0.000784,0.077255,0.001429,-0.003428,0.272266,0.016838,-0.006414,0.492577,0.035294,-0.019403,0.645102,0.01775,0.031947,0.423057,0.03685,0.136444,0.418259,0.057608,0.40107,0.341568,0.034482,0.606318,0.318839,-0.088715,-0.043529,0.422449,0.031894,-0.150125,0.419569,0.033476,-0.398486,0.33082,-0.049489,-0.587191,0.282306,-0.190406,0.094652,0.000981,-0.001118,0.160394,-0.463697,0.081762,0.203233,-0.783478,0.203807,-0.094652,-0.000981,0.001117,-0.170408,-0.470329,0.034123,-0.227478,-0.779071,0.17699
8.366666,0,0,0,-0.000833,0.076976,0.001307,-0.00363,0.271679,0.016996,-0.006614,0.492441,0.034595,-0.019508,0.645346,0.016976,0.031753,0.42255,0.036381,0.13611,0.416841,0.057611,0.399111,0.334172,0.036643,0.602647,0.305728,-0.088198,-0.043724,0.421922,0.031467,-0.150283,0.4181,0.033532,-0.395494,0.319879,-0.04812,-0.58138,0.262505,-0.189453,0.094652,0.001043,-0.001109,0.160514,-0.463652,0.081577,0.203415,-0.783447,0.20356,-0.094651,-0.001042,0.001108,-0.170442,-0.470399,0.033909,-0.227542,-0.779135,0.176778
8.383333,0,0,0,-0.000893,0.076788,0.00115,-0.00385,0.271282,0.017056,-0.006811,0.492373,0.033807,-0.019583,0.645542,0.016114,0.031559,0.422226,0.03581,0.13575,0.415546,0.057561,0.396767,0.326283,0.038962,0.598203,0.291979,-0.087801,-0.043924,0.421582,0.030975,-0.150433,0.416877,0.033669,-0.392003,0.308652,-0.046177,-0.574624,0.242064,-0.187729,0.09465,0.001117,-0.00114,0.160625,-0.463601,0.081325,0.2036,-0.783405,0.20326,-0.094651,-0.001118,0.001141,-0.170465,-0.470491,0.03365,-0.227544,-0.779229,0.176523
8.4,0,0,0,-0.000981,0.076559,0.000769,-0.004189,0.270834,0.016445,-0.00722,0.492258,0.032636,-0.019757,0.645743,0.014997,0.031185,0.421843,0.034746,0.135201,0.41445,0.0571,0.393873,0.31808,0.041448,0.59291,0.278049,-0.087405,-0.044304,0.421155,0.030026,-0.150775,0.416108,0.033504,-0.388086,0.297493,-0.04432,-0.566668,0.221486,-0.186277,0.094649,0.001225,-0.001153,0.160683,-0.463565,0.080859,0.203666,-0.783345,0.202854,-0.094649,-0.001224,0.001152,-0.170434,-0.47064,0.033117,-0.227442,-0.779322,0.176139
8.416666,0,0,0,-0.001047,0.076457,0.000483,-0.004425,0.270636,0.016043,-0.007622,0.492235,0.031604,-0.019914,0.645861,0.013857,0.030843,0.421725,0.033881,0.134705,0.41373,0.056733,0.390891,0.310611,0.04336,0.587981,0.265397,-0.086764,-0.04465,0.420963,0.029218,-0.151071,0.415312,0.033235,-0.384089,0.287178,-0.042444,-0.558806,0.202587,-0.184356,0.094647,0.001302,-0.001157,0.160689,-0.463567,0.080397,0.203628,-0.783293,0.202552,-0.094648,-0.001303,0.001157,-0.17042,-0.470752,0.032659,-0.227371,-0.779385,0.175809
8.433333,0,0,0,-0.001086,0.076542,0.00031,-0.004604,0.270796,0.015945,-0.007894,0.492383,0.030731,-0.020046,0.645936,0.012813,0.030603,0.421962,0.033243,0.134249,0.413225,0.056793,0.387394,0.302529,0.046396,0.581305,0.252628,-0.086759,-0.044891,0.42115,0.028612,-0.151246,0.41478,0.033276,-0.379153,0.27633,-0.039755,-0.549104,0.182462,-0.181625,0.094648,0.001348,-0.001121,0.160666,-0.463577,0.080134,0.203539,-0.783287,0.202351,-0.094647,-0.001348,0.00112,-0.170456,-0.470806,0.032398,-0.227453,-0.779425,0.175559
8.45,0,0,0,-0.001118,0.076637,0.000109,-0.004804,0.27099,0.015652,-0.008198,0.49255,0.029629,-0.020252,0.646026,0.011638,0.030337,0.422236,0.032369,0.133794,0.41278,0.056471,0.383766,0.294854,0.049336,0.574768,0.239989,-0.086049,-0.04516,0.421368,0.027805,-0.151445,0.414373,0.033114,-0.373843,0.26591,-0.037176,-0.538811,0.163045,-0.178685,0.094648,0.001383,-0.001069,0.160674,-0.463588,0.079916,0.203496,-0.783306,0.202133,-0.094648,-0.001382,0.001069,-0.170487,-0.470849,0.032143,-0.227555,-0.779455,0.175303
8.466666,0,0,0,-0.001144,0.076756,-6.80E-05,-0.004951,0.271234,0.015382,-0.008427,0.492699,0.02867,-0.020346,0.646049,0.010688,0.030142,0.422548,0.031586,0.133418,0.41244,0.056189,0.380162,0.287757,0.052314,0.568203,0.228424,-0.085312,-0.045361,0.421631,0.027122,-0.151569,0.414035,0.033106,-0.368419,0.256369,-0.034424,-0.528451,0.145452,-0.175518,0.094647,0.00141,-0.001077,0.160699,-0.46359,0.079723,0.203514,-0.783307,0.201943,-0.094648,-0.001409,0.001077,-0.170494,-0.470888,0.031945,-0.227573,-0.779504,0.175083
8.483333,0,0,0,-0.0012,0.07692,-0.000244,-0.005255,0.271565,0.015113,-0.008883,0.492839,0.027723,-0.020443,0.645997,0.009819,0.029745,0.422956,0.03079,0.132864,0.412221,0.055788,0.375979,0.280544,0.055516,0.561144,0.214791,-0.083092,-0.045765,0.421963,0.026476,-0.151889,0.413822,0.033183,-0.362373,0.246556,-0.031336,-0.516702,0.127321,-0.172002,0.094645,0.001473,-0.001163,0.160771,-0.463517,0.079629,0.203658,-0.78324,0.201808,-0.094645,-0.001472,0.001164,-0.170414,-0.470978,0.03182,-0.2274,-0.779603,0.174974
8.5,0,0,0,-0.001242,0.077113,-0.00041,-0.005436,0.271963,0.014802,-0.009178,0.493015,0.026726,-0.020469,0.645927,0.008741,0.029493,0.423422,0.029963,0.132433,0.412155,0.05546,0.371686,0.273637,0.059176,0.553485,0.203257,-0.081596,-0.046023,0.42237,0.025764,-0.152056,0.413661,0.033158,-0.355971,0.237279,-0.028084,-0.504431,0.110195,-0.168191,0.094644,0.001518,-0.001234,0.160835,-0.463459,0.079585,0.203786,-0.783197,0.201702,-0.094644,-0.001517,0.001233,-0.170356,-0.471043,0.03172,-0.227278,-0.779674,0.174886
8.516666,0,0,0,-0.000955,0.076526,-0.000535,-0.003241,0.270768,0.015249,-0.005075,0.492773,0.026128,-0.018387,0.646377,0.007973,0.033065,0.42201,0.029303,0.136496,0.408564,0.05153,0.362662,0.249589,0.050798,0.536181,0.148245,-0.081117,-0.042494,0.421556,0.025839,-0.14849,0.412326,0.033131,-0.347882,0.230075,-0.025783,-0.492501,0.096127,-0.163494,0.094647,0.001172,-0.001339,0.160474,-0.463832,0.07962,0.203153,-0.783623,0.201692,-0.094647,-0.001172,0.00134,-0.170867,-0.470629,0.031618,-0.228255,-0.779242,0.174637
8.533333,0,0,0,-0.000736,0.076799,-0.00064,-0.00204,0.271311,0.01531,-0.002914,0.493242,0.026232,-0.017356,0.646597,0.007499,0.034872,0.422379,0.029658,0.138141,0.410105,0.053291,0.35726,0.24152,0.050184,0.52864,0.1359,-0.081327,-0.040662,0.422278,0.025664,-0.146558,0.41167,0.032525,-0.340242,0.222221,-0.022607,-0.479142,0.081388,-0.159334,0.094651,0.000897,-0.00132,0.160694,-0.464118,0.0794,0.203559,-0.783793,0.201711,-0.09465,-0.000897,0.001319,-0.170791,-0.470373,0.031508,-0.22803,-0.779059,0.174429
8.55,0,0,0,-0.00068,0.076919,-0.000698,-0.00177,0.27154,0.015415,-0.002147,0.493407,0.025883,-0.016942,0.646614,0.006925,0.035476,0.422552,0.029483,0.138643,0.409988,0.053403,0.352941,0.235307,0.050852,0.519914,0.127319,-0.084349,-0.040056,0.422614,0.025437,-0.14588,0.411518,0.032638,-0.333035,0.214601,-0.018735,-0.465504,0.067253,-0.154975,0.094652,0.000825,-0.001277,0.160779,-0.464175,0.079459,0.203653,-0.783812,0.201868,-0.094651,-0.000825,0.001278,-0.170687,-0.470317,0.031485,-0.227961,-0.77898,0.17444
8.566666,0,0,0,-0.000686,0.077021,-0.000779,-0.001779,0.271741,0.015374,-0.001764,0.49348,0.025327,-0.016687,0.646502,0.006211,0.035737,0.42272,0.029081,0.138787,0.409385,0.053088,0.349047,0.229852,0.051572,0.510657,0.119638,-0.08827,-0.039797,0.422905,0.025066,-0.145581,0.411677,0.032628,-0.326308,0.207938,-0.015028,-0.452403,0.054697,-0.150815,0.094652,0.000831,-0.001261,0.160837,-0.464163,0.07946,0.203712,-0.783775,0.201933,-0.094652,-0.00083,0.001261,-0.170621,-0.470337,0.031401,-0.227908,-0.778963,0.174432
8.583333,0,0,0,-0.000712,0.077119,-0.000889,-0.001916,0.271941,0.015231,-0.001588,0.493505,0.024603,-0.016513,0.646309,0.005351,0.035817,0.422903,0.028525,0.138722,0.408573,0.052585,0.3449,0.22436,0.052049,0.500365,0.112226,-0.093134,-0.039718,0.423182,0.024555,-0.14547,0.411898,0.032484,-0.319159,0.201248,-0.011134,-0.438325,0.041989,-0.146254,0.094652,0.000859,-0.00127,0.160888,-0.464146,0.079349,0.203771,-0.783738,0.201871,-0.094651,-0.000859,0.00127,-0.170558,-0.47039,0.031189,-0.227831,-0.778975,0.174314
8.6,0,0,0,-0.000754,0.077238,-0.000977,-0.002176,0.272183,0.015086,-0.001678,0.493546,0.023856,-0.016484,0.646123,0.0045,0.035676,0.423151,0.027961,0.138418,0.407842,0.052114,0.340667,0.219326,0.052768,0.489522,0.105424,-0.097863,-0.039861,0.423477,0.02402,-0.145583,0.412164,0.032293,-0.312091,0.195012,-0.007243,-0.424316,0.029967,-0.141356,0.094651,0.000907,-0.001262,0.160929,-0.464109,0.079253,0.203802,-0.783682,0.201829,-0.094651,-0.000907,0.001262,-0.170453,-0.470466,0.031004,-0.2277,-0.779013,0.174222
8.616666,0,0,0,-0.000811,0.077382,-0.001029,-0.002534,0.272476,0.014977,-0.00206,0.493589,0.023209,-0.016595,0.645893,0.00364,0.035304,0.423479,0.027482,0.137885,0.40736,0.051791,0.33658,0.215111,0.053867,0.479261,0.09962,-0.101455,-0.040234,0.423786,0.023562,-0.145923,0.412421,0.032175,-0.305603,0.189561,-0.00359,-0.411349,0.019366,-0.136526,0.094651,0.000977,-0.001211,0.160961,-0.464052,0.079212,0.203797,-0.783615,0.201826,-0.094651,-0.000977,0.001212,-0.170363,-0.470557,0.030843,-0.227623,-0.779042,0.174189
8.633333,0,0,0,-0.000877,0.077596,-0.001069,-0.002943,0.272908,0.014878,-0.002553,0.493734,0.022613,-0.016785,0.645737,0.002879,0.03484,0.423952,0.027038,0.137231,0.407023,0.051595,0.33211,0.210937,0.055673,0.468656,0.093948,-0.103984,-0.0407,0.424222,0.023142,-0.146359,0.412837,0.032083,-0.29882,0.184377,0.000362,-0.397747,0.008938,-0.130999,0.094651,0.001054,-0.001103,0.160979,-0.463989,0.079225,0.203747,-0.783541,0.201891,-0.094652,-0.001054,0.001102,-0.170306,-0.470642,0.030758,-0.227632,-0.779054,0.174237
8.65,0,0,0,-0.000937,0.077834,-0.001127,-0.003322,0.273387,0.014748,-0.003059,0.493932,0.022029,-0.016971,0.645651,0.002169,0.03438,0.424478,0.026574,0.136599,0.406861,0.051364,0.327708,0.207163,0.057805,0.458873,0.088834,-0.105337,-0.041162,0.424695,0.022738,-0.146793,0.41329,0.031997,-0.29205,0.179699,0.004092,-0.384325,-0.000768,-0.125283,0.094652,0.001124,-0.001069,0.161007,-0.463918,0.07924,0.203754,-0.783447,0.201972,-0.094651,-0.001124,0.001069,-0.17027,-0.470717,0.030745,-0.227609,-0.779082,0.174318
8.666666,0,0,0,-0.000986,0.077784,-0.001182,-0.003626,0.27329,0.014643,-0.003684,0.493813,0.021177,-0.017342,0.645493,0.001196,0.033855,0.424475,0.025963,0.135933,0.406495,0.051071,0.323686,0.20374,0.060178,0.450281,0.084738,-0.106056,-0.041687,0.424569,0.022117,-0.147305,0.412899,0.031189,-0.285812,0.174762,0.007756,-0.371629,-0.01241,-0.116428,0.09465,0.001183,-0.001096,0.161007,-0.463855,0.079232,0.203759,-0.783377,0.201984,-0.09465,-0.001183,0.001097,-0.170263,-0.47078,0.030721,-0.227576,-0.779113,0.174372
8.683333,0,0,0,-0.001048,0.078165,-0.001241,-0.003917,0.274054,0.014556,-0.003989,0.494135,0.020857,-0.017361,0.64536,0.000641,0.033567,0.425254,0.025659,0.135501,0.406705,0.050937,0.319409,0.200595,0.062776,0.44169,0.080905,-0.106172,-0.041982,0.425336,0.021946,-0.147545,0.413572,0.031527,-0.278887,0.171123,0.011235,-0.358865,-0.02047,-0.110079,0.094648,0.00125,-0.001208,0.161058,-0.463748,0.079302,0.203898,-0.78324,0.202102,-0.094648,-0.00125,0.001208,-0.170173,-0.47086,0.030853,-0.227346,-0.779179,0.174589
8.7,0,0,0,-0.001105,0.078425,-0.00129,-0.00421,0.274576,0.014471,-0.004364,0.494327,0.020374,-0.017516,0.645206,6.00E-06,0.033221,0.425811,0.025282,0.135034,0.406871,0.050756,0.315237,0.197686,0.065325,0.43337,0.077685,-0.106331,-0.04233,0.425856,0.02162,-0.147884,0.414177,0.0314,-0.272562,0.167952,0.014915,-0.346119,-0.027461,-0.10435,0.094646,0.001312,-0.001277,0.161061,-0.463669,0.07933,0.20394,-0.783159,0.20212,-0.094646,-0.001312,0.001278,-0.170126,-0.470928,0.030933,-0.227218,-0.779245,0.174707
8.716666,0,0,0,-0.00114,0.078689,-0.001339,-0.004448,0.275107,0.014358,-0.00469,0.494506,0.019914,-0.017672,0.645026,-0.000546,0.032926,0.426373,0.024915,0.13465,0.407172,0.050551,0.311363,0.195224,0.067703,0.425636,0.075063,-0.106436,-0.042627,0.426382,0.021295,-0.148171,0.414805,0.031296,-0.266965,0.165487,0.018178,-0.334633,-0.032825,-0.099781,0.094646,0.00135,-0.001302,0.161062,-0.463625,0.079342,0.203952,-0.783112,0.202135,-0.094645,-0.00135,0.001301,-0.170102,-0.470965,0.031022,-0.227175,-0.779278,0.174813
8.733333,0,0,0,-0.001169,0.079035,-0.001358,-0.004652,0.27579,0.014429,-0.005029,0.494763,0.019488,-0.017877,0.644828,-0.001157,0.03263,0.427103,0.024643,0.134242,0.407573,0.050471,0.307434,0.19293,0.069883,0.417724,0.07249,-0.106616,-0.042924,0.427056,0.021038,-0.148434,0.415265,0.031146,-0.261405,0.163104,0.021333,-0.323107,-0.038,-0.095164,0.094644,0.001377,-0.001309,0.161046,-0.463609,0.079282,0.20392,-0.783082,0.202117,-0.094645,-0.001377,0.001309,-0.170095,-0.470992,0.03105,-0.227166,-0.779303,0.174845
8.75,0,0,0,-0.001189,0.079332,-0.001375,-0.004816,0.276374,0.014537,-0.00527,0.494982,0.019059,-0.017976,0.644657,-0.001757,0.032415,0.427725,0.024371,0.133909,0.407865,0.050411,0.303709,0.190742,0.072074,0.409766,0.070188,-0.106923,-0.04314,0.427642,0.020795,-0.148612,0.415571,0.030974,-0.256085,0.160916,0.024358,-0.31195,-0.042658,-0.090786,0.094644,0.001395,-0.001342,0.161025,-0.463593,0.079253,0.203881,-0.783051,0.202136,-0.094644,-0.001395,0.001343,-0.170066,-0.471013,0.031127,-0.227111,-0.779329,0.174919
8.766666,0,0,0,-0.001246,0.079348,-0.001458,-0.005092,0.276429,0.014133,-0.005643,0.494979,0.01847,-0.018137,0.644611,-0.002351,0.032093,0.427806,0.023718,0.133629,0.407974,0.049615,0.300287,0.188757,0.074369,0.40186,0.068986,-0.107728,-0.043474,0.427682,0.020386,-0.14896,0.416187,0.031062,-0.251443,0.15943,0.02698,-0.301937,-0.046183,-0.087016,0.094641,0.00146,-0.001474,0.161042,-0.463527,0.079112,0.203984,-0.782951,0.202052,-0.094641,-0.001459,0.001473,-0.170117,-0.471073,0.031172,-0.227083,-0.779402,0.17497
8.783333,0,0,0,-0.000838,0.080003,-0.001428,-0.002069,0.27767,0.015371,-0.002288,0.495875,0.019827,-0.016892,0.644836,-0.001935,0.035402,0.428993,0.024719,0.137963,0.410888,0.047674,0.278255,0.173751,0.070661,0.360376,0.027787,-0.101886,-0.040191,0.428972,0.02204,-0.14562,0.416197,0.031796,-0.245975,0.158582,0.029097,-0.292754,-0.049083,-0.082745,0.094646,0.000964,-0.001587,0.160561,-0.464044,0.079276,0.203153,-0.783506,0.20224,-0.094645,-0.000963,0.001587,-0.170729,-0.470473,0.031381,-0.228266,-0.778868,0.174811
8.8,0,0,0,-0.00082,0.080288,-0.001411,-0.002038,0.278218,0.015656,-0.002122,0.496113,0.019601,-0.016796,0.644699,-0.002466,0.035526,0.429539,0.024652,0.138093,0.411374,0.047536,0.274561,0.172057,0.070936,0.349859,0.024895,-0.103691,-0.040067,0.429558,0.021977,-0.145472,0.416444,0.031528,-0.241527,0.157181,0.031452,-0.283409,-0.051985,-0.07953,0.094645,0.000938,-0.001644,0.160565,-0.464056,0.079299,0.203166,-0.78353,0.202226,-0.094645,-0.000937,0.001643,-0.170689,-0.470458,0.031368,-0.228199,-0.778879,0.17475
8.816666,0,0,0,-0.000811,0.080452,-0.001405,-0.002087,0.278529,0.015849,-0.00203,0.496251,0.019423,-0.016784,0.644609,-0.002908,0.035575,0.42984,0.024589,0.138134,0.411486,0.047355,0.27123,0.170272,0.070702,0.339094,0.022764,-0.106659,-0.040018,0.429904,0.021913,-0.14543,0.416709,0.031283,-0.237703,0.156087,0.033562,-0.275017,-0.054282,-0.076774,0.094644,0.000925,-0.0017,0.160606,-0.464073,0.079183,0.203275,-0.783506,0.202194,-0.094644,-0.000924,0.0017,-0.17069,-0.470451,0.031332,-0.228193,-0.778876,0.17471
8.833333,0,0,0,-0.000808,0.080507,-0.001404,-0.002133,0.278641,0.015835,-0.001928,0.496269,0.018922,-0.016681,0.644483,-0.003691,0.035631,0.429945,0.024243,0.138173,0.411359,0.0469,0.268151,0.168424,0.069962,0.328274,0.020881,-0.110143,-0.039962,0.430054,0.021557,-0.145401,0.416895,0.030661,-0.233993,0.155029,0.035271,-0.266522,-0.056541,-0.074282,0.094642,0.000918,-0.001814,0.160742,-0.464099,0.078846,0.203561,-0.783544,0.201773,-0.094642,-0.000918,0.001814,-0.170561,-0.470486,0.031104,-0.227933,-0.779009,0.174325
8.85,0,0,0,-0.000823,0.080661,-0.001411,-0.002377,0.278926,0.016092,-0.002177,0.496399,0.019036,-0.016942,0.644425,-0.003759,0.035379,0.430236,0.024431,0.137845,0.411331,0.047167,0.264686,0.166699,0.069757,0.317877,0.01952,-0.112809,-0.040211,0.430342,0.021687,-0.145681,0.417289,0.030595,-0.230953,0.154369,0.03734,-0.258786,-0.05812,-0.071723,0.094642,0.000934,-0.001788,0.160627,-0.464075,0.079013,0.203343,-0.783482,0.202076,-0.094642,-0.000934,0.001788,-0.170664,-0.470471,0.031313,-0.228115,-0.778923,0.174654
8.866666,0,0,0,-0.000844,0.080775,-0.001408,-0.002584,0.27914,0.016227,-0.002415,0.49649,0.018953,-0.017114,0.644371,-0.004004,0.035149,0.430464,0.024422,0.137553,0.411315,0.047234,0.261645,0.165238,0.069391,0.30909,0.018576,-0.115164,-0.040441,0.430557,0.021664,-0.145944,0.417654,0.030394,-0.22851,0.153921,0.038859,-0.252057,-0.059279,-0.069826,0.094642,0.000957,-0.001809,0.160633,-0.46406,0.078941,0.203376,-0.783427,0.202096,-0.094641,-0.000958,0.001809,-0.170686,-0.470484,0.03145,-0.228139,-0.778964,0.174728
8.883333,0,0,0,-0.000869,0.080847,-0.001418,-0.002774,0.279275,0.016303,-0.002655,0.496518,0.01878,-0.017273,0.644275,-0.004304,0.034924,0.430617,0.024325,0.137269,0.411268,0.047231,0.258585,0.163779,0.069036,0.300891,0.017733,-0.11725,-0.040666,0.43069,0.021568,-0.146203,0.417961,0.030144,-0.226355,0.153538,0.040162,-0.245544,-0.060235,-0.068255,0.094641,0.000985,-0.001814,0.160576,-0.464024,0.07903,0.203274,-0.783434,0.20209,-0.094642,-0.000985,0.001814,-0.170693,-0.470505,0.031537,-0.228163,-0.779007,0.174761
8.9,0,0,0,-0.000887,0.080915,-0.001422,-0.00294,0.279406,0.016362,-0.002887,0.49654,0.018578,-0.017422,0.644175,-0.004622,0.034714,0.430769,0.024196,0.137007,0.411283,0.047218,0.25576,0.162531,0.068761,0.293875,0.017258,-0.119027,-0.040877,0.430816,0.021453,-0.146447,0.418278,0.029895,-0.224645,0.153325,0.04124,-0.239762,-0.060868,-0.066992,0.094641,0.001005,-0.001846,0.160545,-0.464008,0.079002,0.203238,-0.783435,0.20202,-0.09464,-0.001005,0.001847,-0.170714,-0.470521,0.031567,-0.228189,-0.77905,0.174734
8.916666,0,0,0,-0.0009,0.080971,-0.001427,-0.003068,0.279515,0.016384,-0.003084,0.49653,0.018356,-0.017543,0.644027,-0.004991,0.034539,0.430898,0.024041,0.136802,0.411354,0.047147,0.253328,0.161543,0.068594,0.288125,0.016896,-0.120318,-0.041052,0.430918,0.021313,-0.146651,0.418558,0.029661,-0.223293,0.153194,0.041995,-0.234875,-0.061232,-0.066213,0.09464,0.001018,-0.001878,0.160511,-0.464001,0.078955,0.203195,-0.783439,0.201949,-0.09464,-0.001019,0.001878,-0.170741,-0.470534,0.031554,-0.228221,-0.779076,0.174687
8.933333,0,0,0,-0.000908,0.081002,-0.001432,-0.003159,0.279571,0.016419,-0.00327,0.496498,0.018175,-0.017657,0.643895,-0.005269,0.034383,0.430979,0.023917,0.136649,0.411487,0.047054,0.251201,0.160765,0.068511,0.283057,0.016719,-0.121377,-0.041209,0.430962,0.021207,-0.146833,0.41876,0.029463,-0.222159,0.153059,0.042618,-0.230365,-0.061535,-0.065565,0.094639,0.001027,-0.001896,0.16049,-0.463998,0.078919,0.203166,-0.783446,0.201891,-0.09464,-0.001027,0.001896,-0.17075,-0.470543,0.031523,-0.22824,-0.779096,0.174632
8.95,0,0,0,-0.000909,0.081036,-0.001439,-0.003213,0.279638,0.016445,-0.003397,0.496481,0.018019,-0.017709,0.643784,-0.005532,0.034281,0.431065,0.023799,0.136581,0.4117,0.046892,0.249618,0.160293,0.068362,0.278979,0.016744,-0.122303,-0.041312,0.431019,0.021124,-0.146961,0.418993,0.029329,-0.221308,0.153045,0.043042,-0.226599,-0.06156,-0.065302,0.094638,0.001026,-0.001921,0.160478,-0.464007,0.078859,0.203157,-0.783466,0.201799,-0.094639,-0.001027,0.00192,-0.170755,-0.470548,0.031459,-0.228246,-0.779115,0.174537
8.966666,0,0,0,-0.000905,0.081067,-0.001447,-0.003228,0.279697,0.016456,-0.003464,0.496476,0.01789,-0.017691,0.643708,-0.005746,0.034231,0.431137,0.023704,0.136581,0.411939,0.046713,0.248582,0.160059,0.06807,0.275834,0.016846,-0.12316,-0.041363,0.431072,0.021047,-0.147033,0.419195,0.029193,-0.220655,0.153062,0.043214,-0.223643,-0.061531,-0.065241,0.094639,0.001022,-0.001921,0.16047,-0.464018,0.078824,0.203143,-0.783492,0.201728,-0.094638,-0.001022,0.001922,-0.170748,-0.470549,0.031382,-0.228249,-0.779121,0.174445
8.983333,0,0,0,-0.000895,0.081088,-0.001458,-0.003193,0.279737,0.016473,-0.003386,0.496464,0.017839,-0.017542,0.643639,-0.005857,0.034294,0.431172,0.023683,0.136654,0.41205,0.046712,0.24737,0.159571,0.067697,0.272914,0.016768,-0.124074,-0.041299,0.431122,0.021006,-0.146996,0.419458,0.029108,-0.220158,0.153207,0.043311,-0.221326,-0.06131,-0.065329,0.094639,0.00101,-0.001895,0.160462,-0.464038,0.078813,0.203112,-0.783533,0.201671,-0.09464,-0.00101,0.001896,-0.17074,-0.470542,0.0313,-0.228274,-0.779103,0.174373
9,0,0,0,-0.000872,0.081038,-0.00147,-0.003094,0.279633,0.016507,-0.003137,0.49641,0.0178,-0.017327,0.643622,-0.005962,0.034495,0.431045,0.02368,0.136838,0.411928,0.046791,0.246341,0.158915,0.067707,0.2706,0.016963,-0.124861,-0.041096,0.431046,0.020974,-0.146822,0.419627,0.029059,-0.219917,0.153362,0.043354,-0.219743,-0.060982,-0.065631,0.09464,0.000984,-0.001857,0.160466,-0.464067,0.078827,0.203097,-0.783576,0.201656,-0.094641,-0.000985,0.001857,-0.170725,-0.470522,0.031221,-0.228301,-0.779078,0.174288
9.016666,0,0,0,-0.000843,0.080958,-0.001487,-0.003001,0.279474,0.01649,-0.002982,0.496305,0.017738,-0.017223,0.643561,-0.00605,0.03463,0.430876,0.023645,0.137009,0.412011,0.0468,0.246055,0.158782,0.067489,0.269057,0.017379,-0.125636,-0.040961,0.430898,0.020913,-0.146706,0.41978,0.029152,-0.21989,0.153529,0.043251,-0.218966,-0.06066,-0.066035,0.094642,0.000952,-0.001805,0.160482,-0.464103,0.078848,0.203085,-0.783621,0.201662,-0.094642,-0.000952,0.001804,-0.170711,-0.47049,0.031196,-0.228353,-0.779044,0.17424
9.033333,0,0,0,-0.000822,0.080898,-0.001486,-0.002927,0.279348,0.016557,-0.002861,0.496225,0.017781,-0.017147,0.643513,-0.006074,0.034732,0.430742,0.023722,0.137126,0.411982,0.046898,0.246019,0.158663,0.06729,0.267885,0.017852,-0.1264,-0.040856,0.430781,0.020935,-0.146616,0.419767,0.029131,-0.220068,0.153573,0.042899,-0.218907,-0.060503,-0.066608,0.094643,0.000929,-0.001752,0.160484,-0.464127,0.078893,0.203052,-0.783651,0.201704,-0.094643,-0.000929,0.001753,-0.17071,-0.470467,0.031146,-0.228405,-0.779004,0.174206
9.05,0,0,0,-0.0008,0.080851,-0.001479,-0.002843,0.279248,0.016635,-0.002695,0.496154,0.017887,-0.017018,0.643458,-0.006026,0.034871,0.430627,0.023832,0.137273,0.411884,0.046987,0.246187,0.158555,0.06714,0.267214,0.018267,-0.127022,-0.040717,0.430695,0.02102,-0.146487,0.41975,0.029176,-0.220417,0.153671,0.042588,-0.219502,-0.060353,-0.067022,0.094645,0.000906,-0.001691,0.160495,-0.464147,0.078962,0.203032,-0.783681,0.201757,-0.094644,-0.000906,0.001692,-0.1707,-0.470442,0.031134,-0.228449,-0.778961,0.174211
9.066666,0,0,0,-0.000794,0.08081,-0.001472,-0.002811,0.279164,0.016671,-0.002646,0.496098,0.017983,-0.016958,0.643427,-0.005956,0.034914,0.430538,0.023918,0.137342,0.411874,0.04702,0.246673,0.158714,0.067036,0.267195,0.018666,-0.127353,-0.040674,0.430613,0.02109,-0.14645,0.419719,0.02923,-0.220943,0.153773,0.04218,-0.220672,-0.060145,-0.06764,0.094645,0.0009,-0.001655,0.160492,-0.464153,0.079009,0.203005,-0.783686,0.201812,-0.094645,-0.000901,0.001655,-0.170694,-0.470438,0.031111,-0.228465,-0.778936,0.174222
9.083333,0,0,0,-0.000785,0.080701,-0.001457,-0.002749,0.278939,0.016743,-0.002575,0.495971,0.018102,-0.016866,0.643405,-0.005815,0.034979,0.43031,0.024037,0.137456,0.411896,0.047127,0.248161,0.159394,0.067883,0.268011,0.019751,-0.126866,-0.040607,0.430389,0.021179,-0.14639,0.419553,0.029305,-0.221822,0.153846,0.04171,-0.222623,-0.059959,-0.068326,0.094646,0.000892,-0.001615,0.1605,-0.46416,0.079048,0.202991,-0.783684,0.201884,-0.094646,-0.000892,0.001615,-0.170685,-0.470431,0.03107,-0.228467,-0.778904,0.174232
9.1,0,0,0,-0.000778,0.080553,-0.001444,-0.002721,0.278645,0.016734,-0.002485,0.495821,0.018288,-0.016778,0.643406,-0.005602,0.035049,0.429999,0.02417,0.137476,0.411364,0.0473,0.248007,0.158685,0.066799,0.268748,0.019313,-0.128052,-0.040536,0.430102,0.021299,-0.146322,0.419313,0.029464,-0.222955,0.153916,0.041106,-0.225311,-0.05976,-0.069161,0.094647,0.000886,-0.00158,0.160524,-0.464159,0.0791,0.203014,-0.783666,0.201981,-0.094647,-0.000887,0.001581,-0.170672,-0.470426,0.031066,-0.228462,-0.778873,0.17428
9.116666,0,0,0,-0.000769,0.080397,-0.001424,-0.00266,0.278328,0.016792,-0.002405,0.495658,0.018471,-0.016717,0.643397,-0.005416,0.03512,0.429674,0.024334,0.137529,0.41101,0.047522,0.248857,0.158626,0.066285,0.270476,0.019232,-0.128454,-0.040464,0.429786,0.021423,-0.146247,0.418993,0.029604,-0.224317,0.153976,0.040323,-0.228647,-0.059567,-0.070141,0.094647,0.000879,-0.001549,0.160533,-0.464171,0.0791,0.203007,-0.783658,0.202038,-0.094647,-0.000878,0.001548,-0.170674,-0.470418,0.031014,-0.228473,-0.778831,0.174299
9.133333,0,0,0,-0.000759,0.080195,-0.001399,-0.002592,0.27792,0.016851,-0.002313,0.495444,0.018662,-0.016655,0.643381,-0.005204,0.035201,0.429257,0.024504,0.137591,0.410564,0.047751,0.250179,0.158682,0.065735,0.272921,0.019193,-0.128808,-0.040381,0.429379,0.021552,-0.146158,0.418571,0.029799,-0.226104,0.154072,0.039438,-0.233115,-0.05931,-0.071199,0.094648,0.00087,-0.001508,0.16054,-0.464188,0.079087,0.202993,-0.783651,0.202096,-0.094648,-0.00087,0.001508,-0.170663,-0.470413,0.03095,-0.228465,-0.778785,0.174322
9.15,0,0,0,-0.000744,0.079951,-0.001378,-0.002514,0.277431,0.016879,-0.002206,0.495184,0.018854,-0.016582,0.643357,-0.004977,0.035295,0.428757,0.024671,0.137651,0.409992,0.04801,0.251885,0.158787,0.065064,0.276278,0.019049,-0.129099,-0.040285,0.428891,0.021667,-0.146049,0.418031,0.030009,-0.228212,0.154166,0.038271,-0.238599,-0.058986,-0.072544,0.094649,0.000856,-0.001467,0.160564,-0.464209,0.079068,0.203002,-0.783648,0.202144,-0.094648,-0.000855,0.001466,-0.170644,-0.470404,0.030877,-0.228441,-0.778742,0.174322
9.166666,0,0,0,-0.000728,0.079834,-0.001335,-0.002448,0.277186,0.017031,-0.00215,0.495051,0.019019,-0.016548,0.643336,-0.004801,0.035348,0.428514,0.024866,0.137604,0.409407,0.048365,0.253906,0.159083,0.064355,0.280427,0.018908,-0.129215,-0.040229,0.428645,0.021791,-0.145948,0.417377,0.030172,-0.230611,0.154259,0.036884,-0.245109,-0.058613,-0.074005,0.094649,0.000838,-0.001436,0.160604,-0.464239,0.078995,0.203033,-0.783625,0.20221,-0.09465,-0.000838,0.001436,-0.170593,-0.470398,0.030799,-0.228364,-0.77869,0.174354
9.183333,0,0,0,-0.000705,0.079618,-0.001321,-0.002376,0.276753,0.017053,-0.002056,0.494799,0.019208,-0.016462,0.64327,-0.0046,0.035433,0.428071,0.025018,0.137623,0.408712,0.048596,0.256452,0.159509,0.063477,0.285693,0.018864,-0.129358,-0.040144,0.428212,0.021914,-0.14583,0.41673,0.030408,-0.233557,0.154575,0.035195,-0.252944,-0.057869,-0.075769,0.09465,0.000815,-0.001412,0.160647,-0.464268,0.078954,0.20308,-0.78362,0.202255,-0.094649,-0.000815,0.001413,-0.17054,-0.470388,0.030712,-0.228288,-0.778655,0.174331
9.2,0,0,0,-0.000699,0.079311,-0.00131,-0.002353,0.276148,0.016945,-0.002004,0.494496,0.019464,-0.016437,0.643283,-0.004282,0.035476,0.427447,0.025158,0.137671,0.408194,0.048802,0.259339,0.160312,0.062774,0.29187,0.019353,-0.129304,-0.040101,0.427604,0.022058,-0.145791,0.416326,0.030775,-0.237137,0.155379,0.033361,-0.261752,-0.056372,-0.07789,0.09465,0.00081,-0.001414,0.160661,-0.464269,0.078961,0.203099,-0.783589,0.202344,-0.09465,-0.000811,0.001415,-0.170547,-0.470385,0.030667,-0.228274,-0.778615,0.174374
9.216666,0,0,0,-0.000674,0.079115,-0.001306,-0.002254,0.275761,0.01689,-0.001869,0.494271,0.019615,-0.016294,0.643235,-0.004072,0.035598,0.427046,0.025248,0.137766,0.40767,0.048913,0.262737,0.161376,0.06176,0.299112,0.019989,-0.12931,-0.039978,0.427218,0.02214,-0.145656,0.415879,0.030919,-0.241007,0.156356,0.031064,-0.271509,-0.054616,-0.08021,0.094649,0.000783,-0.001433,0.16073,-0.464304,0.07884,0.203221,-0.7836,0.202267,-0.09465,-0.000782,0.001432,-0.170436,-0.470391,0.030408,-0.228081,-0.778577,0.174243
9.233333,0,0,0,-0.000672,0.079039,-0.001268,-0.002231,0.275601,0.016999,-0.001827,0.494235,0.02005,-0.01628,0.643331,-0.003599,0.035635,0.42687,0.025583,0.137787,0.407384,0.049221,0.266815,0.163121,0.06067,0.308077,0.021363,-0.129129,-0.039941,0.427054,0.022474,-0.145617,0.415715,0.031289,-0.245896,0.158072,0.028471,-0.283227,-0.05153,-0.08331,0.09465,0.000781,-0.001441,0.160773,-0.464329,0.078662,0.2033,-0.78352,0.202348,-0.09465,-0.000782,0.001441,-0.170438,-0.470399,0.030288,-0.227998,-0.778511,0.174316
9.25,0,0,0,-0.000674,0.078695,-0.001263,-0.002233,0.274933,0.016768,-0.001812,0.493919,0.020268,-0.016291,0.643396,-0.003251,0.035648,0.426182,0.025637,0.137891,0.407101,0.049214,0.271575,0.165301,0.05945,0.318063,0.02341,-0.129035,-0.03993,0.426376,0.02257,-0.145644,0.415504,0.031511,-0.251572,0.160182,0.025741,-0.295725,-0.047776,-0.086619,0.094649,0.000788,-0.001475,0.160768,-0.464321,0.078639,0.203308,-0.783522,0.202296,-0.094649,-0.000787,0.001475,-0.170438,-0.47041,0.030213,-0.227922,-0.778529,0.174257
9.266666,0,0,0,-0.000654,0.078481,-0.001219,-0.002146,0.274505,0.016812,-0.001739,0.493701,0.020602,-0.016251,0.643405,-0.002826,0.035727,0.425745,0.025863,0.13803,0.406798,0.04929,0.276722,0.167778,0.058097,0.328951,0.025689,-0.128729,-0.039852,0.425938,0.022829,-0.145576,0.415139,0.031743,-0.257483,0.162474,0.022778,-0.308715,-0.04343,-0.090359,0.09465,0.000766,-0.001462,0.160789,-0.464352,0.078577,0.203341,-0.783521,0.202312,-0.094649,-0.000766,0.001462,-0.170365,-0.470409,0.030074,-0.22778,-0.778489,0.174226
9.283333,0,0,0,-0.000625,0.078343,-0.001172,-0.001996,0.274225,0.016891,-0.001585,0.493578,0.021007,-0.016154,0.643451,-0.002348,0.035884,0.425451,0.026142,0.138266,0.40669,0.049369,0.282823,0.171109,0.056371,0.341961,0.028937,-0.128321,-0.039697,0.425649,0.023155,-0.145433,0.414922,0.032016,-0.264532,0.165726,0.01933,-0.324037,-0.037456,-0.094676,0.094649,0.000732,-0.001471,0.160792,-0.464398,0.078498,0.203343,-0.783552,0.202271,-0.09465,-0.000733,0.001471,-0.170304,-0.470397,0.029904,-0.227657,-0.77845,0.174139
9.3,0,0,0,-0.000605,0.078103,-0.001147,-0.001925,0.273749,0.016852,-0.001565,0.493367,0.021391,-0.016183,0.64354,-0.001779,0.035924,0.424967,0.026363,0.13843,0.406637,0.049385,0.289443,0.175096,0.054632,0.355953,0.033191,-0.127742,-0.039659,0.425151,0.023431,-0.145423,0.414679,0.032255,-0.272311,0.169581,0.015834,-0.340209,-0.030239,-0.099415,0.09465,0.000712,-0.001474,0.160829,-0.46443,0.078395,0.20342,-0.783548,0.202247,-0.094649,-0.000712,0.001474,-0.170302,-0.470382,0.029818,-0.227613,-0.778414,0.174115
9.316666,0,0,0,-0.000591,0.077855,-0.001129,-0.001842,0.273261,0.016787,-0.001518,0.493169,0.021779,-0.016198,0.643667,-0.001209,0.035986,0.424466,0.026575,0.138636,0.406652,0.049364,0.29605,0.179379,0.052696,0.369953,0.038407,-0.127543,-0.039599,0.424643,0.023703,-0.145399,0.41449,0.032472,-0.280111,0.173879,0.01242,-0.35616,-0.02218,-0.10419,0.09465,0.000697,-0.00147,0.160843,-0.464461,0.078298,0.203438,-0.783547,0.202232,-0.09465,-0.000696,0.001469,-0.17031,-0.470369,0.029745,-0.227596,-0.778388,0.174078
9.333333,0,0,0,-0.000573,0.077559,-0.001107,-0.001745,0.272674,0.016746,-0.001483,0.49292,0.022247,-0.016242,0.643792,-0.000546,0.036046,0.423868,0.026848,0.138874,0.406675,0.049308,0.30355,0.184584,0.050457,0.385792,0.04488,-0.12714,-0.039541,0.424028,0.024038,-0.145382,0.414215,0.032698,-0.288789,0.179074,0.008463,-0.373698,-0.012262,-0.109869,0.09465,0.000679,-0.001466,0.160833,-0.464487,0.078265,0.203427,-0.783574,0.202196,-0.09465,-0.000679,0.001465,-0.170318,-0.470354,0.029674,-0.227572,-0.778367,0.174034
9.35,0,0,0,-0.000554,0.0771,-0.001094,-0.001683,0.271769,0.016581,-0.001473,0.492489,0.022657,-0.016357,0.64387,5.70E-05,0.036077,0.422947,0.027043,0.139108,0.406616,0.049209,0.31144,0.190413,0.048355,0.402171,0.052507,-0.126489,-0.039513,0.423095,0.024284,-0.145418,0.413879,0.032812,-0.297886,0.184948,0.004767,-0.391658,-0.001305,-0.114969,0.09465,0.000659,-0.001462,0.160834,-0.464498,0.078314,0.203438,-0.783579,0.202258,-0.094651,-0.000659,0.001462,-0.170325,-0.47033,0.029729,-0.22756,-0.778346,0.17409
9.366666,0,0,0,-0.000526,0.076877,-0.001047,-0.001514,0.271313,0.016728,-0.001457,0.492311,0.023154,-0.016482,0.643987,0.000678,0.036142,0.422501,0.027419,0.139327,0.406655,0.04922,0.319003,0.196539,0.045911,0.418456,0.060657,-0.125745,-0.039449,0.4226,0.024672,-0.145374,0.41329,0.032834,-0.306699,0.191047,0.000817,-0.409765,0.009987,-0.119246,0.094651,0.000628,-0.001452,0.160805,-0.464545,0.078263,0.203403,-0.783612,0.202244,-0.09465,-0.000628,0.001453,-0.170359,-0.470294,0.029696,-0.22758,-0.778319,0.174044
9.383333,0,0,0,-0.000497,0.076572,-0.001016,-0.001384,0.27071,0.01667,-0.001587,0.492043,0.023654,-0.016723,0.644091,0.001366,0.036093,0.421915,0.027735,0.139473,0.407084,0.049328,0.326874,0.203859,0.04438,0.437721,0.070914,-0.122533,-0.039497,0.421932,0.024988,-0.145462,0.412781,0.032807,-0.315928,0.198095,-0.003186,-0.42851,0.022759,-0.123204,0.094651,0.000595,-0.001452,0.160766,-0.464572,0.078326,0.20337,-0.783639,0.202306,-0.094651,-0.000595,0.001451,-0.170405,-0.470248,0.029796,-0.227607,-0.778285,0.174125
9.4,0,0,0,-0.000469,0.076246,-0.000981,-0.001235,0.270066,0.016605,-0.001634,0.491781,0.024151,-0.016914,0.644245,0.002042,0.036109,0.421276,0.028044,0.139715,0.407517,0.049261,0.334718,0.211641,0.042245,0.456105,0.082443,-0.120216,-0.039481,0.421233,0.025296,-0.145498,0.412353,0.032712,-0.32504,0.205926,-0.007225,-0.447238,0.036839,-0.126797,0.094651,0.000563,-0.001462,0.160741,-0.464598,0.078371,0.203362,-0.783659,0.202362,-0.094651,-0.000563,0.001462,-0.170449,-0.470205,0.029878,-0.227629,-0.778265,0.174166
9.416666,0,0,0,-0.000452,0.07592,-0.000942,-0.001174,0.269421,0.016547,-0.001731,0.491469,0.024569,-0.017112,0.644295,0.002598,0.036062,0.420632,0.028307,0.139866,0.407765,0.049111,0.342098,0.219462,0.039795,0.472754,0.094073,-0.118404,-0.039528,0.420542,0.02555,-0.145603,0.412043,0.032578,-0.333527,0.213966,-0.010923,-0.464581,0.051305,-0.130031,0.094651,0.000545,-0.001472,0.16075,-0.464614,0.078364,0.203406,-0.783674,0.202345,-0.094651,-0.000545,0.001471,-0.170449,-0.470186,0.029897,-0.227587,-0.778269,0.174153
9.433333,0,0,0,-0.00044,0.075619,-0.000904,-0.001128,0.268832,0.01643,-0.001841,0.491226,0.024977,-0.017324,0.644434,0.003179,0.036,0.420041,0.028556,0.139991,0.40806,0.048947,0.349746,0.22833,0.036934,0.489136,0.108226,-0.117878,-0.039589,0.419906,0.025763,-0.145732,0.411889,0.03232,-0.342309,0.22325,-0.014764,-0.482643,0.067999,-0.13319,0.094651,0.000534,-0.00149,0.160762,-0.464624,0.078347,0.203458,-0.783681,0.20232,-0.09465,-0.000533,0.001489,-0.170443,-0.470176,0.029903,-0.227526,-0.778279,0.174138
9.45,0,0,0,-0.000422,0.075292,-0.000857,-0.001129,0.268187,0.016343,-0.002004,0.490903,0.025393,-0.01754,0.64447,0.003725,0.035886,0.419395,0.028821,0.140068,0.40827,0.048724,0.3571,0.237591,0.034282,0.504593,0.122843,-0.117042,-0.0397,0.419213,0.025988,-0.145915,0.411792,0.032075,-0.35089,0.233186,-0.018196,-0.500133,0.085903,-0.1359,0.094652,0.000514,-0.001469,0.160737,-0.464644,0.078386,0.203427,-0.783702,0.202359,-0.094651,-0.000515,0.00147,-0.170434,-0.470156,0.029933,-0.227491,-0.77826,0.174176
9.466666,0,0,0,-0.000411,0.075038,-0.00082,-0.00111,0.267696,0.016164,-0.002094,0.490679,0.025765,-0.017679,0.644562,0.004302,0.035827,0.418891,0.029035,0.140173,0.408567,0.048505,0.363836,0.246899,0.031754,0.518542,0.137933,-0.116614,-0.039757,0.418681,0.026147,-0.146036,0.411857,0.031781,-0.358584,0.243232,-0.02143,-0.516008,0.104155,-0.138458,0.094652,0.000502,-0.001453,0.160726,-0.464655,0.078414,0.203419,-0.783718,0.202375,-0.094651,-0.000502,0.001453,-0.170422,-0.470143,0.029948,-0.227455,-0.778261,0.174173
9.483333,0,0,0,-0.000399,0.074851,-0.000794,-0.001163,0.267345,0.015925,-0.002341,0.490499,0.026074,-0.017929,0.644595,0.004736,0.035639,0.418539,0.029186,0.140154,0.409075,0.048178,0.370398,0.257164,0.029344,0.532513,0.154514,-0.115581,-0.039944,0.418274,0.026247,-0.146288,0.41212,0.031411,-0.366228,0.254217,-0.024594,-0.531769,0.124067,-0.140693,0.094652,0.00049,-0.001415,0.160715,-0.464664,0.078481,0.203398,-0.783731,0.202434,-0.094652,-0.00049,0.001414,-0.170413,-0.470127,0.03,-0.227447,-0.778246,0.174222
9.5,0,0,0,-0.000402,0.07476,-0.000758,-0.00125,0.26719,0.015641,-0.002666,0.4904,0.026348,-0.018159,0.644601,0.005089,0.035386,0.418388,0.02931,0.140054,0.409856,0.047898,0.376371,0.267811,0.027403,0.545483,0.171861,-0.114072,-0.040194,0.418053,0.026306,-0.146597,0.412585,0.031005,-0.373508,0.265835,-0.02746,-0.546829,0.14518,-0.142447,0.094652,0.000494,-0.001379,0.160677,-0.464656,0.078573,0.203338,-0.783736,0.202499,-0.094653,-0.000495,0.001378,-0.170415,-0.470125,0.030069,-0.227452,-0.778249,0.174279
9.516666,0,0,0,-0.000356,0.074743,-0.000738,-0.001264,0.267188,0.01525,-0.003015,0.490411,0.026339,-0.018427,0.64467,0.005184,0.035135,0.418414,0.029237,0.139936,0.410899,0.047507,0.381467,0.278107,0.025784,0.556704,0.188759,-0.112526,-0.040439,0.417977,0.026111,-0.146895,0.413131,0.03027,-0.37988,0.277114,-0.030227,-0.559839,0.165524,-0.144168,0.094655,0.00044,-0.001186,0.160617,-0.464766,0.078496,0.203148,-0.783892,0.202348,-0.094655,-0.000439,0.001186,-0.170459,-0.470062,0.029901,-0.227666,-0.778194,0.174025
9.533333,0,0,0,-0.000385,0.074711,-0.000657,-0.001344,0.267143,0.015116,-0.003409,0.490256,0.026846,-0.018615,0.644478,0.005831,0.034837,0.418378,0.02957,0.139756,0.41202,0.047601,0.386283,0.288858,0.025249,0.567602,0.206751,-0.109671,-0.040734,0.417846,0.026382,-0.147233,0.413559,0.030024,-0.38616,0.289149,-0.032264,-0.572396,0.187192,-0.145147,0.094654,0.000475,-0.001302,0.160586,-0.464661,0.078805,0.203189,-0.783763,0.202695,-0.094654,-0.000476,0.001301,-0.170402,-0.470089,0.030325,-0.227463,-0.778253,0.174438
9.55,0,0,0,-0.000408,0.074911,-0.000563,-0.001521,0.267573,0.014834,-0.003962,0.490399,0.02716,-0.018931,0.644399,0.006189,0.034392,0.418825,0.029763,0.139406,0.413621,0.047614,0.390261,0.299651,0.024688,0.576896,0.224935,-0.107243,-0.041173,0.418181,0.026449,-0.147708,0.414505,0.029647,-0.39196,0.301741,-0.034132,-0.584012,0.209933,-0.145969,0.094654,0.000506,-0.001276,0.16051,-0.464615,0.078982,0.203092,-0.783759,0.202772,-0.094654,-0.000507,0.001275,-0.170411,-0.470106,0.030497,-0.227472,-0.778299,0.174549
9.566666,0,0,0,-0.000438,0.075191,-0.000486,-0.001738,0.268161,0.014525,-0.004532,0.490613,0.027421,-0.019223,0.644305,0.006483,0.033921,0.419427,0.029922,0.139,0.415266,0.047656,0.393519,0.309799,0.024419,0.584453,0.241809,-0.104973,-0.041637,0.418678,0.026471,-0.148205,0.415651,0.029253,-0.396766,0.313509,-0.035763,-0.593423,0.231397,-0.147136,0.094655,0.000543,-0.001242,0.160448,-0.464564,0.07915,0.203004,-0.783743,0.202857,-0.094654,-0.000543,0.001241,-0.170413,-0.470127,0.030698,-0.227493,-0.778353,0.174671
9.583333,0,0,0,-0.000466,0.075666,-0.0004,-0.001968,0.269142,0.014206,-0.005046,0.491038,0.027791,-0.019478,0.644242,0.006861,0.03348,0.420399,0.030162,0.138609,0.417225,0.047812,0.396574,0.320539,0.024362,0.59124,0.259789,-0.103058,-0.04207,0.419571,0.026569,-0.148667,0.417389,0.02901,-0.401358,0.326717,-0.037093,-0.60255,0.255496,-0.147867,0.094655,0.000577,-0.001192,0.160391,-0.464517,0.079324,0.202913,-0.783735,0.202941,-0.094655,-0.000577,0.001192,-0.17041,-0.470145,0.030909,-0.227523,-0.778392,0.174823
9.6,0,0,0,-0.000492,0.076278,-0.000297,-0.00218,0.270397,0.013895,-0.005475,0.491594,0.028196,-0.019653,0.644173,0.007302,0.033101,0.421629,0.03044,0.138255,0.419383,0.048079,0.399284,0.33128,0.024735,0.59724,0.27798,-0.100936,-0.042442,0.420746,0.026697,-0.14906,0.419463,0.028819,-0.405242,0.339935,-0.03818,-0.61019,0.279787,-0.148628,0.094655,0.000605,-0.001148,0.160345,-0.464464,0.079546,0.202841,-0.783716,0.203085,-0.094655,-0.000605,0.001147,-0.170387,-0.470155,0.03121,-0.227528,-0.778443,0.175026
9.616666,0,0,0,-0.000467,0.077001,-0.000168,-0.002299,0.271864,0.013739,-0.00533,0.492198,0.028698,-0.01952,0.64392,0.007591,0.033142,0.422997,0.030844,0.138282,0.421607,0.048652,0.401849,0.341252,0.025867,0.602409,0.295343,-0.098587,-0.042394,0.422222,0.026954,-0.149019,0.422136,0.029118,-0.40793,0.352333,-0.03823,-0.615998,0.303461,-0.148407,0.094657,0.000572,-0.001047,0.160381,-0.464432,0.079994,0.202871,-0.783759,0.203342,-0.094656,-0.000572,0.001047,-0.170223,-0.470113,0.031666,-0.227439,-0.778478,0.175286
9.633333,0,0,0,-0.000348,0.079056,-6.00E-06,-0.001464,0.275929,0.014632,-0.003076,0.494346,0.031901,-0.018098,0.644068,0.009743,0.034946,0.426636,0.03338,0.140114,0.425564,0.051048,0.405606,0.352004,0.027661,0.608852,0.314215,-0.095158,-0.040597,0.426381,0.029554,-0.147198,0.427595,0.032415,-0.408337,0.367998,-0.036131,-0.617672,0.335915,-0.150022,0.094656,0.000416,-0.001106,0.160119,-0.464524,0.080515,0.202416,-0.783927,0.203733,-0.094657,-0.000416,0.001107,-0.170335,-0.469897,0.032359,-0.227895,-0.778388,0.175572
9.65,0,0,0,-0.000384,0.07989,0.000205,-0.001873,0.277622,0.01452,-0.003758,0.494993,0.03275,-0.018525,0.643729,0.010318,0.03434,0.428284,0.034002,0.13951,0.427994,0.05169,0.407174,0.362576,0.028898,0.613575,0.332852,-0.090834,-0.041201,0.427952,0.030144,-0.147784,0.430288,0.032979,-0.410375,0.380985,-0.03814,-0.619592,0.363381,-0.155351,0.094657,0.000459,-0.001093,0.160107,-0.464437,0.080789,0.202438,-0.78387,0.203916,-0.094656,-0.000458,0.001093,-0.170241,-0.469926,0.032763,-0.22773,-0.778491,0.175845
9.666666,0,0,0,-0.000331,0.08038,0.000556,-0.001635,0.278572,0.015322,-0.003319,0.49532,0.033698,-0.018159,0.643356,0.010764,0.034692,0.429172,0.035063,0.139818,0.429709,0.053002,0.409387,0.372331,0.031008,0.617616,0.350404,-0.087233,-0.040836,0.428933,0.030958,-0.147412,0.432008,0.033351,-0.412307,0.391943,-0.034976,-0.622732,0.383977,-0.151072,0.094658,0.000397,-0.001056,0.160089,-0.464387,0.08147,0.202408,-0.783923,0.204335,-0.094657,-0.000397,0.001056,-0.170188,-0.469821,0.033505,-0.227831,-0.77848,0.176322
9.683333,0,0,0,-0.000316,0.081038,0.000886,-0.00164,0.279894,0.015637,-0.003315,0.495811,0.034721,-0.01797,0.643037,0.011441,0.03468,0.430418,0.035966,0.139787,0.431655,0.053984,0.410894,0.381872,0.032385,0.620949,0.367698,-0.083794,-0.040843,0.430204,0.031761,-0.147397,0.434049,0.033998,-0.413544,0.40273,-0.034041,-0.624999,0.403912,-0.148526,0.094658,0.000381,-0.001018,0.160146,-0.464302,0.082028,0.202528,-0.78392,0.204658,-0.094657,-0.000381,0.001018,-0.170045,-0.469779,0.03415,-0.227709,-0.77855,0.176717
9.7,0,0,0,-0.00031,0.081714,0.001227,-0.00168,0.281248,0.016044,-0.003364,0.496287,0.035758,-0.017763,0.642667,0.01218,0.034621,0.431703,0.036908,0.139698,0.433616,0.055043,0.412021,0.390741,0.033947,0.622957,0.383995,-0.081298,-0.040897,0.431505,0.032615,-0.147422,0.436134,0.03472,-0.414428,0.412362,-0.033004,-0.625773,0.422162,-0.147276,0.094659,0.000374,-0.000941,0.16018,-0.464221,0.082573,0.202586,-0.783912,0.205003,-0.094658,-0.000374,0.00094,-0.169891,-0.469744,0.034817,-0.227583,-0.778616,0.177152
9.716666,0,0,0,-0.000312,0.082298,0.001576,-0.001724,0.282413,0.01654,-0.003409,0.49667,0.036845,-0.017643,0.642278,0.012923,0.034564,0.432801,0.037907,0.139602,0.435321,0.056194,0.412811,0.398231,0.035593,0.623539,0.398244,-0.080228,-0.040949,0.432622,0.033528,-0.147442,0.437975,0.035572,-0.415023,0.420393,-0.031765,-0.625738,0.437656,-0.146318,0.094659,0.000373,-0.000813,0.160075,-0.464155,0.083155,0.202397,-0.783932,0.20539,-0.09466,-0.000374,0.000813,-0.169879,-0.469688,0.03549,-0.227709,-0.778641,0.177593
9.733333,0,0,0,-0.000308,0.082713,0.002004,-0.001716,0.283261,0.016845,-0.003392,0.496828,0.037858,-0.017389,0.641803,0.01375,0.034542,0.433553,0.038926,0.13943,0.437023,0.0579,0.413394,0.405733,0.037679,0.62328,0.412394,-0.079474,-0.04095,0.433426,0.034196,-0.147404,0.439525,0.036165,-0.415534,0.428248,-0.030343,-0.625293,0.453272,-0.14522,0.094661,0.000367,-0.000573,0.159932,-0.464147,0.083583,0.202179,-0.783963,0.205742,-0.094661,-0.000367,0.000573,-0.169898,-0.469617,0.036057,-0.22766,-0.778619,0.178084
9.75,0,0,0,-0.000296,0.083283,0.002191,-0.001701,0.284403,0.017086,-0.003435,0.497208,0.03891,-0.017276,0.641468,0.01452,0.034499,0.434606,0.039856,0.139311,0.438742,0.059116,0.413724,0.411634,0.038954,0.622495,0.42424,-0.079692,-0.040984,0.43449,0.034983,-0.147403,0.441206,0.036887,-0.415846,0.435054,-0.029021,-0.624506,0.466745,-0.144251,0.094662,0.000348,-0.00047,0.159734,-0.464167,0.083835,0.201814,-0.783991,0.206031,-0.094662,-0.000349,0.00047,-0.169856,-0.469573,0.03639,-0.227662,-0.778593,0.178359
9.766666,0,0,0,-0.000379,0.083659,0.002584,-0.002489,0.285219,0.016688,-0.004799,0.497096,0.03876,-0.017742,0.640586,0.014645,0.033268,0.435469,0.039844,0.138,0.440052,0.059437,0.412835,0.41672,0.04033,0.620451,0.434145,-0.079725,-0.042195,0.435184,0.034678,-0.148573,0.442691,0.03559,-0.415858,0.443005,-0.035125,-0.622711,0.481697,-0.151468,0.094663,0.000438,-0.000282,0.159899,-0.463986,0.084398,0.202105,-0.78383,0.206497,-0.094662,-0.000438,0.000282,-0.169471,-0.46965,0.037147,-0.227003,-0.778769,0.179011
9.783333,0,0,0,-0.000497,0.083981,0.002964,-0.002953,0.285869,0.017113,-0.005766,0.497205,0.039454,-0.017977,0.64022,0.015158,0.032462,0.43618,0.040397,0.137214,0.440831,0.059867,0.41235,0.420945,0.0412,0.618597,0.443272,-0.080395,-0.043013,0.4357,0.035432,-0.149366,0.443487,0.03686,-0.416967,0.447247,-0.032565,-0.618721,0.494326,-0.154632,0.094661,0.000572,-0.00034,0.159638,-0.463858,0.084505,0.201753,-0.783791,0.206404,-0.094662,-0.000572,0.00034,-0.169606,-0.469745,0.037443,-0.227102,-0.778936,0.179163
9.8,0,0,0,-0.000473,0.084257,0.003186,-0.002873,0.28642,0.01748,-0.005737,0.497339,0.040328,-0.017729,0.639931,0.015585,0.0325,0.436678,0.041166,0.137196,0.441607,0.060863,0.412505,0.423998,0.042456,0.616909,0.45108,-0.081265,-0.042974,0.436194,0.036172,-0.149303,0.444293,0.037591,-0.417022,0.451238,-0.031128,-0.616785,0.503904,-0.154183,0.094661,0.000546,-0.000397,0.159521,-0.463888,0.084513,0.201609,-0.783838,0.206377,-0.094662,-0.000545,0.000397,-0.169597,-0.469708,0.037643,-0.227018,-0.778975,0.179229
9.816666,0,0,0,-0.000443,0.084422,0.003417,-0.002847,0.286749,0.01786,-0.005797,0.497408,0.041039,-0.017599,0.639719,0.015874,0.03246,0.436981,0.041812,0.137111,0.442094,0.061706,0.412548,0.426191,0.043676,0.615147,0.45728,-0.082056,-0.043011,0.436477,0.036792,-0.149326,0.44477,0.038181,-0.417015,0.454093,-0.030376,-0.615106,0.511152,-0.154171,0.094662,0.000516,-0.000461,0.159415,-0.463915,0.084551,0.201482,-0.783883,0.206372,-0.094661,-0.000515,0.000461,-0.169634,-0.469661,0.037845,-0.227009,-0.778993,0.179306
9.833333,0,0,0,-0.000411,0.084487,0.003662,-0.002808,0.286869,0.018374,-0.005839,0.497438,0.041937,-0.017497,0.639642,0.016363,0.032441,0.43707,0.042603,0.13706,0.442295,0.06263,0.412614,0.428143,0.044926,0.613328,0.463266,-0.082753,-0.043031,0.436545,0.037584,-0.149339,0.444922,0.039022,-0.416946,0.455843,-0.029616,-0.613516,0.516412,-0.154168,0.094662,0.000484,-0.000526,0.159271,-0.463929,0.084693,0.201297,-0.783902,0.206515,-0.094661,-0.000484,0.000527,-0.169774,-0.469588,0.038162,-0.227159,-0.77896,0.179532
9.85,0,0,0,-0.000385,0.084506,0.003894,-0.002758,0.286897,0.018907,-0.005823,0.497509,0.042735,-0.01734,0.639731,0.016793,0.032469,0.437075,0.043312,0.137073,0.442267,0.063428,0.412677,0.429037,0.045787,0.611614,0.467019,-0.083839,-0.043003,0.436543,0.038306,-0.14931,0.444918,0.039808,-0.416796,0.456724,-0.029154,-0.612077,0.51988,-0.154447,0.094661,0.000459,-0.000606,0.159165,-0.463924,0.084852,0.201185,-0.783882,0.206717,-0.094661,-0.00046,0.000606,-0.169957,-0.469513,0.038494,-0.227361,-0.778902,0.179821
9.866666,0,0,0,-0.000373,0.084439,0.004211,-0.002782,0.286754,0.019539,-0.005918,0.497493,0.043331,-0.017244,0.639814,0.017158,0.032395,0.436949,0.043911,0.137002,0.441998,0.064044,0.412666,0.429485,0.046807,0.610029,0.469155,-0.084704,-0.043077,0.436391,0.038899,-0.149393,0.444654,0.040395,-0.416719,0.45705,-0.029082,-0.611073,0.522213,-0.154786,0.094661,0.000452,-0.000669,0.159104,-0.463849,0.085284,0.201168,-0.783839,0.20705,-0.09466,-0.000453,0.000669,-0.170165,-0.469434,0.039029,-0.227641,-0.778853,0.18026
9.883333,0,0,0,-0.000372,0.084388,0.004352,-0.002767,0.286638,0.019957,-0.0059,0.497539,0.044004,-0.017116,0.640034,0.017692,0.032414,0.436805,0.044497,0.137038,0.441707,0.064579,0.412671,0.42924,0.046827,0.608772,0.470196,-0.086171,-0.043058,0.436255,0.039482,-0.149384,0.44439,0.040985,-0.416478,0.456333,-0.029457,-0.609986,0.522114,-0.156141,0.094661,0.000451,-0.000653,0.159019,-0.463843,0.085404,0.201047,-0.783846,0.207146,-0.094661,-0.000451,0.000652,-0.170328,-0.469391,0.039204,-0.227905,-0.778804,0.180405
9.9,0,0,0,-0.00036,0.084279,0.004395,-0.002663,0.286412,0.020122,-0.00574,0.49751,0.044332,-0.01691,0.64021,0.017938,0.032561,0.436553,0.044754,0.137198,0.441364,0.064792,0.412773,0.428586,0.046372,0.60778,0.47035,-0.087976,-0.042912,0.436026,0.039752,-0.149252,0.443975,0.041241,-0.416153,0.455078,-0.030065,-0.608876,0.521044,-0.157845,0.094661,0.000439,-0.000667,0.159008,-0.463878,0.085271,0.201043,-0.783855,0.207081,-0.094661,-0.000438,0.000666,-0.170371,-0.469377,0.039144,-0.227946,-0.778775,0.18038
9.916666,0,0,0,-0.000347,0.084162,0.004437,-0.002565,0.286175,0.020235,-0.005554,0.497441,0.044474,-0.016666,0.640323,0.018123,0.032728,0.436303,0.044852,0.137396,0.44102,0.064748,0.412888,0.427832,0.045405,0.607083,0.46984,-0.09004,-0.042748,0.435804,0.039895,-0.149101,0.443574,0.041388,-0.415806,0.45357,-0.030809,-0.607949,0.519042,-0.159711,0.09466,0.000427,-0.000701,0.159045,-0.463916,0.085066,0.201121,-0.783858,0.206954,-0.094661,-0.000427,0.000702,-0.17036,-0.469386,0.038957,-0.227901,-0.778759,0.180262
9.933333,0,0,0,-0.000337,0.084017,0.004482,-0.002478,0.285885,0.020327,-0.005386,0.497354,0.044522,-0.016496,0.64045,0.018255,0.032879,0.436009,0.044875,0.137589,0.440641,0.064569,0.412959,0.426973,0.043867,0.60597,0.469085,-0.093228,-0.0426,0.435533,0.039963,-0.148967,0.443116,0.041442,-0.415472,0.451799,-0.031659,-0.607149,0.51627,-0.161754,0.09466,0.000418,-0.000726,0.159074,-0.463967,0.084792,0.201157,-0.783896,0.206711,-0.09466,-0.000419,0.000725,-0.170368,-0.469399,0.038691,-0.227887,-0.778748,0.180059
9.95,0,0,0,-0.00032,0.0839,0.004518,-0.002363,0.285655,0.020359,-0.005167,0.49731,0.044465,-0.016316,0.640609,0.018372,0.033074,0.435777,0.044802,0.137835,0.440312,0.06425,0.413054,0.426017,0.042024,0.604776,0.468009,-0.096904,-0.042409,0.43533,0.039945,-0.148788,0.442732,0.041417,-0.415111,0.450002,-0.032498,-0.606451,0.513124,-0.163745,0.094661,0.000401,-0.000732,0.159082,-0.464021,0.084579,0.201151,-0.783933,0.206548,-0.09466,-0.000401,0.000733,-0.17038,-0.469404,0.038405,-0.227891,-0.778718,0.179851
9.966666,0,0,0,-0.000298,0.083794,0.004536,-0.002225,0.285446,0.020345,-0.004913,0.497261,0.044323,-0.016137,0.640734,0.018415,0.033302,0.435568,0.044656,0.138108,0.440043,0.063873,0.413191,0.425211,0.040347,0.603682,0.466958,-0.100336,-0.042185,0.435153,0.03986,-0.148575,0.442404,0.041335,-0.414743,0.448346,-0.033251,-0.605874,0.509967,-0.165513,0.09466,0.000376,-0.000734,0.159093,-0.464073,0.08442,0.201154,-0.783967,0.206439,-0.094661,-0.000376,0.000735,-0.170382,-0.469401,0.038126,-0.227888,-0.778683,0.179643
9.983333,0,0,0,-0.000272,0.083696,0.004546,-0.002077,0.285254,0.020313,-0.00464,0.49721,0.044177,-0.015928,0.640848,0.01851,0.033546,0.435374,0.044502,0.138395,0.439779,0.063496,0.413341,0.42428,0.03883,0.602657,0.465596,-0.103556,-0.041946,0.434994,0.03977,-0.148345,0.4421,0.041249,-0.414377,0.446732,-0.033914,-0.605396,0.506753,-0.167072,0.09466,0.000348,-0.000738,0.159111,-0.464124,0.084283,0.201167,-0.784011,0.20632,-0.094661,-0.000347,0.000738,-0.170371,-0.469394,0.037876,-0.22786,-0.778643,0.179474
10,0,0,0,-0.000247,0.083597,0.004542,-0.001926,0.285066,0.020221,-0.004367,0.497143,0.043958,-0.015735,0.640923,0.018537,0.03379,0.435184,0.044283,0.138676,0.439549,0.063082,0.413511,0.423501,0.037548,0.60192,0.46439,-0.106159,-0.041705,0.434838,0.039608,-0.148113,0.441817,0.041088,-0.414041,0.445299,-0.034503,-0.604968,0.503918,-0.168415,0.094661,0.000319,-0.000729,0.159143,-0.464164,0.084205,0.201206,-0.784053,0.206237,-0.094661,-0.000319,0.00073,-0.170348,-0.469385,0.037672,-0.227832,-0.778621,0.179302
