time_ms,nose_x,nose_y,nose_z,left_shoulder_x,left_shoulder_y,left_shoulder_z,left_elbow_x,left_elbow_y,left_elbow_z,left_wrist_x,left_wrist_y,left_wrist_z,left_hip_x,left_hip_y,left_hip_z,left_knee_x,left_knee_y,left_knee_z,left_ankle_x,left_ankle_y,left_ankle_z,right_shoulder_x,right_shoulder_y,right_shoulder_z,right_elbow_x,right_elbow_y,right_elbow_z,right_wrist_x,right_wrist_y,right_wrist_z,right_hip_x,right_hip_y,right_hip_z,right_knee_x,right_knee_y,right_knee_z,right_ankle_x,right_ankle_y,right_ankle_z
11.5,-0.007377684,0.535840929,-0.464100033,0.182379141,0.411160082,-0.255230248,0.209305614,0.181437477,-0.245015144,0.155256629,-0.033721887,-0.327885568,0.118992493,3.47E-05,0.005735061,0.134163588,-0.38454181,0.004998351,0.167416617,-0.651334465,0.254415959,-0.165738985,0.417100549,-0.273562133,-0.251794696,0.175142407,-0.241014764,-0.216452777,-0.053435039,-0.30524826,-0.119358897,0.000697801,-0.004481476,-0.13241823,-0.37032035,0.04782632,-0.134005845,-0.659890771,0.269249737
11.51666667,-0.00736771,0.538844407,-0.460620433,0.18218933,0.426479638,-0.250918686,0.212878749,0.196926519,-0.239597484,0.156177804,-0.01566829,-0.327904344,0.118930578,-6.57E-05,0.004330117,0.127804518,-0.39200452,0.056414854,0.165101677,-0.661032379,0.311349124,-0.167784378,0.430396736,-0.261629671,-0.259440064,0.188480228,-0.223718882,-0.222431034,-0.033845298,-0.303221554,-0.119296618,0.00079637,-0.003108917,-0.132310286,-0.372446209,0.103690065,-0.134983942,-0.66626811,0.344266504
11.53333333,-0.007578797,0.541707754,-0.453554362,0.181220531,0.442545533,-0.243635282,0.21459657,0.211964801,-0.231861845,0.157113209,0.003384151,-0.328038752,0.11892844,-0.000174566,0.002772924,0.123531081,-0.395571917,0.064999491,0.164401099,-0.665663183,0.315969139,-0.171956673,0.447046369,-0.247568235,-0.261656493,0.202009827,-0.202559471,-0.227946252,-0.013533145,-0.29613477,-0.119293496,0.000909335,-0.001569795,-0.132795602,-0.37406832,0.125836372,-0.134979263,-0.67079097,0.371717602
11.55,-0.007572999,0.551792026,-0.433512658,0.180581152,0.45574075,-0.232279032,0.216440871,0.226558372,-0.224030733,0.157871261,0.019504806,-0.328292519,0.118887119,-0.000374467,0.000941293,0.121673502,-0.39658311,0.070879593,0.165213093,-0.674031198,0.31207931,-0.173341975,0.466410011,-0.221273258,-0.262705117,0.226287872,-0.168523744,-0.236118525,0.01050688,-0.272280991,-0.119247802,0.001113058,0.000244186,-0.133456379,-0.374592662,0.128284052,-0.136510268,-0.679264367,0.363766342
11.56666667,-0.007655781,0.55337137,-0.418228984,0.177971065,0.466044217,-0.218267247,0.218065366,0.24318473,-0.214140251,0.157618955,0.045009442,-0.328865409,0.118866175,-0.000504534,0.000290464,0.118033856,-0.397767693,0.074362867,0.163937449,-0.679427445,0.309809029,-0.176673412,0.476511985,-0.205095321,-0.268348634,0.242976904,-0.16067937,-0.241108805,0.03356323,-0.275329262,-0.11922206,0.001245826,0.000898776,-0.134403855,-0.374785423,0.126399055,-0.139447019,-0.684024215,0.359927237
11.58333333,-0.008215621,0.555991709,-0.394887447,0.17685768,0.476076543,-0.200487688,0.220724449,0.257033378,-0.203129321,0.157197118,0.070062727,-0.328761935,0.118858077,-0.000686857,-0.000631073,0.117937475,-0.398217946,0.072695978,0.163592622,-0.679994524,0.308843166,-0.177238196,0.488080829,-0.17952776,-0.27169472,0.263628811,-0.140984058,-0.244649097,0.059663836,-0.272193909,-0.119209573,0.001424521,0.001809719,-0.136083782,-0.374940008,0.126697719,-0.141059503,-0.685297787,0.35661
11.6,-0.010210731,0.562368453,-0.373211771,0.175397456,0.484240353,-0.180867821,0.22341527,0.272839844,-0.182151318,0.154220209,0.093793377,-0.316636324,0.118868425,-0.001078592,-0.001058431,0.118187696,-0.402689636,0.074382626,0.162810758,-0.685948193,0.30732736,-0.177286282,0.494814873,-0.156086743,-0.275603175,0.28398937,-0.101217248,-0.252314955,0.082957901,-0.22247459,-0.119214691,0.001814629,0.002248285,-0.139250144,-0.375161111,0.124739513,-0.14440909,-0.687099874,0.332518607
11.61666667,-0.010138948,0.574389696,-0.334127069,0.174946949,0.495815992,-0.141726166,0.224924609,0.297512084,-0.137741148,0.156321332,0.122425899,-0.279894888,0.118866049,-0.001444792,-0.001035984,0.119056351,-0.406552762,0.076160893,0.161401168,-0.693455696,0.306251943,-0.17698203,0.500680983,-0.129140586,-0.279039383,0.30064401,-0.0766147,-0.254786879,0.101877369,-0.188690707,-0.119209819,0.00218097,0.002227734,-0.140612364,-0.37587598,0.108491607,-0.145940423,-0.692980349,0.288739145
11.63333333,-0.008967875,0.582450747,-0.322031319,0.173197746,0.498514742,-0.124926329,0.22579433,0.302921087,-0.1318506,0.156723008,0.145860136,-0.284665287,0.118874013,-0.001509083,-0.000700529,0.120570555,-0.409470081,0.076657131,0.160805315,-0.694409668,0.309981197,-0.17731905,0.505412161,-0.121582903,-0.284790307,0.316613734,-0.092477635,-0.253797203,0.136213124,-0.211551577,-0.119211316,0.002244507,0.00191847,-0.141729996,-0.376445711,0.091156319,-0.147046208,-0.695363641,0.268449247
11.65,-0.008263272,0.583418787,-0.310491174,0.170297742,0.503169656,-0.116460197,0.225702867,0.320190936,-0.130812705,0.156795174,0.181198686,-0.28844744,0.11886546,-0.001574348,-0.000322958,0.120665617,-0.413427323,0.077261865,0.159625843,-0.695886016,0.312255293,-0.178881243,0.508719921,-0.111573771,-0.288367271,0.336973011,-0.088562146,-0.260564983,0.163970336,-0.221587434,-0.11918918,0.002304806,0.001563669,-0.144697562,-0.376539648,0.081481151,-0.15116179,-0.696607471,0.261909604
11.66666667,-0.007367355,0.593631446,-0.277098507,0.16931209,0.514965475,-0.100789651,0.227030158,0.343925655,-0.133612424,0.157268524,0.227982134,-0.354868591,0.118776031,-0.001540393,-0.000300321,0.12070553,-0.414566755,0.076829515,0.158817038,-0.697697937,0.312555939,-0.180558026,0.516172051,-0.093879923,-0.28942129,0.357605219,-0.109688677,-0.258304924,0.197421417,-0.327285051,-0.119051591,0.002253767,0.001540767,-0.146923885,-0.377063841,0.082732312,-0.152586713,-0.697329879,0.27025041
11.68333333,-0.002602534,0.60564065,-0.24812381,0.168684378,0.530999482,-0.080038749,0.232574239,0.381649673,-0.141364515,0.160256654,0.276311606,-0.361015081,0.118395232,-0.001534751,-0.000170091,0.120767012,-0.415449917,0.075966813,0.158251241,-0.703101158,0.305327386,-0.181068286,0.524475873,-0.082988694,-0.29611361,0.38501054,-0.135097355,-0.258419722,0.238935277,-0.342735708,-0.118596099,0.002229736,0.001391617,-0.146746948,-0.377885073,0.083426073,-0.152365521,-0.699413061,0.272269487
11.7,-0.00136147,0.616252303,-0.253359467,0.168559536,0.538864791,-0.09177614,0.238892406,0.408508718,-0.218058854,0.16121152,0.317394137,-0.446055025,0.117772207,-0.001494543,-0.000147568,0.120821767,-0.414875567,0.078766063,0.15924111,-0.70254904,0.30448842,-0.181229666,0.531881154,-0.093166083,-0.2988832,0.412352949,-0.192627594,-0.257787645,0.276835054,-0.394378275,-0.117904134,0.002162314,0.001352394,-0.146258786,-0.37802574,0.092104197,-0.151966259,-0.702087402,0.276032954
11.71666667,0.00496236,0.615196645,-0.269807786,0.171575829,0.539555728,-0.102387801,0.238277152,0.441008896,-0.307119727,0.162201747,0.360374063,-0.538126886,0.117384575,-0.00138112,0.000696725,0.120931864,-0.413593948,0.087542512,0.168527797,-0.701698959,0.304636747,-0.178690508,0.532162845,-0.09669508,-0.295999467,0.438051254,-0.288477391,-0.25693503,0.313016057,-0.520233572,-0.117411561,0.002014678,0.000502387,-0.146299988,-0.375431806,0.099348024,-0.150518417,-0.701406538,0.286995292
11.73333333,0.009161252,0.612309635,-0.271630049,0.176997066,0.541045964,-0.109321088,0.242163971,0.442118615,-0.307157278,0.163973615,0.371274859,-0.540990174,0.117055617,-0.001342033,0.00174947,0.120974936,-0.40837732,0.086878419,0.177044377,-0.695096076,0.288423389,-0.177137703,0.532768548,-0.106589168,-0.293146998,0.443046927,-0.29338631,-0.253585666,0.338673413,-0.528660178,-0.117029153,0.001953839,-0.000622571,-0.145308927,-0.374763906,0.113657184,-0.14570424,-0.700906157,0.320012301
11.75,0.00970279,0.6128968,-0.268398225,0.182065308,0.538765073,-0.113918103,0.243040159,0.446085423,-0.321230054,0.163954645,0.384367734,-0.550161839,0.11668282,-0.001373815,0.002237499,0.121073164,-0.405478358,0.084284998,0.181870073,-0.693053722,0.274840981,-0.173117578,0.5350613,-0.112210341,-0.29216826,0.461880922,-0.29829216,-0.253385037,0.37019068,-0.535183489,-0.116615534,0.001970114,-0.001152122,-0.145235389,-0.374407411,0.116667166,-0.144049123,-0.70055306,0.325229496
11.76666667,0.010893744,0.610959888,-0.265638322,0.187339976,0.535196841,-0.11481408,0.2497897,0.43849355,-0.316208094,0.17055054,0.389309973,-0.54208529,0.116390347,-0.001418459,0.002919454,0.121271983,-0.403124034,0.083463304,0.182846203,-0.687727988,0.277298898,-0.169433996,0.536386609,-0.115028106,-0.291740119,0.477625936,-0.295779616,-0.241574809,0.396009266,-0.524785995,-0.116314545,0.001998072,-0.001898652,-0.143943429,-0.373809844,0.116676874,-0.140448749,-0.696968317,0.328161955
11.78333333,0.011469484,0.610918462,-0.27079317,0.189988568,0.533757627,-0.116491243,0.24875991,0.441940308,-0.334625632,0.170666203,0.405169934,-0.573831677,0.116172321,-0.00142622,0.003713838,0.121230409,-0.402379453,0.083854862,0.183804497,-0.681310296,0.284740806,-0.166875973,0.53527385,-0.119718052,-0.265657842,0.473658025,-0.321143955,-0.232382894,0.416131824,-0.567735195,-0.116073839,0.002001336,-0.002724905,-0.143905148,-0.370849013,0.119834438,-0.138449043,-0.689392507,0.338122517
11.8,0.011605042,0.612722218,-0.269249916,0.189674914,0.532528996,-0.116962612,0.248858914,0.449228078,-0.326740265,0.172004104,0.430234551,-0.553485274,0.115909167,-0.001424176,0.003724571,0.121265531,-0.399894148,0.081450321,0.185452834,-0.675407469,0.285160601,-0.162582636,0.534790337,-0.1206735,-0.25479725,0.473971963,-0.305856436,-0.226347655,0.432371736,-0.535670519,-0.115828477,0.001989265,-0.002741512,-0.141260639,-0.370834619,0.121923938,-0.136191726,-0.68667686,0.345911443
11.81666667,0.011422794,0.614034057,-0.270769596,0.189296082,0.531600952,-0.1178592,0.253515869,0.455099761,-0.331108987,0.171363026,0.454537243,-0.552058697,0.115367085,-0.001364814,0.003749342,0.121399082,-0.396798909,0.081083827,0.188898861,-0.67168498,0.295302778,-0.161247343,0.534775257,-0.121473379,-0.254318863,0.496138781,-0.315552205,-0.206908211,0.459813923,-0.546963334,-0.115310222,0.001902067,-0.002791266,-0.135404199,-0.371917725,0.121227257,-0.130438343,-0.686225832,0.342586517
11.83333333,0.011946873,0.614066243,-0.271606624,0.187304735,0.535469294,-0.116713271,0.252818078,0.469828248,-0.326448917,0.171250761,0.472059458,-0.550452888,0.115004361,-0.001036274,0.004465621,0.121289305,-0.395543694,0.078807957,0.188634768,-0.668684542,0.295715749,-0.161447272,0.534058094,-0.125554666,-0.256198436,0.493711978,-0.321523219,-0.21063228,0.480309904,-0.540326476,-0.114964224,0.001524475,-0.003571338,-0.134894595,-0.371755868,0.12101528,-0.13036859,-0.682102799,0.340504974
11.85,0.012630128,0.614347517,-0.272267312,0.184228823,0.537799418,-0.116176181,0.253225297,0.477454633,-0.324550986,0.171830013,0.486494929,-0.546724975,0.11461813,-0.000644803,0.005057849,0.121308558,-0.394270509,0.078032941,0.188424304,-0.666653514,0.297559768,-0.164041162,0.533597171,-0.129229456,-0.259906709,0.494086653,-0.326251209,-0.212226629,0.498871833,-0.538407266,-0.114582479,0.001081242,-0.004198007,-0.134816289,-0.371317655,0.12068215,-0.129611924,-0.678761125,0.339936554
11.86666667,0.01623279,0.613209426,-0.272430211,0.183118433,0.538672447,-0.113725081,0.255216986,0.482299089,-0.324052334,0.174785033,0.496523291,-0.545238197,0.114153303,-0.000112578,0.007367439,0.121821642,-0.394121081,0.083013311,0.188780069,-0.666113555,0.308165252,-0.165754706,0.533173263,-0.134645641,-0.265670836,0.514033914,-0.337237448,-0.210178673,0.522350192,-0.536435246,-0.11412432,0.000496348,-0.006543613,-0.134795919,-0.371199787,0.119529776,-0.12898764,-0.677624047,0.333987832
11.88333333,0.015691921,0.613074243,-0.275469393,0.178945184,0.538459957,-0.11419113,0.265679926,0.476474017,-0.322083443,0.178721175,0.510943353,-0.531356514,0.113823324,0.00013138,0.007015997,0.121673688,-0.392008543,0.079718977,0.188837215,-0.665923595,0.307707638,-0.166335016,0.531962276,-0.13717483,-0.274708718,0.500629187,-0.327167243,-0.215327904,0.536766112,-0.529688835,-0.113821477,0.000247721,-0.006199325,-0.134250015,-0.371232331,0.11946474,-0.127468914,-0.677702785,0.333230674
11.9,0.015565326,0.613154471,-0.275762767,0.178062379,0.53799969,-0.114560306,0.272904336,0.482727438,-0.321020514,0.178960919,0.533491492,-0.511555254,0.113388941,0.000323362,0.006922655,0.121850528,-0.389886916,0.08170443,0.190592661,-0.66531539,0.314952552,-0.1657684,0.531930208,-0.137096271,-0.277041405,0.51060313,-0.321572155,-0.215759888,0.552083731,-0.52521044,-0.11341247,4.22E-05,-0.00611849,-0.133029655,-0.371417195,0.11853765,-0.126769885,-0.67780453,0.328402907
11.91666667,0.015999818,0.613021672,-0.279568136,0.176543251,0.537651956,-0.116401456,0.275344402,0.483732283,-0.319266617,0.183428928,0.534795344,-0.511489689,0.113058358,0.000585096,0.006872465,0.121860795,-0.388457119,0.081996657,0.190980226,-0.664544284,0.318105072,-0.165851042,0.531742334,-0.142300501,-0.280716389,0.515165329,-0.325064749,-0.216881976,0.559364021,-0.522427142,-0.113101013,-0.00022962,-0.006072854,-0.132822365,-0.371497989,0.118308581,-0.126586244,-0.677823186,0.328319818
11.93333333,0.017018672,0.612854004,-0.283585608,0.175885692,0.537384748,-0.120674029,0.275066406,0.488228589,-0.322371006,0.183894888,0.541688919,-0.514510453,0.112833627,0.000874247,0.006839499,0.122208729,-0.388308853,0.081930175,0.192360252,-0.664637089,0.317361385,-0.165662304,0.531642258,-0.145548791,-0.282594115,0.516395628,-0.328659713,-0.218803182,0.559028327,-0.524851382,-0.11287903,-0.000529474,-0.006040297,-0.132619008,-0.372296005,0.116416655,-0.126338199,-0.679063559,0.323416144
11.95,0.016919482,0.611516595,-0.283748209,0.175663769,0.537179887,-0.122697711,0.275144964,0.493665278,-0.323647767,0.183581814,0.54893589,-0.51448822,0.112567902,0.001006935,0.006726595,0.123063125,-0.388389915,0.08289361,0.193695083,-0.666192234,0.316750705,-0.164850742,0.531891167,-0.145312741,-0.284313321,0.524950504,-0.326288849,-0.219352543,0.563941002,-0.523009598,-0.112616725,-0.000673964,-0.00592913,-0.132559568,-0.373480111,0.114768945,-0.126353204,-0.681557775,0.318729818
11.96666667,0.016842535,0.61130619,-0.283272862,0.175589249,0.537068248,-0.122874439,0.275831491,0.498844892,-0.323023349,0.183401451,0.55426383,-0.513610125,0.112326637,0.001085686,0.0066858,0.124210462,-0.388403833,0.084141396,0.195009425,-0.666965306,0.317032337,-0.164354816,0.532866478,-0.144875064,-0.288401097,0.53225565,-0.324518085,-0.221682981,0.56753695,-0.521807969,-0.112381972,-0.000762577,-0.005890924,-0.132488951,-0.374114603,0.113561191,-0.126395345,-0.683018088,0.315976411
11.98333333,0.016588934,0.611322045,-0.283145964,0.175469294,0.536942899,-0.124140732,0.276085973,0.502130985,-0.324713409,0.183249056,0.556819141,-0.514147699,0.112173408,0.001175813,0.006504595,0.124685057,-0.388294071,0.084075093,0.19607918,-0.667456925,0.316907555,-0.164296165,0.533358812,-0.144745588,-0.292432755,0.535690725,-0.324252546,-0.226510942,0.570321918,-0.521322727,-0.112234101,-0.000861724,-0.005714967,-0.132484376,-0.374737114,0.112130679,-0.126439184,-0.684708416,0.312390625
12,0.01495921,0.612935305,-0.282546043,0.174880072,0.536886752,-0.124204658,0.276759654,0.503771484,-0.324364811,0.183138058,0.560168803,-0.513836861,0.112042651,0.001264799,0.006431641,0.124771558,-0.388109595,0.084014207,0.19688341,-0.667828262,0.315880716,-0.164419726,0.533464193,-0.144173086,-0.293524474,0.534853041,-0.323754936,-0.227720171,0.572491825,-0.520575583,-0.1121099,-0.000958507,-0.005645652,-0.132502571,-0.37515071,0.11136847,-0.12647225,-0.685782969,0.31065011
12.01666667,0.014119213,0.615922153,-0.282538265,0.174141213,0.536806703,-0.124972261,0.276391536,0.50363034,-0.328192413,0.181155771,0.562823951,-0.517760396,0.112001352,0.001385226,0.006306616,0.124772042,-0.387749493,0.084616408,0.19714956,-0.667888761,0.315713763,-0.164631292,0.532222867,-0.14410089,-0.291512072,0.531839788,-0.326483369,-0.227351993,0.570433021,-0.5245983,-0.112071693,-0.001083556,-0.005524233,-0.132460505,-0.375346124,0.112120882,-0.126497254,-0.685984194,0.312493622
12.03333333,0.013641397,0.617811382,-0.282457769,0.173574552,0.536655366,-0.125657603,0.276173472,0.503149748,-0.32925728,0.180306897,0.558121145,-0.518972635,0.111946248,0.001548067,0.006243888,0.124642648,-0.387603372,0.08537627,0.197074279,-0.667940557,0.316526294,-0.164829805,0.531286716,-0.144058719,-0.291233182,0.529629171,-0.328954875,-0.227268711,0.568288803,-0.52721107,-0.112020217,-0.00125352,-0.005466089,-0.132428423,-0.375791043,0.11200583,-0.12662755,-0.686261892,0.312149167
12.05,0.013647061,0.618609369,-0.283003837,0.172990859,0.536598802,-0.126098841,0.275881588,0.501766264,-0.33025983,0.180266365,0.554418087,-0.523175597,0.111913398,0.001685291,0.006200167,0.123895608,-0.38760671,0.08494316,0.196178004,-0.667977214,0.314773291,-0.165284798,0.528770268,-0.145871431,-0.288036913,0.524489522,-0.333419621,-0.226409957,0.565371692,-0.532024622,-0.111987337,-0.001390623,-0.005423161,-0.132708982,-0.375857264,0.112336516,-0.127751365,-0.686223567,0.313139081
12.06666667,0.013174008,0.619250298,-0.283245385,0.172308967,0.536552966,-0.126574203,0.275659233,0.500843346,-0.331406057,0.179982409,0.555614471,-0.525233626,0.111889057,0.001761087,0.006153722,0.123318322,-0.387381285,0.084611408,0.195518553,-0.667769074,0.313625544,-0.165783107,0.528360784,-0.146317348,-0.287115514,0.523857534,-0.334186882,-0.226390332,0.566328526,-0.533092022,-0.111962125,-0.001466746,-0.005378728,-0.132902071,-0.375858009,0.112899825,-0.128607944,-0.686056852,0.314926058
12.08333333,0.01241484,0.619442999,-0.286365479,0.171852574,0.536344767,-0.129735306,0.27543512,0.500129044,-0.333850056,0.179968029,0.553697884,-0.527751327,0.111861877,0.001832805,0.006017547,0.12311925,-0.387396932,0.083313577,0.194986269,-0.667903841,0.310515523,-0.166089803,0.52777493,-0.148627505,-0.287078321,0.523023844,-0.336225241,-0.227492049,0.565141499,-0.536192179,-0.111934848,-0.001536933,-0.005241487,-0.133302167,-0.376015306,0.112989925,-0.129265442,-0.686186671,0.315202802
12.1,0.012398101,0.620562077,-0.287874013,0.171338588,0.536217213,-0.130766705,0.275310963,0.499629557,-0.334885091,0.180716529,0.552341521,-0.530388117,0.111835502,0.001918974,0.005989754,0.12276043,-0.387440264,0.083598986,0.194168404,-0.668332994,0.310303301,-0.166669682,0.526973486,-0.150642663,-0.287031323,0.520454705,-0.338797301,-0.229273856,0.5637272,-0.53938055,-0.111908808,-0.001621287,-0.005212732,-0.133590698,-0.376168907,0.113416322,-0.130532518,-0.686345577,0.315794736
12.11666667,0.012636063,0.621074915,-0.288126528,0.171123251,0.536186218,-0.130055875,0.275437713,0.497959256,-0.332282066,0.182323009,0.551292598,-0.528844297,0.111814342,0.002016848,0.005993305,0.12275926,-0.387559891,0.08362446,0.194144964,-0.66853255,0.310088128,-0.166825458,0.526637793,-0.151101589,-0.284855962,0.518553376,-0.338213593,-0.228658676,0.562772453,-0.538633406,-0.111887485,-0.001718569,-0.005217465,-0.133393213,-0.37671572,0.113309301,-0.130625442,-0.686413527,0.315835595
12.13333333,0.012024022,0.623441756,-0.286540329,0.171115652,0.53602612,-0.129755348,0.275425136,0.497574329,-0.332219094,0.182285517,0.550657511,-0.528629661,0.111791074,0.002074672,0.00599799,0.12270987,-0.387640923,0.087250985,0.194104567,-0.668843448,0.312744647,-0.166952774,0.526786625,-0.150634795,-0.284400165,0.520812631,-0.337768495,-0.227667019,0.562783718,-0.538175523,-0.11186479,-0.001779504,-0.005223977,-0.133383811,-0.376852095,0.112987086,-0.130745903,-0.686491311,0.313893884
12.15,0.011842959,0.629275501,-0.281162649,0.171249002,0.535982668,-0.125555217,0.275192171,0.496881783,-0.329983234,0.181066066,0.550128341,-0.526526213,0.111787863,0.002101143,0.005997505,0.122321539,-0.38753283,0.085410029,0.19167003,-0.668238521,0.312251389,-0.166980132,0.527116001,-0.149140865,-0.279458761,0.520506442,-0.337432444,-0.223453894,0.562290251,-0.536856711,-0.11186742,-0.001806946,-0.005223843,-0.133465677,-0.376785845,0.113052636,-0.131533712,-0.686048806,0.315736711
12.16666667,0.011830095,0.626980186,-0.280995965,0.171377122,0.534703851,-0.123082772,0.275355548,0.48556447,-0.325452656,0.182229877,0.537623644,-0.523301065,0.111766979,0.002131629,0.00607906,0.122288719,-0.387530088,0.08537823,0.191663146,-0.66714853,0.313447982,-0.167001873,0.52712363,-0.148945257,-0.275142074,0.520339251,-0.334951282,-0.216795206,0.559213221,-0.530256212,-0.111849979,-0.001838006,-0.005311817,-0.132420331,-0.376847804,0.112993196,-0.131274194,-0.685254157,0.317814618
12.18333333,0.011783,0.62530154,-0.279343575,0.17258586,0.534389675,-0.120902263,0.275885075,0.47780031,-0.325201392,0.183230147,0.517021656,-0.525210679,0.111762926,0.002169194,0.006159132,0.122617722,-0.387573838,0.086846709,0.191950992,-0.667175949,0.315425158,-0.166916534,0.527140379,-0.146582708,-0.270362049,0.518954992,-0.333531946,-0.211049557,0.544205129,-0.530182421,-0.111846618,-0.0018783,-0.005398267,-0.131669641,-0.377033859,0.112296745,-0.130699277,-0.685296595,0.317248404
12.2,0.011798903,0.62089479,-0.279064327,0.174744308,0.53426522,-0.119580038,0.275821984,0.471122026,-0.325117916,0.184536248,0.498537958,-0.533130586,0.111789569,0.002216819,0.006450402,0.123306841,-0.388184816,0.087940454,0.19222942,-0.667575061,0.316219419,-0.166910276,0.527082741,-0.146042302,-0.267632633,0.515688539,-0.333606482,-0.209140539,0.521323204,-0.539288044,-0.111870043,-0.001929884,-0.005694548,-0.131492004,-0.377360225,0.107008629,-0.130554289,-0.685568035,0.308173716
12.21666667,0.01014221,0.610245764,-0.278943986,0.176093414,0.53382957,-0.119446374,0.275567204,0.464855224,-0.324097484,0.183779925,0.483789414,-0.535944462,0.111781389,0.002231945,0.006391416,0.12317346,-0.38820523,0.087716736,0.19210422,-0.666269898,0.317896903,-0.16692242,0.526744425,-0.140214905,-0.268165201,0.505552471,-0.319065869,-0.210966334,0.499307692,-0.537872612,-0.111862212,-0.001947335,-0.005650423,-0.131407812,-0.377348363,0.107003629,-0.131042406,-0.685138822,0.308976442
12.23333333,0.010116109,0.60744828,-0.27740702,0.178221464,0.533908606,-0.116441078,0.274924487,0.461608946,-0.315331578,0.18312186,0.469126165,-0.534452498,0.111829571,0.002146086,0.00639321,0.122832954,-0.388258487,0.075220704,0.191120103,-0.663540065,0.310735583,-0.166934118,0.526787221,-0.13565813,-0.270416737,0.493703276,-0.307515264,-0.214543775,0.483038694,-0.52455461,-0.111913957,-0.00186392,-0.005654572,-0.131649837,-0.376180261,0.106792018,-0.131398693,-0.682771027,0.309850872
12.25,0.009878109,0.607007265,-0.277443856,0.180026561,0.533645034,-0.116491213,0.274257123,0.453304768,-0.315686435,0.18279314,0.458498955,-0.539274633,0.111868516,0.002014061,0.006388666,0.122444868,-0.388289183,0.075168267,0.190417901,-0.662256896,0.310202122,-0.166885138,0.526935041,-0.135589302,-0.270044029,0.486596584,-0.309058249,-0.214954823,0.46161595,-0.52984339,-0.111951023,-0.001732129,-0.005652216,-0.131797761,-0.375714719,0.107404225,-0.131504729,-0.682398021,0.314799845
12.26666667,0.01042649,0.607147634,-0.271778733,0.183007762,0.532741249,-0.112255126,0.27466327,0.449584097,-0.307464063,0.18209675,0.454033732,-0.524555027,0.111928724,0.001805036,0.006317092,0.12254826,-0.388788432,0.075454801,0.190410167,-0.662337601,0.310153782,-0.165065512,0.528558493,-0.128421247,-0.269087315,0.487397909,-0.297667384,-0.214906633,0.450874835,-0.515585065,-0.112013049,-0.001524223,-0.005585493,-0.131075904,-0.375726372,0.108270861,-0.131154537,-0.682404757,0.319825381
12.28333333,0.009112117,0.608636558,-0.273070037,0.183289543,0.530429602,-0.114234366,0.27446115,0.442622095,-0.311288297,0.182235256,0.451350212,-0.535976887,0.112059839,0.001655198,0.005827887,0.122537404,-0.388153344,0.072457299,0.19039844,-0.661574066,0.302892119,-0.165085211,0.528496921,-0.128632158,-0.266059071,0.474262685,-0.300209343,-0.21784243,0.439300835,-0.52343446,-0.11214567,-0.001367098,-0.00510275,-0.131066814,-0.375136495,0.11131312,-0.131234095,-0.681994379,0.328595251
12.3,0.008494869,0.608898997,-0.27159214,0.185416982,0.529919505,-0.114398822,0.271673799,0.43967098,-0.311698884,0.183162913,0.423777163,-0.53623569,0.112179078,0.001267109,0.005078085,0.122939087,-0.388079882,0.066896208,0.190443382,-0.661631525,0.29071328,-0.164406851,0.530603409,-0.124267086,-0.26626125,0.475809246,-0.292893261,-0.21971488,0.421100706,-0.520694494,-0.112264141,-0.000970737,-0.00436536,-0.131206453,-0.374857605,0.11551597,-0.131242424,-0.682025313,0.336479157
12.31666667,0.008609023,0.609086871,-0.26899156,0.189503714,0.529876649,-0.113073848,0.270051777,0.437601477,-0.30341211,0.186460391,0.402442396,-0.529567957,0.112322345,0.000626085,0.00495466,0.123274535,-0.389089942,0.065867819,0.190437302,-0.664413989,0.283108264,-0.163327008,0.532492161,-0.118773654,-0.268574476,0.473131508,-0.281643271,-0.223194286,0.3944242,-0.507261038,-0.112404458,-0.000308995,-0.004236736,-0.13155742,-0.374488026,0.119096123,-0.131233573,-0.683689237,0.341488957
12.33333333,0.010781933,0.609671295,-0.266099393,0.191871777,0.530446768,-0.112724461,0.26719901,0.43760246,-0.300940692,0.187254056,0.388898104,-0.527867377,0.112642445,0.000137191,0.004769658,0.123508029,-0.390138596,0.052773237,0.190055594,-0.668158114,0.262817472,-0.162886843,0.534995437,-0.11576774,-0.277926892,0.468830377,-0.276774645,-0.231523141,0.371659279,-0.502126336,-0.112697855,0.000191416,-0.004022983,-0.133329436,-0.37446326,0.115204029,-0.131625831,-0.687426507,0.33053723
12.35,0.011676767,0.609637618,-0.264353365,0.192420617,0.530507505,-0.112824023,0.264289737,0.434575856,-0.300428301,0.187238619,0.375808418,-0.5264377,0.11279162,-0.000137175,0.004759879,0.123966441,-0.390908986,0.054734603,0.189366221,-0.671471477,0.265493453,-0.162904724,0.537110865,-0.115287207,-0.286557555,0.46727556,-0.274324805,-0.238866329,0.347874105,-0.494015485,-0.1128304,0.000472636,-0.004008367,-0.13511613,-0.374361217,0.115311891,-0.131655246,-0.691291749,0.330407053
12.36666667,0.013032661,0.607794464,-0.261922061,0.192468643,0.530489445,-0.109473892,0.263398886,0.423352987,-0.285265714,0.186016947,0.356884301,-0.510663986,0.113013729,-0.000279483,0.004744761,0.124854296,-0.392957538,0.056720439,0.188873976,-0.675951481,0.268924683,-0.163127169,0.537066519,-0.111562714,-0.292103559,0.452399671,-0.25669536,-0.24070473,0.323954582,-0.473716378,-0.113038786,0.000627606,-0.003979617,-0.135188192,-0.374365002,0.11529807,-0.131644338,-0.694321871,0.329861552
12.38333333,0.01337037,0.608444452,-0.262592733,0.189797878,0.530711532,-0.112006627,0.249359921,0.421812356,-0.287689447,0.180746242,0.344322145,-0.512717009,0.113390505,-0.000328133,0.003951664,0.124590002,-0.394268841,0.058756176,0.185295016,-0.676477909,0.271744698,-0.16609557,0.536740363,-0.112359218,-0.295460224,0.432716399,-0.253668755,-0.248185173,0.300593317,-0.474270701,-0.113360353,0.000687999,-0.003064458,-0.137211382,-0.374029875,0.118741654,-0.1331653,-0.694658279,0.337340415
12.4,0.011860426,0.611471891,-0.259286255,0.182684779,0.530720174,-0.10592065,0.243784323,0.409986347,-0.259218931,0.172247678,0.321694255,-0.483419865,0.113907374,-0.000320499,0.001945371,0.123653173,-0.394510478,0.056100197,0.181423664,-0.67680198,0.272244006,-0.174928799,0.532066643,-0.098075107,-0.294340998,0.390798807,-0.205970973,-0.248386711,0.255213797,-0.417915851,-0.113836832,0.000687333,-0.000936276,-0.137225911,-0.374033153,0.1186831,-0.133857697,-0.695667744,0.336899072
12.41666667,0.009203094,0.61402607,-0.258614331,0.176114619,0.530478179,-0.099076688,0.239253163,0.386027515,-0.225142047,0.169384032,0.292723358,-0.446640998,0.114544712,-0.000221807,0.000742955,0.122104861,-0.39596796,0.055953998,0.173651218,-0.678580463,0.274006933,-0.183450267,0.523687005,-0.091009192,-0.293845892,0.355212599,-0.180342361,-0.248525068,0.225748762,-0.393854588,-0.114434518,0.000610855,0.000358854,-0.138657987,-0.373878598,0.109179832,-0.136763424,-0.695530355,0.313708961
12.43333333,0.008496473,0.612999856,-0.259926021,0.175760582,0.526636779,-0.096175827,0.240738958,0.352198809,-0.18576166,0.169663638,0.246340215,-0.39812389,0.1150034,-0.000221381,0.000279594,0.121894911,-0.399205983,0.061172787,0.17020613,-0.681845248,0.301053315,-0.183146656,0.521201015,-0.087798402,-0.295091927,0.350147992,-0.145692438,-0.2537871,0.194809124,-0.351145983,-0.114901423,0.000615235,0.000874489,-0.139882639,-0.37401557,0.098301165,-0.138433695,-0.695411682,0.292837977
12.45,0.00665564,0.607865036,-0.273071885,0.175478995,0.51957196,-0.096719071,0.237688154,0.327023387,-0.179263771,0.168045014,0.215405896,-0.391346097,0.115626909,-0.000274384,-0.000118554,0.121575736,-0.400785774,0.07096377,0.166643009,-0.681673944,0.322882593,-0.182431653,0.517047763,-0.089048512,-0.294869632,0.33530876,-0.125123307,-0.254027784,0.16938895,-0.325978458,-0.115543984,0.000693937,0.001311099,-0.141649455,-0.373828053,0.094063237,-0.141382143,-0.694599271,0.290293902
12.46666667,0.00586543,0.601256013,-0.291908503,0.175626576,0.513651788,-0.106684327,0.23487933,0.313363642,-0.179247364,0.165713131,0.177178279,-0.380370677,0.11607866,-0.000426602,-0.000630061,0.120925188,-0.400978625,0.084714442,0.163665876,-0.681589603,0.34257853,-0.182016119,0.512743354,-0.091770872,-0.28945595,0.321287781,-0.13104789,-0.252089679,0.144429564,-0.329693794,-0.116023287,0.000879261,0.001843454,-0.142357454,-0.37260735,0.095327064,-0.142933711,-0.691999555,0.293850869
12.48333333,0.002555783,0.59635061,-0.322832406,0.175811604,0.50772959,-0.136028022,0.233100221,0.303140998,-0.190605998,0.162827998,0.157475531,-0.386473358,0.116436139,-0.000555141,-0.001902724,0.120285414,-0.400898397,0.092734486,0.163415238,-0.681421995,0.349622726,-0.181559309,0.505277276,-0.112305388,-0.285759896,0.295191109,-0.126837626,-0.251710057,0.110684462,-0.304712474,-0.11642874,0.001040232,0.003116792,-0.142971888,-0.37199825,0.102149293,-0.144024342,-0.690486431,0.299079865
12.5,-0.006377632,0.592224956,-0.332070798,0.174595818,0.503304482,-0.14912349,0.23213923,0.292352438,-0.195154518,0.156307831,0.138260558,-0.377590328,0.116552442,-0.000631176,-0.003245315,0.12000227,-0.398390174,0.095320515,0.164030001,-0.678231001,0.348902583,-0.182054773,0.501972139,-0.121223167,-0.2798931,0.285426348,-0.138535917,-0.25075087,0.100535862,-0.32798779,-0.116573095,0.001132383,0.004412232,-0.143464163,-0.371412784,0.120287977,-0.144968584,-0.688588858,0.327741295
12.51666667,-0.00795335,0.593069315,-0.344155371,0.173383608,0.498372346,-0.162328318,0.23252818,0.285842001,-0.199701324,0.153952613,0.130235583,-0.371723026,0.116571888,-0.000646088,-0.00390538,0.119028315,-0.395134926,0.094774731,0.163650721,-0.674383521,0.347910881,-0.182565063,0.497762501,-0.138960198,-0.279073775,0.274328142,-0.147309616,-0.249764428,0.086021923,-0.330694407,-0.11660333,0.001153392,0.005047808,-0.143729314,-0.37112695,0.132407099,-0.145487815,-0.684285581,0.35061413
12.53333333,-0.012798704,0.590165377,-0.361266911,0.173178852,0.488240153,-0.178563431,0.232444748,0.266368032,-0.202960238,0.152022436,0.102666736,-0.364032716,0.116640225,-0.000754773,-0.004482182,0.118248001,-0.391168773,0.093434088,0.162071586,-0.672003567,0.344401836,-0.183197051,0.491632253,-0.153726831,-0.277189016,0.258872777,-0.152279958,-0.249382243,0.067854851,-0.333963633,-0.116704933,0.001279567,0.005593535,-0.144051477,-0.370345294,0.132760808,-0.146861076,-0.682091653,0.351723164
12.55,-0.012345648,0.586604059,-0.384329498,0.172740728,0.481293023,-0.196758375,0.227425456,0.256650865,-0.204994604,0.151788175,0.073537722,-0.355586946,0.116752982,-0.000862229,-0.004734585,0.11780753,-0.391116172,0.088480778,0.161945224,-0.67284745,0.32912758,-0.183919981,0.487865031,-0.176292062,-0.275492162,0.248159245,-0.155344725,-0.249110296,0.049095839,-0.317249149,-0.116845444,0.001406792,0.005855183,-0.144523144,-0.370352387,0.132259354,-0.146920323,-0.682021797,0.350259632
12.56666667,-0.011894769,0.587285161,-0.395553857,0.172363847,0.477589458,-0.207504779,0.22495991,0.25362891,-0.207040921,0.15301539,0.057779469,-0.354233444,0.116773114,-0.0008771,-0.004947326,0.116854556,-0.391187251,0.086052127,0.162079901,-0.67307061,0.324845254,-0.183991656,0.484075934,-0.191764519,-0.274154723,0.241741642,-0.156688675,-0.248593673,0.033420611,-0.305801302,-0.116876088,0.001425987,0.006076423,-0.144706234,-0.370835721,0.133803427,-0.1467527,-0.682078421,0.354554176
12.58333333,-0.009689409,0.579862058,-0.423511088,0.172559112,0.467261791,-0.224325523,0.224716961,0.239015967,-0.214719474,0.156296253,0.034193885,-0.353323728,0.116854914,-0.000882593,-0.004984557,0.116848923,-0.391337633,0.081724137,0.164297,-0.673091769,0.322678179,-0.18375963,0.473841548,-0.218261108,-0.271296501,0.226730093,-0.167331293,-0.245028809,0.010399265,-0.29358384,-0.116978742,0.001438131,0.00612051,-0.143877372,-0.37260294,0.134269491,-0.144215062,-0.68213886,0.361442268
12.6,-0.008835746,0.569082439,-0.4420017,0.172797382,0.459459394,-0.235420495,0.224453494,0.22944954,-0.225663945,0.157717586,0.020364236,-0.355222642,0.116924308,-0.000843208,-0.004885589,0.117087618,-0.391468763,0.079378858,0.165726542,-0.671489894,0.324074715,-0.183542207,0.460921824,-0.237420112,-0.267742068,0.208569854,-0.188960463,-0.239282802,-0.009001142,-0.299544334,-0.117066331,0.001411494,0.006029649,-0.142780676,-0.373537183,0.135966897,-0.142993554,-0.680767119,0.375661373
12.61666667,-0.008478371,0.566918194,-0.447154611,0.172850132,0.453918487,-0.240903541,0.222699851,0.224348933,-0.234166771,0.158634588,0.009807226,-0.35686326,0.116945855,-0.00071363,-0.004770762,0.117066003,-0.391524345,0.079347432,0.16597411,-0.667065084,0.331918418,-0.183453456,0.452384859,-0.245128095,-0.265078694,0.201035663,-0.202178746,-0.235998973,-0.022459567,-0.303344339,-0.117095254,0.001292567,0.005914381,-0.141982779,-0.374135971,0.136448875,-0.142981231,-0.679170728,0.37987119
12.63333333,-0.007444339,0.560066402,-0.454383314,0.173894793,0.441921771,-0.244180158,0.222626999,0.212186307,-0.236157924,0.161184743,-0.006560354,-0.349225193,0.11697948,-0.000651781,-0.004224153,0.119705953,-0.388988167,0.046887543,0.168343231,-0.656814218,0.311494887,-0.181143105,0.441138595,-0.254491746,-0.262182444,0.190560371,-0.215025559,-0.229961485,-0.03758448,-0.305702657,-0.117138997,0.001234981,0.005370296,-0.138608217,-0.374157935,0.123111814,-0.141265988,-0.674237788,0.377706945
12.65,-0.005263586,0.554586232,-0.4645347,0.175632775,0.433303326,-0.251285732,0.222722262,0.204777762,-0.242822677,0.163810268,-0.017713878,-0.350021213,0.117024943,-0.000627154,-0.002798617,0.121206574,-0.38825196,0.039423142,0.170195609,-0.648830652,0.311300308,-0.178128585,0.43478021,-0.268430591,-0.257210672,0.186630115,-0.232583672,-0.2242174,-0.050224543,-0.307373345,-0.117190376,0.001213239,0.003987006,-0.136346966,-0.373810172,0.111188121,-0.139608115,-0.664600134,0.373684168
12.66666667,-0.004945669,0.548165143,-0.467401624,0.17635937,0.427438408,-0.256081223,0.222382471,0.199763358,-0.24816224,0.164440885,-0.021516802,-0.349501014,0.117045969,-0.000547065,-0.001479791,0.126046658,-0.386427939,0.029396163,0.172524914,-0.644802213,0.297920674,-0.175828129,0.428432941,-0.276846439,-0.25382039,0.182228267,-0.244885251,-0.218201786,-0.056619577,-0.308365554,-0.117214002,0.001131384,0.002679214,-0.13654013,-0.372330785,0.089223608,-0.138777912,-0.656522632,0.33998695
12.68333333,-0.004878995,0.540359318,-0.47189045,0.176142231,0.42137146,-0.258779258,0.221384764,0.193321556,-0.24916935,0.16450578,-0.029032554,-0.343365818,0.117101774,-0.000400515,0.000160683,0.129275382,-0.385768861,0.019851491,0.173129484,-0.644636869,0.280434936,-0.17578128,0.420425951,-0.286167711,-0.252775103,0.175766081,-0.255213469,-0.216279954,-0.063543111,-0.3094078,-0.117273912,0.000975613,0.001055456,-0.139279962,-0.370123863,0.060372267,-0.138817817,-0.651407182,0.297511607
12.7,-0.003951025,0.533363521,-0.475440443,0.176459774,0.415442139,-0.262273073,0.221461758,0.186319754,-0.252516627,0.165784404,-0.038726766,-0.342336029,0.117156804,-0.000377236,0.001324847,0.131372586,-0.385758728,0.011509879,0.174497381,-0.644741297,0.268207103,-0.174068406,0.415123999,-0.291125447,-0.248984203,0.170456439,-0.260943979,-0.212865695,-0.069443591,-0.311693668,-0.117329195,0.000948247,-8.32E-05,-0.140727296,-0.367805868,0.045239024,-0.137317285,-0.647749841,0.280386776
12.71666667,-0.000986831,0.529943585,-0.475070596,0.176994547,0.413273543,-0.262948573,0.221250549,0.184271827,-0.2534675,0.165798917,-0.04025352,-0.338901073,0.117178299,-0.000234112,0.003044314,0.135548428,-0.385653257,0.017645683,0.175051957,-0.642805338,0.273988336,-0.172440678,0.412653446,-0.294778317,-0.244884938,0.169672534,-0.26519838,-0.20996511,-0.072934464,-0.312748998,-0.117353626,0.000796806,-0.001773315,-0.141287968,-0.366624922,0.050047714,-0.136703148,-0.644757211,0.28485778
12.73333333,-0.000569179,0.5286237,-0.478973061,0.177538589,0.414650649,-0.263816863,0.221300825,0.187329367,-0.253312081,0.168399245,-0.039874759,-0.33842966,0.117267214,-0.000221689,0.003502351,0.135088682,-0.385575414,0.021249203,0.174936503,-0.641662836,0.278530538,-0.172157183,0.414194226,-0.291580081,-0.242740095,0.169625729,-0.259581149,-0.208263949,-0.075355835,-0.313825607,-0.117444873,0.000785905,-0.002219071,-0.140362158,-0.363500804,0.055764731,-0.136009812,-0.63996017,0.292808592
12.75,0.000493818,0.527630389,-0.481720358,0.178961217,0.415599406,-0.264745593,0.221342996,0.18906875,-0.25312975,0.171048194,-0.03931516,-0.338097095,0.117337368,-0.000224825,0.00383609,0.134746134,-0.385713011,0.034715347,0.174623176,-0.638255179,0.320848286,-0.170706853,0.416630358,-0.289031774,-0.238237515,0.172267959,-0.255504966,-0.205693454,-0.075038627,-0.314715654,-0.117514372,0.000793978,-0.002537708,-0.139006123,-0.361080855,0.056370154,-0.13513799,-0.634588242,0.31637004
12.76666667,0.000625425,0.52647084,-0.482996404,0.179293498,0.413852781,-0.266085654,0.220901206,0.186676085,-0.253310472,0.17123118,-0.043788988,-0.336491138,0.117467411,-0.000213376,0.004732025,0.13599512,-0.385507971,0.032879416,0.174606502,-0.638339877,0.314578742,-0.170188054,0.41452691,-0.292469233,-0.237304896,0.17031993,-0.256397128,-0.205710351,-0.077677809,-0.315284848,-0.117649011,0.000783039,-0.003423187,-0.139146611,-0.359368443,0.047412295,-0.135018706,-0.634463012,0.297130674
12.78333333,0.000802713,0.523935854,-0.485005409,0.179324329,0.41353786,-0.266811132,0.220513999,0.185112298,-0.254853249,0.1718411,-0.046314977,-0.337260664,0.11760518,-0.000176651,0.005261056,0.136345848,-0.3854644,0.029755695,0.175349683,-0.638228714,0.309729069,-0.170199618,0.413086921,-0.2956025,-0.236877114,0.167481273,-0.260427028,-0.20441401,-0.078720875,-0.319165915,-0.117789418,0.000748781,-0.003938405,-0.13916494,-0.358468533,0.045262933,-0.134803578,-0.633979678,0.292938292
12.8,0.000871951,0.525373757,-0.484277457,0.179447412,0.413793445,-0.267864227,0.220331714,0.185907006,-0.256322175,0.17393218,-0.047069836,-0.337869644,0.117631115,-0.00014103,0.005392999,0.136208445,-0.385580748,0.034029737,0.175811753,-0.638603151,0.314139336,-0.170051783,0.413294137,-0.294910312,-0.235284135,0.168276861,-0.25951764,-0.202728495,-0.078021623,-0.319419503,-0.117817223,0.000715493,-0.004069086,-0.137163341,-0.358606964,0.049845029,-0.13456133,-0.634992838,0.301529258
12.81666667,0.000623411,0.526309609,-0.483956844,0.179580167,0.414585859,-0.267610669,0.220212609,0.187265575,-0.256196529,0.176541254,-0.045868725,-0.336580247,0.117637634,-0.000133335,0.005450712,0.135949016,-0.38654238,0.058831815,0.175528049,-0.638846993,0.350360721,-0.169834659,0.413873106,-0.292619973,-0.231942207,0.169886112,-0.256481171,-0.200637743,-0.076786779,-0.316389501,-0.11782717,0.00070999,-0.004130496,-0.134132341,-0.35868305,0.086385533,-0.134801403,-0.635513246,0.348253876
12.83333333,0.000582002,0.526117802,-0.486206949,0.179723248,0.415099353,-0.269479185,0.219937786,0.188062653,-0.256384641,0.177553862,-0.047192588,-0.336685121,0.117650263,-0.000114425,0.005571411,0.135852277,-0.387252212,0.069445997,0.175429508,-0.638585269,0.364269704,-0.169591337,0.414745986,-0.292912483,-0.230005935,0.171042055,-0.255605727,-0.199439049,-0.076169185,-0.316087902,-0.117841698,0.000694945,-0.004253392,-0.132049307,-0.358951986,0.097336173,-0.134936363,-0.635895789,0.358380944
12.85,-0.000116951,0.525750935,-0.491597146,0.179731742,0.415587097,-0.27555421,0.219945788,0.18875277,-0.264701396,0.179190502,-0.046483897,-0.347291529,0.117621511,-8.34E-05,0.005443688,0.134167686,-0.387267947,0.085772634,0.174740538,-0.636828303,0.380515009,-0.169598028,0.415366173,-0.294525355,-0.229027122,0.17176874,-0.255536169,-0.198430747,-0.077025041,-0.3187792,-0.117816612,0.000669174,-0.004125083,-0.130092412,-0.358999997,0.119167916,-0.134971023,-0.635846198,0.383786261
12.86666667,-0.000105945,0.526093304,-0.490037143,0.18011409,0.416094333,-0.27437672,0.220032379,0.189046755,-0.263337702,0.180619463,-0.045938369,-0.345910877,0.117552042,-6.50E-05,0.005204905,0.134031355,-0.387082517,0.087585665,0.174729809,-0.63658005,0.377585053,-0.169205561,0.415961325,-0.293958604,-0.227589101,0.172320917,-0.250121444,-0.197745591,-0.077084057,-0.316162616,-0.117757551,0.00065398,-0.003907936,-0.127058446,-0.359408855,0.12913543,-0.134944558,-0.637265563,0.394633263
12.88333333,-0.000939358,0.526715219,-0.488965422,0.180601135,0.416394562,-0.274974704,0.220540747,0.189500883,-0.264019489,0.180890411,-0.045207299,-0.347225904,0.117325522,-7.79E-05,0.004268278,0.133061364,-0.387081236,0.088896744,0.174252823,-0.636873245,0.373034507,-0.168557703,0.416286141,-0.293614179,-0.2275033,0.172459662,-0.247881204,-0.198001683,-0.076240264,-0.314350933,-0.117547557,0.000670214,-0.003009593,-0.125654221,-0.360014766,0.134929255,-0.13539654,-0.641136527,0.396331072
12.9,-0.001037054,0.526986361,-0.488208503,0.180969089,0.416640699,-0.274546713,0.221432433,0.189843267,-0.263657361,0.180965602,-0.044635151,-0.347307175,0.117236145,-7.43E-05,0.003875355,0.132327422,-0.385976732,0.0840431,0.173867658,-0.636955798,0.36610347,-0.168347895,0.416548997,-0.293375492,-0.227808431,0.1728338,-0.246331245,-0.198311895,-0.075576805,-0.313111097,-0.117465056,0.000668665,-0.002634318,-0.124857582,-0.360520393,0.12999028,-0.135441944,-0.64352721,0.38893649
12.91666667,-0.002207272,0.525315583,-0.48915419,0.181403041,0.416785151,-0.275136948,0.223099574,0.190098047,-0.263569862,0.18129088,-0.044476021,-0.347801983,0.117165312,-7.16E-05,0.003575698,0.131998748,-0.386016995,0.082852282,0.173269898,-0.638014257,0.363039523,-0.168240815,0.41691789,-0.293190151,-0.227983117,0.173110977,-0.241930395,-0.198990762,-0.075240061,-0.311107248,-0.117403783,0.00066911,-0.00235695,-0.124381147,-0.362028331,0.133663282,-0.135624066,-0.648117602,0.394489169
12.93333333,-0.003119133,0.525058627,-0.489409328,0.181497142,0.416977555,-0.275495917,0.223935604,0.190118328,-0.263329297,0.181429386,-0.044526707,-0.347764522,0.117060825,-6.86E-05,0.003411672,0.13195844,-0.386134058,0.081154123,0.173213139,-0.642188013,0.358464956,-0.168095201,0.417258471,-0.292667031,-0.228074878,0.173398986,-0.239836544,-0.199916586,-0.074954607,-0.308500081,-0.11730814,0.000668087,-0.002210882,-0.123911135,-0.364610791,0.13228628,-0.136019617,-0.655146718,0.390189558
12.95,-0.005276626,0.520997643,-0.490876824,0.181491524,0.416893303,-0.278392762,0.223973319,0.189938828,-0.265403926,0.181402922,-0.044856127,-0.348274231,0.116797887,-8.13E-05,0.003202451,0.131589115,-0.386143565,0.084533758,0.172513902,-0.646491051,0.356351376,-0.167987928,0.417459249,-0.292652488,-0.229554206,0.174123034,-0.240922049,-0.200850755,-0.073753402,-0.308702022,-0.117057823,0.00068372,-0.002018828,-0.123963825,-0.365484476,0.134436116,-0.137287632,-0.657690525,0.387950629
12.96666667,-0.00619059,0.519178927,-0.49174732,0.181494236,0.41700235,-0.278845787,0.224235222,0.190002024,-0.265198052,0.181673497,-0.044670962,-0.348019868,0.116667725,-0.000122016,0.002969163,0.131218076,-0.386378735,0.089059845,0.171913087,-0.648505092,0.356214792,-0.167891055,0.417777807,-0.292189896,-0.22984378,0.175805792,-0.24031949,-0.201405764,-0.071613744,-0.308467239,-0.116937652,0.000729936,-0.001798339,-0.123933718,-0.366068572,0.139532998,-0.137976393,-0.658665597,0.392729014
12.98333333,-0.008178406,0.519482553,-0.491178781,0.181483343,0.417827964,-0.278220356,0.225932464,0.19100292,-0.264325321,0.183307573,-0.043067139,-0.348010957,0.116620243,-0.000201326,0.002103695,0.130065277,-0.385812879,0.088009179,0.171881333,-0.648307323,0.349936664,-0.167879,0.422318101,-0.285222739,-0.23009558,0.18022494,-0.231227994,-0.201516017,-0.068881668,-0.305937499,-0.116898261,0.000818906,-0.000953895,-0.123967931,-0.366512716,0.153145224,-0.137924284,-0.658804238,0.418705136
13,-0.008387132,0.522004128,-0.484103441,0.181510702,0.425077826,-0.273135543,0.227636397,0.197970316,-0.258296013,0.185483813,-0.035715565,-0.346138597,0.116553746,-0.000275739,0.00089218,0.127952352,-0.384582877,0.091495365,0.171654209,-0.647701144,0.352627993,-0.168061942,0.430398464,-0.27570048,-0.231357306,0.187849924,-0.223632544,-0.201668337,-0.060181204,-0.304211825,-0.116842128,0.000897329,0.000221732,-0.124111533,-0.366309017,0.166096225,-0.137948781,-0.658683956,0.431360513
13.01666667,-0.008310611,0.523303807,-0.4808698,0.181414023,0.428563476,-0.268170029,0.22780253,0.201943249,-0.250013322,0.1868238,-0.032674078,-0.340539843,0.116515726,-0.000275627,0.000644264,0.127170429,-0.384090275,0.096525572,0.171385646,-0.647379994,0.361232936,-0.16869095,0.432546228,-0.273486435,-0.23137109,0.189103067,-0.222069293,-0.200837329,-0.058880609,-0.303190112,-0.116810419,0.000898743,0.000454757,-0.124225914,-0.366089731,0.165721655,-0.138229355,-0.658478439,0.42843771
13.03333333,-0.008290262,0.525717139,-0.478382736,0.181179658,0.43208316,-0.264498353,0.228134587,0.205636397,-0.245379865,0.187770292,-0.028496575,-0.33900097,0.116503634,-0.000270852,0.000323468,0.126442999,-0.382316798,0.099316977,0.171372533,-0.645350695,0.364246666,-0.169853732,0.434524417,-0.270755529,-0.231349632,0.189417541,-0.219435394,-0.20061405,-0.057794098,-0.302727461,-0.116799504,0.000896199,0.000761717,-0.124556519,-0.365075737,0.17007041,-0.139014453,-0.657866001,0.433342755
13.05,-0.008203613,0.52635473,-0.475274444,0.181170419,0.433148205,-0.261944771,0.22822915,0.20642668,-0.240424231,0.187824503,-0.02793405,-0.332693398,0.11649064,-0.000287347,6.09E-05,0.126417488,-0.382102102,0.098684907,0.171485797,-0.645306051,0.364046365,-0.169919804,0.435933739,-0.268170148,-0.231188044,0.190800831,-0.214348987,-0.200412259,-0.056220502,-0.295674115,-0.116788976,0.000913387,0.001012308,-0.125087574,-0.365143776,0.166227624,-0.139861643,-0.658014536,0.42856583
13.06666667,-0.00758725,0.526381552,-0.475301236,0.181351975,0.433165193,-0.261732548,0.228495628,0.206327438,-0.2396705,0.188364118,-0.028056631,-0.331783056,0.116479062,-0.000305306,-7.17E-05,0.126644373,-0.382148564,0.098356083,0.172182158,-0.645460069,0.363904893,-0.169883087,0.43621704,-0.268502593,-0.231057018,0.191375569,-0.214734629,-0.199606225,-0.055594582,-0.295127809,-0.116779245,0.000932435,0.001141622,-0.125127941,-0.365420461,0.164271653,-0.139846355,-0.658118069,0.425318241
13.08333333,-0.007238593,0.529909432,-0.470474988,0.181458488,0.434330136,-0.259348661,0.228828356,0.207485303,-0.237644851,0.188679397,-0.027076617,-0.329442471,0.116468295,-0.000333264,-0.000150085,0.126671061,-0.382062942,0.097848222,0.17238152,-0.645436108,0.363639474,-0.169834673,0.438417643,-0.265482098,-0.231201068,0.194570035,-0.211944178,-0.19948186,-0.053102076,-0.291825682,-0.116770469,0.000960886,0.001220813,-0.125162244,-0.365426749,0.162804648,-0.139633968,-0.658024728,0.423450321
13.1,-0.0074536,0.529898584,-0.470485866,0.181391776,0.434441835,-0.258930326,0.228873312,0.207441807,-0.237818256,0.188962251,-0.026733335,-0.329815149,0.116470106,-0.00037809,-0.000331636,0.126641795,-0.381946146,0.097150296,0.172619775,-0.645268798,0.362164319,-0.170066386,0.440398425,-0.264435023,-0.231224075,0.196032614,-0.210439235,-0.198879942,-0.052437264,-0.291796297,-0.116776593,0.001011105,0.001409561,-0.125520632,-0.365410864,0.165524513,-0.13962914,-0.657935858,0.428334177
13.11666667,-0.007434798,0.53024435,-0.467800647,0.181388736,0.434973121,-0.255774289,0.22883454,0.207649395,-0.23313655,0.188889161,-0.025996059,-0.324890882,0.116464756,-0.000405147,-0.000350841,0.126519501,-0.381878793,0.092146009,0.172402889,-0.645106733,0.359550178,-0.170134842,0.441201746,-0.263007671,-0.231247291,0.196490452,-0.209161699,-0.197760031,-0.052269425,-0.289866507,-0.11677409,0.001040638,0.001429268,-0.125796676,-0.365352571,0.165278479,-0.139656097,-0.657521129,0.426817507
13.13333333,-0.007552903,0.531785369,-0.465987325,0.181271508,0.436723202,-0.254632473,0.228834897,0.209043011,-0.232179821,0.188965484,-0.024109205,-0.32494837,0.116453961,-0.000419664,-0.000650847,0.126146317,-0.38063857,0.094287246,0.172646776,-0.644996464,0.35936901,-0.170717061,0.4434807,-0.260490984,-0.231267706,0.198407054,-0.20588319,-0.197577596,-0.050682779,-0.288655639,-0.116767153,0.00105825,0.001730931,-0.125972673,-0.364746809,0.170303136,-0.139849871,-0.657537162,0.430731058
13.15,-0.008087804,0.53174758,-0.466216981,0.180992737,0.437075049,-0.254788965,0.228717104,0.209167764,-0.232709438,0.188881814,-0.023728954,-0.325559855,0.116445646,-0.000429346,-0.000956042,0.126094177,-0.379125446,0.096054107,0.174093574,-0.644548893,0.35906136,-0.17128101,0.444122821,-0.260672748,-0.231171921,0.198704258,-0.206344306,-0.197115302,-0.050293963,-0.28892529,-0.116761476,0.001071185,0.002035207,-0.126155853,-0.364590466,0.174293518,-0.140104458,-0.657945335,0.434588909
13.16666667,-0.007752334,0.531754613,-0.466466218,0.180929244,0.437368602,-0.253601283,0.228681892,0.209398985,-0.231659308,0.188686505,-0.022886332,-0.325845212,0.116441354,-0.00042716,-0.001030915,0.125825107,-0.377916366,0.09581466,0.174116954,-0.643958032,0.355711699,-0.171727031,0.444042444,-0.260906786,-0.231189758,0.198609442,-0.206808075,-0.196617529,-0.050382767,-0.289870501,-0.116761632,0.001073015,0.002111863,-0.126127616,-0.364414126,0.176301733,-0.14018175,-0.658158183,0.439732581
13.18333333,-0.007762495,0.5321455,-0.466584414,0.180886239,0.437937319,-0.253408521,0.22896345,0.209975436,-0.231897578,0.188300341,-0.021072671,-0.327952176,0.116417997,-0.000440123,-0.001322894,0.125651538,-0.37648946,0.093688443,0.174322248,-0.642729461,0.350141943,-0.171881169,0.444584578,-0.260961294,-0.231496289,0.198719367,-0.207127586,-0.196472883,-0.050246079,-0.293120086,-0.116744168,0.001089705,0.002407749,-0.126128629,-0.364172369,0.177042931,-0.140230626,-0.658150017,0.442492753
13.2,-0.00772224,0.53200531,-0.467317015,0.180849925,0.43803665,-0.253355742,0.228976503,0.210012764,-0.232157618,0.187982753,-0.02097735,-0.328190982,0.116415307,-0.000438508,-0.001346759,0.125519946,-0.376063138,0.093253873,0.174346626,-0.642355025,0.347199321,-0.172224551,0.444489688,-0.261378855,-0.231497169,0.198440939,-0.207641095,-0.196350217,-0.050415587,-0.294343263,-0.116745733,0.00109189,0.002431707,-0.126130253,-0.36402294,0.176365748,-0.140545577,-0.658180773,0.441905737
13.21666667,-0.007121118,0.532710493,-0.467022836,0.180849075,0.438313037,-0.252833813,0.229222521,0.210170612,-0.232355312,0.187815472,-0.020262379,-0.329847395,0.116409637,-0.000438582,-0.001509375,0.125471085,-0.37550801,0.091387704,0.17511332,-0.641617119,0.345193624,-0.17234832,0.44492656,-0.261303663,-0.23160769,0.198415086,-0.20785588,-0.196275383,-0.050403904,-0.295307338,-0.116742603,0.001094747,0.002600342,-0.126035616,-0.363995105,0.175832376,-0.14036186,-0.658212602,0.44137764
13.23333333,-0.006965268,0.533017218,-0.467116237,0.180805072,0.438377559,-0.252509058,0.229230627,0.210153461,-0.232450485,0.187397957,-0.020283902,-0.330006301,0.116413005,-0.000429627,-0.001540079,0.12538521,-0.37535736,0.090250678,0.175604567,-0.641422749,0.342513829,-0.172788054,0.444867402,-0.261392772,-0.231765822,0.198060945,-0.208074421,-0.196399614,-0.050722737,-0.295487732,-0.116750918,0.001089322,0.002631551,-0.126047924,-0.364007533,0.175786376,-0.140407667,-0.658437729,0.442534149
13.25,-0.006301552,0.533239305,-0.466942012,0.180975795,0.438758999,-0.252243221,0.229279578,0.210246429,-0.232586116,0.187059373,-0.020013113,-0.330370843,0.116409853,-0.000435623,-0.001638488,0.125314802,-0.375193238,0.088289708,0.175812408,-0.641377687,0.339425355,-0.1727871,0.444901317,-0.261397213,-0.231858477,0.198009491,-0.208281681,-0.196343243,-0.050708603,-0.295677304,-0.116750792,0.001097259,0.002730973,-0.126124457,-0.364009053,0.175473616,-0.140500203,-0.658581316,0.442041457
13.26666667,-0.005396688,0.533012331,-0.466994584,0.181042433,0.439035028,-0.251692414,0.229276612,0.210368186,-0.232057482,0.18668355,-0.019801343,-0.330113113,0.116412446,-0.000430988,-0.001661135,0.125256896,-0.375149131,0.087615989,0.175780252,-0.641397953,0.338002115,-0.172818631,0.444993615,-0.261437804,-0.231875375,0.197973713,-0.208367869,-0.196287587,-0.05070084,-0.295930266,-0.11675714,0.001095691,0.002754578,-0.126152277,-0.364010662,0.174385801,-0.140614271,-0.658702195,0.440223128
13.28333333,-0.005159692,0.532917917,-0.467371017,0.18108736,0.439139038,-0.251684308,0.22928001,0.210458279,-0.232142404,0.18630603,-0.019582877,-0.330328971,0.116410255,-0.000416175,-0.001683062,0.124890603,-0.375097632,0.089272141,0.175644815,-0.641355932,0.339182317,-0.172823638,0.444967419,-0.261804193,-0.23189044,0.197818682,-0.209349826,-0.195985526,-0.050798491,-0.297237724,-0.116757721,0.001085066,0.002777053,-0.126175955,-0.364012688,0.174352214,-0.140640602,-0.658844709,0.439943135
13.3,-0.005137743,0.532602549,-0.468596339,0.181097358,0.439084411,-0.252318084,0.229037702,0.210446492,-0.233420983,0.184799552,-0.019376641,-0.331946522,0.116410419,-0.000409545,-0.001702656,0.124788195,-0.374899209,0.089607939,0.17545253,-0.640886664,0.340205967,-0.172832966,0.444774628,-0.263124853,-0.231985405,0.197665364,-0.211584315,-0.195835963,-0.050846953,-0.29908675,-0.116761081,0.001081296,0.002797328,-0.126281679,-0.363966823,0.174203947,-0.140791029,-0.658686161,0.439528823
13.31666667,-0.004180189,0.531720281,-0.471792579,0.181143895,0.438982904,-0.252907962,0.228668347,0.210428745,-0.233920857,0.184346303,-0.019364322,-0.332932562,0.116415009,-0.000372922,-0.001621105,0.12476629,-0.374776512,0.091594644,0.175448462,-0.640473723,0.34286651,-0.172852576,0.444029629,-0.267123252,-0.231975421,0.196728677,-0.217180282,-0.195279047,-0.051740639,-0.303671092,-0.116769798,0.001050702,0.0027205,-0.126297206,-0.36391288,0.174236342,-0.140972152,-0.658589423,0.439833194
13.33333333,-0.003767621,0.531976581,-0.471800685,0.181186438,0.439011067,-0.252825826,0.228453532,0.210557193,-0.233785257,0.184349209,-0.019192839,-0.332603037,0.116411231,-0.000353903,-0.001621561,0.124746382,-0.374672949,0.09159527,0.175345451,-0.640454412,0.342765272,-0.172849685,0.443872809,-0.267520189,-0.231869608,0.196383953,-0.218149528,-0.194653749,-0.052728735,-0.303917587,-0.116768949,0.001035119,0.002722733,-0.126309976,-0.363825053,0.174209788,-0.141028509,-0.658497274,0.439748764
13.35,-0.003721316,0.532338619,-0.471662164,0.181213364,0.439255804,-0.252784044,0.228182167,0.210856482,-0.233676121,0.184104368,-0.018793311,-0.332285792,0.116408646,-0.000328645,-0.001651005,0.12472795,-0.374646127,0.09255366,0.175125211,-0.640608847,0.343502223,-0.172856346,0.443821251,-0.267397106,-0.231905043,0.196281224,-0.217861235,-0.194649786,-0.052831523,-0.303451151,-0.116768986,0.00101275,0.002751515,-0.126329198,-0.363770694,0.174123317,-0.141242608,-0.65858233,0.437174827
13.36666667,-0.003704062,0.532344043,-0.47163263,0.181442961,0.439254224,-0.252834886,0.228162959,0.21088402,-0.233800679,0.184060708,-0.018598594,-0.332289308,0.116402693,-0.000330447,-0.001652445,0.124761507,-0.374685019,0.092761576,0.175111979,-0.640638113,0.34381181,-0.172499508,0.443827242,-0.267278463,-0.232123137,0.196495757,-0.217710674,-0.1947359,-0.052638017,-0.303106546,-0.116765417,0.001016924,0.002754376,-0.126380637,-0.363702416,0.173824996,-0.141364992,-0.658537269,0.436127752
13.38333333,-0.003668783,0.532100558,-0.471651375,0.181431934,0.439242482,-0.252868056,0.227927849,0.210880339,-0.233793214,0.183616921,-0.018629221,-0.332068473,0.116398484,-0.000319085,-0.001647246,0.124745049,-0.374756217,0.092844799,0.174820468,-0.640639901,0.347161382,-0.172538251,0.443637162,-0.267341167,-0.232931525,0.196363941,-0.217786595,-0.194889635,-0.05261901,-0.303069949,-0.116762958,0.001006695,0.002749294,-0.1267948,-0.363672316,0.170096859,-0.141855583,-0.658426464,0.428998053
13.4,-0.003698799,0.532380223,-0.471289188,0.181340605,0.439222574,-0.252877444,0.227791831,0.210898846,-0.233808517,0.183510676,-0.018587219,-0.331927538,0.116394751,-0.000316478,-0.001694883,0.124750875,-0.374697268,0.092212506,0.174800977,-0.640548646,0.347052157,-0.172635183,0.443621367,-0.267161459,-0.233480036,0.196394816,-0.217588499,-0.195146874,-0.052495427,-0.302381366,-0.116761111,0.001005068,0.002797303,-0.127023816,-0.363574445,0.169255733,-0.142115146,-0.658210397,0.428000778
13.41666667,-0.003715692,0.532760978,-0.470537066,0.181367233,0.439186424,-0.252865613,0.227789268,0.210849747,-0.234046057,0.183472782,-0.01854986,-0.332299232,0.116388619,-0.000335238,-0.0018899,0.124870971,-0.374390453,0.087662622,0.17502816,-0.639972746,0.342220515,-0.172633246,0.443727911,-0.266336381,-0.233903468,0.196456045,-0.217203796,-0.195300281,-0.052406356,-0.302080721,-0.116757289,0.00102551,0.002994071,-0.12704885,-0.363355517,0.169593811,-0.142092928,-0.657737732,0.430892706
13.43333333,-0.003614001,0.532789409,-0.4708381,0.181388468,0.439204514,-0.253138453,0.22775127,0.211032078,-0.234222949,0.183714181,-0.018404104,-0.332471371,0.116399616,-0.000333215,-0.001892912,0.12476977,-0.374387026,0.090795696,0.175024495,-0.639721155,0.34465155,-0.172649398,0.443727732,-0.266581684,-0.233916536,0.196589664,-0.217311278,-0.195282832,-0.052394196,-0.302230537,-0.116771661,0.001024881,0.002999257,-0.127230808,-0.362813234,0.171639606,-0.142159253,-0.656514049,0.433819234
13.45,-0.00363736,0.53307724,-0.470817,0.181477726,0.439264417,-0.253650516,0.22794874,0.211195067,-0.236401141,0.183888838,-0.018123772,-0.335192293,0.11639525,-0.000346269,-0.001998881,0.124273486,-0.374245554,0.094786026,0.17501986,-0.638581991,0.349444628,-0.172625676,0.444174945,-0.266560942,-0.233928517,0.197377369,-0.217660472,-0.195223227,-0.052046034,-0.303612679,-0.116769135,0.0010399,0.003110712,-0.127517462,-0.362159908,0.176101342,-0.142177522,-0.654709399,0.440024912
13.46666667,-0.004172727,0.532911718,-0.471112907,0.181475431,0.438119769,-0.255316705,0.227881923,0.210394353,-0.239305407,0.183729485,-0.018443394,-0.337453187,0.116397299,-0.000380593,-0.002118781,0.124307208,-0.374201059,0.091343224,0.175077751,-0.636359334,0.349434704,-0.172447488,0.443566203,-0.266761929,-0.233884439,0.197054163,-0.218166932,-0.195227921,-0.052098151,-0.303687632,-0.11677257,0.001075727,0.003238811,-0.127538264,-0.361902356,0.175595671,-0.141909778,-0.652342677,0.440763205
13.48333333,-0.004129966,0.531131923,-0.474195361,0.181510016,0.434744477,-0.258231372,0.22753121,0.207227841,-0.242161646,0.183122426,-0.021798432,-0.33923611,0.1163994,-0.000384895,-0.002128762,0.12451347,-0.374714583,0.090667903,0.175209895,-0.635928392,0.352395982,-0.172101721,0.440210581,-0.269464403,-0.233586431,0.194093689,-0.221113905,-0.19523263,-0.054430433,-0.30478254,-0.116775408,0.00108038,0.003250105,-0.127489284,-0.361884236,0.17005834,-0.141712755,-0.651598454,0.436256081
13.5,-0.004474453,0.531134546,-0.477020264,0.181500301,0.433630228,-0.261303961,0.227387771,0.206124708,-0.246845737,0.183202744,-0.022327466,-0.344688207,0.116393633,-0.000385022,-0.002217557,0.124316573,-0.374729365,0.092310704,0.175223395,-0.634736359,0.357626408,-0.172095761,0.438037187,-0.272756517,-0.233418271,0.19008477,-0.227280915,-0.19521597,-0.059014469,-0.31104666,-0.116772115,0.001081235,0.003341734,-0.127528757,-0.361725032,0.173573002,-0.141659603,-0.65012598,0.444361925
13.51666667,-0.004855974,0.531146526,-0.477286667,0.181523383,0.431530952,-0.262056619,0.227386072,0.205077305,-0.248005614,0.183718026,-0.022787223,-0.344983041,0.116357706,-0.00040084,-0.002229236,0.124291949,-0.374713987,0.086234435,0.175075233,-0.634043694,0.350917101,-0.171306685,0.436451942,-0.273324639,-0.232457116,0.188286006,-0.228501379,-0.194861919,-0.062572345,-0.310961246,-0.116740085,0.001097994,0.003354738,-0.126565501,-0.361609936,0.173827708,-0.139967129,-0.649532557,0.447970957
13.53333333,-0.005694163,0.524200857,-0.486878306,0.181705445,0.422644138,-0.268249363,0.226930335,0.195312932,-0.25454399,0.183633193,-0.034059841,-0.347840011,0.116363175,-0.000411752,-0.001883133,0.124722168,-0.375366539,0.086188361,0.175117448,-0.634044707,0.350986034,-0.170320183,0.429702461,-0.279363453,-0.228607833,0.181788862,-0.232147187,-0.19441241,-0.069734231,-0.312560886,-0.116745591,0.001111444,0.003027985,-0.125524744,-0.361589909,0.168685779,-0.138734043,-0.649340689,0.444799334
13.55,-0.006127483,0.520142376,-0.491191357,0.181968808,0.419669867,-0.272245914,0.225912735,0.19222948,-0.257701963,0.183067352,-0.038107727,-0.348320454,0.116364546,-0.000418089,-0.001402427,0.125055268,-0.376596242,0.091608614,0.175007731,-0.634854734,0.35867846,-0.169362545,0.427880675,-0.282328159,-0.225687996,0.181062683,-0.234123155,-0.194436461,-0.071262769,-0.313181728,-0.116746895,0.001119638,0.002561911,-0.124663904,-0.361522198,0.165769801,-0.138323486,-0.649323106,0.437166065
13.56666667,-0.00615951,0.516799033,-0.493116915,0.183063537,0.416708857,-0.2740511,0.226055056,0.190559283,-0.257515192,0.183711812,-0.041474909,-0.346922666,0.116379134,-0.000413399,-0.000580014,0.126294181,-0.378142148,0.094595753,0.17476286,-0.636406958,0.365028411,-0.167776018,0.423931986,-0.284382701,-0.221752048,0.177904531,-0.234390691,-0.193947226,-0.07542371,-0.312256783,-0.116760932,0.00111627,0.001740625,-0.122128844,-0.361412495,0.154454514,-0.136117861,-0.649290562,0.417179763
13.58333333,-0.00612237,0.513708234,-0.500562251,0.183905587,0.414106935,-0.278734505,0.226051793,0.189012498,-0.260399431,0.184626654,-0.045088168,-0.347467721,0.116393246,-0.000392999,0.000552039,0.126788795,-0.381638408,0.106919475,0.174195632,-0.639928997,0.376641273,-0.166717783,0.418250293,-0.292934328,-0.219544604,0.172229797,-0.2434607,-0.193732023,-0.084959351,-0.316174477,-0.116774745,0.001098054,0.00061877,-0.120733693,-0.361419231,0.149162322,-0.135691032,-0.649666727,0.404977262
13.6,-0.006121806,0.507835984,-0.502697051,0.184636578,0.411813796,-0.282566369,0.226013243,0.186867654,-0.264832914,0.184807748,-0.049979053,-0.347391129,0.116474092,-0.000387135,0.001944572,0.127121687,-0.385230035,0.106357165,0.173336908,-0.640838444,0.379119456,-0.165600494,0.41461283,-0.297663808,-0.218412608,0.169140652,-0.24966915,-0.193669826,-0.08746542,-0.318311542,-0.116845004,0.001092765,-0.000741769,-0.12108402,-0.361387581,0.12872079,-0.135738969,-0.647876978,0.378222674
13.61666667,-0.007785615,0.500463724,-0.51076889,0.184528202,0.406892031,-0.294077933,0.225733653,0.182840779,-0.280591786,0.184963897,-0.054630753,-0.356634259,0.11656221,-0.00037758,0.002625534,0.127062455,-0.38836652,0.105704382,0.172149926,-0.642393529,0.377441555,-0.16557464,0.408615828,-0.307701737,-0.218638822,0.165075839,-0.261888623,-0.194470569,-0.090473503,-0.326151073,-0.116922721,0.001083027,-0.001392885,-0.12323945,-0.361520022,0.121052355,-0.137400866,-0.64694345,0.366875142
13.63333333,-0.008714294,0.501062334,-0.512069225,0.184572175,0.406335294,-0.299040824,0.225793868,0.182560533,-0.288095057,0.185550958,-0.054621998,-0.366737992,0.116555959,-0.000392141,0.002600773,0.126915723,-0.389278919,0.107543148,0.171322182,-0.644507825,0.379253358,-0.165516108,0.407396674,-0.309728116,-0.219557762,0.164692566,-0.264896542,-0.195829853,-0.089855589,-0.33005327,-0.116914958,0.001096552,-0.001367493,-0.124262162,-0.361563802,0.125364393,-0.13762413,-0.646863401,0.376410574
13.65,-0.008704081,0.501420319,-0.511120379,0.184408829,0.405520558,-0.29889816,0.225793183,0.182244807,-0.289139152,0.185816765,-0.054590341,-0.367592454,0.116581492,-0.000360999,0.003017949,0.126903832,-0.390729427,0.10735473,0.171150446,-0.644504011,0.378281921,-0.165516838,0.406865358,-0.312036484,-0.220199302,0.164727837,-0.26952666,-0.195869401,-0.088854559,-0.331695795,-0.116933949,0.00106312,-0.001761485,-0.126116991,-0.361709535,0.124275066,-0.138152719,-0.645304322,0.372665256
13.66666667,-0.008693626,0.501221061,-0.510096073,0.184249625,0.40359512,-0.29752183,0.225842938,0.178566739,-0.289408892,0.185819536,-0.05610542,-0.368643224,0.116703145,-0.00036889,0.003316036,0.12852636,-0.391472548,0.079846174,0.172511533,-0.644033074,0.357803792,-0.165456742,0.405892819,-0.3120175,-0.221485004,0.162587672,-0.271718204,-0.196000367,-0.088284634,-0.332582057,-0.117040001,0.00106923,-0.002036418,-0.129463151,-0.361727148,0.09752325,-0.138166532,-0.643460095,0.347424388
13.68333333,-0.008252911,0.499559909,-0.5093925,0.18411614,0.403165817,-0.29682073,0.225844786,0.178099006,-0.289494276,0.185820743,-0.055881478,-0.368221134,0.116751283,-0.000335161,0.004196631,0.129944324,-0.391968429,0.08048024,0.173309848,-0.643882632,0.357661158,-0.165297717,0.405441284,-0.314020246,-0.222581625,0.162586987,-0.276908517,-0.195932627,-0.088119067,-0.335268676,-0.117078699,0.001031997,-0.002878606,-0.131432727,-0.362014025,0.098710835,-0.138180122,-0.642558575,0.346729726
13.7,-0.006676919,0.495493591,-0.510325849,0.183858469,0.402496159,-0.296981573,0.225811392,0.177781165,-0.288634032,0.18587029,-0.056540597,-0.36753574,0.116809614,-0.000289272,0.004819778,0.13176173,-0.392628282,0.079002097,0.173852682,-0.643836975,0.355553359,-0.16531311,0.404444188,-0.316460133,-0.223993853,0.16224049,-0.278202832,-0.196607664,-0.087639704,-0.335260779,-0.1171261,0.000981316,-0.003477603,-0.132391348,-0.362923712,0.098073788,-0.138189301,-0.642420113,0.345427305
13.71666667,-0.005364628,0.492827743,-0.510853529,0.183853835,0.40272215,-0.299648166,0.22645092,0.178031415,-0.291446894,0.187093347,-0.056291904,-0.368589163,0.116818354,-0.000261956,0.005086386,0.132294878,-0.39450556,0.079729207,0.174510479,-0.646926045,0.352275699,-0.165089354,0.404758781,-0.318681002,-0.224710375,0.162878081,-0.280461788,-0.19798924,-0.08340048,-0.336730421,-0.11713203,0.000949633,-0.003733483,-0.133537009,-0.365724564,0.101951085,-0.138339236,-0.646092474,0.34317857
13.73333333,-0.005220005,0.492990047,-0.51026547,0.183843195,0.40293318,-0.299314708,0.227162376,0.178165615,-0.29140383,0.187510148,-0.056003567,-0.370352894,0.116824567,-0.000305117,0.004949914,0.132910848,-0.394670486,0.079851955,0.176221669,-0.648032188,0.345707268,-0.165081233,0.406461626,-0.318431675,-0.230924442,0.167481288,-0.279604375,-0.204800352,-0.072767965,-0.336130977,-0.117134541,0.000986759,-0.003598472,-0.134297416,-0.367854774,0.104197122,-0.13851811,-0.649671555,0.343463928
13.75,-0.005117608,0.495034873,-0.500698149,0.184111372,0.406313717,-0.296425164,0.22902891,0.180187568,-0.290836364,0.188647911,-0.052788343,-0.370002478,0.116834253,-0.000538694,0.004477636,0.1328879,-0.394673496,0.074292585,0.178437188,-0.650885999,0.333594203,-0.164833337,0.413270682,-0.308237374,-0.238379583,0.176578283,-0.270475656,-0.209181905,-0.05348878,-0.332371145,-0.117141731,0.001204204,-0.003125484,-0.134437054,-0.369344711,0.104556426,-0.138446346,-0.654220998,0.339615077
13.76666667,-0.005413089,0.50225693,-0.479320586,0.184277371,0.419426918,-0.280331939,0.23488003,0.189039752,-0.27348268,0.191209406,-0.041383207,-0.359343708,0.116806448,-0.000931495,0.002882011,0.13204895,-0.394636661,0.074416086,0.178405657,-0.65744853,0.331400782,-0.164861664,0.43009603,-0.284555435,-0.244523689,0.192624748,-0.246175855,-0.216587126,-0.026082616,-0.321098924,-0.117110953,0.001575399,-0.001591424,-0.134591699,-0.370394677,0.107479922,-0.138609856,-0.661014915,0.342248529
13.78333333,-0.005417875,0.515965104,-0.463567585,0.184311047,0.434940368,-0.258579582,0.23953861,0.2024571,-0.245128781,0.195875391,-0.027049661,-0.342021108,0.116864033,-0.001200865,0.001087398,0.130725637,-0.393921971,0.063262612,0.178184092,-0.658266425,0.322084904,-0.166152373,0.445486873,-0.259772092,-0.247710392,0.204893157,-0.213524327,-0.222154304,-0.007456411,-0.30335924,-0.117169589,0.00184409,0.000143903,-0.134530947,-0.370917797,0.113109484,-0.138461515,-0.665448844,0.349213988
13.8,-0.005526861,0.520137966,-0.454060704,0.184245348,0.445326716,-0.246665493,0.24269031,0.214354232,-0.228333741,0.199171931,-0.011192951,-0.327905685,0.116898872,-0.001390675,0.000148083,0.127641916,-0.393862665,0.063747413,0.176407918,-0.660345197,0.323292136,-0.168216929,0.454006135,-0.248662516,-0.249704257,0.212151945,-0.198322073,-0.229226694,-0.001123667,-0.291250527,-0.117205828,0.002033393,0.001043999,-0.135497436,-0.37090525,0.115014218,-0.139659181,-0.667485237,0.350004137
13.81666667,-0.005843716,0.52213788,-0.442427367,0.183562368,0.452747315,-0.23773174,0.244168431,0.221449405,-0.226221129,0.199649125,0.00183565,-0.331433535,0.116923243,-0.001497447,-0.00113361,0.125842258,-0.393629313,0.054984666,0.175382122,-0.66344738,0.301163495,-0.170634031,0.462837666,-0.23191683,-0.253744751,0.223088533,-0.190224841,-0.236394018,0.017889798,-0.2950553,-0.11722891,0.002140462,0.00229725,-0.136279583,-0.37172544,0.117476784,-0.141323507,-0.677573025,0.350713462
13.83333333,-0.006898918,0.527913213,-0.423827499,0.182328776,0.46237728,-0.223391131,0.249514148,0.238661349,-0.210054457,0.201688275,0.030286798,-0.322360009,0.116923936,-0.001665703,-0.001891718,0.12207903,-0.394629925,0.059039284,0.170028448,-0.670856953,0.307103783,-0.17231822,0.47573927,-0.211117998,-0.266382039,0.249192566,-0.162597761,-0.245751902,0.047022048,-0.27660659,-0.117229022,0.002307351,0.00302816,-0.136820778,-0.372164756,0.118792385,-0.141936913,-0.682441473,0.347700626
13.85,-0.006351278,0.538386464,-0.410369456,0.182312369,0.47053498,-0.216825038,0.255075157,0.248847097,-0.213278115,0.203257248,0.048947126,-0.325372368,0.116892204,-0.001736166,-0.003336562,0.119889334,-0.395386934,0.070426628,0.169966906,-0.674854934,0.31062749,-0.17224957,0.48881197,-0.194699407,-0.271788061,0.275293976,-0.159774393,-0.2480409,0.077887058,-0.281247109,-0.117188603,0.002374883,0.004456318,-0.137351841,-0.372350633,0.126842096,-0.141649589,-0.685775459,0.348215461
13.86666667,-0.006340446,0.548162639,-0.387746155,0.182034701,0.480294585,-0.198213264,0.256659836,0.268269181,-0.193020821,0.207312346,0.074815713,-0.317865431,0.116893992,-0.001891218,-0.003784119,0.118601784,-0.397634715,0.086903527,0.169678003,-0.681984961,0.315040737,-0.172229111,0.496953994,-0.171525031,-0.275813311,0.291275561,-0.129065543,-0.252851069,0.095704228,-0.263070524,-0.117188513,0.002528378,0.004896693,-0.139218822,-0.372411311,0.12755163,-0.141715661,-0.68884635,0.338401556
13.88333333,-0.006269238,0.562233627,-0.349714458,0.181035027,0.492199838,-0.160604,0.256387264,0.290954322,-0.153362364,0.210516468,0.102816135,-0.290914714,0.116998792,-0.002093689,-0.003886098,0.118708134,-0.398164272,0.09353327,0.169173852,-0.682748914,0.31883508,-0.172897875,0.506917298,-0.13612105,-0.278850377,0.30932194,-0.098237276,-0.252989203,0.119025551,-0.245163307,-0.117283113,0.002730571,0.005003269,-0.141481534,-0.372273445,0.127444074,-0.142249599,-0.689314663,0.331638813
13.9,-0.004383326,0.574896932,-0.317215681,0.180338591,0.498509645,-0.132210359,0.257006109,0.30605799,-0.127670005,0.215403572,0.122714594,-0.266817838,0.117030986,-0.002330149,-0.003874164,0.118640535,-0.401024848,0.096224934,0.166821763,-0.68986696,0.319306821,-0.172934055,0.513685167,-0.111117139,-0.281712502,0.328636765,-0.082323425,-0.254740328,0.145372346,-0.234011218,-0.117303766,0.002959094,0.004993862,-0.142853633,-0.372758687,0.122318566,-0.143281341,-0.694072545,0.310190469
13.91666667,-0.002439235,0.57937181,-0.310695022,0.178919181,0.505203426,-0.121797472,0.258427918,0.322443187,-0.116116494,0.222837463,0.141877607,-0.256360233,0.117052555,-0.002403754,-0.003343443,0.118576579,-0.40675813,0.101499848,0.164642841,-0.698702157,0.319913834,-0.174363911,0.516214728,-0.108877771,-0.282180756,0.342402071,-0.08237271,-0.258331925,0.162678808,-0.23305656,-0.117313616,0.003026129,0.004494422,-0.145993665,-0.373022974,0.11384996,-0.146671742,-0.696212888,0.291678399
13.93333333,-0.001616132,0.578862011,-0.299834222,0.177479088,0.509470165,-0.110185273,0.262203664,0.327355385,-0.134166196,0.224767074,0.172937766,-0.276742041,0.117058374,-0.002405535,-0.002734482,0.119352177,-0.410056442,0.088595569,0.164188266,-0.702351809,0.302974343,-0.175664231,0.517815471,-0.106737576,-0.284552366,0.349807143,-0.086850896,-0.257010549,0.184755787,-0.315859675,-0.117310397,0.003023511,0.003894233,-0.146566257,-0.375660151,0.099742204,-0.147434875,-0.700592697,0.282136858
13.95,0.002021167,0.588508785,-0.276642293,0.177513927,0.522803664,-0.094525553,0.268739462,0.354524374,-0.144720852,0.230148315,0.224619597,-0.33743912,0.117061183,-0.002382519,-0.002365596,0.119859681,-0.411720395,0.069626495,0.163121551,-0.702769876,0.282522857,-0.17695041,0.526694715,-0.100130104,-0.29858318,0.378868341,-0.135710269,-0.258859366,0.223863661,-0.362633497,-0.117303014,0.002990306,0.003523589,-0.14676705,-0.377682537,0.096627198,-0.147391662,-0.702317715,0.283535331
13.96666667,0.003546349,0.598953247,-0.259426922,0.177898377,0.525355458,-0.086193971,0.27238059,0.361822009,-0.159284323,0.228832319,0.254970878,-0.376322776,0.11677362,-0.00239497,-0.001915889,0.121424958,-0.412094861,0.06377276,0.162806287,-0.705367148,0.278622746,-0.176887572,0.53561306,-0.093860812,-0.306482822,0.414719731,-0.152193561,-0.262788266,0.261728555,-0.353010714,-0.116980612,0.002999999,0.003034862,-0.145110488,-0.379036337,0.094385102,-0.146256372,-0.704553246,0.281025916
13.98333333,0.004779108,0.604699016,-0.264215142,0.178275868,0.527224243,-0.094453827,0.273313433,0.374315441,-0.202383041,0.234555826,0.263127267,-0.431413978,0.11669486,-0.002312637,-0.001020987,0.121565714,-0.413434863,0.065352775,0.163179085,-0.709187448,0.278031051,-0.176983133,0.537769437,-0.102920949,-0.314676493,0.440359861,-0.202533513,-0.269451559,0.300024688,-0.400642753,-0.116885312,0.002899554,0.00212753,-0.145072803,-0.38035953,0.095003717,-0.146360338,-0.710437179,0.281374246
14,0.006255836,0.606834292,-0.26665318,0.178385839,0.530112922,-0.099167086,0.27488625,0.400619268,-0.237413883,0.250048578,0.302223623,-0.472410679,0.116684131,-0.002284715,1.32E-06,0.121802159,-0.413896292,0.062090997,0.163547218,-0.708307028,0.277122974,-0.17734237,0.539520502,-0.110048205,-0.31518054,0.44932574,-0.23502785,-0.271490663,0.318226039,-0.430486023,-0.116865076,0.002856476,0.001088036,-0.145081669,-0.381061643,0.09226986,-0.146456003,-0.711051822,0.282215893
14.01666667,0.007810293,0.606832385,-0.269659549,0.178695232,0.536148548,-0.105781153,0.274635255,0.432386339,-0.278676748,0.246563151,0.348319769,-0.515216529,0.116693318,-0.002224959,0.000888028,0.121825144,-0.413768172,0.062780604,0.163669914,-0.707459867,0.27724871,-0.177442238,0.539391756,-0.114710227,-0.312385798,0.453132629,-0.280427992,-0.270473987,0.341670811,-0.498420179,-0.116862483,0.002778614,0.000224854,-0.146958724,-0.37950024,0.093018748,-0.146870732,-0.710181952,0.284423083
14.03333333,0.00823843,0.605487525,-0.263927191,0.182378113,0.53540206,-0.106439225,0.27358675,0.436640352,-0.284318715,0.244847655,0.355196923,-0.518196344,0.116683491,-0.002256876,0.002020391,0.12184941,-0.410069138,0.058707613,0.164478138,-0.695500374,0.273505896,-0.175267637,0.539830744,-0.113403648,-0.311274886,0.46716246,-0.278091073,-0.264606297,0.364386439,-0.497952074,-0.116839051,0.002800815,-0.000934373,-0.147307038,-0.376330525,0.098370187,-0.146785557,-0.704885066,0.309429884
14.05,0.009133386,0.606626928,-0.27175644,0.185355216,0.534156859,-0.109605841,0.267923862,0.439340234,-0.320750892,0.238053158,0.367010415,-0.565555036,0.116682231,-0.002322137,0.002885251,0.121905737,-0.409378171,0.059613071,0.167366251,-0.691776335,0.274380207,-0.172756478,0.539262533,-0.120791957,-0.297804385,0.466347396,-0.316264838,-0.261243761,0.365406156,-0.56063652,-0.116822891,0.002856453,-0.001781416,-0.148162857,-0.373805106,0.099321887,-0.146789849,-0.701151609,0.31231764
14.06666667,0.008433838,0.607323408,-0.271096587,0.18897225,0.532912195,-0.11176762,0.27061981,0.436033785,-0.316627473,0.237499654,0.372682065,-0.551309109,0.11660669,-0.002365831,0.002887886,0.121926598,-0.404335082,0.054881398,0.171612427,-0.686715901,0.262126535,-0.169724464,0.539298415,-0.120489888,-0.291157901,0.470241547,-0.303545177,-0.247935757,0.392095447,-0.540918887,-0.11672847,0.002890075,-0.001788278,-0.148155913,-0.37230286,0.106733978,-0.146359771,-0.698638856,0.32170105
14.08333333,0.006495743,0.60618633,-0.27163744,0.189098507,0.53166306,-0.113299236,0.271016121,0.434417725,-0.324108422,0.23474285,0.380921572,-0.562735438,0.11651364,-0.002388767,0.002927697,0.121914692,-0.398371786,0.050125528,0.176415756,-0.677332342,0.257826656,-0.169634834,0.53905654,-0.121107556,-0.284511954,0.470635176,-0.309049875,-0.24638921,0.40381366,-0.552594244,-0.116608374,0.002905703,-0.00183932,-0.148230284,-0.368540674,0.113056742,-0.145996466,-0.69157052,0.334355623
14.1,0.006256323,0.60653317,-0.267610669,0.189963415,0.5308007,-0.111974925,0.274766326,0.436955482,-0.309531003,0.227473304,0.39145568,-0.536411703,0.116228804,-0.002377288,0.003111723,0.121899463,-0.395864785,0.051170848,0.178367093,-0.672700703,0.259423494,-0.168726712,0.538595796,-0.117319308,-0.283178478,0.485858142,-0.295472831,-0.232467502,0.42869553,-0.521976411,-0.116322733,0.00288208,-0.002077051,-0.146293521,-0.368676931,0.116850346,-0.142326102,-0.689250052,0.341500819
14.11666667,0.006230284,0.608198345,-0.26940003,0.190587357,0.530533195,-0.114485949,0.272919744,0.445189267,-0.327011198,0.20756796,0.420734435,-0.551973701,0.115798421,-0.002316775,0.003743905,0.122209728,-0.394598186,0.055328656,0.181139201,-0.67030102,0.271756768,-0.1663201,0.538122654,-0.120557427,-0.277475685,0.499073923,-0.312865525,-0.216512814,0.451443672,-0.537163377,-0.115887724,0.002799914,-0.002777728,-0.145470947,-0.368824542,0.116516009,-0.141009808,-0.687036157,0.338330269
14.13333333,0.006027091,0.607661903,-0.265570939,0.19114691,0.5299263,-0.113711298,0.273553401,0.443443894,-0.316188157,0.200117871,0.423375964,-0.536710083,0.115266055,-0.002230257,0.003890698,0.122224405,-0.394121528,0.057492487,0.182170764,-0.668638349,0.287152827,-0.163515881,0.537532032,-0.117967665,-0.275983602,0.497549146,-0.301783621,-0.215073287,0.460406005,-0.52124387,-0.115391538,0.002688498,-0.002987453,-0.14189744,-0.369273901,0.116302542,-0.138364404,-0.68427968,0.336884379
14.15,0.006998725,0.603991985,-0.25790894,0.191444114,0.527670562,-0.102547981,0.279770911,0.443001598,-0.296320349,0.201324344,0.436513782,-0.491233557,0.114763215,-0.00214013,0.004502701,0.122139148,-0.394283831,0.058433708,0.181970298,-0.667759001,0.301169276,-0.162112743,0.536976933,-0.112172633,-0.276613593,0.503127694,-0.291373283,-0.211859539,0.472623557,-0.479836553,-0.114927396,0.002568422,-0.003691892,-0.138278887,-0.370397657,0.112753965,-0.136307195,-0.681650162,0.335621864
14.16666667,0.006989159,0.599071205,-0.257240474,0.191453531,0.526898623,-0.098867305,0.284732163,0.444007546,-0.290809005,0.20271486,0.448857874,-0.485533595,0.114449717,-0.002068292,0.0053032,0.121841989,-0.394351274,0.058632039,0.181729406,-0.666163146,0.304253638,-0.161826491,0.535771251,-0.111615375,-0.277224392,0.502784312,-0.290841579,-0.212963209,0.485924363,-0.471139222,-0.114640273,0.002476587,-0.004564585,-0.137132064,-0.370467544,0.109467745,-0.135777563,-0.677938879,0.335265696
14.18333333,0.00744331,0.595950723,-0.25770998,0.191643402,0.526144207,-0.09716776,0.29118529,0.445248365,-0.286185175,0.203537107,0.457605392,-0.479418039,0.114187457,-0.001939398,0.006120723,0.121602945,-0.394384652,0.059346788,0.181610808,-0.665395677,0.305893898,-0.161597714,0.534521043,-0.111904949,-0.277842015,0.506535172,-0.28872785,-0.212091863,0.492772937,-0.468263954,-0.114388429,0.002322619,-0.005413933,-0.136558995,-0.370513558,0.10725224,-0.135575861,-0.67647469,0.334368676
14.2,0.008185748,0.593988597,-0.258513838,0.191497043,0.525675178,-0.09859404,0.294306129,0.455230147,-0.286112219,0.212022379,0.474787682,-0.479583204,0.113848232,-0.001689383,0.006908699,0.121630348,-0.394472927,0.06864918,0.182592228,-0.665111721,0.323013753,-0.1616759,0.534012079,-0.114767008,-0.279556841,0.518419445,-0.288865507,-0.208251759,0.498694003,-0.468498766,-0.114058375,0.002036605,-0.006232226,-0.135725707,-0.371094465,0.106822506,-0.135221824,-0.676018476,0.333528519
14.21666667,0.008915294,0.593895793,-0.260534465,0.190615386,0.525490999,-0.09861856,0.299983412,0.453864872,-0.285973638,0.223928094,0.483416677,-0.480741829,0.113830984,-0.001328152,0.00775534,0.119930252,-0.393819332,0.067075536,0.182030022,-0.66244638,0.321556419,-0.162717685,0.53005898,-0.121493794,-0.279332638,0.513670564,-0.29862836,-0.208512455,0.522794545,-0.481035352,-0.114037983,0.001667377,-0.007057708,-0.135735855,-0.370643318,0.105989508,-0.135275498,-0.673169374,0.332930118
14.23333333,0.009018639,0.593624651,-0.267651647,0.189172387,0.52502948,-0.099762149,0.306051016,0.453932196,-0.291877657,0.228457332,0.490433395,-0.487139761,0.113708757,-0.000974993,0.00848469,0.119570449,-0.393448681,0.070834652,0.182355478,-0.662293911,0.319653064,-0.163488984,0.528359056,-0.132211983,-0.278579295,0.51399374,-0.309095114,-0.205468789,0.528307557,-0.49100104,-0.113911852,0.001303084,-0.0077715,-0.134877592,-0.37067613,0.10581366,-0.134645611,-0.672756791,0.332446396
14.25,0.009875567,0.591573477,-0.274071693,0.18769896,0.524805963,-0.100139223,0.308153093,0.457296371,-0.292141825,0.22933647,0.49434489,-0.48797968,0.113625795,-0.000819351,0.00894835,0.119613878,-0.393491566,0.073043078,0.18230024,-0.66246438,0.319005311,-0.164421365,0.52833581,-0.13770251,-0.281792909,0.514334798,-0.308542699,-0.208558455,0.527745843,-0.490264416,-0.113828614,0.001142399,-0.008219959,-0.13453646,-0.37070474,0.104339682,-0.134605989,-0.672745287,0.328555971
14.26666667,0.01021596,0.592136085,-0.276974261,0.186859161,0.524640441,-0.101499572,0.308484733,0.459189236,-0.294981986,0.229017824,0.497089058,-0.492829144,0.113587461,-0.000678817,0.009175662,0.119789638,-0.393494904,0.07338953,0.183161631,-0.662635028,0.317549825,-0.164689302,0.528315783,-0.139702544,-0.282374054,0.51374954,-0.310121626,-0.2121979,0.532303035,-0.493539542,-0.113789551,0.001002896,-0.008435583,-0.134307384,-0.370735079,0.103303507,-0.134341165,-0.672924042,0.324822813
14.28333333,0.010297642,0.592894018,-0.280956775,0.186409131,0.524542093,-0.106465481,0.309027255,0.458677173,-0.299024075,0.228777394,0.497617811,-0.496125966,0.113516741,-0.000557365,0.009134276,0.119783565,-0.392919332,0.07331451,0.183472559,-0.662744761,0.316737324,-0.164702445,0.528225183,-0.141325325,-0.282396883,0.513550222,-0.311089218,-0.213474169,0.539544642,-0.49719286,-0.113716528,0.000883605,-0.008392802,-0.134020343,-0.370764375,0.103257827,-0.133466318,-0.672945976,0.32296446
14.3,0.010857518,0.594417751,-0.283556789,0.186123341,0.52435118,-0.110678151,0.309386969,0.459149361,-0.303732008,0.228571817,0.49980399,-0.500160635,0.113439374,-0.000435903,0.009113098,0.119982287,-0.39248082,0.074244395,0.184848368,-0.662911355,0.316197187,-0.164588496,0.528219581,-0.143269241,-0.282515436,0.516508877,-0.314826339,-0.213905707,0.545525849,-0.501976967,-0.113635905,0.000762847,-0.008369229,-0.13378951,-0.370792389,0.103194676,-0.132804587,-0.673049748,0.320541441
14.31666667,0.011524802,0.595786154,-0.284916133,0.185714304,0.524203539,-0.112196557,0.309154838,0.459096014,-0.305491894,0.228497207,0.499040633,-0.503180087,0.113370985,-0.000304307,0.009115838,0.120034531,-0.392432839,0.077067874,0.185646772,-0.663336456,0.316633403,-0.164606586,0.528201282,-0.144497812,-0.282566845,0.517254174,-0.316767722,-0.214249924,0.544742823,-0.503830016,-0.11356543,0.00063234,-0.008371175,-0.133467779,-0.3709566,0.1033343,-0.132115945,-0.673307121,0.320080429
14.33333333,0.011665007,0.596827686,-0.284759551,0.184840694,0.52428931,-0.110451855,0.308719695,0.458782583,-0.304516107,0.22848101,0.496684432,-0.502946317,0.11334756,-0.000213448,0.009276993,0.120092832,-0.391928762,0.076243684,0.185990021,-0.663022518,0.314296097,-0.1649753,0.527816415,-0.144007668,-0.281151563,0.516440094,-0.31648159,-0.213384017,0.54175514,-0.503474414,-0.113539964,0.000541551,-0.008525969,-0.133469626,-0.370985121,0.103678599,-0.132085159,-0.67339164,0.321490467
14.35,0.01257911,0.595942616,-0.285601944,0.184599981,0.524328589,-0.109593764,0.309543103,0.458534539,-0.300686866,0.229458526,0.49586761,-0.500523388,0.113323905,-0.000174318,0.009668686,0.120096542,-0.391876817,0.07607048,0.18561554,-0.663066804,0.314040869,-0.165378168,0.527685106,-0.145216256,-0.281710923,0.515730619,-0.316176593,-0.214325309,0.537401259,-0.503003955,-0.113516659,0.000502591,-0.008910217,-0.133478433,-0.370863765,0.103896961,-0.132194787,-0.672975719,0.322651863
14.36666667,0.012523703,0.595913529,-0.285629362,0.184193641,0.524199843,-0.109433815,0.31062758,0.458403409,-0.299590945,0.231362954,0.494689286,-0.499758571,0.113302715,-6.95E-05,0.009753942,0.120103158,-0.391843528,0.075699277,0.185689852,-0.663135171,0.312141806,-0.166102752,0.526669621,-0.144994393,-0.281885445,0.512963057,-0.3154414,-0.214731261,0.53462261,-0.502474248,-0.113493703,0.000395048,-0.00899343,-0.133477584,-0.370992303,0.103867076,-0.132203668,-0.673233986,0.322647572
14.38333333,0.011443507,0.595894516,-0.285570562,0.183950692,0.523883998,-0.109676324,0.311491042,0.458284765,-0.299357682,0.231593594,0.494214267,-0.499546945,0.113279082,4.82E-05,0.009748261,0.120173641,-0.391772449,0.075674504,0.185942009,-0.662972212,0.312561631,-0.16638495,0.525703549,-0.144876912,-0.282108456,0.510888517,-0.31426695,-0.21482268,0.532808542,-0.501526535,-0.113468692,0.000273372,-0.008987921,-0.133335128,-0.371263593,0.103685565,-0.132207975,-0.673502386,0.322524309
14.4,0.011314531,0.596961856,-0.284216762,0.183959708,0.523371756,-0.109069236,0.311624318,0.457045019,-0.298797816,0.231806561,0.49333322,-0.498397499,0.113259986,0.00016193,0.009787017,0.120099843,-0.391782284,0.075609207,0.185931176,-0.662693322,0.313663602,-0.16644989,0.524048865,-0.144330785,-0.280656695,0.510174274,-0.314122856,-0.211247027,0.531512618,-0.5006845,-0.113447577,0.000154978,-0.00902681,-0.133151814,-0.371708095,0.103718929,-0.132059574,-0.673615634,0.324508697
14.41666667,0.011309741,0.60020119,-0.282174498,0.184100032,0.523339987,-0.108291723,0.31198144,0.456876874,-0.298656523,0.232110292,0.494065881,-0.498580277,0.113275655,0.000221423,0.00978983,0.120092548,-0.391816169,0.075061649,0.186048269,-0.662766397,0.311651975,-0.166491389,0.523237109,-0.142357245,-0.279667705,0.506903172,-0.313188791,-0.211803749,0.530815303,-0.500424802,-0.11345841,9.52E-05,-0.009028246,-0.133126333,-0.371734947,0.104181767,-0.131786734,-0.673776925,0.326186955
14.43333333,0.011195871,0.600894749,-0.278126687,0.184851214,0.523238719,-0.106449537,0.312185377,0.456760973,-0.296337992,0.232492507,0.493715525,-0.496313125,0.113263741,0.000248113,0.009779277,0.120043904,-0.391879529,0.074996203,0.186195448,-0.66273731,0.312176496,-0.166464269,0.523235679,-0.13775897,-0.279994965,0.508278966,-0.309029132,-0.212016016,0.530523777,-0.498714775,-0.113444678,6.86E-05,-0.009018709,-0.13303569,-0.37204653,0.104313098,-0.131758898,-0.674045324,0.327166975
14.45,0.010679165,0.599783123,-0.275051266,0.186043531,0.52313906,-0.104535922,0.31174618,0.456129611,-0.292278051,0.231258422,0.488234818,-0.49349004,0.113245077,0.000255387,0.009768353,0.119935714,-0.391911238,0.074183293,0.185605317,-0.662279725,0.312562346,-0.166274115,0.523249269,-0.131848976,-0.281709552,0.507627904,-0.298301637,-0.215037823,0.51977396,-0.490147144,-0.113427356,5.78E-05,-0.009012753,-0.13302505,-0.372071147,0.104361288,-0.131838933,-0.673933446,0.328428477
14.46666667,0.01089317,0.59965086,-0.270891249,0.186639547,0.522983849,-0.104441911,0.302606553,0.457562774,-0.292738378,0.226418629,0.486293316,-0.49352923,0.113131441,0.000265412,0.009775527,0.120292194,-0.392812133,0.077006564,0.186020076,-0.662391007,0.322077274,-0.164704785,0.523740113,-0.129474163,-0.279021144,0.510183573,-0.298102677,-0.205370426,0.51482594,-0.488219857,-0.113312162,4.14E-05,-0.009024846,-0.13285242,-0.372372895,0.104859948,-0.131204188,-0.674205184,0.329164624
14.48333333,0.010588878,0.59961164,-0.269144565,0.186741069,0.522937179,-0.104472667,0.299836397,0.459065974,-0.294606566,0.222536951,0.485810339,-0.496070027,0.113063119,0.000268733,0.009739473,0.120169275,-0.392846048,0.077386975,0.185790196,-0.661732256,0.32560724,-0.164529055,0.524446547,-0.127547801,-0.278965682,0.510709047,-0.297125697,-0.206054926,0.511310458,-0.487089604,-0.113246888,3.29E-05,-0.008998311,-0.132794559,-0.37235254,0.105878778,-0.131164432,-0.673834383,0.331266463
14.5,0.009327429,0.600323379,-0.268258154,0.18670477,0.523041606,-0.104240157,0.299259931,0.459197909,-0.293041587,0.219309211,0.484020919,-0.49513793,0.11304801,0.000252332,0.009626413,0.119552329,-0.392298102,0.070450947,0.182881251,-0.6591416,0.323797107,-0.164851487,0.525307238,-0.125217393,-0.283570409,0.50888288,-0.291182816,-0.217051953,0.503949404,-0.483401805,-0.113231204,4.70E-05,-0.008896406,-0.133112311,-0.371827126,0.10579472,-0.131630242,-0.671823263,0.331226051
14.51666667,0.009468069,0.59919858,-0.263785005,0.189055502,0.522956371,-0.100545444,0.299366057,0.455366224,-0.284514099,0.216922253,0.471152544,-0.486087203,0.113007627,0.000148096,0.009602223,0.119496882,-0.392320752,0.068098776,0.182297364,-0.65917629,0.321077883,-0.163650155,0.526733875,-0.118174374,-0.285164237,0.508838773,-0.279479414,-0.219220504,0.499188989,-0.472079307,-0.113195688,0.000146361,-0.008879855,-0.133027747,-0.37161687,0.105048195,-0.131584495,-0.671514809,0.330329031
14.53333333,0.009785749,0.598104477,-0.257046133,0.190691635,0.522201121,-0.094969422,0.299315423,0.449268579,-0.273544222,0.216029257,0.460706264,-0.475052208,0.112988181,2.84E-05,0.009467651,0.11920432,-0.392195404,0.065917924,0.181452259,-0.659092128,0.318299234,-0.162881956,0.527759731,-0.109975189,-0.287561625,0.508816183,-0.266401529,-0.219412774,0.492796481,-0.457484603,-0.113177545,0.000261865,-0.008754538,-0.132986173,-0.371428967,0.102888003,-0.131363645,-0.67151469,0.323764771
14.55,0.010104148,0.598684728,-0.256907731,0.192090094,0.521554887,-0.099905238,0.283775389,0.449030757,-0.288268805,0.194106936,0.452249765,-0.489693403,0.1129556,-0.000195975,0.008637389,0.119197808,-0.392058402,0.062637165,0.181439236,-0.65905726,0.317972422,-0.159288496,0.5306651,-0.111162022,-0.284581214,0.510928571,-0.26742807,-0.218418598,0.485230237,-0.466764599,-0.113144852,0.000481265,-0.007937654,-0.133064762,-0.371421039,0.101519413,-0.131346881,-0.671542287,0.321644396
14.56666667,0.01084928,0.598818302,-0.249923691,0.194817379,0.519553125,-0.095628589,0.285141706,0.43805629,-0.271764368,0.196606383,0.425750941,-0.46544522,0.112914354,-0.000578124,0.008099512,0.119786613,-0.39221561,0.059237912,0.181945458,-0.659769356,0.312793493,-0.156281382,0.532293141,-0.100607648,-0.284625322,0.508308768,-0.250346243,-0.217285097,0.461516589,-0.442915231,-0.113106422,0.000855856,-0.007422864,-0.131345838,-0.371947348,0.101388089,-0.129691273,-0.672612011,0.321677804
14.58333333,0.010767796,0.598924339,-0.250975847,0.196745247,0.519568622,-0.100341894,0.284860134,0.437504649,-0.285271376,0.197975308,0.417539656,-0.49021399,0.112905674,-0.001010655,0.007180817,0.120444126,-0.391974807,0.059404679,0.182470724,-0.660437465,0.302695572,-0.154897928,0.536343992,-0.102538548,-0.277122349,0.50692904,-0.255344599,-0.217025161,0.451048434,-0.456646591,-0.113096088,0.001299406,-0.006491004,-0.131385922,-0.37107262,0.107864574,-0.129690021,-0.672779858,0.330848336
14.6,0.010710596,0.598907292,-0.251185089,0.196795359,0.520863652,-0.103107065,0.281659454,0.437016338,-0.293198019,0.199032322,0.404493779,-0.510916471,0.113028586,-0.001300597,0.006784745,0.120576344,-0.391191453,0.059249207,0.182481498,-0.66066885,0.288724929,-0.155810893,0.538074911,-0.103753634,-0.275834113,0.49480629,-0.256712735,-0.223369271,0.424042851,-0.475149184,-0.11319676,0.001606893,-0.006053901,-0.132858202,-0.366528809,0.119551763,-0.129776925,-0.67280066,0.346648753
14.61666667,0.01062901,0.59978646,-0.251970828,0.196799785,0.521944284,-0.104219131,0.278208345,0.436570257,-0.293308675,0.19962123,0.392827988,-0.511282384,0.11310064,-0.001520122,0.006426734,0.120575808,-0.390496463,0.058729224,0.18249099,-0.660811186,0.282981932,-0.156021729,0.538975656,-0.104239985,-0.276379406,0.489284903,-0.260044277,-0.229873687,0.412393212,-0.475656837,-0.113255806,0.001838051,-0.005668894,-0.134441108,-0.365418345,0.123400226,-0.130539238,-0.673479319,0.350769103
14.63333333,0.010407773,0.601048708,-0.253967583,0.196332172,0.525914967,-0.107385866,0.271615535,0.436959982,-0.299868166,0.205808654,0.384599328,-0.530194879,0.113234676,-0.00166934,0.006295453,0.12061701,-0.390339911,0.058466882,0.182510093,-0.662693202,0.269838303,-0.158464283,0.53969574,-0.105910778,-0.281980932,0.478956431,-0.269090414,-0.244885981,0.385871381,-0.496508271,-0.113350816,0.002000195,-0.005495459,-0.139338389,-0.36442253,0.124725498,-0.13183625,-0.676746249,0.349076688
14.65,0.009758881,0.601539314,-0.257402003,0.194691584,0.531247258,-0.107891344,0.26957491,0.437121302,-0.299585849,0.211312398,0.373360187,-0.528745472,0.113561369,-0.001700209,0.006089065,0.120632023,-0.390324295,0.055369452,0.18205072,-0.665658534,0.260419697,-0.163454384,0.53958261,-0.106572576,-0.283091486,0.458091676,-0.26929754,-0.256832302,0.366137475,-0.501331568,-0.11362271,0.002039247,-0.005230708,-0.142673656,-0.363615125,0.124291293,-0.134833127,-0.679696143,0.348592371
14.66666667,0.009758392,0.607432902,-0.258696496,0.192365661,0.535031378,-0.108893119,0.264168113,0.438335359,-0.298439384,0.213344648,0.366960764,-0.52769202,0.11395777,-0.001707251,0.005921349,0.120866612,-0.392998606,0.0570204,0.182312056,-0.674717247,0.262176424,-0.168425769,0.539488614,-0.108273931,-0.289454997,0.452942491,-0.269357651,-0.266863883,0.342345655,-0.499468297,-0.11397104,0.002048869,-0.005004882,-0.144149944,-0.364245147,0.123681009,-0.13560994,-0.687282026,0.342903107
14.68333333,0.009739418,0.613337636,-0.262657195,0.186893553,0.536368906,-0.114264585,0.254563391,0.438627928,-0.301035345,0.213603124,0.359499186,-0.534653485,0.114210263,-0.001700312,0.005639244,0.120720215,-0.394717246,0.064164728,0.182352081,-0.678474605,0.266243249,-0.17181918,0.53932631,-0.115817398,-0.289477438,0.453925669,-0.274036974,-0.265323132,0.337372094,-0.501855433,-0.114185303,0.002046376,-0.004659933,-0.146080881,-0.364557505,0.12387161,-0.138834327,-0.689634204,0.342587769
14.7,0.010139447,0.60948658,-0.27123946,0.184268788,0.535988569,-0.114828214,0.256159395,0.420301676,-0.282753974,0.216336995,0.317580312,-0.520075142,0.114619441,-0.001671548,0.005175878,0.120928198,-0.398176581,0.069331199,0.181072548,-0.681544542,0.277544707,-0.175446287,0.537918031,-0.118935868,-0.294896811,0.430513144,-0.257261157,-0.264740676,0.292857677,-0.471194983,-0.11457593,0.002030241,-0.004123887,-0.145962656,-0.365901172,0.123703577,-0.139458016,-0.691129923,0.338959515
14.71666667,0.010288633,0.601725698,-0.273372978,0.183544084,0.527526736,-0.113022916,0.257791132,0.376001477,-0.238957018,0.216528609,0.262342095,-0.463297755,0.114678174,-0.001670756,0.003760853,0.121460915,-0.400582284,0.069193386,0.180025488,-0.688218832,0.279943168,-0.175674796,0.534767389,-0.114298657,-0.30164808,0.405691117,-0.207989022,-0.264892519,0.252537429,-0.411417246,-0.114633359,0.002034709,-0.00265639,-0.142585397,-0.372669041,0.123178363,-0.136305511,-0.696062624,0.338569731
14.73333333,0.009873427,0.59982872,-0.27442643,0.183137923,0.525044441,-0.107380316,0.258528262,0.352528125,-0.180073321,0.214168757,0.231370464,-0.38135922,0.114743285,-0.001736983,0.00309081,0.12144725,-0.405370742,0.076662637,0.172813669,-0.694744706,0.299751014,-0.175424948,0.533022702,-0.104376122,-0.301054776,0.381828904,-0.154133573,-0.267026782,0.216373101,-0.355761021,-0.114702225,0.002119028,-0.001946739,-0.142589405,-0.373318613,0.114297651,-0.137121871,-0.695525587,0.310227096
14.75,0.010238203,0.597583115,-0.278308511,0.182310522,0.523598909,-0.102765121,0.258925825,0.348865122,-0.135471225,0.214370415,0.213099152,-0.311801374,0.114944182,-0.001834216,0.002829482,0.121178634,-0.410244465,0.083267011,0.168835223,-0.700343907,0.30772993,-0.175681531,0.531719923,-0.101055168,-0.30080846,0.370821208,-0.114684261,-0.268259197,0.196129873,-0.287043959,-0.114910692,0.002242499,-0.00164507,-0.144250602,-0.373624057,0.106764331,-0.141134053,-0.695413589,0.29046914
14.76666667,0.010271508,0.592398822,-0.293709815,0.181719914,0.51959759,-0.105130173,0.259719253,0.336526304,-0.141215339,0.214674041,0.182509676,-0.317155659,0.115156114,-0.00190678,0.002415816,0.121010579,-0.40995577,0.085528202,0.165159225,-0.699661016,0.312887788,-0.175544068,0.526437163,-0.103681765,-0.292628706,0.344644815,-0.131418169,-0.259894103,0.166253462,-0.314109415,-0.115140915,0.002338493,-0.001191558,-0.144210517,-0.373578072,0.10689196,-0.142130062,-0.695093632,0.296454519
14.78333333,0.010274934,0.586350501,-0.311676323,0.181786895,0.514758289,-0.114488058,0.259934932,0.327756405,-0.133998767,0.215674013,0.157865062,-0.295908928,0.115424573,-0.002163405,0.00205865,0.120955266,-0.409523129,0.09567292,0.164308563,-0.698468983,0.329355747,-0.174764857,0.523027241,-0.111499451,-0.289215982,0.337314188,-0.110202663,-0.259651452,0.147685021,-0.262380362,-0.115446843,0.002640609,-0.000804272,-0.144550145,-0.373239934,0.106881261,-0.14431639,-0.694131613,0.295798481
14.8,0.009395991,0.585674286,-0.337931693,0.18146874,0.506553531,-0.140872791,0.259003252,0.314447552,-0.15034169,0.211347148,0.138746411,-0.311780065,0.115680449,-0.002240079,0.00131313,0.118976235,-0.409231901,0.107513048,0.162627608,-0.697580099,0.346737742,-0.174685165,0.513427615,-0.129000276,-0.286558092,0.311475009,-0.104181692,-0.261146307,0.114989109,-0.240615562,-0.115734927,0.00274116,-3.60E-05,-0.145242631,-0.372947633,0.108629473,-0.146818742,-0.693562448,0.298579335
14.81666667,0.005408248,0.586048007,-0.352969915,0.178600624,0.503026009,-0.162962273,0.258380413,0.306145847,-0.155613557,0.207339734,0.131690696,-0.337840527,0.115801387,-0.002224534,-0.000510744,0.116643436,-0.406188458,0.105996192,0.162366942,-0.694293499,0.349487662,-0.177141905,0.50570482,-0.144094288,-0.282863319,0.290895373,-0.126396343,-0.261134773,0.105928957,-0.286753535,-0.115865573,0.002733727,0.00174961,-0.145836815,-0.372353464,0.118590355,-0.147054046,-0.691269398,0.318094879
14.83333333,0.00335317,0.589659214,-0.367052346,0.175706193,0.499331445,-0.183084756,0.257363677,0.29747653,-0.184720546,0.205574244,0.112556666,-0.347936988,0.115824878,-0.002082471,-0.002140158,0.113979682,-0.404021621,0.103789181,0.162559003,-0.692505121,0.346888989,-0.179904461,0.49730286,-0.162192479,-0.280462474,0.2752482,-0.145731777,-0.260964572,0.088418402,-0.3144131,-0.115891762,0.002597905,0.003330703,-0.145848289,-0.372454315,0.130908042,-0.146833494,-0.691201031,0.342750162
14.85,0.000812486,0.58936131,-0.383942991,0.175326645,0.492675871,-0.198169097,0.253027856,0.278094113,-0.200512931,0.194735423,0.081105717,-0.354729444,0.115936719,-0.002052786,-0.003451795,0.11057917,-0.402192086,0.102640681,0.160807401,-0.690190136,0.343131036,-0.181063637,0.490629017,-0.177713484,-0.2755045,0.257279217,-0.149160251,-0.258864492,0.062193997,-0.322035491,-0.116020888,0.002575692,0.004626778,-0.146052316,-0.372407615,0.133547097,-0.146821856,-0.690016448,0.347396225
14.86666667,-0.002965407,0.587885499,-0.392907172,0.174202114,0.486303449,-0.207603857,0.248383716,0.266208589,-0.211694643,0.189509705,0.063631341,-0.358032167,0.116038486,-0.002044714,-0.004790435,0.109420478,-0.401418388,0.100854658,0.160546124,-0.689777792,0.341776878,-0.182172,0.4867706,-0.185408384,-0.273398489,0.250051916,-0.15039058,-0.258764595,0.051461745,-0.321895421,-0.116136983,0.002572063,0.005965522,-0.146186158,-0.372396827,0.132454753,-0.147143602,-0.689938843,0.345048279
14.88333333,-0.005013518,0.575787365,-0.420730352,0.173934206,0.476269931,-0.225048661,0.245362818,0.252607077,-0.223524556,0.187150687,0.04529677,-0.359846264,0.116094746,-0.002047308,-0.005426725,0.109154552,-0.401377589,0.092321873,0.160660446,-0.689394653,0.329971939,-0.182035416,0.478441358,-0.20866783,-0.267846495,0.233559057,-0.154796779,-0.254798114,0.028170045,-0.302561462,-0.116209008,0.002579921,0.006608539,-0.146158591,-0.373214096,0.136146888,-0.147283912,-0.689875901,0.357252985
14.9,-0.006781701,0.574733913,-0.426054478,0.174011424,0.468539983,-0.228660122,0.243792027,0.241623878,-0.226363152,0.186997473,0.026951862,-0.356128603,0.116190329,-0.002041729,-0.005847501,0.109259069,-0.39981851,0.090429626,0.160761803,-0.683482885,0.330531031,-0.181870922,0.471192122,-0.21598652,-0.264701784,0.222528875,-0.15779084,-0.252887338,0.012333613,-0.288348377,-0.116327837,0.002580075,0.007018024,-0.146164775,-0.373529077,0.138913795,-0.147255763,-0.68895191,0.365500391
14.91666667,-0.007107287,0.571511328,-0.436957061,0.174617767,0.460448414,-0.235020012,0.242982402,0.232683465,-0.228968263,0.187701777,0.015693245,-0.352072775,0.116256967,-0.002041365,-0.005837123,0.109584004,-0.398993015,0.090114936,0.16121681,-0.678107202,0.332086146,-0.18061468,0.463877052,-0.228502691,-0.263473839,0.215074286,-0.169724762,-0.247274578,-0.002986897,-0.286131114,-0.116416112,0.002583474,0.007007664,-0.145971403,-0.373920202,0.143900141,-0.147128552,-0.687155426,0.380014509
14.93333333,-0.008089392,0.566982388,-0.444329023,0.17467086,0.452199906,-0.240541875,0.241296321,0.224070504,-0.232926577,0.187935039,0.003628491,-0.350274861,0.116283774,-0.002036214,-0.005850303,0.110414535,-0.396966159,0.084604442,0.161951363,-0.668880701,0.332079232,-0.179765314,0.456481367,-0.236576885,-0.262000769,0.206447318,-0.182225019,-0.240116864,-0.01968779,-0.287582725,-0.116442584,0.002582558,0.007021375,-0.143985718,-0.374012709,0.14721711,-0.146734998,-0.683468342,0.393909961
14.95,-0.008102585,0.561889172,-0.448564559,0.17579329,0.444983065,-0.243514985,0.24080123,0.21762602,-0.235021457,0.188353226,-0.00421886,-0.345651716,0.116308242,-0.002029827,-0.005611878,0.112143464,-0.396010309,0.078105837,0.162670761,-0.662514985,0.335410982,-0.176690429,0.447387278,-0.245619267,-0.260033816,0.19740364,-0.198976293,-0.232221231,-0.030020308,-0.291701734,-0.116468191,0.002579785,0.006785975,-0.140867263,-0.374070734,0.142662585,-0.146169171,-0.677859247,0.386125356
14.96666667,-0.007972108,0.550603032,-0.455151975,0.177931786,0.438381791,-0.250894964,0.240567014,0.209974602,-0.243135661,0.188669965,-0.015419106,-0.346408725,0.1163195,-0.002122873,-0.005532807,0.114458613,-0.395283699,0.071626559,0.163831845,-0.65775156,0.335343063,-0.17151624,0.445915818,-0.252755046,-0.256222069,0.200143099,-0.209956914,-0.227799416,-0.028934501,-0.294502944,-0.116484016,0.002678636,0.006717635,-0.137146428,-0.3740426,0.141724795,-0.142232478,-0.670016825,0.385185242
14.98333333,-0.007913752,0.547412515,-0.45928815,0.178092122,0.432893902,-0.255742699,0.238441303,0.20569931,-0.251507163,0.187402353,-0.020064779,-0.346882939,0.116297163,-0.002104142,-0.005264862,0.116262041,-0.394185156,0.065675937,0.164470792,-0.653552771,0.332151026,-0.170619339,0.437652469,-0.262449324,-0.25480485,0.192257792,-0.224797428,-0.225316122,-0.038800653,-0.294906318,-0.116465792,0.002659736,0.00645769,-0.136034235,-0.37377131,0.135494187,-0.142145231,-0.663336515,0.382268935
15,-0.00782284,0.539887011,-0.474893928,0.17809169,0.425660133,-0.269496769,0.236502871,0.200277686,-0.268238515,0.186114848,-0.026333708,-0.359043926,0.116273589,-0.002007592,-0.004870208,0.118002705,-0.392275214,0.062404722,0.165276706,-0.648274422,0.329222172,-0.170486569,0.429311603,-0.278789639,-0.250383765,0.184187472,-0.241671145,-0.220262423,-0.054243851,-0.303949654,-0.116445117,0.002565982,0.006086245,-0.134963006,-0.372764856,0.13486059,-0.141951799,-0.657156825,0.382760644
15.01666667,-0.008132411,0.536477089,-0.475885898,0.178174421,0.418596566,-0.270555884,0.233763129,0.192788795,-0.267622858,0.182859927,-0.034586493,-0.358785599,0.116320424,-0.001908214,-0.003834329,0.124614477,-0.387322754,0.0344253,0.166514054,-0.642565012,0.294195563,-0.170190081,0.422701955,-0.281866014,-0.247806087,0.17936936,-0.242678612,-0.2180655,-0.060587451,-0.304280102,-0.116494596,0.002463403,0.005045476,-0.135062963,-0.371897906,0.110789403,-0.142075479,-0.653928876,0.35493204
15.03333333,-0.007922277,0.536618471,-0.475607425,0.178453863,0.418521404,-0.270260602,0.231936544,0.193959951,-0.266926199,0.181265995,-0.03329958,-0.358739495,0.116343945,-0.001789632,-0.003108636,0.127338052,-0.38554582,0.031497512,0.167312041,-0.641021311,0.290223718,-0.169791415,0.420829475,-0.282832772,-0.244446352,0.177637964,-0.244036049,-0.214358598,-0.065034032,-0.304631591,-0.116520166,0.002344381,0.004328027,-0.13437508,-0.371322721,0.110026121,-0.141826332,-0.651838541,0.355384231
15.05,-0.006891698,0.536040008,-0.477398425,0.179464847,0.41780892,-0.271243513,0.231074721,0.193740815,-0.268758565,0.180372402,-0.03360315,-0.359591126,0.116379805,-0.001693992,-0.002090502,0.129116878,-0.384012371,0.03369043,0.167997569,-0.637309194,0.294576079,-0.168544367,0.419220895,-0.284848094,-0.240480334,0.175509453,-0.24764131,-0.209878713,-0.069184415,-0.307399064,-0.116556875,0.002252992,0.00334496,-0.132038251,-0.369614124,0.108691663,-0.139893815,-0.647575676,0.355846554
15.06666667,-0.005680683,0.536478639,-0.478859335,0.180347145,0.416165113,-0.271457881,0.230517834,0.192117557,-0.269654483,0.180040449,-0.033998929,-0.360215515,0.116448432,-0.001582906,-0.000571664,0.131008983,-0.382897019,0.036945272,0.168977305,-0.632710695,0.308308274,-0.16724515,0.418410629,-0.286271602,-0.237657249,0.174260288,-0.250456333,-0.205018193,-0.070501819,-0.311475545,-0.116624855,0.002150869,0.001885109,-0.129969805,-0.367150396,0.106468305,-0.137993231,-0.642764509,0.356109768
15.08333333,-0.004610248,0.532929003,-0.484376192,0.180597082,0.415596575,-0.272445321,0.229435444,0.191211328,-0.268598378,0.180177778,-0.036895126,-0.359792441,0.116563864,-0.001540784,0.000764422,0.131096855,-0.383040518,0.044870254,0.168993115,-0.629356205,0.342698783,-0.167061627,0.419178575,-0.288517267,-0.23359178,0.173547626,-0.249807,-0.20145148,-0.073460922,-0.313743889,-0.116738066,0.002116553,0.000604406,-0.128640682,-0.363193333,0.106835708,-0.137251109,-0.635432839,0.363853216
15.1,-0.003232147,0.531132877,-0.485534966,0.1806539,0.415763855,-0.271725804,0.22730355,0.191227183,-0.267613828,0.179559097,-0.038354203,-0.356708795,0.116645083,-0.001460264,0.001660162,0.131153241,-0.383103073,0.050979424,0.168993473,-0.629531801,0.350821346,-0.167043105,0.418816119,-0.288602918,-0.23163484,0.172881842,-0.248094827,-0.200036943,-0.074337855,-0.313756794,-0.116819829,0.002045743,-0.00027792,-0.127872646,-0.361713558,0.106372118,-0.137276307,-0.635447264,0.364406705
15.11666667,-0.003197915,0.526812375,-0.492331177,0.180762812,0.41490078,-0.275121212,0.225684658,0.190785989,-0.267893225,0.179063246,-0.040105343,-0.356686234,0.116680898,-0.001392522,0.002582856,0.131011933,-0.383189499,0.070191436,0.168734238,-0.629792869,0.366848052,-0.166925386,0.418274254,-0.293449938,-0.229176551,0.172806457,-0.251418084,-0.198141411,-0.078065157,-0.317730039,-0.116858929,0.001989017,-0.001192888,-0.126034677,-0.360361755,0.107461132,-0.137268007,-0.635385394,0.369988769
15.13333333,-0.003041012,0.525830626,-0.495940655,0.181812182,0.415376544,-0.276956856,0.225734442,0.191319063,-0.268544465,0.179041639,-0.040663335,-0.357975811,0.116716906,-0.001365401,0.002625863,0.1308036,-0.383253455,0.08175049,0.168683082,-0.630416691,0.372418404,-0.166560367,0.418637961,-0.292600304,-0.22598654,0.172827765,-0.249922588,-0.197116047,-0.081651956,-0.319523722,-0.116901465,0.001968487,-0.001242621,-0.123649463,-0.359972864,0.120052755,-0.136686072,-0.636557102,0.388465703
15.15,-0.003037626,0.525308609,-0.496276855,0.182158098,0.415494621,-0.277198285,0.225331157,0.19123669,-0.26841259,0.178802744,-0.042246871,-0.358096242,0.116734743,-0.001350499,0.002646408,0.130479366,-0.383170068,0.08528439,0.168240264,-0.630350411,0.371272385,-0.166361332,0.418987185,-0.291415781,-0.225771487,0.173374563,-0.248853236,-0.197447956,-0.08278311,-0.319674581,-0.116920836,0.001955156,-0.001267467,-0.123136193,-0.359631687,0.130223006,-0.136701152,-0.637319446,0.401722342
15.16666667,-0.003014139,0.525814533,-0.494715512,0.182195142,0.415746689,-0.276680648,0.224707574,0.191759408,-0.267696917,0.178818032,-0.04096007,-0.356731236,0.116730548,-0.001335979,0.002424008,0.129729271,-0.382967412,0.100649595,0.167717114,-0.630793273,0.379397541,-0.166420653,0.419486135,-0.29019776,-0.225794628,0.174138039,-0.24449876,-0.198079199,-0.079660125,-0.317397714,-0.116922624,0.001942868,-0.001061042,-0.123098567,-0.35914284,0.152518883,-0.136704639,-0.637815237,0.420381546
15.18333333,-0.002882758,0.523073256,-0.49577269,0.182656035,0.415709734,-0.277268052,0.224317312,0.191485271,-0.267385036,0.178659245,-0.04205763,-0.356042355,0.116732106,-0.001322443,0.00241259,0.129632995,-0.382994115,0.098715283,0.167615846,-0.630911827,0.376920223,-0.166104645,0.419698834,-0.28973648,-0.224454552,0.174601451,-0.244293451,-0.197562918,-0.080371313,-0.316884637,-0.116928197,0.0019311,-0.001052623,-0.121959664,-0.359108269,0.149474218,-0.136041105,-0.638029039,0.41522634
15.2,-0.002459921,0.521929383,-0.495344758,0.182994694,0.415923029,-0.276797742,0.223794967,0.191324651,-0.265295684,0.178668946,-0.043382872,-0.352115393,0.116721347,-0.001282122,0.002415343,0.129628465,-0.383019894,0.09786763,0.167636618,-0.632270753,0.375401944,-0.165878505,0.419618607,-0.289404243,-0.223837614,0.17432642,-0.243992895,-0.197045356,-0.081057951,-0.315961868,-0.116924271,0.001896523,-0.001062394,-0.121253252,-0.359137356,0.14694795,-0.136042237,-0.639258802,0.411073864
15.21666667,-0.002443554,0.521612585,-0.494766325,0.183033705,0.416158348,-0.276459426,0.223044485,0.191485852,-0.263242662,0.178232148,-0.043644778,-0.349317998,0.116702564,-0.001264465,0.002163454,0.129570663,-0.38299945,0.099362962,0.167622402,-0.634362519,0.373867631,-0.16593951,0.419666737,-0.289102316,-0.223960355,0.174576581,-0.240090445,-0.197311625,-0.080459125,-0.311770171,-0.11691314,0.001881509,-0.000841044,-0.121024609,-0.359054685,0.14728345,-0.13634795,-0.640844882,0.409208626
15.23333333,-0.00234901,0.522333026,-0.493567079,0.18305023,0.419161528,-0.274811506,0.222824737,0.193903565,-0.257991999,0.178235084,-0.043405481,-0.345284015,0.116652116,-0.001229611,0.001926616,0.128694862,-0.382591128,0.108042277,0.167282388,-0.635331869,0.375395387,-0.166162804,0.420847088,-0.286169231,-0.224166676,0.176072359,-0.233910322,-0.197539002,-0.079846486,-0.30816406,-0.116875403,0.001850551,-0.000631653,-0.121110812,-0.358947515,0.165807992,-0.136988953,-0.642126501,0.429148018
15.25,-0.001725192,0.52249676,-0.493473589,0.183087528,0.419719189,-0.27467522,0.222186267,0.194298208,-0.255353689,0.178246528,-0.04283132,-0.34208262,0.116649449,-0.001182076,0.001927393,0.127869949,-0.382666826,0.111663863,0.166588381,-0.638385534,0.377201736,-0.166436657,0.420973271,-0.286030412,-0.224300295,0.176216468,-0.233647302,-0.197629422,-0.079100288,-0.307992995,-0.116876662,0.001807984,-0.00063844,-0.121432155,-0.358954132,0.164267078,-0.137543455,-0.643753827,0.425208986
15.26666667,-0.001700969,0.522429407,-0.494171917,0.183061078,0.419783026,-0.274608999,0.222083986,0.194409057,-0.255173266,0.178695276,-0.042458043,-0.342074931,0.116641819,-0.001162725,0.00188609,0.126383796,-0.382716328,0.110850736,0.166109771,-0.63967973,0.376617938,-0.166756377,0.421082765,-0.286127687,-0.22442393,0.176438957,-0.23360981,-0.197713479,-0.078521378,-0.308078468,-0.116873369,0.001792256,-0.000601814,-0.121529482,-0.359199136,0.168076709,-0.137528464,-0.645523548,0.430954009
15.28333333,-0.001686009,0.52374357,-0.492810667,0.183204904,0.4217152,-0.27285707,0.222383618,0.196197703,-0.252387613,0.179735571,-0.041148741,-0.339861155,0.116633415,-0.001147662,0.001739631,0.125171527,-0.382703245,0.109391801,0.166001245,-0.64032191,0.370020121,-0.166868702,0.422549158,-0.283426702,-0.225188375,0.178786367,-0.229083166,-0.198037103,-0.076754391,-0.305594951,-0.116870008,0.001780083,-0.000466333,-0.121909715,-0.359270573,0.171673357,-0.137526125,-0.646469474,0.436375409
15.3,-0.001500439,0.525470853,-0.490636498,0.183417827,0.426874995,-0.270090759,0.223383412,0.202366203,-0.24855195,0.182119325,-0.034667406,-0.33757624,0.116609365,-0.001120556,0.001533987,0.124075793,-0.38256976,0.108948685,0.165953144,-0.641393542,0.365969151,-0.167091236,0.425947994,-0.28100428,-0.225911289,0.182534605,-0.226005703,-0.198145285,-0.073086955,-0.304366231,-0.116855673,0.00175745,-0.000279228,-0.122092754,-0.359294504,0.17757079,-0.137581468,-0.64801538,0.441465735
15.31666667,-0.001504933,0.527547836,-0.486735076,0.183499083,0.429980785,-0.267548949,0.224351257,0.205505937,-0.246824265,0.183491558,-0.031173822,-0.337565124,0.116596915,-0.00109145,0.001179602,0.123485215,-0.382227153,0.108914249,0.166015297,-0.641023636,0.366339058,-0.16751875,0.427892089,-0.278040856,-0.22647424,0.18357259,-0.224044055,-0.197677493,-0.071683995,-0.303823888,-0.116849311,0.001731127,5.87E-05,-0.122323632,-0.359075636,0.18024984,-0.137499779,-0.647962034,0.445378214
15.33333333,-0.001841996,0.531901538,-0.481508106,0.1831678,0.432814866,-0.264054447,0.224721074,0.208112478,-0.244980454,0.183690518,-0.027163778,-0.337582558,0.116595611,-0.001074683,0.00077981,0.122735187,-0.381253153,0.099984109,0.166001871,-0.640229404,0.35739392,-0.169220626,0.430164099,-0.274713188,-0.229562029,0.184908226,-0.222837254,-0.197736278,-0.069121316,-0.303746372,-0.116851807,0.001715968,0.000448653,-0.123171791,-0.359027445,0.178658873,-0.137689874,-0.647916257,0.445866317
15.35,-0.002351688,0.533078492,-0.480413944,0.18259196,0.432997584,-0.26323843,0.224852175,0.208208397,-0.244871631,0.183754653,-0.025937475,-0.337943226,0.116595313,-0.001060861,0.000190681,0.121588752,-0.380776972,0.094638482,0.166031763,-0.639167905,0.353835404,-0.170277894,0.430666775,-0.273977846,-0.23122178,0.184977248,-0.222945884,-0.197520152,-0.068479203,-0.304095417,-0.116855815,0.001704705,0.001035258,-0.123984545,-0.359067261,0.177423149,-0.137863249,-0.647923589,0.445780933
15.36666667,-0.002414855,0.533239961,-0.480479062,0.182163477,0.432863414,-0.263191074,0.224866942,0.208086744,-0.244998395,0.183526307,-0.025804289,-0.338780195,0.116599746,-0.001048323,-2.27E-05,0.121424109,-0.380283892,0.091700986,0.166288152,-0.638460696,0.352611899,-0.170975909,0.430722833,-0.27403906,-0.232186362,0.185015857,-0.22303018,-0.19751817,-0.067677133,-0.304776788,-0.116864607,0.001694534,0.001249456,-0.124661118,-0.359117538,0.176583275,-0.138262838,-0.647941887,0.444191873
15.38333333,-0.002244586,0.530778706,-0.484070301,0.181715012,0.432083875,-0.264040232,0.224669591,0.207644656,-0.245210052,0.183168873,-0.026000241,-0.339398563,0.116609074,-0.001009636,3.58E-05,0.121294327,-0.380253941,0.091876365,0.166267797,-0.638399541,0.3542853,-0.171604604,0.430081755,-0.278253496,-0.232346743,0.184627116,-0.227728695,-0.197484374,-0.067605384,-0.309241027,-0.116877429,0.00165957,0.001192503,-0.12498726,-0.359145314,0.17306456,-0.138838157,-0.647958398,0.439147204
15.4,-0.00224004,0.532806695,-0.481842071,0.181673974,0.43261227,-0.262705535,0.224806264,0.208087757,-0.244520053,0.183159262,-0.0252789,-0.339523137,0.116598472,-0.000977961,-9.87E-05,0.121145181,-0.379396886,0.098793752,0.167024896,-0.638223886,0.359268904,-0.171788394,0.430724919,-0.277280718,-0.232577264,0.185475245,-0.227734983,-0.197490066,-0.066069141,-0.310058653,-0.116872497,0.001629996,0.001319401,-0.125258043,-0.359158725,0.175743327,-0.139293611,-0.648550034,0.440221161
15.41666667,-0.001673117,0.533135533,-0.480349958,0.181666106,0.433429241,-0.260750294,0.224988818,0.208807781,-0.242067993,0.183182284,-0.024757534,-0.338231742,0.116584919,-0.000954474,-0.000212157,0.12109524,-0.377617568,0.098303229,0.167600855,-0.637654305,0.35652715,-0.171861246,0.431644469,-0.276473612,-0.232499003,0.186505198,-0.227537468,-0.197217926,-0.064327709,-0.310085714,-0.116865113,0.001608385,0.001424615,-0.125286147,-0.359166622,0.176539674,-0.139511153,-0.649078429,0.442697972
15.43333333,-0.001433014,0.533038259,-0.480374962,0.181597367,0.433419377,-0.260492325,0.225253284,0.208818361,-0.241133004,0.183202684,-0.024707623,-0.337542951,0.116582178,-0.000928243,-0.000228132,0.120750725,-0.377250552,0.098418176,0.16758883,-0.637635231,0.35662207,-0.172245264,0.431740224,-0.276712865,-0.232731432,0.186682716,-0.228353113,-0.197247759,-0.063190296,-0.311531901,-0.116865568,0.00158429,0.001438954,-0.125763342,-0.359173417,0.176155955,-0.140656888,-0.649295628,0.440813899
15.45,-0.001088549,0.532728612,-0.480883241,0.181456581,0.433245301,-0.260470122,0.225265145,0.208751559,-0.240976945,0.183159232,-0.02467172,-0.337561488,0.116587684,-0.000900098,-0.000241601,0.120706327,-0.376664579,0.098142855,0.16774267,-0.636783898,0.356669664,-0.172597706,0.431745499,-0.277624428,-0.232741624,0.186700404,-0.230186656,-0.196400538,-0.062988199,-0.314138234,-0.116875604,0.001559679,0.001451683,-0.125910416,-0.359131604,0.175925657,-0.140815794,-0.649024606,0.440496713
15.46666667,-0.000564662,0.532744884,-0.480905294,0.18144381,0.433211982,-0.260303289,0.225421742,0.208739579,-0.240649402,0.183186784,-0.024423476,-0.337567121,0.116589747,-0.000880715,-0.000324589,0.120697297,-0.37602523,0.097984523,0.168112874,-0.6367203,0.356185257,-0.172749624,0.43208611,-0.277720213,-0.232714251,0.186933875,-0.230422884,-0.195740566,-0.062618293,-0.315025806,-0.116881721,0.001543079,0.001532254,-0.126241043,-0.359159321,0.175696984,-0.1411203,-0.649182439,0.440367997
15.48333333,-0.0005384,0.532362759,-0.481694281,0.181199655,0.432878047,-0.260232478,0.225335017,0.208426103,-0.240030885,0.183130711,-0.024423854,-0.33717519,0.116614148,-0.000845026,-0.000325796,0.120781459,-0.375834465,0.096654937,0.168385684,-0.636658311,0.355108172,-0.173212558,0.431984037,-0.278912008,-0.232311502,0.186485112,-0.232040122,-0.193460405,-0.06291011,-0.316706091,-0.11691431,0.001511947,0.001531996,-0.126270816,-0.359297514,0.175531149,-0.14116779,-0.649291515,0.440587431
15.5,-0.000488872,0.532366693,-0.481659919,0.181073144,0.433290243,-0.259977192,0.225354671,0.208969876,-0.239723668,0.183143184,-0.02314687,-0.337161452,0.116613299,-0.000798651,-0.000383652,0.120797284,-0.375231117,0.096946113,0.168804437,-0.636595726,0.355481982,-0.173490286,0.432273448,-0.2789419,-0.232204467,0.186623201,-0.23246108,-0.193136036,-0.062575258,-0.317712247,-0.11691688,0.001469596,0.001585969,-0.126299262,-0.359306216,0.175424963,-0.14131698,-0.649466455,0.440460861
15.51666667,-0.000465323,0.532992303,-0.480808854,0.181013033,0.433734149,-0.259158075,0.225321352,0.209377319,-0.239226192,0.183020175,-0.022263043,-0.337011814,0.116609685,-0.000748962,-0.000397236,0.120886028,-0.374399126,0.097669646,0.169437617,-0.636042774,0.356900066,-0.173574373,0.432664722,-0.278671324,-0.232168093,0.186871052,-0.232531935,-0.192386419,-0.062186994,-0.3180646,-0.116917133,0.001423618,0.001598743,-0.126321703,-0.359275848,0.175656766,-0.141362727,-0.649480224,0.440932065
15.53333333,-0.000519925,0.533881307,-0.479579479,0.181005985,0.434101582,-0.258500695,0.225317314,0.209610194,-0.238770932,0.182653397,-0.021713447,-0.336668551,0.116616338,-0.000702991,-0.000401101,0.120894261,-0.373902857,0.099451698,0.169730797,-0.635758281,0.35941413,-0.173591569,0.43343702,-0.2776452,-0.232157841,0.187804326,-0.231795371,-0.192358837,-0.061180323,-0.317819566,-0.116928227,0.001380884,0.001600188,-0.126493856,-0.359251112,0.17554453,-0.141418159,-0.64949137,0.440338552
15.55,-0.000691639,0.534286857,-0.478871673,0.180982769,0.434087217,-0.257923096,0.225116417,0.209456652,-0.237861961,0.182164699,-0.021716213,-0.335465699,0.116639279,-0.00067302,-0.000410463,0.121327646,-0.373658746,0.097298577,0.170516714,-0.635749459,0.358057976,-0.173611864,0.433537036,-0.277111053,-0.232097983,0.187796995,-0.23127313,-0.192021847,-0.061112154,-0.317184359,-0.116958156,0.001353675,0.001608068,-0.126828849,-0.359484166,0.17303963,-0.141497836,-0.650078535,0.436834902
15.56666667,-0.000912576,0.534412682,-0.478518456,0.180944875,0.434075177,-0.257721394,0.224637777,0.20936504,-0.23731786,0.180744052,-0.021667724,-0.334322423,0.116672195,-0.000641598,-0.00033246,0.121740371,-0.373799771,0.097264528,0.170551941,-0.636684656,0.358037889,-0.173649147,0.434013724,-0.276769459,-0.232263908,0.188677117,-0.230329186,-0.191938892,-0.05951507,-0.315523535,-0.116996266,0.001324994,0.00152593,-0.127366647,-0.35993576,0.166423127,-0.141542211,-0.65120405,0.423347533
15.58333333,-0.000860807,0.534272075,-0.478512734,0.181076542,0.433797181,-0.257524252,0.224310324,0.208740607,-0.236701831,0.179610491,-0.021700764,-0.332987398,0.11671105,-0.000617331,-0.000159935,0.122637406,-0.373857409,0.096009888,0.170896858,-0.636947632,0.357048512,-0.173501953,0.434144467,-0.276721865,-0.232223839,0.188828543,-0.230127275,-0.191573501,-0.059314169,-0.314880818,-0.117040634,0.001303911,0.001349897,-0.127481773,-0.360270649,0.163410351,-0.141539752,-0.651715517,0.421140015
15.6,-0.000448517,0.534297407,-0.477356702,0.181743562,0.433972478,-0.255462527,0.223949566,0.208721414,-0.233177766,0.17886509,-0.021455688,-0.328592896,0.116776496,-0.000575527,0.00010429,0.123469278,-0.373856962,0.095929854,0.171493188,-0.637011588,0.356902242,-0.173159152,0.434719115,-0.275920868,-0.231460005,0.189183146,-0.229227751,-0.190343216,-0.058974437,-0.31387037,-0.117114566,0.001267451,0.00108301,-0.127539381,-0.360420913,0.162111431,-0.141410276,-0.651995957,0.420342088
15.61666667,-0.000303846,0.534305215,-0.476945609,0.181890398,0.433965176,-0.254449397,0.223417863,0.208516762,-0.231882334,0.177070677,-0.02138504,-0.327381402,0.116842315,-0.000543566,0.00029583,0.124364316,-0.373860091,0.092851192,0.17179355,-0.637007415,0.354577512,-0.17310819,0.43485716,-0.275595248,-0.231151387,0.189190999,-0.228685006,-0.189682901,-0.058914971,-0.313049495,-0.117186941,0.001239425,0.000890021,-0.127613947,-0.360661954,0.1600409,-0.141403154,-0.652252614,0.419859529
15.63333333,-0.00028447,0.534267008,-0.47683987,0.182133064,0.433375776,-0.254275799,0.222837389,0.207272276,-0.231788084,0.175385252,-0.021575535,-0.327023357,0.116905555,-0.000524232,0.000486045,0.125571817,-0.373941928,0.090174101,0.172342911,-0.636983395,0.353802025,-0.172741771,0.434819579,-0.275405377,-0.230882466,0.189104006,-0.228450835,-0.189210951,-0.058917701,-0.312349826,-0.117254153,0.001222949,0.000700744,-0.127545178,-0.361070454,0.155863434,-0.140874222,-0.652410924,0.416966796
15.65,-0.000215476,0.535600066,-0.47482425,0.182297185,0.433407456,-0.252509445,0.22217004,0.207242414,-0.230158255,0.174179718,-0.02137983,-0.325122654,0.116953366,-0.000489022,0.000715518,0.125836104,-0.373955876,0.089598149,0.172474474,-0.636979938,0.353708327,-0.172526509,0.43492493,-0.274187803,-0.230797559,0.189107269,-0.227715895,-0.189121112,-0.058923658,-0.311119705,-0.117306054,0.001191319,0.000471153,-0.127559528,-0.361358851,0.154263124,-0.140698582,-0.652633965,0.415687919
15.66666667,-0.000219839,0.535692275,-0.474834144,0.182333782,0.433265984,-0.252524227,0.221249968,0.207085177,-0.230213895,0.172802031,-0.021275515,-0.325139642,0.116995543,-0.000452859,0.000786641,0.126004383,-0.37410593,0.09161184,0.172556534,-0.637140095,0.356608361,-0.172425613,0.434978992,-0.274132341,-0.230510309,0.189155683,-0.227671295,-0.188521311,-0.058894515,-0.311066419,-0.117351741,0.001159105,0.000398742,-0.12758252,-0.361439824,0.153813764,-0.140622377,-0.652684391,0.413297802
15.68333333,0.000350565,0.536017954,-0.474931687,0.182493225,0.433262169,-0.252463251,0.220653191,0.207192421,-0.229846328,0.172187954,-0.020584214,-0.324558049,0.117028452,-0.000405534,0.000969794,0.126015112,-0.374269962,0.092157215,0.172598362,-0.637460232,0.356525838,-0.172255442,0.434966862,-0.274455011,-0.230091095,0.189137414,-0.227873474,-0.188263714,-0.059066195,-0.311060727,-0.1173895,0.001117008,0.000215512,-0.127580315,-0.361557543,0.15405564,-0.140291095,-0.652729213,0.413750589
15.7,0.0003615,0.536468089,-0.474826038,0.182502612,0.433208138,-0.252281517,0.21982713,0.207013056,-0.229673177,0.170452952,-0.020511851,-0.324410617,0.117066726,-0.000378407,0.001025267,0.126037464,-0.374264687,0.09163063,0.172602594,-0.637441456,0.356215537,-0.172236323,0.434960246,-0.274378687,-0.230082244,0.188960254,-0.227852121,-0.18813917,-0.0592862,-0.311026335,-0.117431797,0.001092696,0.000159561,-0.127569169,-0.361625552,0.153862357,-0.140287712,-0.652750432,0.413999975
15.71666667,0.000284079,0.537972391,-0.47457552,0.182485506,0.433198988,-0.252114654,0.21895811,0.206948772,-0.229669958,0.169474393,-0.020055356,-0.324454069,0.117106333,-0.000349977,0.001039097,0.126052514,-0.3741,0.090273872,0.172645852,-0.636899829,0.355515242,-0.172229961,0.434955001,-0.274183124,-0.229989082,0.188389793,-0.227769598,-0.188107058,-0.059708793,-0.310995996,-0.117475495,0.001067774,0.000145338,-0.127603114,-0.361647218,0.15400365,-0.140204012,-0.652604938,0.414751798
15.73333333,0.000254788,0.538278639,-0.474618167,0.182490617,0.432988077,-0.252117604,0.218650043,0.206635624,-0.229906663,0.168049067,-0.019729227,-0.325459927,0.117166787,-0.000302363,0.001050328,0.126638427,-0.37351194,0.083340034,0.17343837,-0.63484931,0.352204025,-0.172215417,0.434333563,-0.274221212,-0.229879215,0.186275527,-0.227965727,-0.187593684,-0.060900372,-0.31127736,-0.117540322,0.001023543,0.000133596,-0.127607778,-0.361685008,0.153642729,-0.139963016,-0.65218395,0.415488362
15.75,0.00024942,0.538273275,-0.475924522,0.182320356,0.432362616,-0.25292182,0.218421668,0.206280813,-0.232080057,0.167733803,-0.019717345,-0.329722911,0.117207229,-0.000251526,0.001045448,0.127272666,-0.37232852,0.073747069,0.173974425,-0.631825924,0.346199572,-0.172248706,0.432613403,-0.275620937,-0.229863539,0.183170617,-0.231097549,-0.187319189,-0.063207611,-0.31435892,-0.117582664,0.000974379,0.000138455,-0.127633661,-0.361703455,0.153318673,-0.139866352,-0.651462018,0.416366398
15.76666667,0.0002573,0.538439572,-0.476569295,0.18227911,0.43097952,-0.253666461,0.218379125,0.204964757,-0.234561414,0.1676853,-0.020345595,-0.33375898,0.11725729,-0.000222765,0.001030393,0.127566144,-0.371738404,0.063572831,0.174372092,-0.629422545,0.338652134,-0.172223315,0.430609524,-0.2764377,-0.229826495,0.180090517,-0.233550265,-0.187277362,-0.066859692,-0.316648483,-0.117633171,0.000946212,0.000155441,-0.127479315,-0.36187315,0.152606785,-0.138555363,-0.65117389,0.417566031
15.78333333,2.70E-05,0.538620472,-0.477697074,0.181896374,0.429018974,-0.254906327,0.218164533,0.203285158,-0.236818701,0.167397663,-0.021305753,-0.336218506,0.117283247,-0.000200016,0.000994464,0.1276232,-0.370673358,0.056836378,0.174566075,-0.627502143,0.327513993,-0.172239169,0.428593755,-0.277276129,-0.229945213,0.178433716,-0.234498948,-0.187390327,-0.067803562,-0.317091197,-0.117659464,0.000923345,0.000193351,-0.127506241,-0.361961216,0.152653351,-0.138366684,-0.650977552,0.42027384
15.8,-1.04E-05,0.539573073,-0.477533102,0.181914553,0.428850383,-0.25492835,0.217887089,0.202860817,-0.23711139,0.16738975,-0.021506473,-0.336406112,0.117320918,-0.000179578,0.000972319,0.127669901,-0.370424896,0.05847469,0.1746196,-0.626823664,0.328159362,-0.17214407,0.428637683,-0.277106851,-0.230056182,0.178573206,-0.234405681,-0.188027292,-0.068119891,-0.316839576,-0.117699459,0.000904518,0.000217121,-0.127343461,-0.361982912,0.154205292,-0.137615442,-0.650645018,0.427053481
15.81666667,-0.000168538,0.539749086,-0.477970213,0.181752577,0.428745389,-0.255147308,0.217132792,0.202613875,-0.237312496,0.167393357,-0.021812068,-0.336291611,0.117338561,-0.000154958,0.001024173,0.127176076,-0.370814115,0.067086712,0.174056023,-0.626964033,0.337738007,-0.172227308,0.428449005,-0.277749121,-0.230258062,0.17865549,-0.235086724,-0.188989446,-0.068086319,-0.317219734,-0.117718555,0.000882048,0.000165152,-0.127342075,-0.36200276,0.154665738,-0.138079524,-0.650562882,0.427914023
15.83333333,-0.000849339,0.540715039,-0.47676456,0.181602225,0.4284347,-0.254847795,0.216587976,0.20135729,-0.237254828,0.167076498,-0.023317307,-0.336106211,0.117354609,-0.00013628,0.001057608,0.127152905,-0.37079218,0.065147601,0.1735816,-0.626805663,0.337935418,-0.172299325,0.427827656,-0.277119726,-0.230822146,0.177287221,-0.235028654,-0.190546423,-0.069620825,-0.316885978,-0.117736392,0.00086481,0.000130151,-0.127168313,-0.361662865,0.147847205,-0.13878189,-0.649793208,0.419270068
15.85,-0.000925437,0.540875375,-0.476912886,0.181647941,0.427308381,-0.255947649,0.2156737,0.199019015,-0.238658071,0.167036101,-0.026872205,-0.336284757,0.117369458,-0.000119681,0.001054361,0.127013445,-0.371933311,0.068739839,0.173342004,-0.627319813,0.346310139,-0.172194958,0.427251846,-0.277289838,-0.231131479,0.177151576,-0.235102832,-0.193463504,-0.071058638,-0.316557646,-0.117752835,0.000849376,0.000131942,-0.127031997,-0.361698955,0.146379426,-0.138898745,-0.649773836,0.416358709
15.86666667,-0.001674548,0.539245427,-0.478068918,0.181979418,0.424301296,-0.258628041,0.215489194,0.19495672,-0.241481811,0.167102411,-0.031726986,-0.336412579,0.117373921,-0.000125769,0.001124648,0.127009675,-0.373634845,0.073719732,0.173118979,-0.628262579,0.355655283,-0.171174064,0.425684214,-0.278206646,-0.230911747,0.176176444,-0.236160383,-0.193593308,-0.073062912,-0.31654498,-0.117758825,0.000855658,5.94E-05,-0.126719341,-0.361550361,0.142147228,-0.139285699,-0.649118066,0.408398718
15.88333333,-0.003319136,0.538871288,-0.479233325,0.18205674,0.422047555,-0.260387272,0.214478657,0.192070737,-0.243970037,0.167183802,-0.036200836,-0.336905092,0.117381774,-0.000129313,0.001337766,0.127065897,-0.375021338,0.087759972,0.172786236,-0.632047594,0.361872226,-0.170821846,0.425227672,-0.278327525,-0.230553746,0.176225245,-0.23612538,-0.197695881,-0.073103987,-0.31616351,-0.117767833,0.000861564,-0.000157163,-0.12655957,-0.361492723,0.142581329,-0.139763355,-0.649847031,0.407035053
15.9,-0.003663982,0.538460255,-0.478963941,0.182873875,0.421753079,-0.260228485,0.214114875,0.191274315,-0.243662775,0.167425483,-0.038127132,-0.335439801,0.117393166,-0.000139661,0.001944868,0.127876103,-0.376405299,0.091903567,0.171811596,-0.632611036,0.374274343,-0.169956237,0.425081074,-0.277776897,-0.228327349,0.175719991,-0.23528941,-0.1978634,-0.075027093,-0.314616442,-0.117778972,0.00087383,-0.000765182,-0.125837147,-0.360588431,0.140088245,-0.139892787,-0.649059355,0.402596802
15.91666667,-0.003643391,0.537355185,-0.484674841,0.183261529,0.41964674,-0.262514502,0.214100674,0.190031931,-0.246310562,0.169632673,-0.040142994,-0.338237703,0.117472075,-0.000116884,0.002770793,0.127792209,-0.378309131,0.097228438,0.170819506,-0.632889926,0.383539259,-0.169935554,0.421096146,-0.283426315,-0.226601243,0.169045433,-0.242611676,-0.197752431,-0.08612401,-0.321237475,-0.117856763,0.000853197,-0.001573009,-0.125433788,-0.359201849,0.136494532,-0.140405282,-0.646584153,0.397821426
15.93333333,-0.003923849,0.534378588,-0.490640908,0.183071882,0.415549219,-0.268003553,0.21323958,0.186532766,-0.253285021,0.170090765,-0.04526668,-0.341227502,0.117523745,-0.000112694,0.003609259,0.127118498,-0.382970035,0.097079009,0.169337362,-0.634023726,0.385744095,-0.169941962,0.417101443,-0.291617841,-0.226284027,0.165908217,-0.251942009,-0.197696909,-0.087763026,-0.325523138,-0.117899321,0.000849628,-0.002373616,-0.126422942,-0.359215498,0.126410931,-0.140891641,-0.644263506,0.384785354
15.95,-0.003911561,0.532050669,-0.494041711,0.183032081,0.413746208,-0.270639062,0.213086963,0.184586316,-0.256710976,0.171174407,-0.048874397,-0.342993557,0.117621146,-0.000104697,0.004345143,0.127120897,-0.385778397,0.096251495,0.169014856,-0.634013593,0.387226105,-0.169943765,0.414478987,-0.295313776,-0.22622405,0.163062721,-0.254686564,-0.197870567,-0.089715511,-0.326327056,-0.117982991,0.000841061,-0.003071496,-0.126512378,-0.359163105,0.116306677,-0.141301259,-0.640862703,0.376741916
15.96666667,-0.003931508,0.529460251,-0.494841456,0.18310985,0.413224608,-0.273393095,0.21311827,0.183556899,-0.261055619,0.173620582,-0.051262356,-0.34661746,0.117645785,-0.000122734,0.004370904,0.127138585,-0.387744188,0.095923357,0.168898627,-0.634036899,0.386057347,-0.169439226,0.414153248,-0.295872182,-0.226136819,0.16308859,-0.254902661,-0.198149219,-0.089245744,-0.326153249,-0.118000813,0.000857422,-0.003091985,-0.12815091,-0.359311491,0.117937386,-0.141334653,-0.639517128,0.379624128
15.98333333,-0.003699604,0.523689091,-0.497432947,0.183282882,0.411361426,-0.276854992,0.213231578,0.181941882,-0.26470986,0.175122514,-0.053473417,-0.348210901,0.11771518,-0.000141838,0.004894926,0.128579721,-0.389752775,0.093316086,0.169271797,-0.633806467,0.385151803,-0.168030277,0.412264198,-0.299645543,-0.225559309,0.161674693,-0.257830054,-0.198665977,-0.089881815,-0.326125503,-0.118053719,0.000875818,-0.003568695,-0.128327981,-0.359508395,0.112975985,-0.140751868,-0.637300432,0.376038522
16,-0.003473525,0.519171059,-0.497259468,0.183340847,0.411097527,-0.277715504,0.213205874,0.182106286,-0.263816655,0.177067369,-0.054678541,-0.345367491,0.117729671,-0.000170294,0.005283791,0.130629152,-0.390468001,0.09329576,0.169237927,-0.633828282,0.384295553,-0.167076901,0.412361652,-0.300236136,-0.225388601,0.162966192,-0.257196993,-0.200934082,-0.088758126,-0.322691858,-0.118064635,0.000900176,-0.003944832,-0.129908994,-0.359783769,0.113881215,-0.140760392,-0.636975169,0.372736305
16.01666667,-0.003459445,0.512356639,-0.499316931,0.183343023,0.407545507,-0.28491202,0.21321328,0.179956585,-0.27259326,0.177281782,-0.0576762,-0.347763836,0.117736101,-0.000176652,0.005876521,0.13151966,-0.393573731,0.093013838,0.169326797,-0.636728644,0.375850916,-0.166012377,0.409963012,-0.30783537,-0.225927249,0.163184732,-0.268283516,-0.202719569,-0.088306092,-0.326049954,-0.118064463,0.000902509,-0.004515131,-0.13257587,-0.360977024,0.10807088,-0.140788108,-0.637072384,0.358339518
16.03333333,-0.003519974,0.508957326,-0.49948442,0.183160961,0.407207251,-0.288512528,0.214005798,0.179741934,-0.277581125,0.177583903,-0.057530709,-0.350181639,0.117732704,-0.000185588,0.006324104,0.131652534,-0.396233022,0.088360861,0.169363156,-0.642082036,0.359585285,-0.165869743,0.409387141,-0.311581612,-0.227999568,0.164006338,-0.274616301,-0.206677824,-0.082512684,-0.330573589,-0.11805284,0.000906092,-0.004946005,-0.136321545,-0.3619124,0.098052368,-0.140694171,-0.638122261,0.339821905
16.05,-0.002896098,0.508326113,-0.499166161,0.184353158,0.407384753,-0.287944734,0.215816975,0.179584295,-0.276581079,0.17914018,-0.05727154,-0.350009352,0.117738567,-0.00019478,0.006593423,0.135530323,-0.396066964,0.084123917,0.171963006,-0.643961072,0.351654083,-0.163986474,0.409542918,-0.310406506,-0.229179621,0.16742456,-0.272606879,-0.210142344,-0.074952811,-0.330356151,-0.118054636,0.000909846,-0.005220218,-0.136356592,-0.363929987,0.095258512,-0.140637025,-0.641934037,0.333611637
16.06666667,-0.002886062,0.509106517,-0.493970245,0.18556492,0.410709798,-0.286732942,0.220871866,0.180871814,-0.276231825,0.181885228,-0.056151278,-0.349875599,0.117700167,-0.000503949,0.005586472,0.13463065,-0.396267921,0.084829234,0.172373816,-0.649062455,0.352871209,-0.162975028,0.417923301,-0.299237251,-0.234523147,0.179487318,-0.256817758,-0.218833223,-0.057900369,-0.322716862,-0.118008189,0.001198963,-0.004249625,-0.136243626,-0.365864158,0.102473632,-0.140657529,-0.648151696,0.337973416
16.08333333,-0.002856845,0.517632425,-0.471404999,0.18604283,0.425710678,-0.266284168,0.224376008,0.192394838,-0.25044015,0.184863314,-0.043793354,-0.336286932,0.117641218,-0.000930065,0.003716187,0.131780133,-0.396083802,0.086121611,0.170680091,-0.651758373,0.356545955,-0.162968755,0.436277002,-0.270409703,-0.239873633,0.197059244,-0.224803552,-0.226864547,-0.034730285,-0.305316806,-0.117947601,0.001612723,-0.002454942,-0.136224836,-0.366167367,0.120106332,-0.141100064,-0.651409924,0.359355599
16.1,-0.003748748,0.525037587,-0.466400295,0.185960039,0.43567735,-0.260254145,0.227667004,0.200288191,-0.244427338,0.187178522,-0.034690887,-0.336464822,0.117629938,-0.001161972,0.001140238,0.127320245,-0.395595431,0.090971939,0.169230416,-0.655510902,0.357065856,-0.165080205,0.446884096,-0.256044,-0.244659677,0.206319675,-0.202700347,-0.236695394,-0.020536143,-0.293842047,-0.117937133,0.001846019,4.11E-05,-0.136485621,-0.366718411,0.145121574,-0.142755643,-0.660256207,0.386892855
16.11666667,-0.004034373,0.534533858,-0.458923727,0.185260698,0.445904344,-0.252428025,0.231157362,0.211738169,-0.2375696,0.190795764,-0.019387051,-0.336441278,0.117632248,-0.001268185,-0.000730986,0.123179659,-0.394833148,0.092114016,0.168914303,-0.656080663,0.357538998,-0.169188291,0.454908758,-0.24698019,-0.24819082,0.212041527,-0.192476749,-0.241924718,-0.012456768,-0.288797438,-0.117938839,0.001954494,0.00187871,-0.137232527,-0.366718501,0.155647278,-0.143517554,-0.662334561,0.401537389
16.13333333,-0.004250425,0.539545238,-0.44875586,0.183820233,0.452049851,-0.243613973,0.232225642,0.217762366,-0.231074855,0.191054806,-0.009368435,-0.335809678,0.117685683,-0.001354219,-0.002159618,0.121757783,-0.394432992,0.090952978,0.168900713,-0.657277584,0.347017765,-0.173227876,0.464003772,-0.232835427,-0.250810385,0.223363966,-0.175421491,-0.248502865,0.006308659,-0.279897124,-0.117985345,0.002044278,0.00331401,-0.137952343,-0.366992801,0.154397786,-0.14357315,-0.666893125,0.398987502
16.15,-0.004168687,0.545088112,-0.43798548,0.181770638,0.458615154,-0.235538572,0.233368963,0.226591542,-0.226370126,0.192090034,0.003538119,-0.335995346,0.117692657,-0.001432341,-0.003056902,0.12006072,-0.394335628,0.089463584,0.168774366,-0.663133442,0.33385843,-0.175697789,0.4721075,-0.221840739,-0.254539609,0.234309271,-0.169231266,-0.254178345,0.022425296,-0.281242877,-0.117988646,0.002123288,0.004223103,-0.138682574,-0.367625445,0.153626293,-0.143875808,-0.673546255,0.396757752
16.16666667,-0.004302706,0.550155044,-0.427044094,0.179478377,0.463385373,-0.231048122,0.237521365,0.237518668,-0.225899398,0.191967353,0.02290182,-0.337977707,0.117676027,-0.00154138,-0.004418691,0.11751575,-0.396084011,0.089431323,0.16774708,-0.675231576,0.329429328,-0.176940084,0.481221974,-0.209841043,-0.268928856,0.254987985,-0.160065055,-0.262114435,0.045254871,-0.278852284,-0.117964007,0.002226946,0.005593735,-0.138969064,-0.369150311,0.14967984,-0.144263923,-0.682349086,0.363149345
16.18333333,-0.004315698,0.554337502,-0.412272394,0.177919731,0.472298622,-0.220811799,0.240727127,0.251166284,-0.217585519,0.191872075,0.043605007,-0.334999233,0.117663935,-0.001603988,-0.005025105,0.114888333,-0.397684038,0.091558255,0.166128874,-0.682615042,0.331104308,-0.178011388,0.489217728,-0.195814669,-0.278531075,0.274424165,-0.15373978,-0.269337922,0.069495127,-0.279819787,-0.117945001,0.002284149,0.006198036,-0.139548436,-0.369584829,0.136509329,-0.145776019,-0.686806083,0.327766895
16.2,-0.004346984,0.556989968,-0.39508602,0.177208036,0.480318129,-0.204137996,0.241962314,0.267439485,-0.199602187,0.191778839,0.068865091,-0.326956868,0.117682353,-0.001710812,-0.005294198,0.114789553,-0.399217337,0.094293617,0.165577218,-0.685712814,0.332478613,-0.17816627,0.493047595,-0.176938504,-0.283098578,0.286550432,-0.133725852,-0.275438577,0.089911886,-0.269993871,-0.117957331,0.002388067,0.006465994,-0.142015889,-0.369831383,0.128881782,-0.147500768,-0.688421309,0.314630687
16.21666667,-0.003029635,0.561397493,-0.37386322,0.176970139,0.488485128,-0.182393402,0.244782716,0.283576995,-0.179434597,0.191731185,0.0950936,-0.315157443,0.117686942,-0.001762714,-0.005246316,0.114942469,-0.400731623,0.099651612,0.165577039,-0.686816156,0.333696842,-0.17802918,0.498911679,-0.157759562,-0.283935845,0.299201936,-0.114661328,-0.279664338,0.105379254,-0.254898459,-0.117957339,0.002437061,0.006419658,-0.143750384,-0.369864166,0.122724392,-0.14882344,-0.688742936,0.307881683
16.23333333,0.002450012,0.566393256,-0.348662108,0.17714864,0.49508971,-0.153903633,0.247498125,0.298051268,-0.149177432,0.19754456,0.112481445,-0.295460343,0.117738664,-0.001861858,-0.004860853,0.116225101,-0.402654141,0.1030358,0.16573599,-0.689122617,0.334048122,-0.177837312,0.506002486,-0.140372634,-0.285956979,0.317059964,-0.10373915,-0.276473135,0.128317684,-0.246795639,-0.117997758,0.002536183,0.006051996,-0.144069001,-0.370105088,0.115439005,-0.148979753,-0.690835297,0.29726392
16.25,0.003118302,0.56871736,-0.330302238,0.176677138,0.500508726,-0.133278012,0.251501113,0.312405258,-0.131926,0.20765914,0.131453976,-0.283256292,0.117779881,-0.001964968,-0.00419205,0.117279746,-0.407019019,0.099978723,0.16568388,-0.696898878,0.32356602,-0.177937627,0.509616137,-0.12852706,-0.291312456,0.330063879,-0.107993141,-0.279743701,0.149191603,-0.251630336,-0.11802876,0.002635743,0.005412822,-0.145781845,-0.372193843,0.101287171,-0.151640162,-0.696608245,0.278392941
16.26666667,0.003611034,0.56777066,-0.31914556,0.176155269,0.50626123,-0.120369799,0.255365789,0.323562354,-0.122004062,0.213482887,0.15024811,-0.27659741,0.117797285,-0.002044758,-0.003302726,0.118263565,-0.411921352,0.087764472,0.165624812,-0.703085482,0.301053494,-0.178225607,0.51133728,-0.117126033,-0.291416615,0.335739851,-0.094127141,-0.286118835,0.160398066,-0.244863391,-0.118038148,0.002710781,0.004556264,-0.147672206,-0.374502987,0.084967546,-0.153585225,-0.701553166,0.257249951
16.28333333,0.003517371,0.572910368,-0.311179101,0.175622523,0.507966936,-0.116658285,0.256885499,0.324301332,-0.124581911,0.215377241,0.154889986,-0.275178462,0.117854841,-0.002067037,-0.003000634,0.118714146,-0.412600666,0.081814952,0.16492866,-0.702862442,0.299631119,-0.17887114,0.51338625,-0.11441499,-0.289643466,0.339554727,-0.095448628,-0.284882009,0.175804228,-0.314802259,-0.118079051,0.002731951,0.00425251,-0.148928463,-0.37600106,0.087706365,-0.153944954,-0.702217162,0.271569639
16.3,0.004876627,0.587619066,-0.277829677,0.175236195,0.521642625,-0.090116121,0.258370787,0.347020328,-0.130339384,0.216053903,0.202434331,-0.285570621,0.11783798,-0.00205476,-0.002145062,0.118791886,-0.413763613,0.069990858,0.163502485,-0.703661799,0.279296488,-0.179952294,0.521737337,-0.098994464,-0.291604429,0.362442553,-0.120176852,-0.279188544,0.212023512,-0.344138533,-0.118046522,0.00270849,0.00338552,-0.149217978,-0.377396494,0.087411255,-0.153906733,-0.703906,0.272446334
16.31666667,0.007400274,0.597151577,-0.258881688,0.175634623,0.528647602,-0.077569917,0.262451649,0.361356258,-0.135551214,0.215254277,0.241686359,-0.346338302,0.117733449,-0.001989649,-0.001011539,0.119344525,-0.413479,0.065884463,0.163515344,-0.702294528,0.275846303,-0.179954708,0.530334234,-0.090950571,-0.295169562,0.392418981,-0.153466225,-0.270821184,0.244387224,-0.366838545,-0.117916897,0.002623278,0.00220623,-0.148491114,-0.378232062,0.089455605,-0.15326336,-0.704555392,0.277871341
16.33333333,0.008690618,0.605045915,-0.25957939,0.176179916,0.531846344,-0.084988832,0.263825923,0.379951775,-0.191784456,0.224571422,0.266154528,-0.423122227,0.117713608,-0.001977115,-0.000471978,0.119484738,-0.413217098,0.065278701,0.163920775,-0.701853037,0.273164868,-0.180301413,0.533747017,-0.098181814,-0.302942097,0.419764906,-0.204393864,-0.26029709,0.277136862,-0.410232842,-0.117886387,0.002598373,0.001638258,-0.14830628,-0.378257513,0.095978104,-0.152460605,-0.705025494,0.287346184
16.35,0.010434176,0.604205191,-0.264537066,0.176518366,0.534027636,-0.091334112,0.266778231,0.387579471,-0.225182921,0.232523128,0.276211292,-0.460474253,0.117657356,-0.001919746,0.000148973,0.119418301,-0.413050562,0.065821327,0.164827138,-0.701260388,0.27199012,-0.180611476,0.535479248,-0.105092585,-0.302402049,0.435422987,-0.235545218,-0.255053639,0.312982827,-0.441095978,-0.117809199,0.002522017,0.001012768,-0.148066834,-0.378119767,0.103973217,-0.151785195,-0.70499903,0.303344518
16.36666667,0.012868898,0.609404504,-0.270897537,0.176828265,0.537287593,-0.099384032,0.266133308,0.423803061,-0.278754026,0.233861342,0.322361916,-0.518343925,0.117646046,-0.001869075,0.001735602,0.119441673,-0.412480593,0.066193782,0.167521745,-0.699989676,0.276634872,-0.180688858,0.536835194,-0.112869702,-0.300954133,0.453218102,-0.294945896,-0.254944354,0.325913996,-0.512391388,-0.117775276,0.002455661,-0.000530844,-0.148697287,-0.377099216,0.10820388,-0.151536137,-0.704519868,0.319349736
16.38333333,0.013139586,0.614850879,-0.271533877,0.176841512,0.540869415,-0.103586115,0.262066215,0.443226516,-0.300395191,0.233640194,0.354145348,-0.537960172,0.117526494,-0.001816637,0.002581946,0.119708791,-0.411689132,0.0684141,0.170854941,-0.698857069,0.278424621,-0.180143401,0.538756847,-0.11572095,-0.299291849,0.461839974,-0.308299541,-0.259535879,0.34031418,-0.533171058,-0.117597692,0.002385668,-0.001366325,-0.149510577,-0.375601679,0.108495422,-0.150563017,-0.704373717,0.318606913
16.4,0.013005327,0.618907511,-0.271413088,0.176791772,0.542215466,-0.106030732,0.261495441,0.451312959,-0.304219246,0.233187586,0.366045207,-0.539239347,0.117443979,-0.00173815,0.002917571,0.119743243,-0.411072314,0.070024528,0.172585472,-0.698515892,0.280661106,-0.180192754,0.540022731,-0.116919145,-0.298707575,0.466143698,-0.305098921,-0.265646875,0.350853801,-0.530976951,-0.11748074,0.002289343,-0.001702375,-0.149737507,-0.375054836,0.109009527,-0.149274945,-0.704068959,0.317906886
16.41666667,0.0127343,0.616200507,-0.267000318,0.178513393,0.541410148,-0.108007029,0.26131624,0.447979361,-0.295666337,0.232323393,0.362107396,-0.530317605,0.117298305,-0.001758486,0.003141878,0.119901247,-0.408134252,0.066967756,0.17382507,-0.694156408,0.276227742,-0.178107917,0.541251957,-0.115296274,-0.300276071,0.466242611,-0.284415841,-0.270352632,0.355179161,-0.505186081,-0.117311336,0.002302581,-0.001949164,-0.14971967,-0.373909473,0.109908372,-0.147436827,-0.702588081,0.319959611
16.43333333,0.012611403,0.612943113,-0.266198933,0.180986926,0.539934754,-0.108404681,0.258076578,0.445179373,-0.316811681,0.231524602,0.36517933,-0.558490753,0.11711593,-0.001864575,0.003178378,0.119934797,-0.401236951,0.061708037,0.174832389,-0.682970345,0.270893037,-0.174384147,0.542056918,-0.116828375,-0.293973893,0.466952384,-0.295887589,-0.269019127,0.35489741,-0.526203573,-0.11708428,0.002393129,-0.001989971,-0.149762318,-0.369164348,0.112268157,-0.144544765,-0.696716964,0.328729004
16.45,0.012847543,0.606036305,-0.26795575,0.184245944,0.540233076,-0.11219456,0.255708158,0.447303891,-0.327972114,0.226379812,0.371171594,-0.567618906,0.116835386,-0.001991531,0.003146898,0.119578771,-0.397754431,0.060925182,0.175873518,-0.678943574,0.270348817,-0.169456318,0.542196989,-0.117517769,-0.281668246,0.465890855,-0.307623893,-0.2614097,0.370535553,-0.544053614,-0.11675825,0.002505424,-0.00196255,-0.149786875,-0.366447598,0.119499117,-0.143232077,-0.693995833,0.341793746
16.46666667,0.013049727,0.604923546,-0.267444015,0.18813318,0.539487064,-0.112645298,0.256297171,0.448369682,-0.328109682,0.224939823,0.382535398,-0.566772342,0.116624244,-0.002151499,0.003147878,0.119600341,-0.395731241,0.061396006,0.177490756,-0.676338196,0.271878749,-0.166751474,0.543904901,-0.118368782,-0.279294431,0.476962447,-0.307605624,-0.257238895,0.390418708,-0.545035839,-0.116527848,0.002646158,-0.001967938,-0.149286568,-0.365730315,0.123107657,-0.141156092,-0.691771567,0.348279804
16.48333333,0.014777006,0.603999019,-0.268921286,0.189620197,0.539272785,-0.118928008,0.253346831,0.45818612,-0.346578538,0.217171609,0.397988945,-0.587607861,0.116414741,-0.002251053,0.003414231,0.119567022,-0.394894242,0.072938263,0.177473888,-0.674121976,0.288945556,-0.165889099,0.544728875,-0.125221059,-0.276934713,0.491345257,-0.331210434,-0.255333513,0.40733555,-0.567968607,-0.116284631,0.002733706,-0.002244445,-0.14977403,-0.363559842,0.128368914,-0.140648022,-0.687426269,0.355268419
16.5,0.01601126,0.599171758,-0.262508631,0.191820785,0.538881958,-0.11235366,0.259214401,0.454534441,-0.337016523,0.215866953,0.399059623,-0.579387486,0.1161291,-0.002272378,0.003612536,0.119606189,-0.394656211,0.072858587,0.177455515,-0.673440933,0.289157659,-0.16420497,0.545155108,-0.116721235,-0.276923954,0.491768152,-0.318984836,-0.248171479,0.410149038,-0.534612834,-0.116016164,0.002748537,-0.002485738,-0.147713691,-0.363689452,0.127667308,-0.138948992,-0.686487556,0.351754993
16.51666667,0.017384645,0.596423924,-0.263229817,0.19391571,0.538723588,-0.112349533,0.262112767,0.45315966,-0.325924158,0.213350847,0.405165613,-0.559895992,0.115746029,-0.00228239,0.004021676,0.1197915,-0.393473774,0.075087301,0.179198727,-0.671103656,0.293633878,-0.162672848,0.545252323,-0.117110223,-0.276014864,0.496989161,-0.309230119,-0.239783347,0.419308603,-0.525556505,-0.115653574,0.002755795,-0.002956017,-0.14485088,-0.363718659,0.127944902,-0.135146245,-0.684208333,0.352668434
16.53333333,0.017603679,0.594727159,-0.266085833,0.195857257,0.538459837,-0.115864061,0.262440294,0.453020483,-0.333235502,0.211177289,0.410446942,-0.571884215,0.115519568,-0.002300073,0.004365675,0.119948246,-0.3934955,0.075066142,0.180839121,-0.671517789,0.292907745,-0.161343306,0.545039773,-0.120724291,-0.272073388,0.49419716,-0.314942151,-0.239793032,0.423143357,-0.546295524,-0.115423344,0.002769464,-0.003327506,-0.144705057,-0.363761216,0.127821013,-0.134223208,-0.68402344,0.351658344
16.55,0.01706833,0.594942868,-0.267822444,0.195814922,0.538245738,-0.12014202,0.262329012,0.456565052,-0.337742567,0.208591342,0.419601262,-0.572281897,0.115254737,-0.002296304,0.004515284,0.120523252,-0.393333077,0.075066224,0.183849886,-0.671828032,0.289549857,-0.160847753,0.544836998,-0.123669326,-0.268894136,0.495299935,-0.317617893,-0.240112901,0.430212438,-0.551013708,-0.115163617,0.002760123,-0.003493649,-0.144304737,-0.363787085,0.127503246,-0.133505195,-0.68404603,0.350908518
16.56666667,0.017018197,0.595165789,-0.269630313,0.195631742,0.538580596,-0.121464506,0.262207538,0.458866358,-0.334750652,0.205636546,0.424679369,-0.566363752,0.114885665,-0.00222158,0.004657512,0.120672449,-0.393020988,0.076376915,0.184836537,-0.672003269,0.289506644,-0.160154015,0.544750512,-0.12580584,-0.267342269,0.495365739,-0.316377968,-0.236557961,0.432441026,-0.546569586,-0.11480739,0.002672487,-0.003655505,-0.143040285,-0.36417383,0.127622262,-0.133133635,-0.684126973,0.349721164
16.58333333,0.015468871,0.595193088,-0.270015687,0.195495069,0.53872174,-0.121667691,0.262198508,0.458616525,-0.331451505,0.20195803,0.42529434,-0.562601507,0.114547379,-0.002170778,0.004661148,0.121545553,-0.393192291,0.07700821,0.185506016,-0.673537254,0.288988888,-0.158213824,0.544653118,-0.124889411,-0.266800165,0.494293123,-0.311941594,-0.236069113,0.433739662,-0.541793287,-0.114489749,0.00261193,-0.003665151,-0.141625449,-0.365968168,0.127502635,-0.133097395,-0.685075343,0.347456813
16.6,0.014176077,0.596495211,-0.270202488,0.195368737,0.538641095,-0.123802431,0.26212737,0.459156334,-0.3334167,0.198939517,0.424717963,-0.559939146,0.114375986,-0.002137027,0.004641102,0.122265406,-0.393232107,0.077130333,0.188336417,-0.673815131,0.287677944,-0.157711208,0.544491947,-0.125024065,-0.265070111,0.494455099,-0.310820818,-0.234955981,0.434386998,-0.538905323,-0.114329085,0.002571291,-0.00365336,-0.14091751,-0.366259843,0.127353907,-0.132962018,-0.685120463,0.346980989
16.61666667,0.013343555,0.599061906,-0.270480216,0.195298731,0.538563728,-0.12439958,0.262062162,0.458713323,-0.332264632,0.195493847,0.423780411,-0.557918608,0.11422988,-0.002109915,0.004588787,0.122570314,-0.393268198,0.07735154,0.189594433,-0.67478776,0.286252201,-0.15731585,0.54442066,-0.125005856,-0.264646649,0.493890673,-0.309592158,-0.235385522,0.436593443,-0.536717236,-0.114190124,0.002537551,-0.00361094,-0.140527725,-0.366885155,0.127326638,-0.133006603,-0.685437739,0.346474737
16.63333333,0.012982791,0.597921133,-0.270699114,0.195202738,0.538384676,-0.124388687,0.262012422,0.458066285,-0.331037551,0.192712039,0.421497047,-0.557106614,0.114057161,-0.002098253,0.004646593,0.123201609,-0.393515885,0.077836901,0.190189496,-0.675042868,0.286670953,-0.157082513,0.544171512,-0.124534577,-0.264876544,0.49389708,-0.309333652,-0.23549743,0.435337871,-0.535018325,-0.114027798,0.002522119,-0.003681258,-0.140151858,-0.367096514,0.127051577,-0.133009955,-0.685458958,0.345639646
16.65,0.012967444,0.598319411,-0.271110326,0.195125863,0.538318932,-0.124606274,0.261953175,0.457671791,-0.330281526,0.192082494,0.420428127,-0.555667162,0.113942295,-0.002075524,0.00464691,0.123355694,-0.39354673,0.077880755,0.190398335,-0.675375581,0.286342055,-0.156925201,0.543997407,-0.124666996,-0.265082151,0.493773967,-0.308417588,-0.235737994,0.435138553,-0.534344077,-0.113917634,0.00249426,-0.003686083,-0.139901519,-0.36750719,0.12694332,-0.133079648,-0.685575068,0.345242202
16.66666667,0.012980687,0.598320663,-0.272187412,0.195028305,0.538263917,-0.125086382,0.261814862,0.458027035,-0.331156135,0.191935241,0.42089507,-0.556241333,0.113859065,-0.002013915,0.004752337,0.123386823,-0.393615961,0.080223478,0.19063887,-0.675526083,0.287852347,-0.157332942,0.543799341,-0.126248941,-0.2660712,0.494150698,-0.310688108,-0.235873401,0.434762329,-0.536527276,-0.113836132,0.002426036,-0.003799568,-0.139867321,-0.367790282,0.126865923,-0.133183151,-0.685726225,0.344428837
16.68333333,0.012574379,0.599357367,-0.272311777,0.194922835,0.538211048,-0.125242114,0.261751443,0.458018571,-0.330653816,0.191339388,0.420396209,-0.555769026,0.113799706,-0.001994917,0.004705402,0.123405956,-0.393641949,0.080165915,0.190943062,-0.67562294,0.287751585,-0.157367036,0.5436064,-0.125650287,-0.267864972,0.494021624,-0.30812937,-0.238180384,0.435377479,-0.534930944,-0.113780089,0.002403216,-0.003762388,-0.139834464,-0.368145049,0.126818135,-0.133193657,-0.685934305,0.344149202
16.7,0.012655735,0.599621475,-0.273959756,0.194325894,0.53835541,-0.126827613,0.260242045,0.4611471,-0.337921321,0.191280141,0.423769057,-0.566726089,0.113764308,-0.001905021,0.004994941,0.12342298,-0.393993169,0.081610397,0.191064149,-0.675791621,0.289320827,-0.1585605,0.543440223,-0.129795596,-0.268279433,0.495423675,-0.319672078,-0.23897244,0.436004043,-0.548972309,-0.113739707,0.00230503,-0.004052714,-0.140216544,-0.36839661,0.126555383,-0.133390307,-0.68605417,0.343672127
16.71666667,0.012873913,0.599622786,-0.275670856,0.194267824,0.538478434,-0.128344625,0.25971958,0.461449564,-0.341646403,0.19059816,0.423973948,-0.571342111,0.113706157,-0.001852722,0.005218693,0.123649701,-0.394053787,0.081778228,0.191144317,-0.675877273,0.289194643,-0.158568636,0.543324232,-0.132397249,-0.266940445,0.496451229,-0.325564623,-0.238964826,0.437018722,-0.559852839,-0.113675907,0.002248791,-0.004276536,-0.140286878,-0.368424386,0.1258872,-0.133433804,-0.686097741,0.341636628
16.73333333,0.012740126,0.600453973,-0.277204573,0.193990812,0.53858006,-0.129153579,0.25964272,0.46144408,-0.343078405,0.190720275,0.424888343,-0.573429346,0.113653384,-0.001788074,0.00533475,0.123665214,-0.394246668,0.083013713,0.191121906,-0.676361501,0.288965076,-0.158651531,0.543188453,-0.135165393,-0.265550733,0.496417493,-0.329499662,-0.239003092,0.438441068,-0.566581428,-0.113618471,0.002179703,-0.004393738,-0.140469283,-0.368630052,0.125829488,-0.134081766,-0.686474919,0.341433376
16.75,0.012716073,0.60296768,-0.277824163,0.193368226,0.538873911,-0.129172593,0.259627223,0.461350381,-0.342368305,0.190662712,0.425200194,-0.572207212,0.113572694,-0.001697333,0.005474661,0.123681344,-0.394323707,0.0837707,0.191124454,-0.677161276,0.28864941,-0.158688739,0.543057203,-0.136676505,-0.263768137,0.496558458,-0.329676956,-0.237909809,0.441551149,-0.566196024,-0.11353121,0.002080812,-0.004533925,-0.140426368,-0.369565547,0.12574701,-0.134165823,-0.687360644,0.341178507
16.76666667,0.012697306,0.604241312,-0.278040081,0.193165362,0.539100647,-0.129167855,0.258328021,0.461312532,-0.341743559,0.190355778,0.424889088,-0.570905209,0.113511108,-0.001663883,0.005668312,0.123632729,-0.394441307,0.083726145,0.191110447,-0.677747786,0.285888314,-0.158822238,0.542707145,-0.136695907,-0.263807088,0.496471465,-0.329006523,-0.239464268,0.44104889,-0.565975308,-0.1134599,0.002044889,-0.004722113,-0.140762433,-0.369656384,0.125787929,-0.13443017,-0.687897623,0.341256291
16.78333333,0.01198037,0.604563892,-0.278028667,0.193059534,0.538777411,-0.129165456,0.257528573,0.46070081,-0.341405123,0.189951107,0.424631029,-0.570043921,0.113476828,-0.001650877,0.005685464,0.123444483,-0.394465625,0.080653891,0.191129029,-0.67777878,0.282493174,-0.159559548,0.542092562,-0.136406988,-0.265756547,0.495901167,-0.328615516,-0.241738528,0.440633267,-0.564514458,-0.113423951,0.00203018,-0.004740092,-0.141379222,-0.369523108,0.125658199,-0.134553969,-0.68782413,0.341160536
16.8,0.011488757,0.603705406,-0.277479678,0.193078324,0.538467109,-0.127908781,0.257795304,0.459307134,-0.337299526,0.190638706,0.423232406,-0.566251218,0.113446623,-0.001655059,0.005739054,0.123450808,-0.394511104,0.07954713,0.191055581,-0.677655399,0.282541096,-0.159643516,0.54202044,-0.134672731,-0.266583949,0.495818585,-0.322581857,-0.241651669,0.438095331,-0.555386186,-0.113392092,0.002032346,-0.00479807,-0.141387329,-0.36939311,0.124417543,-0.134571195,-0.687586129,0.339995086
16.81666667,0.010693023,0.603243113,-0.276917547,0.193043947,0.538068831,-0.126161337,0.257798851,0.457426637,-0.331919432,0.191539362,0.419108927,-0.56182158,0.113429114,-0.001651417,0.005781313,0.123457298,-0.39452827,0.075385056,0.191068918,-0.67700851,0.280510157,-0.160259485,0.54152745,-0.132514551,-0.267525375,0.493427575,-0.317442983,-0.242487654,0.432180315,-0.548646688,-0.113374479,0.002027667,-0.004842271,-0.141648844,-0.368976593,0.124346532,-0.13480249,-0.687176406,0.34026581
16.83333333,0.01050147,0.601202846,-0.277107567,0.193343654,0.537955403,-0.12602517,0.257967204,0.454529941,-0.331671715,0.192568168,0.415510535,-0.562320232,0.113414176,-0.001658163,0.00585633,0.123462811,-0.394668818,0.07471092,0.190665826,-0.677011669,0.280533254,-0.160316899,0.541242063,-0.132491648,-0.26750344,0.491322666,-0.317405283,-0.242551327,0.427748919,-0.550576985,-0.113357529,0.002034419,-0.004915009,-0.142002314,-0.36860019,0.122781731,-0.134825647,-0.687073588,0.338086575
16.85,0.010505452,0.601121843,-0.27711609,0.193357855,0.538091719,-0.125718534,0.257927448,0.454409957,-0.330658317,0.195340902,0.413385868,-0.562254429,0.113436587,-0.00166447,0.00587191,0.123486854,-0.394750595,0.074775532,0.190467656,-0.677004099,0.281107366,-0.16065453,0.541082203,-0.132384703,-0.268398285,0.487008929,-0.31736064,-0.245811358,0.423707306,-0.55069381,-0.1133743,0.002041378,-0.004929382,-0.142643854,-0.367329597,0.122555487,-0.135348395,-0.686557233,0.33728236
16.86666667,0.010524578,0.600988626,-0.277197927,0.193420097,0.538339496,-0.125655055,0.256745517,0.454041392,-0.330426484,0.195415378,0.410060465,-0.562500298,0.113487735,-0.001654224,0.006005999,0.123491339,-0.394804895,0.074312761,0.190428421,-0.676652312,0.281242281,-0.16096808,0.540270925,-0.132442206,-0.269042999,0.484516025,-0.318354636,-0.248958603,0.423382491,-0.554545581,-0.113415033,0.002032185,-0.005045383,-0.14429386,-0.366092086,0.121556148,-0.13601996,-0.685638011,0.335353076
16.88333333,0.011841238,0.600872576,-0.279249549,0.193409249,0.539049089,-0.127188534,0.253067106,0.454758137,-0.333890885,0.195386648,0.406976551,-0.571083665,0.113532916,-0.001664467,0.006193561,0.123242788,-0.395514935,0.074079923,0.19000499,-0.677390277,0.279875696,-0.161028445,0.539714336,-0.136086613,-0.26823163,0.481821209,-0.329987139,-0.24988541,0.420262188,-0.576300919,-0.113442451,0.002043256,-0.005201259,-0.145300716,-0.36577788,0.121464565,-0.13622275,-0.685642421,0.335366875
16.9,0.014063231,0.600963771,-0.281289458,0.193470195,0.539203167,-0.131132498,0.249800578,0.456011236,-0.346368849,0.195601135,0.40562734,-0.589881837,0.113640338,-0.001710365,0.006213611,0.122281447,-0.395762444,0.075138733,0.189308584,-0.677397311,0.280771434,-0.1612041,0.539354265,-0.141499013,-0.268034041,0.480613053,-0.344404668,-0.250321567,0.415419251,-0.595906496,-0.11351762,0.002092103,-0.005221751,-0.147359312,-0.364563793,0.123249814,-0.1368974,-0.685276687,0.339628816
16.91666667,0.015191058,0.60090214,-0.281312943,0.193471789,0.539453149,-0.131080121,0.247387722,0.45640552,-0.345916778,0.195616245,0.402734578,-0.589546502,0.113698468,-0.001775447,0.006374331,0.121806696,-0.396240056,0.077250622,0.18799971,-0.677405477,0.284823716,-0.161458015,0.539093018,-0.14266032,-0.268039256,0.478162616,-0.345509946,-0.250260234,0.405026734,-0.593401074,-0.113558248,0.002158456,-0.00535944,-0.148001075,-0.364218384,0.123636901,-0.137194172,-0.685016096,0.34271276
16.93333333,0.015187747,0.596987307,-0.280088603,0.193488806,0.539107084,-0.128497496,0.248517498,0.453931659,-0.338087976,0.195603654,0.395863146,-0.581816733,0.113710023,-0.001824867,0.006573899,0.121696703,-0.396522194,0.077744208,0.186540067,-0.677418411,0.286249965,-0.161794543,0.539047003,-0.140231311,-0.273868024,0.47388649,-0.328903556,-0.250727206,0.385415435,-0.564600587,-0.113570504,0.002209313,-0.00555978,-0.147765115,-0.36428538,0.122524738,-0.137335107,-0.68509239,0.342007756
16.95,0.015192761,0.595281661,-0.276158154,0.193476468,0.538974226,-0.125770018,0.250328779,0.452243239,-0.329703212,0.197390974,0.389523923,-0.567939401,0.113738477,-0.001872895,0.006610471,0.121787496,-0.396517783,0.075428784,0.185343459,-0.677384257,0.283690512,-0.162262544,0.5393309,-0.133636236,-0.280517638,0.47283563,-0.310715735,-0.254711658,0.372430861,-0.537672937,-0.113597549,0.002257508,-0.005591238,-0.147793099,-0.364167333,0.121226035,-0.13761735,-0.685219288,0.33887279
16.96666667,0.015471249,0.595733285,-0.276868373,0.192963466,0.538551569,-0.127205789,0.250234663,0.452421397,-0.33264935,0.197411314,0.389808595,-0.572195053,0.113855675,-0.001883324,0.006935074,0.121885695,-0.398883194,0.080507345,0.18295683,-0.679141283,0.293877423,-0.16364558,0.539266765,-0.137016103,-0.28203243,0.47258839,-0.317150831,-0.257196218,0.367896497,-0.550176024,-0.113694154,0.002269706,-0.005872605,-0.148193508,-0.363975108,0.116898373,-0.138883069,-0.685208499,0.330763727
16.98333333,0.015732395,0.599156559,-0.276992708,0.190505803,0.539031744,-0.127164871,0.250325471,0.452880859,-0.329998434,0.200662851,0.386129111,-0.570740104,0.114009388,-0.00188081,0.006979676,0.122035824,-0.39958781,0.080559723,0.182457656,-0.680222511,0.293620229,-0.167553455,0.539356112,-0.13731204,-0.289271861,0.469933242,-0.316645682,-0.264199615,0.35446474,-0.549634755,-0.113829799,0.002268348,-0.005901698,-0.148400053,-0.364164531,0.116947994,-0.139732376,-0.686995566,0.3308236
17,0.015569399,0.600593448,-0.282852978,0.184691817,0.538998008,-0.12994945,0.248343229,0.452237606,-0.330336839,0.200630173,0.373957187,-0.571075916,0.114150904,-0.001808004,0.007049069,0.122041911,-0.400649279,0.083404973,0.182141781,-0.682606816,0.295881659,-0.171889797,0.53824544,-0.145501867,-0.289815366,0.46517092,-0.32208541,-0.268144071,0.345037907,-0.552239597,-0.113951609,0.00220117,-0.005950354,-0.149195433,-0.364294618,0.116829358,-0.141435951,-0.688330531,0.329126894
17.01666667,0.015442176,0.602545202,-0.286258996,0.181370035,0.538928568,-0.131705761,0.247306034,0.448373854,-0.326832622,0.200173259,0.35927406,-0.565522254,0.114173546,-0.001704969,0.00705496,0.122284204,-0.401251346,0.08545471,0.181947023,-0.685691297,0.298734248,-0.17420724,0.537108243,-0.148514301,-0.29517597,0.46154362,-0.322135538,-0.26926294,0.335490644,-0.550471961,-0.113973349,0.002102054,-0.005946782,-0.149239838,-0.365929514,0.117381029,-0.142574236,-0.691740394,0.329130262
17.03333333,0.015018505,0.602564871,-0.284478784,0.180031911,0.53845042,-0.124700338,0.250014603,0.422077358,-0.278431624,0.203725293,0.307039976,-0.508039176,0.114225842,-0.001700748,0.005900193,0.122061476,-0.402898967,0.080627203,0.181765765,-0.692820549,0.284018695,-0.176292866,0.535740554,-0.137414947,-0.300494999,0.441362172,-0.267660856,-0.268804997,0.309259325,-0.473578334,-0.114039496,0.002099536,-0.00476675,-0.14724873,-0.369685382,0.119140364,-0.142412141,-0.698423684,0.329530746
17.05,0.014228796,0.602578878,-0.267592132,0.180278897,0.534177005,-0.100713395,0.249996632,0.386356294,-0.224784419,0.204068318,0.27068758,-0.453094393,0.114392683,-0.001702053,0.004821065,0.122199044,-0.403706312,0.080397256,0.1786661,-0.692470074,0.291750848,-0.177254245,0.535571933,-0.101821214,-0.312972575,0.429243505,-0.188045427,-0.271089286,0.272197515,-0.385171086,-0.11422956,0.002105209,-0.003693025,-0.144594967,-0.372942001,0.11895819,-0.141213417,-0.698976874,0.329560965
17.06666667,0.011534479,0.603434324,-0.261439353,0.178609341,0.533465445,-0.0893002,0.251301348,0.374309927,-0.190260887,0.204378441,0.255441219,-0.401561707,0.114506617,-0.001666695,0.003954855,0.121432722,-0.404067159,0.079454184,0.17314887,-0.692228496,0.299694002,-0.180806264,0.535184145,-0.093279421,-0.319059968,0.409630269,-0.180790827,-0.270635039,0.251637846,-0.382750452,-0.114366151,0.002074873,-0.002827623,-0.144250706,-0.373310387,0.116604581,-0.141214564,-0.698872149,0.321192443
17.08333333,0.005960595,0.603577197,-0.262220234,0.175168142,0.530125082,-0.091457091,0.251267135,0.351334691,-0.166396275,0.204354852,0.213971376,-0.369360745,0.114840962,-0.001617675,0.002691869,0.119568951,-0.406276792,0.083368093,0.167723328,-0.695940256,0.308991551,-0.185346261,0.530312657,-0.0919642,-0.315945566,0.374732256,-0.156645283,-0.270751536,0.216170743,-0.369759917,-0.114716545,0.002035648,-0.001524715,-0.144998848,-0.374135494,0.107816331,-0.142776281,-0.698806584,0.292785197
17.1,0.001445058,0.602446735,-0.274713814,0.173754841,0.524454236,-0.094307519,0.250742316,0.343829989,-0.128746614,0.204303682,0.187663689,-0.299272805,0.115279056,-0.001734007,0.002343413,0.119371109,-0.408059537,0.094525233,0.164243639,-0.697534621,0.324336886,-0.184968248,0.526728392,-0.093842894,-0.311301529,0.362149984,-0.105026647,-0.270925641,0.192335933,-0.281818599,-0.115196303,0.002177566,-0.001145074,-0.147196084,-0.374033749,0.102705397,-0.148215994,-0.698625684,0.283779263
17.11666667,-0.002155191,0.599765539,-0.297510266,0.174014255,0.516397774,-0.111222796,0.250703901,0.326500684,-0.142380014,0.203671739,0.157069698,-0.308274418,0.115528822,-0.002006681,0.001601306,0.118919961,-0.408048898,0.10835842,0.160348371,-0.697339594,0.345327318,-0.18356277,0.523132265,-0.096565008,-0.299061567,0.347555965,-0.099326648,-0.266710043,0.171712801,-0.270876408,-0.11548309,0.002482583,-0.00038812,-0.147615671,-0.373193055,0.102344751,-0.150824487,-0.697861433,0.283485085
17.13333333,-0.002431482,0.599064946,-0.31191045,0.175444752,0.509746075,-0.128568366,0.250728548,0.309647471,-0.158055693,0.194657579,0.142126262,-0.32253474,0.115632363,-0.002141858,0.000742025,0.118922085,-0.406277031,0.123939313,0.161112592,-0.694331467,0.366345704,-0.179428101,0.520096481,-0.098421358,-0.28665337,0.340028107,-0.108480893,-0.257563502,0.159595713,-0.287535071,-0.115606353,0.002637373,0.000454508,-0.146386832,-0.370548606,0.107638948,-0.150169134,-0.693253279,0.286564857
17.15,-0.001755788,0.60043627,-0.327647358,0.175721496,0.507966578,-0.144674495,0.250694901,0.3060669,-0.167390406,0.19187735,0.126726061,-0.328559726,0.115713231,-0.002152861,-0.000668644,0.118813083,-0.402963907,0.121033274,0.163536087,-0.69064343,0.364227474,-0.178386733,0.514879227,-0.116038792,-0.280129611,0.314840794,-0.128194585,-0.253699332,0.131995633,-0.30967328,-0.115700431,0.002654443,0.001856363,-0.145944089,-0.370269567,0.118266605,-0.148816258,-0.691976607,0.307929307
17.16666667,-0.00190921,0.598813593,-0.350213379,0.17511721,0.503247201,-0.166306242,0.249103203,0.293348551,-0.175563902,0.185605273,0.10595455,-0.340941727,0.115752302,-0.002134707,-0.002321379,0.117685162,-0.399818242,0.118115,0.164311185,-0.687889576,0.361721039,-0.178660065,0.50694257,-0.142637327,-0.276861668,0.292161256,-0.139512137,-0.251686573,0.109202795,-0.330374539,-0.115753032,0.002642739,0.003472212,-0.145589218,-0.370279282,0.125361085,-0.148746938,-0.691845894,0.32130003
17.18333333,-0.001781852,0.595075428,-0.373934537,0.174525321,0.496923208,-0.187479168,0.247392535,0.281081855,-0.177356958,0.183528349,0.084882282,-0.340654284,0.115796559,-0.002111411,-0.003840553,0.115586355,-0.397907853,0.116704538,0.164559081,-0.6856848,0.359234869,-0.179407492,0.499047488,-0.168117389,-0.277553827,0.276529133,-0.144960046,-0.25118953,0.089330211,-0.331996411,-0.11581666,0.00262641,0.004979874,-0.145292819,-0.370448947,0.134427324,-0.148545772,-0.691226721,0.339849144
17.2,-0.005144865,0.592253685,-0.387303799,0.172780514,0.488348842,-0.200684607,0.244053572,0.266708285,-0.189442441,0.182711288,0.062873267,-0.34601438,0.115854502,-0.002069902,-0.004907202,0.113490954,-0.39549005,0.114676245,0.164189979,-0.681530058,0.358884841,-0.181527019,0.490610749,-0.181834683,-0.275731474,0.254905999,-0.150259718,-0.250865638,0.065698519,-0.335551262,-0.115892954,0.002592435,0.006034574,-0.145221919,-0.370440423,0.133997768,-0.148483828,-0.689497292,0.341495216
17.21666667,-0.008104979,0.584677577,-0.400583655,0.171025813,0.481324822,-0.211084098,0.240204424,0.257436931,-0.19922249,0.181568444,0.049387876,-0.345712006,0.115892798,-0.002043108,-0.005788622,0.113201998,-0.393334925,0.110419326,0.164363995,-0.677776098,0.356633216,-0.183007687,0.486009628,-0.192766324,-0.271386504,0.246078789,-0.151725739,-0.248557821,0.050044496,-0.328629553,-0.115945987,0.002573699,0.006916343,-0.14459461,-0.370419055,0.137383953,-0.14833504,-0.687630892,0.351255983
17.23333333,-0.011084561,0.583924353,-0.407092422,0.170968756,0.473022521,-0.218216047,0.235838935,0.245428175,-0.20934692,0.178499401,0.034587372,-0.346039176,0.115948111,-0.002042323,-0.00622034,0.113110475,-0.392582148,0.10250356,0.164611071,-0.674117327,0.356367052,-0.183043256,0.4800722,-0.200051308,-0.269388646,0.236223921,-0.156199723,-0.247536421,0.03423005,-0.319771379,-0.116021894,0.002575996,0.007339946,-0.144603491,-0.37044698,0.141760424,-0.148262724,-0.6851843,0.366315901
17.25,-0.013085748,0.581648946,-0.411529511,0.171147689,0.468806326,-0.219502419,0.234303445,0.239277452,-0.211750999,0.178985372,0.025635032,-0.341656417,0.116066687,-0.002076121,-0.006349234,0.113143742,-0.392135412,0.092999898,0.164863437,-0.669663191,0.349372,-0.182995915,0.476876169,-0.203934565,-0.267440915,0.230587482,-0.159346968,-0.245216042,0.022382747,-0.29719758,-0.116175547,0.002620044,0.007466219,-0.144641206,-0.37066409,0.148611456,-0.147670135,-0.682489872,0.38825652
17.26666667,-0.012888018,0.571023822,-0.427760571,0.17397891,0.460777283,-0.227702543,0.234110966,0.226929411,-0.21595946,0.17929545,0.004015467,-0.335893035,0.11625395,-0.002242365,-0.006328385,0.113467678,-0.392236501,0.082152627,0.165541485,-0.666974604,0.340132177,-0.180209517,0.471037716,-0.220507309,-0.262526333,0.224816903,-0.166043341,-0.241715476,0.010372118,-0.289606273,-0.11640019,0.002809413,0.007446001,-0.144643232,-0.371743977,0.147800118,-0.147216529,-0.681025684,0.391335964
17.28333333,-0.012792593,0.563030481,-0.440018654,0.176288247,0.450137138,-0.236747235,0.233590797,0.216754884,-0.22370629,0.179602578,-0.006924993,-0.335200429,0.116299905,-0.002326178,-0.00627648,0.115089044,-0.392319024,0.074711874,0.167316332,-0.66397053,0.337468326,-0.175229743,0.461081028,-0.233625382,-0.259403348,0.213344544,-0.181840584,-0.232323617,-0.009280021,-0.290982306,-0.116462968,0.002904301,0.007397912,-0.143957391,-0.372567177,0.146653876,-0.146319926,-0.677559912,0.390363663
17.3,-0.011762687,0.558835745,-0.445597738,0.178119764,0.446584165,-0.240423322,0.23359783,0.216083527,-0.228008479,0.179752201,-0.009685443,-0.334816009,0.116328098,-0.002328259,-0.006037956,0.116805114,-0.392185658,0.07352291,0.168104321,-0.658415258,0.340937078,-0.17174083,0.454291075,-0.242543221,-0.256732941,0.207078502,-0.197910875,-0.222425491,-0.018027309,-0.29608503,-0.116492815,0.002908859,0.007166734,-0.140643939,-0.372719824,0.146436527,-0.144991279,-0.672389746,0.390223622
17.31666667,-0.008022181,0.554958582,-0.45429787,0.180018336,0.436943829,-0.245782644,0.233114019,0.208797574,-0.231656581,0.179978579,-0.017251095,-0.333191872,0.116348892,-0.002322323,-0.004669902,0.118594334,-0.39218834,0.069351718,0.168551683,-0.654792905,0.340986371,-0.168031722,0.445726305,-0.256259322,-0.252248466,0.198119909,-0.21378614,-0.212698489,-0.039022986,-0.298659265,-0.116518557,0.002905894,0.005838243,-0.13725169,-0.372751862,0.138578877,-0.142123789,-0.666097939,0.386338174
17.33333333,-0.005700381,0.549525082,-0.465319067,0.180545062,0.433160961,-0.251247525,0.231123909,0.206228524,-0.235133722,0.179912657,-0.021761429,-0.333576351,0.116364725,-0.002279352,-0.003490355,0.120570756,-0.392224282,0.06999439,0.168752089,-0.654884696,0.341027737,-0.16706185,0.440027386,-0.26579684,-0.250360698,0.193981677,-0.222858742,-0.211198971,-0.047591079,-0.300997138,-0.11653991,0.002870091,0.004681294,-0.134999275,-0.372949421,0.137972668,-0.141164064,-0.664341271,0.388477594
17.35,-0.004534226,0.543999493,-0.465190858,0.180732012,0.429957688,-0.252185732,0.228920758,0.202654362,-0.236964718,0.178049654,-0.02545131,-0.3327232,0.116410516,-0.002180078,-0.001637262,0.123920508,-0.391125858,0.0554481,0.168812528,-0.650985956,0.331965655,-0.166903555,0.435206085,-0.269580573,-0.248255685,0.188660681,-0.228900686,-0.207961276,-0.05164104,-0.302364439,-0.116590016,0.00277419,0.002859863,-0.134202763,-0.371966958,0.112593107,-0.140819341,-0.65740943,0.362633556
17.36666667,-0.004065167,0.542671323,-0.468136579,0.180730894,0.4247666,-0.255291283,0.226334676,0.19758527,-0.240071476,0.176207229,-0.029725676,-0.333004624,0.116461374,-0.002062035,-0.000140022,0.126246437,-0.388777345,0.047534779,0.168862447,-0.646888673,0.323607922,-0.166896999,0.42916891,-0.275208652,-0.245315388,0.181266785,-0.235484436,-0.205064967,-0.057891719,-0.303341776,-0.116644867,0.002658894,0.00139312,-0.13395229,-0.369892091,0.101461597,-0.140858218,-0.651016772,0.34835282
17.38333333,-0.00268262,0.543126643,-0.468873233,0.180938303,0.42341432,-0.255439818,0.22555165,0.196538776,-0.240668207,0.175383791,-0.031242127,-0.332509249,0.116515674,-0.001962017,0.000880181,0.127247274,-0.388139367,0.049626574,0.168960199,-0.643741488,0.325572968,-0.166705981,0.426041365,-0.275585622,-0.240368143,0.176213086,-0.235848188,-0.201698825,-0.062202241,-0.304112732,-0.116702676,0.002562676,0.000389493,-0.131852284,-0.367444158,0.099183924,-0.140530691,-0.645904899,0.348701
17.4,-0.001780603,0.540795445,-0.479007155,0.180933058,0.421247959,-0.261636972,0.224041015,0.19585155,-0.247833177,0.173469678,-0.031759005,-0.335098296,0.11655499,-0.001822706,0.00199826,0.127170533,-0.388039678,0.059456766,0.168471932,-0.640471578,0.348809242,-0.166769087,0.422230303,-0.284326762,-0.23776485,0.173128024,-0.244876727,-0.2000186,-0.068818562,-0.310776114,-0.1167432,0.002433591,-0.000692442,-0.130628169,-0.364603102,0.102101505,-0.140655562,-0.640921831,0.355206668
17.41666667,-0.001198178,0.534320354,-0.489964128,0.180933163,0.41723907,-0.269138247,0.222553924,0.192216009,-0.257195294,0.171415031,-0.035040371,-0.344051749,0.116620213,-0.001721018,0.003045622,0.127297431,-0.385656685,0.059794035,0.168248013,-0.633729935,0.3488262,-0.166462883,0.419183671,-0.293777496,-0.23595956,0.170337945,-0.256647915,-0.198168844,-0.075029023,-0.323438704,-0.116809182,0.002343825,-0.001682813,-0.129609153,-0.36215508,0.103869148,-0.140557513,-0.636531711,0.361814797
17.43333333,-0.000564694,0.532120705,-0.488263726,0.181206957,0.416747987,-0.267647058,0.22093612,0.190546751,-0.25619927,0.169612244,-0.037699763,-0.344509572,0.116699949,-0.001650335,0.004080979,0.128819793,-0.383748919,0.054001655,0.16827035,-0.631535351,0.346020967,-0.16568099,0.419140369,-0.29129675,-0.234839663,0.170175418,-0.254734486,-0.197072402,-0.076616995,-0.324332237,-0.116890281,0.002283003,-0.002689486,-0.127770871,-0.361751288,0.101464547,-0.140061468,-0.637692034,0.361343533
17.45,-0.000311913,0.531986058,-0.491716772,0.181275621,0.416921586,-0.270317048,0.220070451,0.190849259,-0.259184331,0.168433458,-0.038610876,-0.350237131,0.116732925,-0.001599897,0.004347794,0.129000321,-0.383731931,0.058742158,0.168214425,-0.632415652,0.352611035,-0.165695027,0.419850677,-0.292076051,-0.234278247,0.171802059,-0.253776997,-0.197190627,-0.075925305,-0.32592082,-0.116926298,0.002240869,-0.002956554,-0.12642841,-0.361769944,0.106000811,-0.139731899,-0.639122903,0.373920262
17.46666667,0.000288588,0.532571793,-0.490444928,0.182400644,0.418055296,-0.269358635,0.220175445,0.192248002,-0.258671254,0.168466106,-0.036750842,-0.352231294,0.116803735,-0.001585246,0.004428118,0.129119843,-0.383137971,0.061940659,0.168090791,-0.630258739,0.357144356,-0.16550082,0.421207637,-0.289473116,-0.232255369,0.173286393,-0.25124079,-0.197072819,-0.075580917,-0.326149583,-0.117002465,0.002228558,-0.003038789,-0.125125289,-0.360792547,0.115610301,-0.138861805,-0.638943136,0.392692208
17.48333333,0.001297751,0.531911135,-0.490241826,0.183281571,0.418223977,-0.26856342,0.2202508,0.192565098,-0.257781148,0.168431878,-0.036831066,-0.352303475,0.116865508,-0.001548238,0.004460701,0.12939173,-0.381003171,0.061924499,0.167996705,-0.628222227,0.356099695,-0.165387213,0.421098024,-0.288126349,-0.23075299,0.172670439,-0.249589816,-0.195080206,-0.076805525,-0.326083094,-0.117069982,0.002197477,-0.00307638,-0.123366818,-0.360046506,0.11751575,-0.138086691,-0.639288962,0.393455535
17.5,0.001613356,0.53211081,-0.488089591,0.183540195,0.418753117,-0.267733276,0.220362663,0.19324106,-0.257558912,0.168406114,-0.035233993,-0.352191746,0.116889931,-0.001516921,0.004381662,0.128669918,-0.379803538,0.067690402,0.167314813,-0.626019418,0.361807436,-0.165409103,0.421843499,-0.286699325,-0.229526386,0.173652679,-0.249273196,-0.193156317,-0.075511791,-0.325956404,-0.117096044,0.00217004,-0.003003085,-0.123276055,-0.357908607,0.130314544,-0.13802506,-0.637766957,0.408368558
17.51666667,0.001715144,0.533401608,-0.486682892,0.183540002,0.419575423,-0.267345667,0.22041899,0.195224762,-0.257133216,0.168126374,-0.034974702,-0.352032006,0.116911918,-0.001449491,0.004359677,0.128394693,-0.377670795,0.076532729,0.167201072,-0.623009682,0.368959159,-0.165718481,0.422373623,-0.285634875,-0.229448557,0.174534991,-0.24848333,-0.191754907,-0.074245207,-0.326021194,-0.117120676,0.002109547,-0.002982697,-0.123268284,-0.356090248,0.144288465,-0.137984902,-0.636502385,0.423870146
17.53333333,0.00242454,0.537443817,-0.485565662,0.183563828,0.422131777,-0.266220599,0.220306322,0.198578492,-0.254243731,0.167937458,-0.033089358,-0.3501243,0.116931826,-0.001374024,0.004351369,0.127828673,-0.377442658,0.093718156,0.16686295,-0.623719573,0.378133357,-0.166008815,0.422853351,-0.285199732,-0.229753748,0.175281614,-0.246690944,-0.191926315,-0.072800033,-0.325109869,-0.117142908,0.002039079,-0.002975945,-0.12339662,-0.355713218,0.152849838,-0.13806279,-0.636897147,0.424458325
17.55,0.002590187,0.537490666,-0.48759985,0.183300152,0.422200024,-0.266608804,0.219842553,0.198583305,-0.254731357,0.167452723,-0.032420278,-0.351460397,0.116949953,-0.001317338,0.004347546,0.127249703,-0.377525628,0.094909273,0.166851982,-0.62392807,0.376252681,-0.166412577,0.422959179,-0.287142307,-0.229971439,0.17532149,-0.248773888,-0.19198902,-0.073673092,-0.328451693,-0.117163293,0.001988482,-0.002972394,-0.123457752,-0.355778396,0.152425408,-0.138042718,-0.637198985,0.423452616
17.56666667,0.002968613,0.537626624,-0.487549126,0.183246687,0.422395796,-0.266494423,0.219885662,0.198722228,-0.254844606,0.167303354,-0.031858929,-0.352459133,0.116966091,-0.001280126,0.004299891,0.126987606,-0.377518713,0.089882351,0.166876912,-0.624138415,0.367581457,-0.166683823,0.423005581,-0.287433445,-0.230059847,0.175045624,-0.249177381,-0.192119911,-0.074270889,-0.329490185,-0.117182635,0.00195439,-0.002925965,-0.123689994,-0.356171489,0.1502285,-0.138036907,-0.638020098,0.420501351
17.58333333,0.003948985,0.537695825,-0.487142444,0.183336079,0.423477113,-0.265592873,0.22038728,0.200289845,-0.251850069,0.167686269,-0.030687848,-0.350768805,0.116974302,-0.001261713,0.004104918,0.126692891,-0.376684934,0.086192295,0.166887671,-0.624661267,0.356187254,-0.166754246,0.423673451,-0.287090629,-0.230358362,0.176089182,-0.246748388,-0.19228828,-0.073656775,-0.32758525,-0.117196217,0.001938317,-0.00274219,-0.123742923,-0.356256753,0.155381605,-0.137949124,-0.639228821,0.428581417
17.6,0.005803041,0.538208842,-0.48672393,0.183929682,0.425245166,-0.26454252,0.222296402,0.203083515,-0.25009948,0.169644833,-0.027287818,-0.349840164,0.116988435,-0.001216846,0.004031361,0.126268685,-0.376095086,0.079731502,0.166940093,-0.625101686,0.35021022,-0.166707173,0.424208999,-0.286943406,-0.230655447,0.176742718,-0.24628149,-0.192382574,-0.073332377,-0.327313155,-0.117214508,0.001897007,-0.002672376,-0.123910829,-0.356509894,0.153816983,-0.137667224,-0.640206099,0.426080555
17.61666667,0.005925509,0.538190842,-0.48637867,0.184030324,0.425812751,-0.264324695,0.223065704,0.20333524,-0.249270067,0.170418754,-0.026980754,-0.349212348,0.117004201,-0.001193494,0.003694115,0.12568301,-0.376124084,0.075733908,0.167035624,-0.625533462,0.345861822,-0.166860402,0.424366951,-0.286432713,-0.23079443,0.176957905,-0.243807673,-0.192493007,-0.072957546,-0.325041264,-0.117234156,0.001875482,-0.002345333,-0.124441788,-0.357000738,0.153513506,-0.137669295,-0.641898155,0.423496693
17.63333333,0.006199726,0.538971245,-0.486162305,0.184114233,0.426003486,-0.264218062,0.223237082,0.20338127,-0.248995349,0.170879722,-0.02649866,-0.348974556,0.117033727,-0.001157731,0.003567252,0.12495961,-0.376324356,0.075697996,0.167040542,-0.626324832,0.347021163,-0.166972667,0.424438626,-0.28607592,-0.230920851,0.1767883,-0.243608505,-0.192607149,-0.072956607,-0.324645221,-0.117268525,0.001841535,-0.002220033,-0.124549113,-0.357186288,0.150227353,-0.137573957,-0.642393053,0.417872041
17.65,0.006478506,0.538978994,-0.485767841,0.184130028,0.426069379,-0.26407662,0.224234745,0.203700021,-0.249012023,0.172344342,-0.025410157,-0.349012643,0.1170443,-0.001129945,0.003106592,0.124311529,-0.375758797,0.067737125,0.167095378,-0.626351595,0.338954598,-0.167171434,0.424185067,-0.285682738,-0.231235579,0.176634431,-0.24346517,-0.192434937,-0.072843648,-0.32461369,-0.11728283,0.00181373,-0.001765361,-0.124567099,-0.357273281,0.15033032,-0.137021244,-0.642475784,0.419797778
17.66666667,0.007291477,0.53987664,-0.483495325,0.184350967,0.426317871,-0.263313323,0.225826949,0.204092443,-0.248607665,0.174304649,-0.024393652,-0.34887448,0.117095001,-0.001103744,0.002967113,0.124220058,-0.375335515,0.059249494,0.167561233,-0.625480592,0.337056935,-0.167360052,0.424208879,-0.284944534,-0.231898591,0.176644281,-0.242951661,-0.19223237,-0.072726957,-0.323860496,-0.117336921,0.001786032,-0.001622588,-0.124586627,-0.357311249,0.144873068,-0.135887891,-0.641666174,0.415099204
17.68333333,0.007984289,0.539907157,-0.483327985,0.184546903,0.426441312,-0.263204098,0.226539582,0.204437181,-0.2486673,0.175420761,-0.02383039,-0.349025726,0.117103621,-0.001074765,0.002723462,0.123762101,-0.374953479,0.060865294,0.16759865,-0.625054419,0.339931726,-0.167495579,0.424100757,-0.284817517,-0.231988326,0.176641896,-0.243114144,-0.191700786,-0.072642967,-0.324098945,-0.117349431,0.00175681,-0.001382234,-0.124403074,-0.357092857,0.147158206,-0.135427982,-0.640750706,0.42024532
17.7,0.008000261,0.543549716,-0.479843974,0.184653193,0.428942859,-0.262251109,0.227208674,0.207663104,-0.248148754,0.17675674,-0.021034665,-0.348660916,0.117112137,-0.001032263,0.002369761,0.122969218,-0.374968916,0.074449025,0.167653799,-0.625790536,0.353433222,-0.167637393,0.424798846,-0.281619549,-0.233030736,0.17892091,-0.239824474,-0.192289874,-0.069007583,-0.322379917,-0.117361389,0.001713505,-0.001042379,-0.12442255,-0.357123584,0.147956118,-0.135523081,-0.641259372,0.419427484
17.71666667,0.008000005,0.543586493,-0.480182469,0.18442364,0.429412395,-0.262189806,0.227434769,0.208832845,-0.247550234,0.177807689,-0.020081419,-0.347852677,0.117120087,-0.000986612,0.002096771,0.122711971,-0.375028729,0.084597126,0.167661324,-0.627719462,0.36014393,-0.169097453,0.424952805,-0.281657606,-0.234035656,0.179674104,-0.239563406,-0.192539781,-0.067906447,-0.322141856,-0.117372535,0.001669002,-0.000781968,-0.124514975,-0.357153386,0.152108341,-0.135811567,-0.642019272,0.419384539
17.73333333,0.007927268,0.544149697,-0.478903055,0.184219673,0.431333929,-0.260437876,0.22799018,0.210732684,-0.244821057,0.178696871,-0.018157868,-0.345715493,0.11711619,-0.000954725,0.001889246,0.122235276,-0.374924839,0.085444868,0.167645961,-0.628017545,0.361504644,-0.170032084,0.426078141,-0.280600935,-0.235351011,0.180486485,-0.23873961,-0.192569792,-0.06636364,-0.321987689,-0.117374018,0.00163723,-0.000584603,-0.124643825,-0.357116967,0.152918577,-0.135985404,-0.642057419,0.419267774
17.75,0.008136253,0.543969452,-0.478899449,0.184083089,0.432492316,-0.259818524,0.228168473,0.212202042,-0.243053466,0.17919825,-0.016539851,-0.344378084,0.11711701,-0.000897251,0.001669348,0.121952586,-0.374817729,0.087603651,0.167730838,-0.628354788,0.361895412,-0.170711786,0.426846057,-0.280564725,-0.235353753,0.181183919,-0.238339305,-0.191991881,-0.065783598,-0.321902275,-0.117378987,0.001582134,-0.000373852,-0.124670029,-0.357104599,0.158738464,-0.135933921,-0.642182469,0.425246328
17.76666667,0.008358043,0.545332253,-0.476499408,0.18400389,0.434158564,-0.257780403,0.22880739,0.213816524,-0.241314232,0.180700541,-0.015345584,-0.343436807,0.117034703,-0.000864457,0.001225037,0.121635206,-0.374706566,0.092742898,0.168257937,-0.629060686,0.362648308,-0.170784935,0.428714633,-0.278727472,-0.2354507,0.182931751,-0.237269819,-0.190783545,-0.064708382,-0.32139492,-0.117308818,0.001548926,5.67E-05,-0.124690719,-0.357278496,0.170286313,-0.135924965,-0.643436968,0.437976301
17.78333333,0.008343961,0.547003865,-0.473501295,0.183968455,0.436112106,-0.254922032,0.229922235,0.215471968,-0.23912251,0.182380199,-0.013950405,-0.34196946,0.11702507,-0.000819723,0.001030609,0.121145591,-0.374584079,0.093633555,0.168629602,-0.629098535,0.363513768,-0.17096442,0.430302322,-0.275821894,-0.235767975,0.184457406,-0.234923214,-0.190206259,-0.063472845,-0.320210665,-0.117303535,0.001504629,0.00024735,-0.124984123,-0.357295215,0.171312645,-0.135936335,-0.643530726,0.43918708
17.8,0.008469529,0.549121439,-0.469010293,0.183927372,0.439600766,-0.252646476,0.230825141,0.218167797,-0.238179639,0.183464512,-0.012756867,-0.341627389,0.116934724,-0.000771182,0.00039336,0.120427847,-0.374313563,0.102351286,0.169561356,-0.62978971,0.366840661,-0.171170935,0.434485495,-0.271565557,-0.236291185,0.190298855,-0.231914714,-0.190129489,-0.058376811,-0.319161713,-0.117222577,0.001453962,0.000855968,-0.125251114,-0.357354134,0.178656265,-0.136104777,-0.6446262,0.443120867
17.81666667,0.00842078,0.549852967,-0.468508929,0.183848903,0.439991921,-0.25200519,0.230938077,0.218329176,-0.237459749,0.183919519,-0.012693115,-0.34121564,0.116910942,-0.000722384,0.00017334,0.120197512,-0.374040067,0.103618011,0.169815168,-0.629824698,0.368002266,-0.171383977,0.434999317,-0.271047741,-0.236389533,0.190934658,-0.231271237,-0.189748615,-0.057856772,-0.318657756,-0.117205217,0.001405032,0.00106446,-0.1253694,-0.357429594,0.180206001,-0.136397123,-0.645093083,0.44640252
17.83333333,0.008362394,0.549876988,-0.468609989,0.183845088,0.439891845,-0.252038151,0.230917454,0.218001932,-0.237396449,0.183906689,-0.013052856,-0.340128571,0.116919607,-0.000690606,0.000148058,0.12011949,-0.374226511,0.102680393,0.169819683,-0.631253839,0.367814213,-0.171437308,0.435037792,-0.271100968,-0.236755088,0.191533178,-0.231238142,-0.189760029,-0.057220627,-0.318018168,-0.11721839,0.001375231,0.001089329,-0.125810534,-0.358025461,0.179859892,-0.136897862,-0.646183372,0.442627579
17.85,0.0083578,0.551962078,-0.468196332,0.183823854,0.43988353,-0.251738161,0.230979741,0.217935145,-0.236953467,0.184054688,-0.013099259,-0.338884205,0.116923712,-0.000598283,0.000122779,0.120111644,-0.374269783,0.10568545,0.170189679,-0.632729053,0.368873775,-0.171512306,0.435902178,-0.270851105,-0.237778977,0.194164723,-0.230737433,-0.189988062,-0.054592494,-0.31697467,-0.117225558,0.00128483,0.001114343,-0.125968024,-0.358927637,0.178681895,-0.137147129,-0.648410082,0.439309865
17.86666667,0.008350921,0.550624847,-0.469698727,0.183744013,0.439616084,-0.251814514,0.230930701,0.217631787,-0.236803532,0.184193298,-0.013567932,-0.337971836,0.116935864,-0.00054212,0.000145445,0.120156378,-0.374385834,0.104846269,0.170219645,-0.633115292,0.368674546,-0.171532869,0.435933352,-0.271645933,-0.237749815,0.194329232,-0.230884567,-0.189852074,-0.054478448,-0.316910028,-0.117240809,0.001232973,0.001092042,-0.126141056,-0.359538853,0.175836429,-0.13736026,-0.649053395,0.435503155
17.88333333,0.007515586,0.550176024,-0.468885571,0.183708906,0.439972907,-0.250997484,0.230939999,0.217575684,-0.235925198,0.184183106,-0.013615385,-0.336527914,0.116941035,-0.000520379,-5.29E-06,0.120066389,-0.37457782,0.103047974,0.17025587,-0.634150267,0.362780601,-0.171769351,0.43725884,-0.269317627,-0.237778485,0.196122348,-0.226355836,-0.189965531,-0.051811989,-0.313100427,-0.117248513,0.001211625,0.001238011,-0.126261964,-0.360016435,0.175481066,-0.138595477,-0.650687456,0.434193879
17.9,0.006761473,0.550473034,-0.465646476,0.183740214,0.441052288,-0.248963758,0.231025264,0.217606112,-0.234180778,0.184256777,-0.013655265,-0.333985656,0.116951868,-0.000497095,-5.95E-05,0.120050304,-0.374860823,0.102299914,0.17039454,-0.635132015,0.36109972,-0.171790287,0.439178884,-0.265321225,-0.237655833,0.197551116,-0.221501946,-0.19019486,-0.049924795,-0.30892244,-0.117261723,0.001189082,0.001290132,-0.126469746,-0.360341191,0.173009217,-0.138945013,-0.651484251,0.429874182
17.91666667,0.006713358,0.550732672,-0.465279728,0.183689967,0.441072673,-0.248496532,0.231051475,0.217568696,-0.233649567,0.184705421,-0.01369832,-0.33325839,0.116955787,-0.000470833,-7.45E-05,0.120136499,-0.374867439,0.101896517,0.170745879,-0.635139823,0.361127615,-0.171836734,0.440326452,-0.265240222,-0.237575293,0.198738918,-0.221767217,-0.190226421,-0.048803922,-0.308992147,-0.117267102,0.001163803,0.001304991,-0.126499087,-0.360405713,0.172651947,-0.138946727,-0.651493847,0.429817677
17.93333333,0.006237413,0.550714254,-0.464519113,0.183580741,0.441252828,-0.247778833,0.231090114,0.2175394,-0.232737303,0.185322896,-0.013947808,-0.33239764,0.116955608,-0.00044886,-0.000221078,0.120169982,-0.37482354,0.101424791,0.171185985,-0.635126412,0.360581815,-0.17189087,0.441737801,-0.264193565,-0.236882687,0.199238792,-0.220882609,-0.189995751,-0.048518326,-0.308463663,-0.117268778,0.001142624,0.001449041,-0.126606241,-0.360486805,0.172140568,-0.138947487,-0.651640475,0.430159688
17.95,0.006210754,0.550311923,-0.464583755,0.183588237,0.441442609,-0.247640595,0.231271103,0.217625126,-0.232060045,0.186587289,-0.01396699,-0.331593007,0.116976716,-0.000396102,-0.000213799,0.120219611,-0.374876142,0.101507083,0.171545669,-0.635212004,0.360961825,-0.171935886,0.442007393,-0.264278114,-0.236127347,0.19935587,-0.221086353,-0.189552173,-0.048482798,-0.308524162,-0.117293693,0.001093297,0.001440904,-0.126655057,-0.360661596,0.171972588,-0.138717324,-0.651814699,0.430067748
17.96666667,0.006197259,0.549377799,-0.4661192,0.183624193,0.441431195,-0.247886866,0.231705412,0.21762912,-0.232084036,0.187667117,-0.013961194,-0.33163318,0.117024168,-0.000376726,-0.000214061,0.12017408,-0.37501815,0.100917839,0.171686605,-0.635193944,0.360971093,-0.171956465,0.441964298,-0.265663773,-0.235706672,0.199143589,-0.222079933,-0.189296648,-0.048786573,-0.309546173,-0.11734584,0.001074151,0.001441535,-0.127192765,-0.360859632,0.171405748,-0.13849479,-0.651709795,0.430062264
17.98333333,0.006211107,0.549108267,-0.467909992,0.183618352,0.440980166,-0.248492122,0.23177807,0.217276618,-0.232781306,0.188088343,-0.014217178,-0.332511306,0.117052518,-0.000352414,-0.000178125,0.120178893,-0.375014782,0.09981364,0.171812311,-0.634635329,0.360975891,-0.171976089,0.441657096,-0.268234283,-0.235138133,0.198223591,-0.226143271,-0.188256085,-0.049970336,-0.312941194,-0.117377549,0.001051692,0.001408656,-0.127141744,-0.360880435,0.171076909,-0.137829408,-0.651191711,0.433188468
18,0.005941918,0.548897386,-0.470094353,0.183011055,0.440739781,-0.249302924,0.230971932,0.216948718,-0.23356548,0.187938735,-0.014576273,-0.333878338,0.117061906,-0.000276857,-0.000142877,0.120251782,-0.375018209,0.100641109,0.172168911,-0.634554505,0.364444047,-0.172498763,0.441008389,-0.271211863,-0.234813452,0.196069762,-0.231318831,-0.187763825,-0.0522824,-0.317991674,-0.117389314,0.000978136,0.001372976,-0.127176419,-0.360911161,0.170825571,-0.137831703,-0.651091039,0.433278739
18.01666667,0.005340611,0.549067616,-0.470587254,0.182659537,0.440727025,-0.250200927,0.23019658,0.216823116,-0.234907389,0.18793416,-0.014726856,-0.33593905,0.117056593,-0.000241742,-0.000210862,0.120671988,-0.375041485,0.102544367,0.173111171,-0.63481766,0.366357297,-0.172612742,0.440896273,-0.271808386,-0.234820113,0.195416629,-0.232355669,-0.187877163,-0.053370569,-0.318702221,-0.117386952,0.000943815,0.00144076,-0.127202526,-0.361103892,0.171432868,-0.137786463,-0.651497781,0.43339929
18.03333333,0.00414859,0.549013019,-0.473410755,0.182105526,0.439921886,-0.252458721,0.229759827,0.216001824,-0.237513408,0.187927902,-0.015668849,-0.338844627,0.117065147,-0.00021548,-0.000222794,0.120673075,-0.375041068,0.102939636,0.173148721,-0.634290814,0.369559199,-0.173146263,0.43964234,-0.274347663,-0.234727308,0.193105817,-0.23532632,-0.188255578,-0.055944748,-0.321628392,-0.117397539,0.000918425,0.001452947,-0.127520189,-0.361121386,0.171821818,-0.138027042,-0.65119946,0.435328633
18.05,0.002571279,0.548906326,-0.474096298,0.182093143,0.438006103,-0.2543751,0.229739636,0.21405597,-0.239109084,0.188088208,-0.017299799,-0.339819372,0.117075272,-0.000197525,-0.000248518,0.121062532,-0.375025362,0.103231624,0.173179597,-0.633742332,0.373064756,-0.173101813,0.438813001,-0.274629205,-0.234701425,0.192365557,-0.235222787,-0.188383639,-0.056670379,-0.321499109,-0.11740981,0.000901822,0.001479644,-0.12754178,-0.361136854,0.171709791,-0.137716129,-0.650797427,0.435288996
18.06666667,0.000350972,0.54837364,-0.476824313,0.182067961,0.435231388,-0.259053648,0.229460284,0.21058467,-0.24507387,0.18806909,-0.019863576,-0.34447664,0.117078654,-0.000196742,-0.000430768,0.121332005,-0.375111073,0.103150629,0.17377238,-0.633544564,0.372850239,-0.172877684,0.437065333,-0.27614823,-0.234680563,0.190469682,-0.236110717,-0.189517096,-0.059032716,-0.321609318,-0.117415041,0.00090293,0.001667433,-0.127577573,-0.361188114,0.171694055,-0.137392417,-0.650518537,0.435795069
18.08333333,-0.001664022,0.547726989,-0.47665599,0.182178259,0.432822853,-0.259187996,0.229221284,0.205951214,-0.245024234,0.18796359,-0.023899883,-0.344336629,0.117088832,-0.000232499,-0.000533362,0.123258673,-0.375173509,0.087170154,0.174319416,-0.633441508,0.358718872,-0.17222473,0.436254025,-0.275027484,-0.23466292,0.188901216,-0.232399106,-0.192186579,-0.061718822,-0.315359801,-0.117426783,0.000939841,0.001768321,-0.127588302,-0.361816943,0.165236965,-0.136995852,-0.650950551,0.431575805
18.1,-0.004972515,0.547141314,-0.476619393,0.182102352,0.431043208,-0.26013431,0.229034975,0.20292905,-0.246059909,0.187599108,-0.027768737,-0.344409436,0.117092535,-0.000257341,-0.000647677,0.123712376,-0.375910819,0.080305345,0.174196988,-0.634012103,0.354301244,-0.172231093,0.434648663,-0.274356127,-0.235349134,0.186231956,-0.229440466,-0.196987346,-0.064236499,-0.310651511,-0.117431872,0.000963069,0.001873655,-0.127695426,-0.361911476,0.15704231,-0.137902394,-0.651116252,0.422491372
18.11666667,-0.007745648,0.547102511,-0.476100177,0.181596905,0.431074619,-0.260052592,0.2284161,0.202839687,-0.245795503,0.187548801,-0.029131245,-0.342851222,0.117086157,-0.000247687,-0.000675517,0.123874426,-0.375911146,0.082031555,0.174172789,-0.634331942,0.354912907,-0.172702134,0.434190333,-0.272123873,-0.235342965,0.184802011,-0.224248171,-0.20023948,-0.066215955,-0.305750847,-0.117428288,0.000953102,0.001897486,-0.127713978,-0.361591667,0.16112335,-0.138817906,-0.651121914,0.427335978
18.13333333,-0.008472029,0.546854734,-0.47437185,0.181869209,0.429752201,-0.259911001,0.228452593,0.199934483,-0.245684892,0.187544301,-0.033476643,-0.340590447,0.117078431,-0.000297213,-0.000692368,0.126885086,-0.375959128,0.070272401,0.175222442,-0.634540975,0.344170064,-0.171525806,0.43373844,-0.269344181,-0.235234514,0.183969349,-0.220227703,-0.202846691,-0.066989616,-0.298962116,-0.117421068,0.000999122,0.001912129,-0.127447352,-0.361880183,0.149768651,-0.138790026,-0.651849687,0.415467441
18.15,-0.008434539,0.546853304,-0.472016931,0.182924241,0.429105788,-0.259700209,0.228639647,0.198505089,-0.245558366,0.187562197,-0.035938345,-0.339929044,0.117088526,-0.000347968,-0.000638316,0.130471736,-0.376316756,0.066532239,0.176066741,-0.63405472,0.345549643,-0.168999821,0.4334521,-0.267579794,-0.234836951,0.183159247,-0.219403923,-0.203110799,-0.067964122,-0.297316283,-0.117429696,0.001045991,0.001853988,-0.127403125,-0.362067133,0.134970188,-0.138580635,-0.651512265,0.399393678
18.16666667,-0.008780548,0.542867303,-0.480433762,0.183060154,0.422536284,-0.268808931,0.228038013,0.19176133,-0.256099731,0.187768206,-0.044811327,-0.343937993,0.117161542,-0.000363281,0.000601612,0.130809143,-0.383927137,0.068022989,0.176053166,-0.639265954,0.352136463,-0.16832158,0.426296711,-0.279428065,-0.234778315,0.177572325,-0.233480155,-0.204458132,-0.073599495,-0.303039491,-0.117496423,0.001060008,0.000639689,-0.127955779,-0.363412648,0.121222652,-0.138587445,-0.651622474,0.376787901
18.18333333,-0.009131321,0.540482104,-0.487339705,0.182995126,0.419889241,-0.274971277,0.226836339,0.189488783,-0.263295352,0.18871364,-0.04822541,-0.349234283,0.117172644,-0.000366567,0.000909642,0.130370378,-0.388592243,0.081476621,0.176044822,-0.643605232,0.364587009,-0.168227211,0.423705041,-0.28750357,-0.234728292,0.175909624,-0.243397892,-0.204635426,-0.074961267,-0.310851842,-0.117506079,0.0010631,0.000343938,-0.129390091,-0.364542067,0.126281038,-0.138839915,-0.651789606,0.383783311
18.2,-0.009304365,0.539296925,-0.487533897,0.182981446,0.416580439,-0.276130706,0.225871027,0.186663479,-0.26398617,0.189313784,-0.051600356,-0.348964244,0.117221296,-0.000373566,0.001804899,0.130289271,-0.392851055,0.081677921,0.176046029,-0.646110237,0.36574778,-0.167865381,0.420009464,-0.290977836,-0.234808818,0.174023747,-0.248699799,-0.204898924,-0.075322494,-0.31212768,-0.117549472,0.001068387,-0.000526126,-0.131791219,-0.365511298,0.117446102,-0.138979569,-0.651482701,0.369154096
18.21666667,-0.009287179,0.539271176,-0.487024754,0.182975248,0.416600823,-0.275305659,0.224937797,0.186739147,-0.262933403,0.190079957,-0.05255032,-0.347750038,0.117251188,-0.000377058,0.002358561,0.130392462,-0.393975794,0.085767232,0.175966367,-0.645922542,0.376913995,-0.167722374,0.419812232,-0.289984614,-0.235026062,0.174262509,-0.247363314,-0.206039265,-0.07519225,-0.31172657,-0.11757499,0.001070654,-0.001076748,-0.133651987,-0.365781873,0.120275401,-0.139303699,-0.650540411,0.374292374
18.23333333,-0.009249785,0.537335098,-0.486687422,0.182874218,0.416740865,-0.276280373,0.224670246,0.187181234,-0.263199478,0.191866606,-0.052226294,-0.347636878,0.117254622,-0.000379934,0.002538344,0.12996228,-0.395673513,0.094309382,0.175692305,-0.64933157,0.377421737,-0.167632312,0.419868439,-0.291171581,-0.235952228,0.174797967,-0.249341547,-0.210212618,-0.073189646,-0.312169999,-0.117576256,0.001071475,-0.001255224,-0.135103762,-0.366799444,0.122620679,-0.139442235,-0.651052713,0.373784572
18.25,-0.009104586,0.536752343,-0.486557513,0.182953164,0.416917115,-0.276590824,0.224566728,0.187515333,-0.264554411,0.193571344,-0.052262768,-0.347885132,0.117259786,-0.000409095,0.002609419,0.129913807,-0.396699756,0.095159523,0.175651312,-0.650528789,0.376803339,-0.166981086,0.420076311,-0.290988624,-0.236633316,0.176798806,-0.249941707,-0.2138322,-0.069531202,-0.312566042,-0.117579639,0.001094623,-0.001324461,-0.136270851,-0.367391676,0.123740852,-0.139365643,-0.651051641,0.373983234
18.26666667,-0.00745325,0.540385365,-0.479066402,0.183740899,0.420282125,-0.271584809,0.225081399,0.189047098,-0.260235399,0.196405962,-0.052106343,-0.347213805,0.117262624,-0.000509551,0.002192496,0.129854515,-0.396324873,0.094993033,0.1757119,-0.65083015,0.375190526,-0.166420624,0.426192909,-0.280872226,-0.237338901,0.182625487,-0.23814103,-0.218193874,-0.061094243,-0.30791676,-0.117581196,0.001187805,-0.000918131,-0.135852784,-0.367659718,0.129161835,-0.138089225,-0.651631236,0.382653654
18.28333333,-0.006203937,0.542864382,-0.468593597,0.18501012,0.429149181,-0.264727175,0.227845401,0.19417271,-0.254107118,0.200600877,-0.048994429,-0.346056759,0.117257409,-0.000788748,0.001115035,0.129217938,-0.395745337,0.094074473,0.175829545,-0.65124917,0.365656078,-0.165559709,0.439881712,-0.262934327,-0.239205554,0.197364196,-0.213760361,-0.228612617,-0.042525351,-0.295275629,-0.117573455,0.001459011,0.000138633,-0.135789484,-0.36806199,0.141466737,-0.137483731,-0.655829966,0.397840947
18.3,-0.005628004,0.545287907,-0.462913007,0.185347959,0.437197328,-0.258992344,0.232409552,0.202603891,-0.2481931,0.205485061,-0.038192388,-0.345090896,0.117250413,-0.00096971,-5.01E-05,0.126787037,-0.395377606,0.093984544,0.176002651,-0.652583003,0.360049039,-0.165684998,0.446375549,-0.256314069,-0.244709283,0.204579547,-0.207092851,-0.238264844,-0.031675875,-0.293205112,-0.117565945,0.001633455,0.00127348,-0.135868117,-0.368490756,0.15299575,-0.137498155,-0.659555376,0.409196258
18.31666667,-0.004629286,0.545971394,-0.45904544,0.185385361,0.444059044,-0.255569041,0.235854387,0.210066125,-0.244815633,0.207218707,-0.028215205,-0.344805807,0.117240041,-0.001109744,-0.001954284,0.126358494,-0.393809855,0.094793551,0.178777888,-0.654065371,0.351364911,-0.166665107,0.45424363,-0.247817472,-0.246331647,0.212346867,-0.192903921,-0.242326424,-0.024297917,-0.285041362,-0.117553443,0.001771755,0.003150406,-0.135736361,-0.368400842,0.167534932,-0.137501806,-0.66173631,0.420360208
18.33333333,-0.004532292,0.547130167,-0.452870101,0.185314581,0.447834879,-0.249961987,0.238074958,0.214021966,-0.237994343,0.209479094,-0.02297394,-0.34148559,0.117245026,-0.001233129,-0.003021752,0.125523224,-0.39320448,0.094687618,0.179001704,-0.654754937,0.348660707,-0.168551579,0.458315462,-0.239868566,-0.250710905,0.219064817,-0.181522772,-0.252168685,-0.010024661,-0.275902152,-0.117556833,0.001892469,0.0041969,-0.135692209,-0.368462086,0.166733354,-0.137525633,-0.66452527,0.418609262
18.35,-0.003538464,0.54956454,-0.446707606,0.18510814,0.452163041,-0.243556172,0.240407482,0.220023319,-0.230984509,0.212224066,-0.013090488,-0.338134468,0.11725311,-0.001331469,-0.003498374,0.124006949,-0.393263847,0.090863392,0.179066211,-0.657377899,0.342487723,-0.170203045,0.461842328,-0.23682487,-0.257808,0.226264656,-0.181601316,-0.261722147,0.004422828,-0.276324242,-0.117563322,0.00198773,0.004659423,-0.135715336,-0.369930834,0.164803162,-0.137440085,-0.670110285,0.417780161
18.36666667,-0.002195733,0.556153297,-0.431159496,0.184186444,0.459872037,-0.233125046,0.243511319,0.23226729,-0.225700513,0.214195564,0.007801544,-0.338884056,0.117244601,-0.001362589,-0.003951637,0.122763462,-0.393269718,0.090367325,0.179143414,-0.66277504,0.337776929,-0.171909735,0.469350457,-0.221009135,-0.26265049,0.237686768,-0.171396241,-0.269381732,0.021846794,-0.276694298,-0.117549941,0.002014851,0.005100118,-0.13582404,-0.370430022,0.163786322,-0.137367874,-0.676490903,0.407994092
18.38333333,0.000200307,0.571097612,-0.403183907,0.183520004,0.469508499,-0.214424491,0.24682717,0.2472969,-0.211416334,0.218336999,0.027212838,-0.334716678,0.117154375,-0.001414372,-0.004252417,0.121328607,-0.393641829,0.09009444,0.179337755,-0.669520378,0.337979376,-0.172525108,0.480518579,-0.200624764,-0.274707913,0.258405,-0.1648231,-0.276402682,0.047011796,-0.277925909,-0.117444813,0.002054171,0.005380174,-0.136824459,-0.371553749,0.158262774,-0.137585953,-0.683226705,0.385582
18.4,0.000476475,0.577841818,-0.385138392,0.182879791,0.477500886,-0.20412156,0.251540542,0.258580595,-0.207864448,0.21797961,0.045189485,-0.333922237,0.117019415,-0.001477438,-0.004646149,0.119068958,-0.394159347,0.087865569,0.178649426,-0.674175143,0.335536987,-0.173023179,0.48962,-0.185064286,-0.282605112,0.275109559,-0.163798854,-0.28355366,0.071806982,-0.288783669,-0.117285922,0.002101298,0.005745139,-0.137668312,-0.371942431,0.146633431,-0.138141751,-0.68698281,0.362659812
18.41666667,-0.001007989,0.580811858,-0.367120445,0.180613533,0.483937562,-0.190491363,0.253291011,0.272263855,-0.197774231,0.217715234,0.06943275,-0.330708027,0.117015757,-0.001606468,-0.005272217,0.118772388,-0.394939095,0.093179405,0.17840144,-0.678388119,0.336385816,-0.174020872,0.500100493,-0.154816657,-0.286542237,0.296433419,-0.126157045,-0.29302606,0.097347863,-0.273588508,-0.11727526,0.002218425,0.006360752,-0.139485836,-0.371841162,0.137504801,-0.139727026,-0.68810153,0.338617384
18.43333333,-0.000950334,0.587924302,-0.334359884,0.177408218,0.499027222,-0.155767873,0.255360216,0.299274713,-0.17243731,0.221759781,0.108888559,-0.324793935,0.117105931,-0.001626108,-0.00531476,0.117953986,-0.397423059,0.093106508,0.173991218,-0.683776498,0.334560215,-0.179024115,0.506092012,-0.127896354,-0.296539634,0.306116134,-0.105110295,-0.304247439,0.11090035,-0.260026157,-0.117339447,0.002237262,0.0064099,-0.146437809,-0.37184602,0.125934303,-0.144666567,-0.688334703,0.320967644
18.45,3.40E-05,0.59781146,-0.289535493,0.176102266,0.508811295,-0.111568123,0.256328285,0.317430377,-0.135168523,0.229021758,0.135312855,-0.305650741,0.117307067,-0.001811349,-0.005322321,0.117740318,-0.399810821,0.09278699,0.168933272,-0.686880767,0.329937786,-0.180517912,0.514576733,-0.090480037,-0.302426815,0.327488959,-0.074905299,-0.308792114,0.138778135,-0.234336302,-0.117503069,0.002414366,0.00642417,-0.151669607,-0.371803194,0.119290911,-0.14883554,-0.689534128,0.308071673
18.46666667,0.001168601,0.604566216,-0.27770707,0.174010694,0.516266882,-0.097506888,0.257747233,0.333059222,-0.134601101,0.232267663,0.162954256,-0.308199525,0.11745993,-0.001832543,-0.005137331,0.117934175,-0.403717577,0.079113349,0.165838644,-0.693113029,0.304018229,-0.18311739,0.518253267,-0.085855082,-0.306128085,0.338684797,-0.096915178,-0.311969995,0.170094222,-0.274947464,-0.117614217,0.002433965,0.006268137,-0.155789167,-0.372350752,0.104706824,-0.154895917,-0.692866385,0.289492607
18.48333333,0.003670438,0.604253888,-0.275809169,0.172928914,0.524936438,-0.094382688,0.264277726,0.355276138,-0.145348221,0.23618634,0.209808618,-0.326374233,0.117451832,-0.001814244,-0.00452187,0.11912486,-0.407295406,0.068757392,0.165561438,-0.699589014,0.279031277,-0.184782565,0.523651779,-0.092236437,-0.309207499,0.362752289,-0.103216119,-0.319237918,0.202428415,-0.310076147,-0.117589004,0.002408081,0.005676583,-0.156510979,-0.37370044,0.094642326,-0.155850962,-0.696867347,0.273216665
18.5,0.00506784,0.607949674,-0.269415826,0.172986969,0.529515386,-0.091675721,0.273733616,0.367733628,-0.160409525,0.239665717,0.245527878,-0.386371315,0.117436007,-0.001650891,-0.003642784,0.119503148,-0.410061002,0.06271936,0.164601609,-0.70225513,0.271867901,-0.186213121,0.52803582,-0.09487123,-0.313292563,0.378716916,-0.149305046,-0.315393478,0.224823937,-0.373737812,-0.117554136,0.002229491,0.004799255,-0.155918688,-0.37546432,0.084359117,-0.155408964,-0.700603426,0.257860601
18.51666667,0.005535165,0.608289242,-0.264787912,0.173859701,0.527130425,-0.095486037,0.278849304,0.37390849,-0.189317986,0.249310359,0.261957467,-0.413032234,0.117230289,-0.001661989,-0.002944774,0.121438384,-0.411576182,0.058992662,0.164793596,-0.703106701,0.276360244,-0.184621051,0.535148323,-0.09647961,-0.322558254,0.416097015,-0.170235649,-0.314475507,0.262168258,-0.371755183,-0.117324464,0.002237609,0.004058949,-0.152720913,-0.378214389,0.085581519,-0.151553392,-0.705928802,0.26957804
18.53333333,0.00579884,0.613951325,-0.261145234,0.173970282,0.531078398,-0.098694101,0.276951998,0.401592076,-0.22922188,0.256401598,0.296378881,-0.464793116,0.117229506,-0.001666548,-0.002402859,0.122092225,-0.411752075,0.05493895,0.166583076,-0.703159213,0.26367262,-0.184517488,0.538771629,-0.100097425,-0.321803093,0.432756752,-0.211844787,-0.312289268,0.296819299,-0.423261613,-0.11731787,0.002236717,0.003514896,-0.15103817,-0.379538506,0.089756168,-0.148017257,-0.708683729,0.279152483
18.55,0.005767829,0.615641892,-0.259639859,0.175133869,0.530890942,-0.101012751,0.275517285,0.412900239,-0.256646574,0.254368544,0.318042189,-0.497827291,0.117236897,-0.001725428,-0.001988849,0.122223705,-0.411573261,0.046095226,0.168401122,-0.702168882,0.244676515,-0.183192104,0.53919661,-0.100148566,-0.319043487,0.444044769,-0.224024147,-0.305737644,0.317855865,-0.434493572,-0.117320307,0.002285684,0.003091767,-0.150258288,-0.379486829,0.09122061,-0.14608255,-0.707610548,0.287760317
18.56666667,0.005782383,0.62051177,-0.257096678,0.175974339,0.530928135,-0.102797121,0.274721801,0.425993383,-0.266153902,0.252585799,0.339630663,-0.499345481,0.117182136,-0.001739528,-0.001469556,0.122543193,-0.408168852,0.039041482,0.169871464,-0.69834125,0.239661843,-0.181351781,0.540386856,-0.100733683,-0.317248404,0.457671434,-0.233099997,-0.302200228,0.346031129,-0.440309346,-0.117261223,0.002293737,0.002534575,-0.149171472,-0.378693968,0.093541451,-0.143766522,-0.707287788,0.297221988
18.58333333,0.005651032,0.618957579,-0.259437829,0.176962614,0.533488154,-0.105580337,0.274303526,0.445615679,-0.285282612,0.251772285,0.367340624,-0.522788405,0.117183365,-0.001747855,-0.000932762,0.1224593,-0.405343324,0.040410586,0.169906154,-0.690010428,0.248188883,-0.180993661,0.540654004,-0.103325762,-0.316012502,0.460995018,-0.258789003,-0.300303042,0.354352951,-0.481676996,-0.117256872,0.002297977,0.001993731,-0.149619728,-0.375954509,0.094714709,-0.143767908,-0.702846467,0.304519325
18.6,0.005297066,0.617612481,-0.260348767,0.177561089,0.534306645,-0.10756927,0.266587466,0.453153908,-0.304456234,0.234146416,0.381417453,-0.54458642,0.117058598,-0.001770939,0.000860081,0.122428663,-0.403146029,0.040953677,0.170015484,-0.681654096,0.253963441,-0.180638716,0.54176867,-0.104039729,-0.31558755,0.474872857,-0.28424269,-0.297204584,0.37044096,-0.507129192,-0.117106751,0.00231262,0.000157293,-0.149884865,-0.372602791,0.097919777,-0.14342919,-0.695907533,0.318220288
18.61666667,0.005302397,0.616896987,-0.264489233,0.178928837,0.534167826,-0.111156173,0.265586704,0.457381696,-0.330131501,0.22631757,0.407643616,-0.573245227,0.116888404,-0.001750864,0.002552623,0.121622719,-0.402176976,0.047510214,0.171566665,-0.676822066,0.264529347,-0.180179194,0.540775061,-0.119675592,-0.300436527,0.483886451,-0.322359055,-0.282616913,0.409510523,-0.56018275,-0.116908602,0.002280688,-0.001559808,-0.149948895,-0.369993538,0.106556766,-0.143526584,-0.689497113,0.336372256
18.63333333,0.005403529,0.616302907,-0.267181098,0.180342853,0.533623934,-0.115979075,0.262230605,0.461313188,-0.346206576,0.205366388,0.434651583,-0.583940983,0.116385654,-0.001728053,0.003753325,0.121790461,-0.401740998,0.061926987,0.17462346,-0.673394024,0.294753313,-0.176156253,0.541617393,-0.131240398,-0.281992823,0.500265479,-0.336499959,-0.261192292,0.435615659,-0.566857457,-0.116397314,0.002239759,-0.002839902,-0.148498639,-0.369845539,0.106798209,-0.143052414,-0.683636665,0.334933668
18.65,0.005368484,0.61593312,-0.268580914,0.181462973,0.533913255,-0.119253166,0.26223287,0.467928827,-0.343506426,0.204719529,0.450719774,-0.572609484,0.115778267,-0.001677245,0.003823435,0.121758938,-0.400680602,0.069899879,0.178245485,-0.671661317,0.304378211,-0.170665443,0.541179001,-0.131745785,-0.277532488,0.500870407,-0.32398209,-0.25245434,0.444239378,-0.547832727,-0.115802132,0.002165155,-0.002935437,-0.147492215,-0.369881094,0.107309155,-0.142077357,-0.682868242,0.333983332
18.66666667,0.005337168,0.613221884,-0.267846048,0.183070421,0.533552229,-0.119133092,0.271482021,0.467173219,-0.329510421,0.207108885,0.462985843,-0.551435769,0.115157418,-0.001627253,0.003997263,0.121800378,-0.400633663,0.07596644,0.179781437,-0.671225548,0.320192367,-0.165649682,0.540734768,-0.130385414,-0.277724475,0.507263303,-0.308471531,-0.242112562,0.461093873,-0.523636043,-0.115226686,0.002090964,-0.003162974,-0.143665567,-0.370606422,0.107440375,-0.140289053,-0.681682765,0.333079457
18.68333333,0.005247692,0.613154113,-0.268698245,0.183082193,0.533226371,-0.120712221,0.271317214,0.470061541,-0.334973663,0.208182231,0.478569031,-0.555188239,0.114813551,-0.001468002,0.003987775,0.121567152,-0.397357523,0.076203026,0.180565953,-0.667628825,0.317653656,-0.165588826,0.54055208,-0.130736455,-0.278639674,0.510296702,-0.311893404,-0.236101165,0.478987604,-0.523635566,-0.11489965,0.00190113,-0.003155221,-0.14314726,-0.370645225,0.107686922,-0.139935762,-0.680145919,0.332429826
18.7,0.005991015,0.613174021,-0.268245429,0.183170676,0.532640517,-0.11981605,0.274072707,0.473623574,-0.328172594,0.209149241,0.48982662,-0.546807528,0.114484124,-0.001327353,0.004201798,0.121569626,-0.396217257,0.076203443,0.182174265,-0.666470528,0.316662103,-0.16528216,0.540400803,-0.130631208,-0.27959305,0.513054073,-0.307652146,-0.230531096,0.485503048,-0.516008973,-0.114584602,0.001731076,-0.0033999,-0.140029371,-0.371048599,0.107817888,-0.137141556,-0.679540515,0.33210972
18.71666667,0.006136857,0.610451996,-0.266064227,0.183312237,0.530431986,-0.112057984,0.29240647,0.469526827,-0.31378305,0.222639427,0.489003271,-0.516672552,0.114090018,-0.001149095,0.004814913,0.12160331,-0.395848334,0.083619967,0.184306383,-0.666892767,0.323094517,-0.165496856,0.540059924,-0.127276093,-0.285290211,0.523825049,-0.302657932,-0.230161354,0.489103585,-0.491499156,-0.11420583,0.001525806,-0.004055211,-0.135815203,-0.371824175,0.107025973,-0.134160891,-0.679718196,0.327961594
18.73333333,0.006806446,0.609996498,-0.262707412,0.183371946,0.527918339,-0.106355764,0.295480698,0.469796807,-0.301845521,0.22278814,0.49535954,-0.495934784,0.113783412,-0.000923728,0.005348989,0.121639319,-0.395134062,0.084043525,0.186689585,-0.665976405,0.325805187,-0.165666595,0.539168239,-0.124581285,-0.287409365,0.525964022,-0.297870487,-0.22264795,0.499551505,-0.47427997,-0.113914326,0.001269773,-0.004613232,-0.133149326,-0.372556508,0.10633903,-0.131290868,-0.679228008,0.326854259
18.75,0.009673709,0.610048056,-0.262688428,0.18342936,0.525890946,-0.106481001,0.293092459,0.470393181,-0.301687568,0.214036614,0.500138283,-0.495080948,0.113549642,-0.000725791,0.005924296,0.121640138,-0.394692987,0.084029548,0.187984884,-0.665471375,0.327260882,-0.165637374,0.537351668,-0.124766901,-0.28748706,0.528038859,-0.296873033,-0.215085983,0.516261876,-0.474383622,-0.11369314,0.001048333,-0.005205452,-0.131109193,-0.373072058,0.106411733,-0.128566623,-0.678491712,0.327397943
18.76666667,0.010408744,0.610929847,-0.263053417,0.183145657,0.525831223,-0.105957404,0.29269582,0.472355485,-0.30097121,0.212864786,0.511092067,-0.495786697,0.1133812,-0.000591557,0.00663578,0.121764623,-0.394308776,0.083790295,0.189403877,-0.665669203,0.325554401,-0.165729985,0.537234485,-0.125650987,-0.288796544,0.525782645,-0.298354834,-0.219742015,0.522411823,-0.477091134,-0.113533698,0.000907441,-0.005909484,-0.130699098,-0.373324484,0.106468923,-0.127904356,-0.678532362,0.327332109
18.78333333,0.010542379,0.610972464,-0.266100347,0.182449996,0.525783002,-0.106391557,0.293585956,0.472660273,-0.300887406,0.212990433,0.515928388,-0.496642977,0.113239981,-0.000477884,0.007166295,0.121734083,-0.393920481,0.083547689,0.189394891,-0.665661514,0.324492335,-0.165777177,0.537026107,-0.129712805,-0.290739089,0.523884475,-0.301873714,-0.220990613,0.526008844,-0.482257009,-0.113397337,0.000792041,-0.006419522,-0.130717739,-0.373354048,0.106516019,-0.127867147,-0.67832607,0.327379644
18.8,0.010782259,0.610609949,-0.266952038,0.181714147,0.525735438,-0.106738873,0.293150008,0.473002493,-0.300959885,0.213153958,0.513572752,-0.497075796,0.113107577,-0.000334718,0.007553348,0.121676564,-0.393128395,0.08360374,0.189500496,-0.664967716,0.324424505,-0.166207388,0.536818683,-0.131954476,-0.291732788,0.524764359,-0.305725396,-0.223477989,0.526517034,-0.486865789,-0.113270909,0.000644059,-0.006800015,-0.13053593,-0.373419285,0.106676176,-0.127871871,-0.678134501,0.328006446
18.81666667,0.010767565,0.609324455,-0.269385099,0.181257948,0.524961114,-0.107003547,0.295139074,0.472044259,-0.299631059,0.214873016,0.510567784,-0.494801849,0.11295332,-0.000249241,0.007964836,0.121703975,-0.392375857,0.083439335,0.189931646,-0.664411426,0.323882043,-0.166288123,0.53671211,-0.134001687,-0.294583708,0.528615832,-0.305456668,-0.224963158,0.529451072,-0.486060768,-0.113125578,0.000556095,-0.007206169,-0.130370736,-0.373497397,0.106478326,-0.127892226,-0.67812258,0.327891797
18.83333333,0.010750075,0.610606313,-0.269406408,0.181095958,0.524422526,-0.107097678,0.29459393,0.471584499,-0.303347439,0.215852603,0.50677532,-0.503026962,0.112929046,-0.000122077,0.007852586,0.121698305,-0.390643716,0.082850173,0.19083944,-0.662375331,0.323245257,-0.166787535,0.534483135,-0.134088784,-0.283490598,0.527386606,-0.307629108,-0.207708076,0.528650105,-0.489418238,-0.113099284,0.000425775,-0.00709103,-0.12977396,-0.37351644,0.107956633,-0.127747014,-0.677743495,0.330574125
18.85,0.010790225,0.612585127,-0.269353092,0.181078181,0.524211109,-0.107239969,0.294134617,0.471275568,-0.304983258,0.21593228,0.506248593,-0.506608069,0.112927951,-1.20E-05,0.007731501,0.121783942,-0.390129745,0.080934688,0.191245973,-0.662255645,0.314908117,-0.166817307,0.53261441,-0.133978844,-0.267064989,0.524766088,-0.307072222,-0.196419626,0.535465419,-0.489867628,-0.113094434,0.000316019,-0.006965074,-0.129519626,-0.373603672,0.108658567,-0.127623916,-0.677836537,0.33093518
18.86666667,0.011081253,0.611831307,-0.269456923,0.181194723,0.524156749,-0.107386842,0.294369102,0.471001178,-0.307796031,0.221226439,0.503549099,-0.515208125,0.112933449,0.00013484,0.007862661,0.121921815,-0.390214533,0.080860145,0.191288978,-0.662274241,0.314893991,-0.166890442,0.531436801,-0.13440454,-0.268069297,0.523759007,-0.313083231,-0.200008303,0.533855915,-0.501503944,-0.113094762,0.000162011,-0.007095722,-0.129564404,-0.373753577,0.108666249,-0.127660334,-0.677893341,0.330883175
18.88333333,0.011084966,0.61205411,-0.269620031,0.181099892,0.523555577,-0.107474022,0.295053452,0.464573711,-0.310951114,0.227840558,0.502828777,-0.520070136,0.112956211,0.000249983,0.007854781,0.121072315,-0.390227705,0.079505458,0.19048956,-0.662793994,0.306394875,-0.16780071,0.529941797,-0.137058675,-0.260972261,0.522933722,-0.321850657,-0.184215859,0.538504958,-0.504629016,-0.113113016,4.95E-05,-0.007086078,-0.129605606,-0.373777449,0.109143086,-0.128030777,-0.678218126,0.330682784
18.9,0.010614394,0.613214791,-0.26964283,0.180924878,0.523593128,-0.106819384,0.294860065,0.462568283,-0.310671628,0.231281757,0.499925613,-0.520844877,0.113144271,0.000340989,0.007682703,0.120559752,-0.388145059,0.070269085,0.189704284,-0.659193575,0.297619462,-0.169844031,0.526177466,-0.137681976,-0.255806446,0.508694291,-0.323339552,-0.174012229,0.534617543,-0.50627625,-0.113293737,-3.74E-05,-0.006907551,-0.129648104,-0.373227,0.111720175,-0.128140092,-0.677082896,0.337913275
18.91666667,0.010456821,0.614074409,-0.269222379,0.180905759,0.523569882,-0.105299503,0.294420302,0.46181348,-0.308480412,0.231433928,0.496835887,-0.519149125,0.11325334,0.000449579,0.007651614,0.120419316,-0.387036562,0.063983738,0.189469621,-0.655600071,0.296343416,-0.170485243,0.524003208,-0.137650982,-0.253525048,0.506719947,-0.323098868,-0.167934626,0.53281939,-0.505891144,-0.113399677,-0.00014904,-0.006877284,-0.129448622,-0.37327069,0.111610986,-0.128042549,-0.676687479,0.338246077
18.93333333,0.009920635,0.614059448,-0.269221544,0.180480614,0.523607373,-0.105366811,0.290153652,0.461779296,-0.308260918,0.228605852,0.492510527,-0.518870354,0.11325939,0.000476901,0.00736949,0.120171353,-0.386898696,0.063744351,0.188718811,-0.654495358,0.297903836,-0.170809597,0.523827314,-0.137345403,-0.253963381,0.500775278,-0.322701603,-0.173614413,0.517439246,-0.50534606,-0.113404572,-0.000178334,-0.006597815,-0.129450157,-0.373470515,0.111552075,-0.128016487,-0.676620603,0.338031054
18.95,0.009658871,0.614019275,-0.268610001,0.179946557,0.523731947,-0.105420604,0.283218294,0.461960971,-0.30660367,0.222432703,0.488578588,-0.516886294,0.113233149,0.000505422,0.00733807,0.1201782,-0.387135655,0.063997664,0.188485622,-0.654696524,0.303022951,-0.170919999,0.524076641,-0.136590987,-0.258204877,0.498286933,-0.321591735,-0.177500606,0.496110171,-0.504767537,-0.113377832,-0.000207585,-0.006566647,-0.129470393,-0.373993546,0.110662021,-0.12776278,-0.676912963,0.336535066
18.96666667,0.009752965,0.614670753,-0.268578559,0.179929182,0.524152517,-0.106254227,0.276349068,0.462414086,-0.309654206,0.218924254,0.486960053,-0.522917926,0.113221273,0.000545805,0.007316033,0.120311841,-0.387167186,0.064922929,0.188524008,-0.655213833,0.303258866,-0.170703441,0.524430156,-0.136973515,-0.258230031,0.497907728,-0.324858338,-0.166991398,0.489646375,-0.512741446,-0.113364078,-0.000252322,-0.006543786,-0.129677087,-0.374301851,0.110376686,-0.127770692,-0.677860916,0.332615137
18.98333333,0.009732584,0.615030527,-0.268624783,0.17990759,0.524420619,-0.106508084,0.276800603,0.462594301,-0.310205787,0.219004333,0.486581296,-0.524829924,0.113223404,0.000593836,0.007238017,0.120216697,-0.387190551,0.065127023,0.188401163,-0.655344367,0.303388745,-0.170714617,0.52448082,-0.136970833,-0.258868068,0.496012807,-0.324088216,-0.170547053,0.484305114,-0.51355958,-0.113365032,-0.000303406,-0.006466272,-0.130210131,-0.374361932,0.110390991,-0.128503829,-0.678057551,0.332595289
19,0.009570886,0.615178883,-0.268546313,0.17990765,0.524878144,-0.107279673,0.277184576,0.463659823,-0.31022504,0.219560295,0.486494303,-0.524398983,0.113195606,0.000620237,0.006883131,0.120097801,-0.387270391,0.066598944,0.187715366,-0.655416548,0.30912292,-0.17066437,0.52559346,-0.136517689,-0.265864134,0.49641633,-0.322220832,-0.177229822,0.484958947,-0.511921048,-0.113336772,-0.000331507,-0.006118355,-0.130500615,-0.374383748,0.11038164,-0.128658101,-0.67817235,0.331555754
19.01666667,0.010635053,0.614920735,-0.268697411,0.17991589,0.52617985,-0.109028362,0.277388304,0.466543406,-0.311016291,0.22029002,0.486561179,-0.525395691,0.113101058,0.000643706,0.006678056,0.119937815,-0.387697458,0.070915572,0.186486274,-0.656453192,0.318071067,-0.17029053,0.528620183,-0.136550933,-0.276027203,0.500524342,-0.321841478,-0.195544809,0.485649139,-0.511544108,-0.113240428,-0.000355909,-0.005917422,-0.131202117,-0.374372482,0.11004208,-0.129152983,-0.67851007,0.326677203
19.03333333,0.010752954,0.614823341,-0.268823326,0.179945827,0.526557386,-0.109473512,0.278237581,0.466971219,-0.311689168,0.220329866,0.485721529,-0.528150737,0.113097034,0.000663612,0.006505693,0.119934,-0.387715161,0.072706543,0.186454713,-0.656523228,0.318136692,-0.170518264,0.5290941,-0.136363998,-0.280494571,0.500582278,-0.320323467,-0.206434697,0.48348999,-0.511149049,-0.113235012,-0.000377015,-0.00574407,-0.131361201,-0.374318093,0.110040881,-0.129242703,-0.678850174,0.325679541
19.05,0.010791245,0.614650905,-0.26883018,0.179992229,0.527051806,-0.109572627,0.277070373,0.466942221,-0.311598301,0.219526172,0.48159951,-0.527855635,0.113061465,0.000684806,0.006490245,0.119974062,-0.387772292,0.075659126,0.186545789,-0.656712174,0.318507612,-0.170475528,0.52931416,-0.136260495,-0.280754745,0.499517888,-0.319801927,-0.205567077,0.474140972,-0.510842085,-0.113196842,-0.000400233,-0.005728307,-0.131571472,-0.374350786,0.110257283,-0.129257366,-0.679694712,0.325670362
19.06666667,0.010836694,0.612446368,-0.267677873,0.180114821,0.526952803,-0.109241836,0.276458472,0.466090143,-0.307511806,0.21649079,0.478567958,-0.518220425,0.1129793,0.000696448,0.006487546,0.120062523,-0.388579875,0.077061631,0.186288267,-0.657657802,0.321342707,-0.170205474,0.529872417,-0.134117067,-0.283927441,0.499562263,-0.314104497,-0.205208972,0.4670223,-0.503159285,-0.113120444,-0.000416299,-0.005729954,-0.131673381,-0.374809593,0.108456396,-0.129268989,-0.680423081,0.321282536
19.08333333,0.010204101,0.612605274,-0.268283606,0.180073768,0.527010977,-0.111636452,0.273863852,0.466073006,-0.309423387,0.215328217,0.478173763,-0.522244096,0.112967573,0.000699102,0.006112347,0.12018571,-0.388664246,0.076996528,0.186931297,-0.658239007,0.319880098,-0.169909328,0.52981329,-0.134131461,-0.283161819,0.493406206,-0.314044774,-0.204776317,0.461090356,-0.508329868,-0.113107808,-0.000422549,-0.005358101,-0.131699458,-0.374889821,0.108596988,-0.129161388,-0.680823386,0.321380287
19.1,0.00988684,0.612222552,-0.268381417,0.17983079,0.529506564,-0.112247169,0.270343065,0.469713479,-0.310501814,0.212694883,0.478651166,-0.525378287,0.112944551,0.000705583,0.006072364,0.120407037,-0.389854312,0.077492543,0.186965242,-0.6608603,0.319716126,-0.169960335,0.530385077,-0.134117872,-0.284851879,0.493059069,-0.313971996,-0.212564528,0.45904237,-0.509676635,-0.113082983,-0.000432119,-0.005318999,-0.132875934,-0.374999315,0.108315609,-0.129308164,-0.681873918,0.319114417
19.11666667,0.009638543,0.61066556,-0.268647373,0.180144176,0.529820204,-0.112977892,0.271593839,0.470095247,-0.313750356,0.212824017,0.478693783,-0.53164947,0.112893403,0.000694584,0.006054811,0.120373756,-0.390044779,0.079125158,0.186744988,-0.660870373,0.322394788,-0.169847831,0.531544089,-0.134119466,-0.284730792,0.495797455,-0.314275354,-0.215403363,0.461130708,-0.513852894,-0.113029115,-0.00042511,-0.005303517,-0.132961944,-0.374831647,0.108352438,-0.129400447,-0.681786954,0.319494039
19.13333333,0.008336188,0.61032778,-0.26807341,0.180432022,0.529848039,-0.11340192,0.27472207,0.470027417,-0.313996941,0.212997049,0.476176947,-0.531490684,0.112882756,0.000678936,0.005568371,0.120384268,-0.390569538,0.079542249,0.186650291,-0.661759913,0.32234925,-0.169855312,0.532376766,-0.130511522,-0.28758505,0.495779395,-0.305605918,-0.225175619,0.456727475,-0.507135987,-0.113017872,-0.000412602,-0.004826496,-0.133047462,-0.374775529,0.10822764,-0.129538313,-0.682285547,0.318227619
19.15,0.006332245,0.610079885,-0.26651302,0.180447266,0.529838204,-0.113158219,0.274411291,0.469156712,-0.311660767,0.211728513,0.466724277,-0.527123332,0.112872563,0.000674623,0.005514705,0.120408162,-0.390877873,0.079496861,0.186588854,-0.661980212,0.322250098,-0.169969812,0.532471478,-0.126117378,-0.289621592,0.495714396,-0.296089917,-0.231451154,0.452526808,-0.497265041,-0.113007195,-0.000410194,-0.004777384,-0.133152843,-0.374779582,0.108246222,-0.129751712,-0.682385027,0.319144338
19.16666667,0.005294255,0.609332025,-0.264309585,0.180467933,0.529610634,-0.112148754,0.270822138,0.464691579,-0.308003873,0.206697941,0.449114561,-0.522521496,0.112890035,0.000618456,0.005503789,0.120724432,-0.392346412,0.079373017,0.186654657,-0.662658632,0.320874572,-0.17001605,0.532971799,-0.122002266,-0.289946944,0.495697796,-0.289656967,-0.234807536,0.444239229,-0.490616769,-0.113022603,-0.000353604,-0.004766133,-0.133304045,-0.374871105,0.108285844,-0.129767776,-0.68267715,0.320810914
19.18333333,0.004468061,0.61027348,-0.264647841,0.180615842,0.53165561,-0.114786476,0.266824663,0.464334786,-0.314349949,0.207010403,0.4416987,-0.535724521,0.112949789,0.000493072,0.00514716,0.121032618,-0.39234066,0.072846703,0.187249288,-0.663112164,0.296055734,-0.169573098,0.535089135,-0.122139424,-0.283381462,0.492571503,-0.291625381,-0.240973622,0.439036429,-0.508885324,-0.11307025,-0.000219823,-0.004370683,-0.133883789,-0.373548597,0.11096257,-0.12978147,-0.682722092,0.3267681
19.2,0.004548149,0.614302397,-0.267336041,0.180646345,0.534677446,-0.122310698,0.251215219,0.465907663,-0.338204026,0.203776509,0.434214145,-0.575854242,0.113132767,0.000305382,0.005131568,0.121277004,-0.392341048,0.073214218,0.1877103,-0.66313833,0.296038657,-0.170467257,0.537389874,-0.130303651,-0.282785088,0.491164833,-0.320720613,-0.25152272,0.424990088,-0.552546084,-0.11320591,-1.63E-05,-0.00434991,-0.139857695,-0.37009424,0.11546725,-0.13069433,-0.681962192,0.334201783
19.21666667,0.00382028,0.617086411,-0.267181396,0.180744663,0.535669625,-0.122067243,0.253290057,0.463627577,-0.335836321,0.204749405,0.416598201,-0.567097247,0.113384061,0.000173393,0.00510341,0.12152531,-0.39221555,0.069267534,0.187905297,-0.663583159,0.286777139,-0.172272816,0.539562821,-0.127896711,-0.285701364,0.486082733,-0.314958841,-0.264780313,0.411765844,-0.543812096,-0.113423511,0.000130466,-0.004307609,-0.14157936,-0.368356615,0.116315447,-0.131204441,-0.682002187,0.334287882
19.23333333,0.004254265,0.618279874,-0.266191274,0.180946887,0.537198186,-0.121790834,0.253128976,0.463522345,-0.328769147,0.210269123,0.39798823,-0.562650025,0.113549314,5.76E-07,0.004861255,0.121567316,-0.391684264,0.061254084,0.187986091,-0.664325476,0.271715164,-0.173203424,0.5414868,-0.12442255,-0.297707975,0.48415494,-0.302329451,-0.276609331,0.387583822,-0.532587767,-0.113558203,0.00031537,-0.004019454,-0.142699152,-0.368068784,0.118723609,-0.131204247,-0.684502065,0.335204929
19.25,0.004490641,0.614810765,-0.281877309,0.180411592,0.5371117,-0.133866668,0.251907974,0.461495101,-0.340524018,0.219696075,0.383381933,-0.585784674,0.113877535,-2.91E-05,0.004808149,0.121735379,-0.392314613,0.061444007,0.187407777,-0.667689919,0.274066657,-0.174420834,0.541214883,-0.13843742,-0.30123961,0.476198614,-0.315022022,-0.287564158,0.356411159,-0.550395012,-0.113824911,0.000353238,-0.003927052,-0.145761043,-0.367679119,0.117161565,-0.13229689,-0.686039925,0.327813357
19.26666667,0.003842239,0.614821076,-0.277813643,0.17838788,0.537369132,-0.126026884,0.250426322,0.450631261,-0.306450039,0.2246712,0.358665526,-0.554108739,0.114110887,-0.000133708,0.004604227,0.121354803,-0.393281668,0.059486464,0.187105939,-0.672293127,0.26642853,-0.177389458,0.541130543,-0.127534553,-0.30668819,0.466296881,-0.277028114,-0.289242655,0.347163141,-0.494828016,-0.114050873,0.000473976,-0.003681839,-0.145838305,-0.367780656,0.120625973,-0.133301049,-0.690025747,0.333703458
19.28333333,0.00358222,0.615083694,-0.278289407,0.176872879,0.536225975,-0.126459882,0.2475577,0.43887046,-0.307486385,0.227328688,0.33632198,-0.554817438,0.114219293,-0.000147469,0.004543622,0.121359877,-0.394036412,0.059727076,0.18703419,-0.673371315,0.26748085,-0.178681061,0.540972352,-0.12811248,-0.308969617,0.464425474,-0.280830592,-0.28744486,0.32882905,-0.497906387,-0.114143051,0.00049275,-0.003597036,-0.146053702,-0.368317753,0.120463625,-0.133912116,-0.692675412,0.333604991
19.3,0.003352138,0.614563406,-0.275345832,0.176905125,0.529721558,-0.120959342,0.248346776,0.402040124,-0.257377326,0.227616072,0.289530188,-0.490377128,0.114221498,-0.000237152,0.003351019,0.122971259,-0.397330433,0.072381787,0.186447889,-0.684696972,0.289687574,-0.177180901,0.540057421,-0.110994473,-0.315652132,0.451386064,-0.176002786,-0.294638306,0.297677785,-0.323990464,-0.114152849,0.000600308,-0.00244559,-0.142529979,-0.371122181,0.119942293,-0.13389881,-0.69591397,0.328867912
19.31666667,0.003236318,0.615639806,-0.270885557,0.177267775,0.529720902,-0.10944698,0.25697729,0.388427198,-0.231730193,0.231717482,0.272597015,-0.461530715,0.1144526,-0.000350548,0.002130673,0.122819752,-0.401317507,0.07315769,0.181096628,-0.68967396,0.294453621,-0.178307131,0.539546072,-0.098755866,-0.319409281,0.426028699,-0.182616621,-0.295757413,0.26388216,-0.378202915,-0.114389695,0.000732165,-0.001169101,-0.141939744,-0.371699631,0.117435858,-0.134006351,-0.696462572,0.316109568
19.33333333,0.000990576,0.616155922,-0.269504905,0.176221475,0.52997762,-0.102515437,0.258868665,0.377840519,-0.208725974,0.232072666,0.253742993,-0.43314147,0.114893109,-0.000355191,0.001131447,0.122195594,-0.402054906,0.072973981,0.174113438,-0.690355837,0.294370621,-0.184642419,0.537675798,-0.092895597,-0.318968385,0.395830095,-0.17077224,-0.30123511,0.234065756,-0.381678879,-0.114810303,0.000743103,-8.23E-05,-0.14257732,-0.37172991,0.110713832,-0.136851057,-0.696312785,0.298061788
19.35,-0.002076871,0.616222084,-0.267470568,0.171901017,0.529951155,-0.096780315,0.258268088,0.365046114,-0.1745947,0.229934037,0.224693492,-0.379790097,0.115022086,-0.000399305,0.00100385,0.122116677,-0.404576242,0.073963098,0.171227321,-0.694914877,0.295462281,-0.186811611,0.535567999,-0.085621394,-0.318067074,0.381643891,-0.13597317,-0.308750421,0.215267688,-0.335686028,-0.1149275,0.000796917,7.58E-05,-0.145495787,-0.372140378,0.097542427,-0.144061238,-0.697231412,0.274756074
19.36666667,-0.002515847,0.615387917,-0.279670805,0.170756117,0.523921728,-0.09953469,0.258101165,0.342702597,-0.162552655,0.229766056,0.176271945,-0.349609196,0.115356654,-0.000457608,0.000622243,0.121605501,-0.404475182,0.083314545,0.169161052,-0.69441092,0.314239651,-0.188004568,0.527144253,-0.089170896,-0.314042032,0.351138651,-0.13433452,-0.304727644,0.176582098,-0.333433449,-0.115261994,0.000866103,0.000492479,-0.146626607,-0.371690959,0.097532146,-0.147781461,-0.69664073,0.280041397
19.38333333,-0.003600975,0.611908257,-0.287782729,0.170866445,0.516057432,-0.105420172,0.257832885,0.323908746,-0.155322656,0.225471616,0.149401322,-0.332031995,0.115546815,-0.000654615,-5.03E-05,0.121378772,-0.404415131,0.093140766,0.168943882,-0.693788171,0.328315169,-0.187455386,0.517672598,-0.09099295,-0.292796493,0.323967963,-0.109921478,-0.30030185,0.14573358,-0.299966246,-0.115464352,0.001079084,0.001175293,-0.146605849,-0.371396333,0.098298259,-0.14924939,-0.696537495,0.284053981
19.4,-0.004287568,0.609491169,-0.318222076,0.170469016,0.51015836,-0.136988431,0.257518232,0.314710975,-0.165517285,0.22312741,0.13203612,-0.327544123,0.115668528,-0.000788023,-0.001644698,0.120607413,-0.403913438,0.096780062,0.169313729,-0.693289578,0.3349877,-0.187216133,0.511139393,-0.108192496,-0.286978573,0.30784747,-0.113207899,-0.298654437,0.124843031,-0.286844969,-0.1156037,0.001228345,0.002801481,-0.146829471,-0.37084946,0.110104121,-0.148947135,-0.694077313,0.301152617
19.41666667,-0.004914633,0.605522811,-0.351804882,0.170542181,0.500343442,-0.170393109,0.255540103,0.292276859,-0.178874403,0.21316348,0.09619303,-0.332819939,0.115801916,-0.000885319,-0.003489527,0.11863371,-0.401936412,0.102694787,0.169221595,-0.69001627,0.353293687,-0.187036544,0.501944184,-0.140120387,-0.281141669,0.285005808,-0.131235033,-0.293715239,0.101027116,-0.305912763,-0.115762405,0.001340093,0.004645145,-0.146803856,-0.370215267,0.128421769,-0.148689523,-0.68984133,0.33471176
19.43333333,-0.006405136,0.602453768,-0.375353158,0.17033039,0.490344584,-0.197065517,0.251870096,0.273251504,-0.190350935,0.206279546,0.070810147,-0.349456161,0.115861237,-0.000905731,-0.00517828,0.115806438,-0.399112582,0.100780345,0.168513209,-0.685685039,0.349138469,-0.186982378,0.492120415,-0.166030183,-0.277032465,0.265435755,-0.134152964,-0.283383697,0.076717615,-0.322568476,-0.11583811,0.001361594,0.006325325,-0.146714568,-0.370011538,0.137912259,-0.148393378,-0.688026428,0.352593392
19.45,-0.010646611,0.597705007,-0.384290904,0.170367479,0.480968952,-0.210177511,0.247806355,0.255472481,-0.208119825,0.201904953,0.048178338,-0.358165801,0.115894146,-0.000974559,-0.006640739,0.115057006,-0.397374839,0.100063585,0.168432727,-0.684761524,0.345029593,-0.186733022,0.487989694,-0.173244953,-0.272707343,0.256977379,-0.141681299,-0.277652621,0.061101839,-0.324983656,-0.115885168,0.001437473,0.007782304,-0.14670366,-0.369885653,0.140732601,-0.148265526,-0.68757242,0.355311185
19.46666667,-0.013514615,0.589565039,-0.403102726,0.170521393,0.472049564,-0.221106663,0.243823424,0.241726592,-0.218161136,0.196733162,0.031041717,-0.359726876,0.116020627,-0.001025782,-0.00710745,0.115029067,-0.396479666,0.097633652,0.168525264,-0.681628942,0.343470663,-0.186477005,0.481434733,-0.188126788,-0.26472339,0.241140962,-0.146740377,-0.272896975,0.038421944,-0.29721874,-0.11603988,0.001500162,0.008253408,-0.146650031,-0.369812548,0.138595298,-0.146704316,-0.685266733,0.353242218
19.48333333,-0.013439126,0.581527352,-0.423087835,0.170561954,0.467709064,-0.228621379,0.240348727,0.236226887,-0.222380862,0.196300581,0.014768048,-0.356339514,0.11609216,-0.001046525,-0.007239845,0.114914663,-0.395062,0.091115668,0.169475287,-0.673633099,0.3425093,-0.186392292,0.473086208,-0.211694807,-0.263557971,0.225810811,-0.151641622,-0.26527229,0.011983202,-0.283670992,-0.116140038,0.00152152,0.008382146,-0.146141171,-0.370572776,0.149799377,-0.145213604,-0.683867335,0.38848111
19.5,-0.013831624,0.576169908,-0.435966015,0.170299098,0.460900843,-0.235620961,0.237809047,0.230126619,-0.22574082,0.195738837,0.004621736,-0.349397719,0.116156764,-0.001053183,-0.007214652,0.114646368,-0.395034015,0.090973534,0.169367701,-0.669861555,0.344444275,-0.186415866,0.463997722,-0.227663711,-0.264372826,0.215439036,-0.165853366,-0.258068383,-0.005106026,-0.28268683,-0.116226934,0.001535654,0.008357827,-0.146077871,-0.371456325,0.149862856,-0.145196587,-0.680651724,0.390173256
,,,,,,,,,,,,,,,,,,,,,,,,,,,,,,,,,,,,,,,
,,,,,,,,,,,,,,,,,,,,,,,,,,,,,,,,,,,,,,,
,,,,,,,,,,,,,,,,,,,,,,,,,,,,,,,,,,,,,,,
,,,,,,,,,,,,,,,,,,,,,,,,,,,,,,,,,,,,,,,
,,,,,,,,,,,,,,,,,,,,,,,,,,,,,,,,,,,,,,,
,,,,,,,,,,,,,,,,,,,,,,,,,,,,,,,,,,,,,,,
,,,,,,,,,,,,,,,,,,,,,,,,,,,,,,,,,,,,,,,
,,,,,,,,,,,,,,,,,,,,,,,,,,,,,,,,,,,,,,,
,,,,,,,,,,,,,,,,,,,,,,,,,,,,,,,,,,,,,,,
,,,,,,,,,,,,,,,,,,,,,,,,,,,,,,,,,,,,,,,
,,,,,,,,,,,,,,,,,,,,,,,,,,,,,,,,,,,,,,,
,,,,,,,,,,,,,,,,,,,,,,,,,,,,,,,,,,,,,,,
,,,,,,,,,,,,,,,,,,,,,,,,,,,,,,,,,,,,,,,
,,,,,,,,,,,,,,,,,,,,,,,,,,,,,,,,,,,,,,,
,,,,,,,,,,,,,,,,,,,,,,,,,,,,,,,,,,,,,,,
,,,,,,,,,,,,,,,,,,,,,,,,,,,,,,,,,,,,,,,
,,,,,,,,,,,,,,,,,,,,,,,,,,,,,,,,,,,,,,,
,,,,,,,,,,,,,,,,,,,,,,,,,,,,,,,,,,,,,,,
,,,,,,,,,,,,,,,,,,,,,,,,,,,,,,,,,,,,,,,
,,,,,,,,,,,,,,,,,,,,,,,,,,,,,,,,,,,,,,,
,,,,,,,,,,,,,,,,,,,,,,,,,,,,,,,,,,,,,,,
,,,,,,,,,,,,,,,,,,,,,,,,,,,,,,,,,,,,,,,
,,,,,,,,,,,,,,,,,,,,,,,,,,,,,,,,,,,,,,,
,,,,,,,,,,,,,,,,,,,,,,,,,,,,,,,,,,,,,,,
,,,,,,,,,,,,,,,,,,,,,,,,,,,,,,,,,,,,,,,
,,,,,,,,,,,,,,,,,,,,,,,,,,,,,,,,,,,,,,,
,,,,,,,,,,,,,,,,,,,,,,,,,,,,,,,,,,,,,,,
,,,,,,,,,,,,,,,,,,,,,,,,,,,,,,,,,,,,,,,
,,,,,,,,,,,,,,,,,,,,,,,,,,,,,,,,,,,,,,,
,,,,,,,,,,,,,,,,,,,,,,,,,,,,,,,,,,,,,,,
,,,,,,,,,,,,,,,,,,,,,,,,,,,,,,,,,,,,,,,
,,,,,,,,,,,,,,,,,,,,,,,,,,,,,,,,,,,,,,,
,,,,,,,,,,,,,,,,,,,,,,,,,,,,,,,,,,,,,,,
,,,,,,,,,,,,,,,,,,,,,,,,,,,,,,,,,,,,,,,
,,,,,,,,,,,,,,,,,,,,,,,,,,,,,,,,,,,,,,,
,,,,,,,,,,,,,,,,,,,,,,,,,,,,,,,,,,,,,,,
,,,,,,,,,,,,,,,,,,,,,,,,,,,,,,,,,,,,,,,
,,,,,,,,,,,,,,,,,,,,,,,,,,,,,,,,,,,,,,,
,,,,,,,,,,,,,,,,,,,,,,,,,,,,,,,,,,,,,,,
,,,,,,,,,,,,,,,,,,,,,,,,,,,,,,,,,,,,,,,
,,,,,,,,,,,,,,,,,,,,,,,,,,,,,,,,,,,,,,,
,,,,,,,,,,,,,,,,,,,,,,,,,,,,,,,,,,,,,,,
,,,,,,,,,,,,,,,,,,,,,,,,,,,,,,,,,,,,,,,
,,,,,,,,,,,,,,,,,,,,,,,,,,,,,,,,,,,,,,,
,,,,,,,,,,,,,,,,,,,,,,,,,,,,,,,,,,,,,,,
,,,,,,,,,,,,,,,,,,,,,,,,,,,,,,,,,,,,,,,
,,,,,,,,,,,,,,,,,,,,,,,,,,,,,,,,,,,,,,,
,,,,,,,,,,,,,,,,,,,,,,,,,,,,,,,,,,,,,,,
,,,,,,,,,,,,,,,,,,,,,,,,,,,,,,,,,,,,,,,
,,,,,,,,,,,,,,,,,,,,,,,,,,,,,,,,,,,,,,,
,,,,,,,,,,,,,,,,,,,,,,,,,,,,,,,,,,,,,,,
,,,,,,,,,,,,,,,,,,,,,,,,,,,,,,,,,,,,,,,
,,,,,,,,,,,,,,,,,,,,,,,,,,,,,,,,,,,,,,,
,,,,,,,,,,,,,,,,,,,,,,,,,,,,,,,,,,,,,,,
,,,,,,,,,,,,,,,,,,,,,,,,,,,,,,,,,,,,,,,
,,,,,,,,,,,,,,,,,,,,,,,,,,,,,,,,,,,,,,,
,,,,,,,,,,,,,,,,,,,,,,,,,,,,,,,,,,,,,,,
,,,,,,,,,,,,,,,,,,,,,,,,,,,,,,,,,,,,,,,
,,,,,,,,,,,,,,,,,,,,,,,,,,,,,,,,,,,,,,,
,,,,,,,,,,,,,,,,,,,,,,,,,,,,,,,,,,,,,,,
,,,,,,,,,,,,,,,,,,,,,,,,,,,,,,,,,,,,,,,
,,,,,,,,,,,,,,,,,,,,,,,,,,,,,,,,,,,,,,,
,,,,,,,,,,,,,,,,,,,,,,,,,,,,,,,,,,,,,,,
,,,,,,,,,,,,,,,,,,,,,,,,,,,,,,,,,,,,,,,
,,,,,,,,,,,,,,,,,,,,,,,,,,,,,,,,,,,,,,,
,,,,,,,,,,,,,,,,,,,,,,,,,,,,,,,,,,,,,,,
,,,,,,,,,,,,,,,,,,,,,,,,,,,,,,,,,,,,,,,
,,,,,,,,,,,,,,,,,,,,,,,,,,,,,,,,,,,,,,,
,,,,,,,,,,,,,,,,,,,,,,,,,,,,,,,,,,,,,,,
,,,,,,,,,,,,,,,,,,,,,,,,,,,,,,,,,,,,,,,
,,,,,,,,,,,,,,,,,,,,,,,,,,,,,,,,,,,,,,,
,,,,,,,,,,,,,,,,,,,,,,,,,,,,,,,,,,,,,,,
,,,,,,,,,,,,,,,,,,,,,,,,,,,,,,,,,,,,,,,
,,,,,,,,,,,,,,,,,,,,,,,,,,,,,,,,,,,,,,,
,,,,,,,,,,,,,,,,,,,,,,,,,,,,,,,,,,,,,,,
,,,,,,,,,,,,,,,,,,,,,,,,,,,,,,,,,,,,,,,
,,,,,,,,,,,,,,,,,,,,,,,,,,,,,,,,,,,,,,,
,,,,,,,,,,,,,,,,,,,,,,,,,,,,,,,,,,,,,,,
,,,,,,,,,,,,,,,,,,,,,,,,,,,,,,,,,,,,,,,
,,,,,,,,,,,,,,,,,,,,,,,,,,,,,,,,,,,,,,,
,,,,,,,,,,,,,,,,,,,,,,,,,,,,,,,,,,,,,,,
,,,,,,,,,,,,,,,,,,,,,,,,,,,,,,,,,,,,,,,
,,,,,,,,,,,,,,,,,,,,,,,,,,,,,,,,,,,,,,,
,,,,,,,,,,,,,,,,,,,,,,,,,,,,,,,,,,,,,,,
,,,,,,,,,,,,,,,,,,,,,,,,,,,,,,,,,,,,,,,
,,,,,,,,,,,,,,,,,,,,,,,,,,,,,,,,,,,,,,,
,,,,,,,,,,,,,,,,,,,,,,,,,,,,,,,,,,,,,,,
,,,,,,,,,,,,,,,,,,,,,,,,,,,,,,,,,,,,,,,
,,,,,,,,,,,,,,,,,,,,,,,,,,,,,,,,,,,,,,,
,,,,,,,,,,,,,,,,,,,,,,,,,,,,,,,,,,,,,,,
,,,,,,,,,,,,,,,,,,,,,,,,,,,,,,,,,,,,,,,
,,,,,,,,,,,,,,,,,,,,,,,,,,,,,,,,,,,,,,,
,,,,,,,,,,,,,,,,,,,,,,,,,,,,,,,,,,,,,,,
,,,,,,,,,,,,,,,,,,,,,,,,,,,,,,,,,,,,,,,
,,,,,,,,,,,,,,,,,,,,,,,,,,,,,,,,,,,,,,,
,,,,,,,,,,,,,,,,,,,,,,,,,,,,,,,,,,,,,,,
,,,,,,,,,,,,,,,,,,,,,,,,,,,,,,,,,,,,,,,
,,,,,,,,,,,,,,,,,,,,,,,,,,,,,,,,,,,,,,,
,,,,,,,,,,,,,,,,,,,,,,,,,,,,,,,,,,,,,,,
,,,,,,,,,,,,,,,,,,,,,,,,,,,,,,,,,,,,,,,
,,,,,,,,,,,,,,,,,,,,,,,,,,,,,,,,,,,,,,,
,,,,,,,,,,,,,,,,,,,,,,,,,,,,,,,,,,,,,,,
,,,,,,,,,,,,,,,,,,,,,,,,,,,,,,,,,,,,,,,
,,,,,,,,,,,,,,,,,,,,,,,,,,,,,,,,,,,,,,,
,,,,,,,,,,,,,,,,,,,,,,,,,,,,,,,,,,,,,,,
,,,,,,,,,,,,,,,,,,,,,,,,,,,,,,,,,,,,,,,
,,,,,,,,,,,,,,,,,,,,,,,,,,,,,,,,,,,,,,,
,,,,,,,,,,,,,,,,,,,,,,,,,,,,,,,,,,,,,,,
,,,,,,,,,,,,,,,,,,,,,,,,,,,,,,,,,,,,,,,
,,,,,,,,,,,,,,,,,,,,,,,,,,,,,,,,,,,,,,,
,,,,,,,,,,,,,,,,,,,,,,,,,,,,,,,,,,,,,,,
,,,,,,,,,,,,,,,,,,,,,,,,,,,,,,,,,,,,,,,
,,,,,,,,,,,,,,,,,,,,,,,,,,,,,,,,,,,,,,,
,,,,,,,,,,,,,,,,,,,,,,,,,,,,,,,,,,,,,,,
,,,,,,,,,,,,,,,,,,,,,,,,,,,,,,,,,,,,,,,
