Time_Seconds,FullBody:Hip_X,FullBody:Hip_Y,FullBody:Hip_Z,FullBody:Ab_X,FullBody:Ab_Y,FullBody:Ab_Z,FullBody:Chest_X,FullBody:Chest_Y,FullBody:Chest_Z,FullBody:Neck_X,FullBody:Neck_Y,FullBody:Neck_Z,FullBody:Head_X,FullBody:Head_Y,FullBody:Head_Z,FullBody:LShoulder_X,FullBody:LShoulder_Y,FullBody:LShoulder_Z,FullBody:LUArm_X,FullBody:LUArm_Y,FullBody:LUArm_Z,FullBody:LFArm_X,FullBody:LFArm_Y,FullBody:LFArm_Z,FullBody:LHand_X,FullBody:LHand_Y,FullBody:LHand_Z,FullBody:RShoulder_X,FullBody:RShoulder_Y,FullBody:RShoulder_Z,FullBody:RUArm_X,FullBody:RUArm_Y,FullBody:RUArm_Z,FullBody:RFArm_X,FullBody:RFArm_Y,FullBody:RFArm_Z,FullBody:RHand_X,FullBody:RHand_Y,FullBody:RHand_Z,FullBody:LThigh_X,FullBody:LThigh_Y,FullBody:LThigh_Z,FullBody:LShin_X,FullBody:LShin_Y,FullBody:LShin_Z,FullBody:LFoot_X,FullBody:LFoot_Y,FullBody:LFoot_Z,FullBody:RThigh_X,FullBody:RThigh_Y,FullBody:RThigh_Z,FullBody:RShin_X,FullBody:RShin_Y,FullBody:RShin_Z,FullBody:RFoot_X,FullBody:RFoot_Y,FullBody:RFoot_Z
11.5,0,0,0,-2.70E-05,0.07915,-0.001929,0.00024,0.276533,0.005891,0.001997,0.494903,0.009502,-0.016381,0.643633,-0.012059,0.039133,0.42755,0.014319,0.144664,0.412611,0.010638,0.237935,0.208018,-0.150245,0.190287,0.109302,-0.364265,-0.036478,0.428192,0.012307,-0.142222,0.42012,0.001056,-0.220091,0.209904,-0.160769,-0.168227,0.084916,-0.359534,0.094654,6.60E-05,0.00139,0.162827,-0.46778,0.061293,0.204003,-0.788385,0.181739,-0.094654,-6.70E-05,-0.001389,-0.225647,-0.458274,0.00028,-0.32801,-0.787246,0.017262
11.516666,0,0,0,0.000345,0.078906,-0.001781,0.001015,0.276054,0.005685,0.002366,0.494091,0.011125,-0.015991,0.642446,-0.010956,0.03961,0.427064,0.015496,0.145293,0.413458,0.011083,0.240533,0.219399,-0.161289,0.191776,0.133129,-0.380377,-0.035996,0.427588,0.013261,-0.141688,0.420399,0.00097,-0.220821,0.220034,-0.172333,-0.167394,0.106517,-0.377464,0.094639,-0.000366,0.002121,0.162658,-0.468333,0.06125,0.203298,-0.789128,0.181371,-0.09464,0.000366,-0.002121,-0.230237,-0.456499,-0.003926,-0.334743,-0.785085,0.006025
11.533333,0,0,0,0.000764,0.078474,-0.001622,0.001833,0.275209,0.005251,0.002683,0.492862,0.012598,-0.015624,0.640815,-0.009963,0.04006,0.426211,0.016525,0.145881,0.414076,0.011215,0.242969,0.232227,-0.173036,0.193339,0.16,-0.39696,-0.035538,0.426591,0.014025,-0.141148,0.420508,0.000494,-0.221824,0.231656,-0.184629,-0.167164,0.130719,-0.395924,0.094616,-0.000862,0.002873,0.162353,-0.468965,0.061248,0.202409,-0.789981,0.180971,-0.094617,0.000862,-0.002872,-0.23489,-0.454556,-0.008699,-0.341538,-0.782586,-0.00517
11.55,0,0,0,0.001257,0.078131,-0.001454,0.002847,0.274541,0.004868,0.003033,0.491597,0.013899,-0.01524,0.638948,-0.009091,0.040596,0.425562,0.017432,0.146535,0.414986,0.011227,0.245489,0.246123,-0.184054,0.194847,0.188267,-0.411886,-0.034996,0.425739,0.014721,-0.140517,0.42063,0.000137,-0.222317,0.244482,-0.196642,-0.166385,0.157995,-0.413923,0.094585,-0.001455,0.003588,0.162049,-0.469688,0.061232,0.201538,-0.790918,0.180568,-0.094584,0.001454,-0.003587,-0.238992,-0.452599,-0.013492,-0.347463,-0.780043,-0.015444
11.566666,0,0,0,0.001763,0.077611,-0.001291,0.003953,0.273516,0.004572,0.003542,0.490121,0.014987,-0.014772,0.637013,-0.008392,0.041269,0.42455,0.018208,0.147297,0.415487,0.011165,0.247827,0.259564,-0.193829,0.196049,0.215613,-0.424495,-0.034315,0.424547,0.015305,-0.139737,0.420702,-0.000349,-0.223357,0.257032,-0.206894,-0.166061,0.183214,-0.428452,0.094547,-0.002079,0.004205,0.16175,-0.470421,0.06126,0.200732,-0.791846,0.18024,-0.094548,0.002078,-0.004205,-0.242137,-0.450854,-0.017843,-0.352071,-0.777758,-0.024022
11.583333,0,0,0,0.002431,0.077066,-0.001058,0.005613,0.272449,0.004073,0.004971,0.488584,0.015173,-0.013334,0.635071,-0.007993,0.042787,0.423484,0.018082,0.148815,0.415097,0.010241,0.250706,0.273146,-0.204031,0.195421,0.244962,-0.436347,-0.032806,0.423396,0.01542,-0.138208,0.420812,-0.000619,-0.224073,0.271429,-0.21685,-0.165437,0.211665,-0.442264,0.094496,-0.002915,0.004819,0.162062,-0.47131,0.061009,0.200899,-0.792815,0.17982,-0.094496,0.002915,-0.004818,-0.244872,-0.44901,-0.021175,-0.353068,-0.77631,-0.033736
11.6,0,0,0,0.001198,0.078051,-0.001549,0.003172,0.274445,0.002155,0.003139,0.490462,0.014809,-0.014668,0.63701,-0.008146,0.040883,0.425311,0.01654,0.146832,0.417728,0.007006,0.251064,0.290137,-0.215025,0.194518,0.278564,-0.448451,-0.034747,0.425372,0.015305,-0.140149,0.425035,-0.000938,-0.226816,0.290694,-0.22651,-0.166631,0.245513,-0.454887,0.094648,-0.001434,0.000929,0.162309,-0.469554,0.059258,0.203667,-0.790587,0.178494,-0.094648,0.001435,-0.00093,-0.20797,-0.461454,-0.003627,-0.29607,-0.794552,0.01281
11.616666,0,0,0,0.000198,0.079303,-0.000893,0.000405,0.276938,0.002914,0.001521,0.493123,0.015767,-0.015914,0.639896,-0.007221,0.038919,0.427591,0.017418,0.144774,0.420689,0.006428,0.251217,0.30826,-0.222636,0.193003,0.31181,-0.455911,-0.03671,0.428053,0.016208,-0.142006,0.430123,-0.00058,-0.229465,0.310273,-0.233878,-0.168119,0.278178,-0.464152,0.094658,-0.000247,-0.000979,0.162114,-0.467979,0.060606,0.2045,-0.789015,0.179471,-0.094658,0.000248,0.000979,-0.208422,-0.462539,0.002318,-0.294077,-0.795802,0.026582
11.633333,0,0,0,-0.000384,0.07985,-0.000273,-0.001199,0.278026,0.003587,0.00099,0.493984,0.017176,-0.016167,0.640628,-0.005717,0.038045,0.428426,0.018736,0.143799,0.422513,0.006294,0.252464,0.326165,-0.228978,0.192672,0.344488,-0.461165,-0.037576,0.429284,0.017277,-0.142727,0.43371,3.80E-05,-0.231353,0.329053,-0.240037,-0.168751,0.310745,-0.471484,0.094656,0.000451,-0.001158,0.161643,-0.467109,0.062221,0.204131,-0.78825,0.180766,-0.094656,-0.000452,0.001157,-0.210512,-0.462695,0.006115,-0.29634,-0.796296,0.024387
11.65,0,0,0,-0.000306,0.080098,0.000129,-0.001119,0.278523,0.003908,0.001016,0.493911,0.018801,-0.01604,0.640062,-0.004195,0.038084,0.428832,0.020039,0.143798,0.424614,0.006618,0.25443,0.343708,-0.2335,0.19321,0.376227,-0.463749,-0.037536,0.429689,0.018485,-0.142474,0.436104,0.000586,-0.23255,0.346555,-0.244992,-0.169002,0.341698,-0.476849,0.094658,0.000362,-0.000989,0.161334,-0.467077,0.063594,0.20365,-0.788238,0.182147,-0.094658,-0.000363,0.00099,-0.211695,-0.462266,0.009001,-0.298388,-0.795435,0.030696
11.666666,0,0,0,-0.000136,0.080171,0.000615,-0.000831,0.278664,0.00472,0.000754,0.493278,0.020909,-0.016194,0.638725,-0.002257,0.037976,0.42896,0.021885,0.143686,0.426804,0.007944,0.255659,0.359656,-0.235767,0.193934,0.404539,-0.463793,-0.037641,0.42965,0.020148,-0.142326,0.437781,0.001481,-0.233903,0.362383,-0.24826,-0.169399,0.369907,-0.479783,0.094662,0.000166,-0.000614,0.160823,-0.467194,0.06506,0.202715,-0.788426,0.183572,-0.094661,-0.000166,0.000613,-0.211859,-0.461956,0.012043,-0.3003,-0.793111,0.050768
11.683333,0,0,0,-3.00E-05,0.080217,0.001015,-0.000728,0.278748,0.005649,0.00017,0.492389,0.023884,-0.016684,0.636941,0.000187,0.037565,0.428972,0.024524,0.143243,0.429044,0.010184,0.257701,0.377689,-0.236202,0.197695,0.436447,-0.461521,-0.038042,0.429476,0.022333,-0.142395,0.439346,0.002673,-0.235251,0.378383,-0.250518,-0.170239,0.3984,-0.481156,0.094663,3.80E-05,-0.000196,0.16001,-0.467258,0.066739,0.201193,-0.788612,0.185167,-0.094664,-3.80E-05,0.000196,-0.208333,-0.462638,0.014203,-0.296183,-0.790874,0.073647
11.7,0,0,0,0.000157,0.080302,0.00139,-0.000367,0.278915,0.006376,-0.000144,0.491543,0.026397,-0.016891,0.635154,0.002139,0.03742,0.42907,0.026759,0.143006,0.431837,0.012012,0.25944,0.394863,-0.236015,0.198114,0.464654,-0.457802,-0.038176,0.429392,0.024178,-0.142183,0.440995,0.003649,-0.236516,0.39398,-0.251954,-0.171143,0.426292,-0.481088,0.094663,-0.000186,9.20E-05,0.159278,-0.467423,0.068142,0.199948,-0.78884,0.186577,-0.094664,0.000187,-9.20E-05,-0.206263,-0.462951,0.012768,-0.292599,-0.790738,0.076735
11.716666,0,0,0,0.000354,0.080512,0.001728,0.000148,0.279342,0.00682,-0.000201,0.491064,0.028089,-0.01693,0.633809,0.003384,0.037514,0.429459,0.028231,0.142903,0.435278,0.012975,0.261039,0.412248,-0.235934,0.197753,0.49001,-0.454494,-0.038075,0.429611,0.025468,-0.141759,0.442828,0.004289,-0.237605,0.408632,-0.252783,-0.17194,0.45204,-0.479993,0.094662,-0.00042,0.000144,0.158769,-0.467559,0.069332,0.199228,-0.789063,0.187605,-0.094663,0.00042,-0.000144,-0.205194,-0.462961,0.013163,-0.290605,-0.790787,0.078163
11.733333,0,0,0,0.000504,0.080942,0.002145,0.000521,0.280207,0.007469,-0.00033,0.490977,0.02991,-0.016905,0.632788,0.004548,0.037506,0.430268,0.029911,0.142719,0.438607,0.014602,0.262236,0.428139,-0.234496,0.197552,0.514152,-0.449529,-0.038073,0.430286,0.026872,-0.141388,0.445068,0.004936,-0.238563,0.423933,-0.253045,-0.172845,0.478628,-0.477791,0.094662,-0.000593,0.000145,0.15844,-0.467632,0.070304,0.198785,-0.789196,0.188453,-0.094662,0.000594,-0.000146,-0.204844,-0.462847,0.01396,-0.289771,-0.790659,0.079657
11.75,0,0,0,0.000586,0.081345,0.002579,0.00075,0.281019,0.008111,-0.00057,0.490956,0.031498,-0.016938,0.631916,0.005349,0.037369,0.431033,0.031444,0.142399,0.441807,0.016402,0.263282,0.442747,-0.232253,0.197004,0.535688,-0.44389,-0.038196,0.430933,0.028081,-0.141106,0.447215,0.00532,-0.239249,0.438479,-0.253009,-0.173588,0.503588,-0.474978,0.094661,-0.000683,6.70E-05,0.158105,-0.467639,0.071087,0.19836,-0.789266,0.189093,-0.094661,0.000684,-6.70E-05,-0.205063,-0.462664,0.015289,-0.289992,-0.790454,0.081096
11.766666,0,0,0,0.000707,0.081503,0.003237,0.001028,0.281343,0.009338,-0.000691,0.490566,0.033325,-0.016918,0.630756,0.006461,0.037332,0.431336,0.033298,0.142211,0.443902,0.0186,0.264257,0.455183,-0.229232,0.196657,0.553792,-0.437864,-0.038219,0.431134,0.029641,-0.140802,0.448511,0.006225,-0.240075,0.451084,-0.251808,-0.174556,0.525419,-0.470902,0.09466,-0.000817,-0.000127,0.157779,-0.467616,0.072193,0.198066,-0.789384,0.189803,-0.09466,0.000817,0.000127,-0.20582,-0.46229,0.017208,-0.290997,-0.789753,0.084314
11.783333,0,0,0,0.000658,0.08162,0.003943,0.000884,0.281591,0.010553,-0.001042,0.490202,0.035077,-0.016962,0.629707,0.007351,0.03701,0.431533,0.035091,0.14173,0.445595,0.020617,0.26559,0.467715,-0.225581,0.196697,0.571885,-0.431066,-0.038527,0.431301,0.031137,-0.140748,0.449939,0.007114,-0.240804,0.463989,-0.250248,-0.175577,0.547679,-0.466032,0.09466,-0.000756,-0.000145,0.157395,-0.467423,0.073354,0.197593,-0.78943,0.190338,-0.094661,0.000756,0.000145,-0.205864,-0.462265,0.01915,-0.290991,-0.789665,0.08662
11.8,0,0,0,0.000598,0.082048,0.004332,0.000673,0.282451,0.011404,-0.001489,0.490259,0.037116,-0.017036,0.628946,0.008423,0.03661,0.432273,0.03693,0.141175,0.447707,0.022733,0.266569,0.478688,-0.221725,0.196458,0.588262,-0.423961,-0.038918,0.431996,0.032821,-0.140909,0.451655,0.008635,-0.24258,0.475618,-0.247357,-0.178046,0.569749,-0.459005,0.094661,-0.00068,-0.000181,0.157168,-0.467266,0.074029,0.197283,-0.789305,0.190952,-0.094661,0.00068,0.00018,-0.205862,-0.462291,0.020403,-0.290985,-0.789554,0.088541
11.816666,0,0,0,0.000499,0.08183,0.004866,0.000478,0.282028,0.012397,-0.0016,0.489533,0.038599,-0.016895,0.627806,0.008965,0.036454,0.431759,0.038404,0.140851,0.448523,0.024477,0.268075,0.488139,-0.217778,0.196844,0.602178,-0.417133,-0.039062,0.431549,0.034079,-0.140626,0.452767,0.009422,-0.242854,0.486011,-0.245309,-0.179123,0.587273,-0.453889,0.094662,-0.000569,-0.000138,0.156841,-0.467062,0.074927,0.196833,-0.789277,0.191406,-0.094662,0.000569,0.000139,-0.205421,-0.462452,0.021606,-0.290223,-0.789534,0.091
11.833333,0,0,0,0.000449,0.081937,0.005307,0.00034,0.28225,0.013292,-0.001951,0.489137,0.040211,-0.016873,0.626721,0.009664,0.036129,0.4319,0.040015,0.140406,0.449771,0.026573,0.269677,0.49702,-0.213219,0.197296,0.615464,-0.40957,-0.039369,0.431666,0.035387,-0.140559,0.453757,0.009968,-0.242553,0.495425,-0.243616,-0.178326,0.602882,-0.448919,0.094662,-0.000512,-0.000102,0.156617,-0.466887,0.075873,0.196529,-0.789206,0.192094,-0.094663,0.000513,0.000103,-0.204688,-0.462632,0.022625,-0.288995,-0.789455,0.093822
11.85,0,0,0,0.00044,0.081865,0.005604,0.00043,0.28211,0.014009,-0.001971,0.488636,0.041997,-0.016449,0.625845,0.010554,0.03613,0.431629,0.041568,0.140134,0.451127,0.028279,0.270882,0.504957,-0.209314,0.197894,0.629006,-0.401942,-0.039363,0.43139,0.036855,-0.140233,0.454705,0.01126,-0.24268,0.504001,-0.240768,-0.179333,0.618319,-0.442608,0.094662,-0.000498,-0.000163,0.15649,-0.466759,0.07661,0.19641,-0.789102,0.192762,-0.094663,0.000498,0.000163,-0.204039,-0.462765,0.023423,-0.287854,-0.789439,0.095874
11.866666,0,0,0,0.000469,0.081942,0.006058,0.000373,0.282269,0.015067,-0.001921,0.488371,0.043524,-0.016269,0.625008,0.011136,0.036128,0.431686,0.043105,0.140212,0.451023,0.030217,0.272812,0.510165,-0.205077,0.197996,0.637367,-0.394928,-0.039352,0.431526,0.038181,-0.139986,0.455572,0.012333,-0.243233,0.510902,-0.238111,-0.180014,0.631189,-0.436493,0.094662,-0.000535,-1.00E-04,0.156397,-0.466651,0.077622,0.196296,-0.789104,0.193475,-0.094662,0.000535,0.000101,-0.203032,-0.462919,0.024252,-0.286165,-0.789348,0.098565
11.883333,0,0,0,0.000556,0.082672,0.006595,0.000788,0.283704,0.016991,-0.002423,0.488983,0.046385,-0.016403,0.624581,0.012401,0.035784,0.433076,0.046198,0.139642,0.455413,0.036809,0.276081,0.518905,-0.195133,0.198203,0.640838,-0.387197,-0.039634,0.432723,0.040423,-0.140026,0.456965,0.013826,-0.243704,0.517565,-0.235217,-0.180954,0.643385,-0.43029,0.094662,-0.000647,0.000124,0.156161,-0.466699,0.078413,0.195851,-0.789258,0.194044,-0.094662,0.000647,-0.000125,-0.20213,-0.462981,0.024699,-0.28472,-0.789087,0.101008
11.9,0,0,0,0.000703,0.083096,0.007014,0.0014,0.284524,0.018543,-0.002341,0.489199,0.04882,-0.016081,0.624026,0.013582,0.03593,0.433798,0.048786,0.139432,0.458774,0.042704,0.280053,0.524365,-0.186136,0.198694,0.639463,-0.380954,-0.039431,0.433378,0.042313,-0.139592,0.457943,0.015147,-0.244005,0.523274,-0.232388,-0.181329,0.653843,-0.424337,0.09466,-0.000823,0.000274,0.156119,-0.466755,0.07931,0.195749,-0.789329,0.194918,-0.09466,0.000824,-0.000273,-0.201089,-0.462992,0.025475,-0.283015,-0.788816,0.103684
11.916666,0,0,0,0.000745,0.083214,0.007309,0.00158,0.284738,0.019601,-0.002319,0.489193,0.050569,-0.015842,0.623662,0.014342,0.035962,0.433912,0.050503,0.139243,0.460088,0.045866,0.281769,0.527535,-0.181248,0.196723,0.637897,-0.377229,-0.039374,0.433499,0.043741,-0.139372,0.458558,0.016426,-0.244491,0.527847,-0.22973,-0.181813,0.662367,-0.418931,0.094659,-0.000883,0.000408,0.156094,-0.466696,0.080161,0.195677,-0.789274,0.195772,-0.094659,0.000883,-0.000407,-0.200174,-0.463095,0.026186,-0.281553,-0.788605,0.106252
11.933333,0,0,0,0.000649,0.083203,0.007423,0.001318,0.284697,0.020198,-0.002465,0.489054,0.0518,-0.015809,0.623396,0.01505,0.035785,0.433755,0.051561,0.139099,0.459838,0.04714,0.282835,0.529364,-0.178581,0.192742,0.637606,-0.373487,-0.039552,0.433405,0.044801,-0.139442,0.459137,0.017721,-0.245338,0.532175,-0.227015,-0.182425,0.670226,-0.413576,0.094657,-0.000808,0.000788,0.155945,-0.46652,0.081239,0.195278,-0.789073,0.197008,-0.094657,0.000809,-0.000789,-0.199416,-0.463271,0.026992,-0.280457,-0.788331,0.109201
11.95,0,0,0,0.000655,0.083049,0.007558,0.001214,0.284385,0.020599,-0.002423,0.488045,0.05275,-0.015863,0.621975,0.016821,0.035813,0.433344,0.052283,0.139332,0.458386,0.046788,0.283932,0.529872,-0.177766,0.18922,0.639312,-0.369791,-0.03955,0.433019,0.045822,-0.139345,0.459289,0.018908,-0.245614,0.535641,-0.224651,-0.182573,0.676763,-0.408856,0.094657,-0.000821,0.00082,0.156091,-0.466414,0.081849,0.19552,-0.78892,0.197713,-0.094657,0.000821,-0.00082,-0.198358,-0.46346,0.027555,-0.278799,-0.788143,0.111818
11.966666,0,0,0,0.000664,0.082653,0.007572,0.00125,0.283603,0.020479,-0.00193,0.487595,0.052686,-0.015881,0.62206,0.017698,0.036223,0.43251,0.052001,0.139911,0.456448,0.044984,0.284876,0.52997,-0.178675,0.186579,0.642869,-0.366857,-0.039168,0.432302,0.045875,-0.138884,0.459273,0.019363,-0.246109,0.538358,-0.222902,-0.182632,0.681871,-0.4051,0.094656,-0.000843,0.000911,0.156232,-0.466333,0.082419,0.195723,-0.788792,0.198396,-0.094655,0.000844,-0.000912,-0.197384,-0.463616,0.028068,-0.277324,-0.787888,0.114365
11.983333,0,0,0,0.00072,0.082639,0.007667,0.001401,0.283575,0.020715,-0.001682,0.487473,0.053054,-0.015602,0.621829,0.017923,0.03645,0.432448,0.05231,0.140143,0.456248,0.044891,0.285879,0.532166,-0.177463,0.185586,0.646243,-0.363874,-0.038946,0.43227,0.046247,-0.138622,0.459537,0.019887,-0.246419,0.540533,-0.22149,-0.182704,0.686022,-0.402031,0.094654,-0.000917,0.000993,0.156361,-0.46634,0.082784,0.19589,-0.788755,0.19887,-0.094654,0.000916,-0.000993,-0.196283,-0.463759,0.028407,-0.27568,-0.787577,0.116882
12,0,0,0,0.000739,0.082654,0.007748,0.001493,0.283602,0.020939,-0.001453,0.487442,0.053444,-0.015355,0.621734,0.018198,0.036647,0.432429,0.052635,0.14032,0.456255,0.045034,0.286381,0.534127,-0.17643,0.185337,0.649185,-0.36183,-0.038754,0.432298,0.046622,-0.138395,0.459801,0.020379,-0.246705,0.542281,-0.220267,-0.182742,0.689164,-0.399586,0.094653,-0.000947,0.001078,0.156444,-0.466319,0.083097,0.19598,-0.788699,0.199277,-0.094653,0.000948,-0.001079,-0.195165,-0.463943,0.028757,-0.274029,-0.787258,0.119517
12.016666,0,0,0,0.00075,0.082669,0.007805,0.00156,0.283632,0.021108,-0.00126,0.487441,0.053736,-0.01515,0.621692,0.01838,0.036812,0.432422,0.052867,0.140482,0.456225,0.04515,0.286748,0.535432,-0.175704,0.185716,0.651579,-0.36043,-0.038593,0.432333,0.04691,-0.138231,0.45997,0.020792,-0.247007,0.543359,-0.219328,-0.182902,0.691243,-0.397773,0.094652,-0.000966,0.00113,0.156508,-0.466302,0.083306,0.196057,-0.788649,0.199573,-0.094652,0.000966,-0.001131,-0.194037,-0.464148,0.028996,-0.272357,-0.786977,0.121933
12.033333,0,0,0,0.000765,0.082678,0.007836,0.00164,0.283648,0.021202,-0.001067,0.487462,0.053889,-0.014959,0.621711,0.018471,0.036979,0.432413,0.052984,0.140646,0.456216,0.045234,0.287019,0.536304,-0.175231,0.186287,0.65338,-0.359534,-0.03843,0.432361,0.047065,-0.138061,0.460094,0.021026,-0.247166,0.544127,-0.21872,-0.182831,0.692747,-0.396469,0.094652,-0.000985,0.001151,0.156576,-0.466295,0.08342,0.196157,-0.788619,0.199739,-0.094652,0.000985,-0.001151,-0.192758,-0.464388,0.029157,-0.270447,-0.786692,0.124417
12.05,0,0,0,0.000773,0.082698,0.007845,0.001688,0.283687,0.021235,-0.000932,0.487505,0.05393,-0.014797,0.621751,0.01848,0.037094,0.432438,0.053006,0.140764,0.456224,0.045244,0.287169,0.536765,-0.175035,0.186894,0.654424,-0.359216,-0.038317,0.432413,0.047122,-0.137958,0.46019,0.021164,-0.24734,0.544495,-0.218361,-0.182877,0.693663,-0.395604,0.094652,-0.000995,0.001163,0.15665,-0.466297,0.083423,0.196264,-0.788603,0.199782,-0.094651,0.000996,-0.001164,-0.191408,-0.464658,0.029184,-0.268433,-0.786427,0.126763
12.066666,0,0,0,0.000777,0.082711,0.007841,0.00173,0.283714,0.021212,-0.000814,0.487546,0.053855,-0.014661,0.621804,0.01842,0.037194,0.432462,0.052933,0.14087,0.456225,0.045173,0.28725,0.536882,-0.175079,0.187461,0.654944,-0.359267,-0.038219,0.43246,0.04707,-0.137868,0.460246,0.021155,-0.247406,0.544543,-0.218301,-0.182864,0.693957,-0.395307,0.094652,-0.001001,0.001181,0.156702,-0.466306,0.083384,0.196331,-0.788599,0.199773,-0.094651,0.001001,-0.001181,-0.190118,-0.464918,0.029183,-0.266501,-0.786198,0.128854
12.083333,0,0,0,0.000775,0.082732,0.007821,0.001765,0.283758,0.02112,-0.000684,0.487651,0.053641,-0.014481,0.621943,0.018167,0.0373,0.432511,0.052736,0.140987,0.45623,0.044978,0.287283,0.536713,-0.175393,0.188106,0.655114,-0.359694,-0.038114,0.432537,0.046895,-0.13778,0.460294,0.021014,-0.247408,0.544325,-0.218494,-0.182827,0.693767,-0.395463,0.094651,-0.000999,0.001194,0.156754,-0.466316,0.083288,0.196401,-0.788601,0.199695,-0.094651,0.001,-0.001193,-0.188754,-0.465196,0.029173,-0.264461,-0.785982,0.130933
12.1,0,0,0,0.000766,0.082744,0.007786,0.001773,0.283786,0.02098,-0.000591,0.487755,0.053354,-0.01439,0.622112,0.017922,0.037374,0.43255,0.052469,0.141077,0.45618,0.04466,0.287183,0.536277,-0.175979,0.188695,0.654925,-0.360489,-0.038042,0.432598,0.046657,-0.137731,0.460294,0.020799,-0.247353,0.543846,-0.21888,-0.18278,0.6931,-0.39601,0.094651,-0.00099,0.001201,0.156804,-0.466325,0.083152,0.196473,-0.78861,0.199552,-0.094651,0.00099,-0.001201,-0.187442,-0.46547,0.029148,-0.262503,-0.785803,0.132794
12.116666,0,0,0,0.000748,0.082764,0.007742,0.001754,0.28383,0.020814,-0.000521,0.487855,0.053013,-0.014326,0.622256,0.017645,0.037424,0.432609,0.052155,0.141148,0.456113,0.044262,0.286988,0.535565,-0.176786,0.18919,0.654411,-0.361537,-0.037996,0.43268,0.04638,-0.137716,0.46029,0.020551,-0.247233,0.54313,-0.219423,-0.182783,0.692045,-0.396882,0.094652,-0.000967,0.0012,0.156844,-0.466326,0.082989,0.196533,-0.788615,0.199369,-0.094651,0.000967,-0.001199,-0.186278,-0.465724,0.02913,-0.260765,-0.785674,0.134362
12.133333,0,0,0,0.000733,0.082748,0.007684,0.001765,0.2838,0.020611,-0.000414,0.487935,0.052601,-0.014263,0.622427,0.017311,0.037511,0.432601,0.051764,0.141254,0.455974,0.043724,0.286602,0.534602,-0.177941,0.189785,0.653735,-0.363023,-0.037912,0.432692,0.046043,-0.13769,0.460124,0.020245,-0.247056,0.541896,-0.220164,-0.182741,0.690245,-0.398146,0.094652,-0.000948,0.001184,0.156899,-0.466336,0.082766,0.196622,-0.788631,0.199118,-0.094652,0.000948,-0.001184,-0.185134,-0.465968,0.029114,-0.259058,-0.785571,0.135786
12.15,0,0,0,0.000717,0.082758,0.00761,0.00174,0.283826,0.020327,-0.000356,0.488049,0.052024,-0.01424,0.622604,0.016826,0.037548,0.432658,0.051258,0.141321,0.45586,0.043108,0.286149,0.533402,-0.179279,0.190214,0.65267,-0.364734,-0.037876,0.432771,0.045544,-0.137668,0.46009,0.019683,-0.246657,0.540733,-0.221278,-0.182503,0.688277,-0.399986,0.094652,-0.000928,0.001173,0.156939,-0.466347,0.082542,0.196682,-0.788654,0.198856,-0.094652,0.000928,-0.001174,-0.184126,-0.466186,0.029072,-0.257568,-0.785492,0.136961
12.166666,0,0,0,0.000711,0.082762,0.007535,0.00176,0.283839,0.020089,-0.00023,0.488149,0.051525,-0.014149,0.622764,0.016389,0.03765,0.432696,0.050802,0.141448,0.455737,0.042513,0.285719,0.532109,-0.180639,0.190599,0.651393,-0.366502,-0.037777,0.432834,0.045133,-0.137635,0.459952,0.019314,-0.246357,0.539113,-0.222257,-0.18218,0.685743,-0.401708,0.094652,-0.00092,0.001179,0.156994,-0.466373,0.082314,0.196757,-0.78869,0.198592,-0.094652,0.000921,-0.001178,-0.183267,-0.466362,0.029002,-0.256311,-0.785437,0.137838
12.183333,0,0,0,0.000705,0.082779,0.007437,0.001789,0.283875,0.019791,-7.20E-05,0.488277,0.050902,-0.014002,0.622942,0.015804,0.037778,0.432763,0.050237,0.141602,0.455641,0.041826,0.285298,0.530498,-0.18221,0.190835,0.649598,-0.368525,-0.037653,0.432932,0.04462,-0.137589,0.459819,0.018863,-0.246004,0.537153,-0.223438,-0.181801,0.682568,-0.403865,0.094653,-0.000912,0.00118,0.157066,-0.466401,0.082055,0.196866,-0.788741,0.198257,-0.094652,0.000912,-0.001181,-0.182488,-0.466524,0.028883,-0.255189,-0.785399,0.138534
12.2,0,0,0,0.00066,0.08284,0.007298,0.00173,0.283993,0.019508,-5.00E-06,0.488419,0.050377,-0.013978,0.62311,0.015445,0.037817,0.432899,0.04975,0.141678,0.455573,0.041237,0.284876,0.528604,-0.183717,0.190857,0.647324,-0.370499,-0.037618,0.433098,0.044192,-0.137661,0.459698,0.018552,-0.245669,0.534885,-0.224605,-0.181511,0.678905,-0.406162,0.094652,-0.000865,0.00125,0.157102,-0.466381,0.081936,0.196883,-0.788739,0.198094,-0.094652,0.000864,-0.001249,-0.181879,-0.466685,0.028846,-0.254376,-0.785349,0.139242
12.216666,0,0,0,0.000664,0.082814,0.007209,0.001748,0.283946,0.019218,5.40E-05,0.488452,0.049693,-0.013978,0.623181,0.014852,0.037871,0.432907,0.049144,0.141762,0.455392,0.040509,0.284433,0.526253,-0.185473,0.190611,0.644191,-0.372848,-0.037569,0.433102,0.04364,-0.137714,0.459363,0.01805,-0.245285,0.532236,-0.226003,-0.181184,0.674608,-0.408876,0.094651,-0.000867,0.001251,0.157103,-0.466447,0.081573,0.196875,-0.788837,0.197645,-0.094652,0.000868,-0.001251,-0.181418,-0.466778,0.028654,-0.253737,-0.785338,0.139466
12.233333,0,0,0,0.000681,0.082761,0.00713,0.001884,0.283848,0.018871,0.000428,0.488696,0.048765,-0.01333,0.623576,0.0134,0.03819,0.432863,0.048304,0.142125,0.455109,0.039569,0.284313,0.523388,-0.187509,0.190604,0.640089,-0.375713,-0.037255,0.433117,0.042886,-0.137524,0.459002,0.017396,-0.244559,0.528957,-0.227745,-0.180526,0.669117,-0.412342,0.094653,-0.000874,0.001094,0.157288,-0.466476,0.081141,0.197251,-0.788866,0.197147,-0.094654,0.000874,-0.001093,-0.180877,-0.466899,0.028405,-0.252889,-0.785404,0.139574
12.25,0,0,0,0.000711,0.082707,0.007047,0.001983,0.283745,0.018593,0.000581,0.488868,0.048012,-0.013056,0.623875,0.012288,0.038331,0.432823,0.047654,0.142314,0.454794,0.038804,0.283864,0.52015,-0.189529,0.190068,0.6351,-0.378765,-0.037115,0.433082,0.042248,-0.137517,0.458452,0.016762,-0.243836,0.52535,-0.22954,-0.180037,0.662983,-0.41611,0.094654,-0.0009,0.001015,0.157353,-0.466522,0.0809,0.19739,-0.788946,0.196787,-0.094654,0.0009,-0.001016,-0.180578,-0.466949,0.028145,-0.252481,-0.785341,0.139706
12.266666,0,0,0,0.000704,0.082634,0.006904,0.002016,0.2836,0.018221,0.000743,0.489232,0.047114,-0.012787,0.624512,0.010717,0.038468,0.432743,0.046816,0.142513,0.454414,0.037959,0.283501,0.516497,-0.191632,0.189575,0.629359,-0.382056,-0.036984,0.433024,0.04149,-0.137563,0.457872,0.016189,-0.243232,0.521405,-0.231281,-0.179467,0.656523,-0.419691,0.094654,-0.000891,0.001014,0.157401,-0.466563,0.080564,0.197457,-0.789006,0.196391,-0.094654,0.000891,-0.001014,-0.180378,-0.467012,0.027863,-0.252254,-0.785306,0.139722
12.283333,0,0,0,0.000686,0.082576,0.006758,0.00199,0.283482,0.017903,0.000814,0.489365,0.04633,-0.012603,0.624761,0.00962,0.038524,0.432683,0.046084,0.142643,0.453936,0.037073,0.282759,0.511991,-0.1941,0.188786,0.621899,-0.386221,-0.036935,0.432971,0.040874,-0.137718,0.457183,0.015768,-0.24231,0.516559,-0.233188,-0.178756,0.648558,-0.423867,0.094655,-0.000867,0.000985,0.157524,-0.466602,0.080071,0.197641,-0.789058,0.19584,-0.094655,0.000866,-0.000984,-0.180184,-0.467104,0.027396,-0.252041,-0.785283,0.139594
12.3,0,0,0,0.000653,0.082525,0.006607,0.001905,0.283374,0.017631,0.000756,0.489561,0.045664,-0.012732,0.625258,0.009145,0.03847,0.432634,0.045457,0.142701,0.453241,0.036252,0.281854,0.506496,-0.196652,0.188144,0.61347,-0.390551,-0.036996,0.43291,0.040337,-0.137982,0.456394,0.01536,-0.241329,0.511086,-0.235184,-0.178024,0.639368,-0.428465,0.094655,-0.000827,0.000976,0.157638,-0.466614,0.07966,0.197798,-0.789053,0.195463,-0.094656,0.000828,-0.000977,-0.180081,-0.467186,0.026986,-0.251977,-0.785229,0.139545
12.316666,0,0,0,0.000629,0.082484,0.006474,0.001847,0.283286,0.017406,0.000701,0.489796,0.045005,-0.012864,0.625818,0.008723,0.038422,0.432613,0.044857,0.142776,0.452535,0.035538,0.281315,0.500511,-0.198874,0.187715,0.604619,-0.394378,-0.037049,0.43287,0.039808,-0.138244,0.455542,0.014926,-0.240237,0.505239,-0.237208,-0.177126,0.629548,-0.433131,0.094656,-0.000795,0.000938,0.157796,-0.466628,0.079231,0.198035,-0.789029,0.195111,-0.094656,0.000795,-0.000937,-0.180001,-0.467262,0.026531,-0.25194,-0.785159,0.139474
12.333333,0,0,0,0.000624,0.082404,0.006304,0.001884,0.283122,0.017051,0.000746,0.49015,0.044159,-0.013032,0.626785,0.008525,0.038474,0.432524,0.04407,0.142939,0.451751,0.034541,0.280724,0.493772,-0.201454,0.186961,0.593742,-0.399029,-0.037002,0.432762,0.039091,-0.138406,0.454471,0.0142,-0.238973,0.498583,-0.23954,-0.175744,0.617871,-0.438522,0.094657,-0.000782,0.000869,0.158059,-0.466657,0.078695,0.198449,-0.78898,0.19474,-0.094656,0.000783,-0.00087,-0.179916,-0.467332,0.02588,-0.251932,-0.785026,0.139344
12.35,0,0,0,0.000594,0.0822,0.006092,0.0018,0.282717,0.016535,0.000749,0.49055,0.043084,-0.013143,0.628083,0.008081,0.038467,0.432195,0.043024,0.143127,0.450076,0.03302,0.279864,0.485497,-0.20466,0.186298,0.581964,-0.404062,-0.037017,0.432434,0.038166,-0.138648,0.45303,0.013256,-0.237487,0.491107,-0.242134,-0.174261,0.605115,-0.444189,0.094658,-0.000742,0.000781,0.158436,-0.466673,0.077965,0.199034,-0.788875,0.194271,-0.094658,0.000742,-0.000781,-0.179793,-0.467453,0.024922,-0.251891,-0.784891,0.13905
12.366666,0,0,0,0.000546,0.08205,0.005871,0.001668,0.282413,0.016051,0.000645,0.491134,0.0421,-0.013438,0.629674,0.007848,0.038371,0.43197,0.042043,0.143207,0.448517,0.031597,0.278884,0.477572,-0.207549,0.185524,0.570166,-0.408873,-0.037121,0.43219,0.037314,-0.139007,0.451559,0.01246,-0.236515,0.483706,-0.244254,-0.173599,0.592697,-0.449153,0.094658,-0.000687,0.000784,0.158784,-0.466682,0.077288,0.199503,-0.788733,0.19397,-0.094658,0.000686,-0.000784,-0.179802,-0.467561,0.023933,-0.252121,-0.78465,0.138888
12.383333,0,0,0,0.000489,0.081846,0.005528,0.001533,0.282007,0.0152,0.000583,0.491748,0.040519,-0.013746,0.631461,0.0073,0.038306,0.431663,0.040511,0.143334,0.446564,0.029523,0.277881,0.468302,-0.211036,0.18485,0.556753,-0.414366,-0.037196,0.431873,0.035939,-0.139326,0.449796,0.011005,-0.235113,0.475244,-0.247106,-0.172371,0.578054,-0.455229,0.094659,-0.000617,0.000764,0.159217,-0.46671,0.076303,0.200103,-0.788582,0.19342,-0.094659,0.000618,-0.000763,-0.179793,-0.467699,0.022631,-0.252347,-0.784404,0.138493
12.4,0,0,0,0.000503,0.081644,0.005021,0.001524,0.281603,0.014035,0.000578,0.492339,0.038507,-0.014094,0.63322,0.006552,0.038321,0.431382,0.038572,0.143526,0.444487,0.027004,0.276717,0.458278,-0.21489,0.184393,0.542095,-0.420492,-0.037192,0.431551,0.034195,-0.139607,0.447795,0.009277,-0.233789,0.465919,-0.250038,-0.171207,0.562828,-0.46102,0.09466,-0.000619,0.000593,0.159723,-0.466812,0.075074,0.200887,-0.788475,0.192667,-0.09466,0.000619,-0.000592,-0.179764,-0.46779,0.021005,-0.252526,-0.784099,0.137813
12.416666,0,0,0,0.000431,0.081352,0.004461,0.001298,0.281016,0.012778,0.000328,0.492679,0.036296,-0.014649,0.634637,0.005595,0.038098,0.430928,0.036483,0.143443,0.442392,0.024459,0.275334,0.448011,-0.218474,0.184054,0.52712,-0.426395,-0.037426,0.431048,0.032286,-0.140127,0.445675,0.007549,-0.232963,0.456113,-0.252674,-0.170625,0.547282,-0.46627,0.094661,-0.00053,0.000515,0.160036,-0.466897,0.073613,0.201287,-0.788397,0.191623,-0.094661,0.00053,-0.000516,-0.179788,-0.467964,0.019054,-0.252882,-0.783875,0.136727
12.433333,0,0,0,0.000308,0.081041,0.00384,0.000946,0.280387,0.011568,7.50E-05,0.492946,0.03419,-0.015144,0.63599,0.004932,0.037839,0.430401,0.034469,0.143321,0.440061,0.02207,0.27368,0.43641,-0.221727,0.183806,0.510208,-0.432198,-0.037697,0.430515,0.030492,-0.140714,0.443385,0.00609,-0.231853,0.444723,-0.254938,-0.169974,0.52928,-0.47137,0.094662,-0.000378,0.000361,0.160316,-0.466894,0.072251,0.201692,-0.788234,0.190651,-0.094663,0.000378,-0.00036,-0.179836,-0.468187,0.017217,-0.253239,-0.783696,0.135774
12.45,0,0,0,0.000234,0.080779,0.003194,0.000762,0.279856,0.010341,1.60E-05,0.493314,0.031926,-0.015476,0.637369,0.003884,0.037766,0.429978,0.03234,0.143356,0.437872,0.019613,0.272051,0.424386,-0.22472,0.183844,0.492273,-0.437868,-0.037781,0.430093,0.028594,-0.141123,0.441167,0.004688,-0.230905,0.432698,-0.256675,-0.169654,0.510231,-0.475896,0.094663,-0.000284,0.000248,0.160653,-0.466959,0.070784,0.202158,-0.78818,0.189462,-0.094663,0.000284,-0.000248,-0.179772,-0.468369,0.015154,-0.253437,-0.783505,0.134537
12.466666,0,0,0,0.000191,0.080549,0.002557,0.000682,0.279393,0.009178,0.000101,0.493587,0.029768,-0.015658,0.638458,0.00278,0.037824,0.429604,0.030318,0.143495,0.435744,0.017295,0.270577,0.412532,-0.227152,0.18422,0.474618,-0.44281,-0.037734,0.429737,0.026805,-0.141396,0.439035,0.003541,-0.230034,0.420766,-0.257711,-0.1694,0.491602,-0.479356,0.094664,-0.000228,0.000125,0.160993,-0.467051,0.069355,0.20264,-0.788173,0.188249,-0.094663,0.000227,-0.000124,-0.179681,-0.46852,0.012711,-0.25331,-0.783221,0.133257
12.483333,0,0,0,0.000283,0.080427,0.001669,0.000953,0.279149,0.007515,0.00049,0.494116,0.026967,-0.015639,0.639804,0.000984,0.038195,0.429464,0.027722,0.143945,0.433893,0.014648,0.269466,0.400022,-0.229362,0.184964,0.455213,-0.447616,-0.037372,0.429602,0.024395,-0.141371,0.437,0.001966,-0.229228,0.40781,-0.258559,-0.169214,0.470877,-0.482707,0.094663,-0.000336,0.000121,0.161474,-0.467339,0.067649,0.203374,-0.788401,0.186617,-0.094663,0.000336,-0.000122,-0.179694,-0.468448,0.011171,-0.25586,-0.782536,0.131743
12.5,0,0,0,4.00E-05,0.080208,0.001218,0.000382,0.278703,0.007031,0.000115,0.494477,0.025536,-0.016432,0.640992,0.000379,0.037792,0.429092,0.026358,0.143577,0.431699,0.01308,0.26726,0.387232,-0.230165,0.18537,0.435329,-0.451076,-0.037789,0.429253,0.023382,-0.142107,0.434873,0.00194,-0.228759,0.394535,-0.257496,-0.169438,0.449223,-0.484015,0.094663,-4.20E-05,-0.000343,0.161598,-0.467131,0.06647,0.203584,-0.788066,0.185748,-0.094663,4.20E-05,0.000344,-0.179821,-0.468773,0.009128,-0.254157,-0.782984,0.130515
12.516666,0,0,0,-0.000122,0.079884,0.000684,-6.40E-05,0.278056,0.006229,-9.00E-05,0.494569,0.023641,-0.016913,0.641766,-0.00117,0.037528,0.42851,0.024675,0.143349,0.429672,0.011478,0.265715,0.374658,-0.230272,0.186346,0.415545,-0.453542,-0.038059,0.428727,0.021866,-0.142627,0.432848,0.00132,-0.22848,0.381545,-0.256439,-0.169576,0.427694,-0.484959,0.094662,0.000149,-0.000508,0.161619,-0.467073,0.065348,0.203637,-0.78801,0.184611,-0.094663,-0.000148,0.000508,-0.179785,-0.469003,0.007232,-0.254289,-0.782884,0.129369
12.533333,0,0,0,-0.000243,0.079506,0.000342,-0.000371,0.277298,0.005894,-0.00012,0.494444,0.022276,-0.017148,0.642221,-0.002256,0.037432,0.427802,0.023484,0.143272,0.427254,0.010404,0.264417,0.360948,-0.229119,0.187881,0.393893,-0.454681,-0.038164,0.428084,0.020897,-0.14297,0.430601,0.001329,-0.227808,0.367308,-0.254093,-0.169369,0.403598,-0.484505,0.094662,0.000292,-0.000515,0.161639,-0.467024,0.064639,0.203601,-0.78796,0.183926,-0.094662,-0.000292,0.000515,-0.179637,-0.469188,0.006159,-0.254292,-0.782935,0.128549
12.55,0,0,0,-0.000365,0.079086,0.000114,-0.000572,0.276459,0.005671,9.20E-05,0.494093,0.020968,-0.017283,0.6423,-0.00322,0.037539,0.426989,0.022349,0.143373,0.424613,0.009421,0.263647,0.347063,-0.227144,0.190213,0.371893,-0.454766,-0.038065,0.427382,0.020041,-0.143068,0.428331,0.001415,-0.227015,0.352877,-0.250978,-0.169079,0.378722,-0.482917,0.094661,0.000437,-0.000577,0.161749,-0.466917,0.064196,0.203772,-0.78792,0.183281,-0.094661,-0.000437,0.000576,-0.179406,-0.469385,0.005361,-0.254039,-0.783058,0.127952
12.566666,0,0,0,-0.000408,0.077894,-5.60E-05,-0.000631,0.274087,0.005026,0.001069,0.492906,0.019443,-0.016716,0.642294,-0.004193,0.038244,0.424529,0.020705,0.143866,0.420528,0.006511,0.265673,0.343307,-0.229376,0.198276,0.367735,-0.458898,-0.037375,0.425224,0.019077,-0.14262,0.425368,0.001843,-0.226521,0.339362,-0.247168,-0.168699,0.355243,-0.48003,0.09466,0.000496,-0.000768,0.162023,-0.466773,0.064337,0.204325,-0.787785,0.183297,-0.094659,-0.000496,0.000768,-0.179137,-0.469494,0.005342,-0.253545,-0.783174,0.128052
12.583333,0,0,0,-0.000455,0.078616,-0.000114,-0.000775,0.275512,0.005648,0.000313,0.493751,0.019003,-0.017554,0.642427,-0.004922,0.037662,0.426126,0.020745,0.143391,0.419957,0.008213,0.263171,0.32878,-0.2237,0.208796,0.341714,-0.457575,-0.037953,0.426617,0.01887,-0.143238,0.424578,0.002006,-0.225831,0.325404,-0.242508,-0.168808,0.329327,-0.476077,0.094661,0.000548,-0.000508,0.161841,-0.466812,0.064128,0.20388,-0.787981,0.182757,-0.09466,-0.000547,0.000508,-0.179134,-0.469549,0.004691,-0.253742,-0.783141,0.127507
12.6,0,0,0,-0.00038,0.078209,-0.000133,-0.000501,0.274723,0.004683,0.001219,0.493257,0.016473,-0.0171,0.642208,-0.006697,0.038441,0.425354,0.018228,0.144042,0.417988,0.005274,0.260018,0.318032,-0.224944,0.214259,0.322291,-0.460969,-0.037191,0.426001,0.01728,-0.14268,0.422772,0.001947,-0.225819,0.31147,-0.237097,-0.168899,0.303865,-0.470597,0.094662,0.00046,-0.000546,0.161924,-0.466883,0.06413,0.204205,-0.788036,0.182717,-0.094661,-0.000459,0.000546,-0.179168,-0.469454,0.004816,-0.253062,-0.783157,0.12778
12.616666,0,0,0,-0.000315,0.07779,-0.000204,-0.000207,0.273879,0.004801,0.001763,0.49293,0.015544,-0.017023,0.642289,-0.007654,0.038921,0.424537,0.017494,0.144495,0.416099,0.004985,0.257398,0.304286,-0.221274,0.212842,0.2974,-0.457469,-0.036712,0.425253,0.016773,-0.142262,0.420896,0.002149,-0.225492,0.299062,-0.231671,-0.169562,0.280516,-0.464798,0.094661,0.000382,-0.000578,0.161876,-0.466942,0.064283,0.204156,-0.788111,0.182828,-0.094662,-0.000381,0.000577,-0.179134,-0.469381,0.004973,-0.253188,-0.783095,0.127811
12.633333,0,0,0,-0.000276,0.076826,-0.000351,-0.000247,0.271964,0.004184,0.00185,0.491923,0.013241,-0.017203,0.642156,-0.009523,0.038955,0.422693,0.015746,0.144358,0.411918,0.003596,0.256249,0.289269,-0.217496,0.212417,0.27374,-0.453418,-0.036677,0.423449,0.014915,-0.142119,0.417977,-0.000107,-0.221845,0.285119,-0.229097,-0.163528,0.251605,-0.45996,0.094661,0.000338,-0.000561,0.161893,-0.466969,0.064403,0.204183,-0.788149,0.182913,-0.094662,-0.000337,0.000562,-0.179089,-0.469339,0.005572,-0.253182,-0.783156,0.128124
12.65,0,0,0,-0.000251,0.076355,-0.000539,-0.000382,0.271027,0.003849,0.00225,0.491488,0.011621,-0.017015,0.642182,-0.010984,0.039206,0.421733,0.014356,0.144234,0.407895,0.002067,0.255194,0.27388,-0.212806,0.212148,0.249566,-0.448128,-0.036427,0.422654,0.013847,-0.142007,0.416415,0.00015,-0.222443,0.272316,-0.221679,-0.164879,0.22882,-0.451058,0.094662,0.000307,-0.000601,0.161941,-0.466989,0.064385,0.204272,-0.788167,0.182888,-0.094661,-0.000307,0.000601,-0.179185,-0.46929,0.005728,-0.25321,-0.783154,0.1282
12.666666,0,0,0,-0.000248,0.075965,-0.000714,-0.00053,0.270246,0.003749,0.002464,0.491194,0.010439,-0.016984,0.642297,-0.012357,0.039322,0.420942,0.013354,0.144026,0.404809,0.001087,0.254272,0.260284,-0.207241,0.211549,0.226922,-0.44151,-0.036311,0.421974,0.013146,-0.142011,0.415274,0.000652,-0.223151,0.261217,-0.214116,-0.16641,0.207783,-0.441592,0.094661,0.000303,-0.000656,0.161978,-0.46698,0.064387,0.204342,-0.788122,0.182974,-0.094661,-0.000303,0.000656,-0.179117,-0.4693,0.005666,-0.253196,-0.783059,0.128376
12.683333,0,0,0,-0.000265,0.07563,-0.000879,-0.000664,0.269573,0.003753,0.00251,0.490889,0.009345,-0.017035,0.642271,-0.013793,0.039321,0.420287,0.0125,0.143773,0.402372,0.000569,0.253546,0.247009,-0.200071,0.210995,0.203416,-0.432688,-0.036312,0.421371,0.012494,-0.14208,0.413932,0.001039,-0.223812,0.249667,-0.205796,-0.16837,0.18569,-0.430862,0.09466,0.000323,-0.000816,0.161983,-0.46693,0.06444,0.204443,-0.788049,0.183056,-0.09466,-0.000322,0.000816,-0.179177,-0.469305,0.006046,-0.253233,-0.783111,0.128648
12.7,0,0,0,-0.000202,0.076584,-0.00091,-1.00E-04,0.27144,0.005246,0.001184,0.492071,0.010831,-0.017851,0.642565,-0.013833,0.038547,0.422479,0.014387,0.143923,0.408717,0.005442,0.256371,0.243547,-0.185653,0.212892,0.182325,-0.414087,-0.037088,0.422939,0.013607,-0.142651,0.413431,0.00179,-0.22407,0.239015,-0.196685,-0.170208,0.16434,-0.418818,0.09466,0.000239,-0.000858,0.161786,-0.467037,0.064431,0.204133,-0.788118,0.18319,-0.09466,-0.000239,0.000858,-0.179374,-0.469181,0.006559,-0.253534,-0.783055,0.128925
12.716666,0,0,0,-0.000185,0.076423,-0.001015,-0.000103,0.271108,0.005473,0.001409,0.491949,0.010143,-0.017892,0.642557,-0.014783,0.0387,0.422144,0.013978,0.144034,0.407335,0.006291,0.255717,0.233265,-0.177201,0.213489,0.163092,-0.403283,-0.036934,0.422678,0.013209,-0.14251,0.412395,0.002183,-0.22474,0.228968,-0.187646,-0.171794,0.144751,-0.406563,0.094658,0.000216,-0.000972,0.161778,-0.467017,0.064631,0.204192,-0.788047,0.183504,-0.094659,-0.000215,0.000973,-0.179441,-0.469139,0.007163,-0.253588,-0.783046,0.129453
12.733333,0,0,0,-0.000165,0.076317,-0.001152,-0.000104,0.270884,0.005744,0.001445,0.491918,0.009491,-0.017985,0.642639,-0.015732,0.038731,0.421949,0.013562,0.143979,0.406166,0.006676,0.255034,0.222765,-0.167894,0.213704,0.142826,-0.390881,-0.036904,0.42249,0.012899,-0.142522,0.411596,0.002909,-0.225416,0.219204,-0.177529,-0.173333,0.12563,-0.392826,0.094658,0.000189,-0.001043,0.161732,-0.467005,0.064893,0.204132,-0.787972,0.183938,-0.094658,-0.000189,0.001043,-0.179529,-0.46909,0.007732,-0.2537,-0.783005,0.129985
12.75,0,0,0,-0.000149,0.076187,-0.001299,-9.30E-05,0.270611,0.006003,0.001397,0.491821,0.008862,-0.018129,0.642643,-0.016668,0.038706,0.421717,0.01318,0.143893,0.405234,0.007058,0.254183,0.212993,-0.158236,0.213556,0.12309,-0.377524,-0.03693,0.422234,0.01258,-0.142568,0.410773,0.003471,-0.226334,0.210221,-0.167422,-0.175675,0.107373,-0.37879,0.094657,0.000167,-0.001099,0.16167,-0.466988,0.065166,0.204055,-0.78787,0.184448,-0.094657,-0.000166,0.001098,-0.179642,-0.469039,0.008331,-0.253856,-0.782935,0.130607
12.766666,0,0,0,-0.000152,0.076108,-0.001425,-0.000111,0.270437,0.006351,0.00139,0.491783,0.008448,-0.018179,0.642659,-0.017491,0.038699,0.421566,0.012975,0.143846,0.404588,0.007559,0.253587,0.204668,-0.148747,0.213251,0.105569,-0.364091,-0.036938,0.422084,0.012437,-0.142602,0.410242,0.004168,-0.227127,0.202246,-0.157188,-0.177693,0.090488,-0.36428,0.094656,0.000165,-0.001213,0.161619,-0.466945,0.06542,0.20405,-0.787714,0.184989,-0.094656,-0.000166,0.001213,-0.17971,-0.469018,0.008926,-0.253912,-0.782904,0.131237
12.783333,0,0,0,-0.000134,0.076042,-0.001561,-7.30E-05,0.270287,0.006738,0.001394,0.491802,0.008003,-0.018142,0.642769,-0.01839,0.038716,0.421445,0.012768,0.143826,0.404004,0.008142,0.252965,0.196389,-0.138242,0.213034,0.087836,-0.349057,-0.036921,0.421949,0.012277,-0.142606,0.409716,0.004897,-0.22804,0.194439,-0.146103,-0.180027,0.073644,-0.348401,0.094655,0.00014,-0.001278,0.161535,-0.466895,0.065966,0.203962,-0.787595,0.185719,-0.094655,-0.000139,0.001278,-0.179765,-0.468969,0.009732,-0.253967,-0.782865,0.132016
12.8,0,0,0,-0.000121,0.076002,-0.001709,-1.70E-05,0.270188,0.007055,0.00145,0.491851,0.007398,-0.018051,0.64288,-0.019498,0.038775,0.421371,0.012434,0.143843,0.403482,0.008649,0.252241,0.188867,-0.127853,0.212754,0.071481,-0.333964,-0.036862,0.421872,0.011985,-0.142561,0.409242,0.005514,-0.228725,0.187315,-0.135081,-0.182478,0.057749,-0.332298,0.094654,0.00012,-0.001358,0.161446,-0.466839,0.066499,0.203883,-0.787488,0.186388,-0.094654,-0.00012,0.001358,-0.179797,-0.468931,0.01047,-0.25389,-0.782841,0.132782
12.816666,0,0,0,-0.000338,0.076188,-0.001798,-0.000572,0.27054,0.007503,0.000848,0.492268,0.006739,-0.018603,0.643296,-0.020567,0.038199,0.421755,0.012044,0.143222,0.403457,0.00907,0.250954,0.182926,-0.118219,0.211974,0.057844,-0.319852,-0.03744,0.422239,0.011759,-0.143152,0.409283,0.006234,-0.229864,0.181815,-0.124848,-0.185359,0.044488,-0.317153,0.094639,0.00037,-0.002113,0.161238,-0.466479,0.066684,0.203976,-0.786976,0.186871,-0.09464,-0.00037,0.002113,-0.176912,-0.469643,0.013507,-0.239887,-0.783902,0.141028
12.833333,0,0,0,-0.00058,0.07632,-0.001925,-0.001127,0.270783,0.007866,0.000468,0.492681,0.006668,-0.01898,0.643808,-0.021064,0.037761,0.421977,0.012118,0.142768,0.403477,0.009927,0.24987,0.177197,-0.107422,0.211228,0.044312,-0.304069,-0.037877,0.422519,0.011819,-0.143628,0.40957,0.007073,-0.231163,0.176631,-0.113429,-0.188413,0.031255,-0.300137,0.094627,0.000655,-0.002572,0.160962,-0.466023,0.067624,0.203853,-0.786508,0.187788,-0.094626,-0.000655,0.002573,-0.171579,-0.470797,0.015243,-0.224908,-0.785285,0.146557
12.85,0,0,0,-0.000529,0.076249,-0.002054,-0.001037,0.270618,0.008233,0.00058,0.492526,0.006346,-0.018797,0.643588,-0.021867,0.037865,0.42182,0.012022,0.142849,0.40311,0.010689,0.249203,0.171567,-0.096639,0.21093,0.031233,-0.288113,-0.037773,0.422369,0.011709,-0.143548,0.40933,0.0078,-0.231973,0.171581,-0.102196,-0.19092,0.018767,-0.283257,0.094623,0.000583,-0.0027,0.160873,-0.465981,0.068328,0.203816,-0.786403,0.188642,-0.094624,-0.000583,0.002701,-0.16921,-0.471085,0.016159,-0.219987,-0.785896,0.147709
12.866666,0,0,0,-0.000495,0.076218,-0.002156,-0.000974,0.270531,0.008661,0.000572,0.492513,0.006167,-0.018782,0.643583,-0.02245,0.03788,0.421756,0.012031,0.142847,0.402906,0.011467,0.248396,0.166794,-0.086274,0.210079,0.020015,-0.272844,-0.037758,0.422279,0.011728,-0.143549,0.409174,0.008571,-0.232897,0.167484,-0.091658,-0.193278,0.00799,-0.267194,0.094623,0.000537,-0.002729,0.160778,-0.465925,0.069056,0.203691,-0.786258,0.189617,-0.094623,-0.000538,0.00273,-0.1687,-0.471095,0.017034,-0.21887,-0.785917,0.148789
12.883333,0,0,0,-0.000704,0.076419,-0.002117,-0.001484,0.270888,0.009476,6.70E-05,0.492834,0.006028,-0.019191,0.643834,-0.022896,0.037377,0.422124,0.012173,0.142304,0.403048,0.012373,0.247046,0.162692,-0.075388,0.208753,0.009465,-0.256707,-0.038261,0.422648,0.011914,-0.144068,0.40949,0.009602,-0.23417,0.164248,-0.080851,-0.196138,-0.001857,-0.250511,0.094619,0.000793,-0.002783,0.160493,-0.465595,0.069732,0.20315,-0.785819,0.190674,-0.09462,-0.000794,0.002784,-0.165361,-0.47186,0.017231,-0.212446,-0.788109,0.146688
12.9,0,0,0,-0.000845,0.076461,-0.002103,-0.001876,0.270938,0.010055,-0.000423,0.492951,0.006093,-0.019647,0.64394,-0.023315,0.036924,0.422196,0.012349,0.141853,0.403143,0.013083,0.245709,0.158917,-0.064447,0.207064,-0.000501,-0.240269,-0.038714,0.422688,0.012197,-0.144536,0.409533,0.01071,-0.235501,0.161262,-0.070099,-0.19915,-0.010854,-0.234036,0.094616,0.000967,-0.00283,0.160146,-0.46529,0.070833,0.202656,-0.785548,0.191737,-0.094617,-0.000967,0.002829,-0.162875,-0.472357,0.018598,-0.207226,-0.789733,0.146251
12.916666,0,0,0,-0.000745,0.076471,-0.002285,-0.001677,0.27094,0.010199,-0.000425,0.4929,0.005548,-0.019606,0.6438,-0.024118,0.036996,0.422238,0.011952,0.141905,0.403099,0.01317,0.244838,0.155708,-0.054988,0.206095,-0.009169,-0.225679,-0.038643,0.422665,0.01194,-0.144466,0.409444,0.011398,-0.236138,0.158768,-0.060719,-0.201471,-0.018202,-0.219782,0.094617,0.000837,-0.002855,0.160146,-0.46534,0.07131,0.202709,-0.785518,0.192407,-0.094617,-0.000837,0.002856,-0.163601,-0.472107,0.019055,-0.208869,-0.788334,0.149212
12.933333,0,0,0,-0.000797,0.076599,-0.0024,-0.001746,0.271174,0.010484,-0.000554,0.493115,0.005168,-0.019707,0.643949,-0.024837,0.036889,0.422487,0.011764,0.141792,0.403378,0.013687,0.244036,0.153266,-0.044916,0.204919,-0.01688,-0.210269,-0.03875,0.422894,0.011789,-0.144569,0.409634,0.012072,-0.236776,0.156697,-0.050892,-0.203959,-0.024812,-0.205162,0.094611,0.000889,-0.003039,0.160023,-0.4652,0.071785,0.202611,-0.785276,0.193141,-0.094611,-0.000889,0.003038,-0.162582,-0.47227,0.020253,-0.20523,-0.787923,0.152669
12.95,0,0,0,-0.000876,0.076791,-0.002486,-0.00196,0.27154,0.010746,-0.000765,0.49343,0.004847,-0.019962,0.644166,-0.025436,0.036682,0.422854,0.011589,0.141561,0.403678,0.014093,0.242878,0.15118,-0.035127,0.20369,-0.023887,-0.195242,-0.038957,0.423263,0.01169,-0.144777,0.410051,0.012811,-0.237141,0.155157,-0.041419,-0.20655,-0.030707,-0.190885,0.094604,0.000975,-0.003219,0.15985,-0.465022,0.072316,0.202427,-0.784983,0.193981,-0.094604,-0.000975,0.003219,-0.161515,-0.472466,0.021545,-0.201593,-0.787559,0.15608
12.966666,0,0,0,-0.00094,0.076925,-0.002567,-0.002126,0.271788,0.010966,-0.000899,0.493662,0.004506,-0.020186,0.644345,-0.02598,0.036544,0.423097,0.011378,0.141394,0.403825,0.014334,0.241683,0.149413,-0.026405,0.20236,-0.029958,-0.18165,-0.039095,0.423521,0.011576,-0.144916,0.410428,0.013543,-0.237408,0.15404,-0.032861,-0.208655,-0.035481,-0.178038,0.094598,0.001043,-0.003378,0.159686,-0.464858,0.07288,0.202258,-0.784737,0.194761,-0.094598,-0.001043,0.003378,-0.160662,-0.472618,0.022573,-0.198541,-0.78715,0.159044
12.983333,0,0,0,-0.00097,0.077073,-0.002674,-0.002178,0.27207,0.011137,-0.000915,0.493907,0.004054,-0.020245,0.644513,-0.026691,0.036526,0.423371,0.011052,0.141346,0.404003,0.014399,0.240585,0.147943,-0.017676,0.201049,-0.03561,-0.167898,-0.039112,0.423812,0.011392,-0.144931,0.410849,0.014218,-0.23754,0.153223,-0.024466,-0.210413,-0.039866,-0.165187,0.094591,0.001067,-0.003555,0.159574,-0.464714,0.073526,0.20235,-0.784544,0.195463,-0.094591,-0.001067,0.003556,-0.15984,-0.472727,0.023452,-0.195548,-0.786641,0.161915
13,0,0,0,-0.000987,0.077177,-0.002784,-0.002213,0.272264,0.011299,-0.00093,0.494001,0.003619,-0.020363,0.64448,-0.027282,0.036516,0.423557,0.010719,0.141302,0.404067,0.014402,0.23952,0.146732,-0.00958,0.199964,-0.040663,-0.154974,-0.039122,0.424012,0.01123,-0.144933,0.411203,0.01489,-0.237909,0.15276,-0.016839,-0.211939,-0.043441,-0.15341,0.094585,0.001076,-0.003704,0.15937,-0.464598,0.074189,0.202121,-0.784422,0.196151,-0.094586,-0.001076,0.003704,-0.159216,-0.472797,0.024157,-0.193055,-0.786071,0.164527
13.016666,0,0,0,-0.001006,0.077251,-0.002844,-0.002262,0.272397,0.01145,-0.001016,0.494042,0.003219,-0.020483,0.644412,-0.027826,0.03645,0.423692,0.01042,0.141215,0.404142,0.014381,0.238586,0.145927,-0.002573,0.199131,-0.044628,-0.143829,-0.039186,0.424142,0.011073,-0.144987,0.411454,0.015389,-0.238349,0.152482,-0.010319,-0.213184,-0.04635,-0.143187,0.09458,0.001091,-0.00382,0.1593,-0.464568,0.074215,0.201899,-0.784191,0.196757,-0.094581,-0.001091,0.003821,-0.158709,-0.472857,0.024798,-0.190961,-0.785554,0.166821
13.033333,0,0,0,-0.00102,0.077348,-0.002953,-0.002295,0.27259,0.011431,-0.001035,0.494113,0.002618,-0.020457,0.644349,-0.028612,0.036435,0.423876,0.009935,0.141175,0.404256,0.014189,0.237633,0.145337,0.004144,0.19842,-0.048265,-0.132977,-0.0392,0.424338,0.010719,-0.144995,0.411829,0.015673,-0.238775,0.152471,-0.003887,-0.214328,-0.048893,-0.133023,0.094577,0.001098,-0.003915,0.159245,-0.464449,0.074826,0.201909,-0.784117,0.197228,-0.094576,-0.001098,0.003916,-0.158299,-0.4729,0.025316,-0.189115,-0.784983,0.168999
13.05,0,0,0,-0.001048,0.077475,-0.003068,-0.002353,0.272847,0.01135,-0.001079,0.49418,0.002052,-0.020392,0.644237,-0.02928,0.036393,0.424125,0.009469,0.14112,0.404501,0.01403,0.236648,0.145071,0.010278,0.19774,-0.051126,-0.123193,-0.03924,0.424597,0.010351,-0.145029,0.412249,0.01582,-0.238937,0.15257,0.001965,-0.215226,-0.051019,-0.123776,0.09457,0.001117,-0.004069,0.159215,-0.464325,0.075306,0.201991,-0.783993,0.197668,-0.09457,-0.001118,0.004069,-0.158008,-0.472938,0.025927,-0.187481,-0.784423,0.171178
13.066666,0,0,0,-0.001058,0.07765,-0.003167,-0.002412,0.273197,0.011307,-0.001123,0.494357,0.0017,-0.020365,0.644252,-0.029668,0.036346,0.424469,0.009202,0.141062,0.404882,0.014156,0.235647,0.145084,0.015741,0.19706,-0.0532,-0.114704,-0.039287,0.424948,0.010098,-0.145079,0.412822,0.015984,-0.238913,0.152894,0.007259,-0.216042,-0.052598,-0.115508,0.094566,0.001119,-0.004157,0.159142,-0.464241,0.07576,0.201958,-0.783874,0.198198,-0.094566,-0.001119,0.004157,-0.157889,-0.472929,0.02655,-0.186373,-0.783829,0.173246
13.083333,0,0,0,-0.001083,0.077883,-0.00322,-0.002486,0.273661,0.011303,-0.001152,0.494682,0.001471,-0.020303,0.644445,-0.029951,0.036303,0.424923,0.009039,0.141014,0.405405,0.014358,0.23453,0.145298,0.02092,0.1963,-0.054858,-0.106742,-0.03933,0.425419,0.009937,-0.145129,0.413567,0.016229,-0.238791,0.153458,0.012439,-0.216781,-0.053793,-0.107495,0.094562,0.00114,-0.00424,0.159064,-0.464149,0.076147,0.201918,-0.783715,0.198747,-0.094562,-0.00114,0.00424,-0.157851,-0.472927,0.027218,-0.185472,-0.783238,0.175319
13.1,0,0,0,-0.00111,0.078087,-0.003286,-0.002586,0.274073,0.011202,-0.001193,0.494943,0.001165,-0.02021,0.644537,-0.030453,0.036244,0.425323,0.008804,0.14095,0.405898,0.014541,0.233492,0.145588,0.025411,0.195581,-0.056132,-0.099862,-0.03939,0.42584,0.00968,-0.145195,0.414267,0.016384,-0.238549,0.15402,0.017117,-0.217239,-0.054664,-0.100434,0.094563,0.001167,-0.004224,0.15897,-0.464036,0.076733,0.20174,-0.783635,0.199277,-0.094562,-0.001167,0.004224,-0.157856,-0.472919,0.027881,-0.184832,-0.782692,0.177221
13.116666,0,0,0,-0.001121,0.078265,-0.003346,-0.002641,0.274434,0.011139,-0.00121,0.495157,0.000984,-0.020142,0.644592,-0.030762,0.036214,0.425676,0.008665,0.140914,0.406337,0.014785,0.232545,0.145878,0.029238,0.194943,-0.057044,-0.094171,-0.03942,0.426206,0.009522,-0.14523,0.414867,0.016538,-0.238201,0.154521,0.02098,-0.217419,-0.05538,-0.094481,0.094564,0.001175,-0.004183,0.1589,-0.463954,0.077253,0.201613,-0.783568,0.199778,-0.094564,-0.001176,0.004183,-0.157873,-0.472889,0.028572,-0.184415,-0.782231,0.17888
13.133333,0,0,0,-0.001122,0.078406,-0.003415,-0.002643,0.274726,0.010972,-0.001131,0.495317,0.00066,-0.019985,0.644611,-0.0312,0.036266,0.425952,0.0084,0.140962,0.406715,0.014899,0.231798,0.146188,0.03274,0.194338,-0.057717,-0.089085,-0.039367,0.426509,0.00923,-0.145182,0.415404,0.016551,-0.237709,0.154987,0.024666,-0.217361,-0.055979,-0.088916,0.094566,0.001173,-0.004145,0.158887,-0.463894,0.077661,0.201569,-0.783517,0.200173,-0.094566,-0.001172,0.004144,-0.157869,-0.472849,0.029229,-0.184077,-0.781808,0.180384
13.15,0,0,0,-0.001105,0.078575,-0.003507,-0.002585,0.275076,0.010751,-0.000936,0.495505,0.000317,-0.019712,0.644623,-0.031669,0.036417,0.426277,0.008109,0.141102,0.407098,0.014944,0.231191,0.146534,0.035779,0.193756,-0.058123,-0.084784,-0.039217,0.426881,0.008902,-0.14504,0.415998,0.016421,-0.237051,0.155524,0.027856,-0.217063,-0.056312,-0.08416,0.094568,0.001147,-0.004098,0.158905,-0.463858,0.078045,0.201578,-0.783481,0.200561,-0.094568,-0.001147,0.004099,-0.157869,-0.472791,0.029805,-0.183867,-0.781416,0.181676
13.166666,0,0,0,-0.001088,0.078753,-0.003591,-0.002518,0.275446,0.010544,-0.000703,0.495717,-9.00E-06,-0.019415,0.644672,-0.032077,0.036596,0.426617,0.007837,0.14127,0.407469,0.014928,0.23066,0.146875,0.03825,0.193114,-0.058296,-0.081403,-0.039037,0.427276,0.008587,-0.144875,0.416629,0.01625,-0.236347,0.15611,0.030628,-0.216529,-0.056481,-0.079978,0.094573,0.001125,-0.004009,0.158921,-0.463823,0.078449,0.201573,-0.783475,0.200894,-0.094572,-0.001124,0.004008,-0.15788,-0.472739,0.030236,-0.18377,-0.781067,0.182725
13.183333,0,0,0,-0.001064,0.078927,-0.00367,-0.002447,0.275808,0.010319,-0.000487,0.495907,-0.000352,-0.019161,0.644695,-0.03243,0.036764,0.426952,0.007556,0.141429,0.407846,0.014884,0.230134,0.147236,0.040529,0.192283,-0.058258,-0.078471,-0.03887,0.42766,0.008244,-0.144724,0.417255,0.015999,-0.23559,0.156694,0.033189,-0.21587,-0.056498,-0.076274,0.094578,0.001095,-0.00389,0.158938,-0.463805,0.078825,0.201566,-0.783486,0.201206,-0.094577,-0.001095,0.003889,-0.15791,-0.472678,0.030622,-0.183778,-0.780719,0.183694
13.2,0,0,0,-0.000804,0.078617,-0.003683,-0.00185,0.275197,0.010181,0.000284,0.495101,-0.000544,-0.018343,0.643705,-0.032594,0.037473,0.426313,0.007442,0.142128,0.407228,0.014979,0.230255,0.146627,0.04263,0.192008,-0.059027,-0.075966,-0.038161,0.427074,0.007994,-0.144007,0.416671,0.015872,-0.234049,0.15596,0.035012,-0.214909,-0.057526,-0.073979,0.094611,0.000824,-0.003054,0.158933,-0.464154,0.079253,0.201128,-0.783916,0.20157,-0.094611,-0.000825,0.003055,-0.160671,-0.47221,0.026468,-0.202619,-0.789028,0.156297
13.216666,0,0,0,-0.000126,0.078405,-0.004014,-0.000261,0.27482,0.009363,0.001642,0.494509,-0.001488,-0.017029,0.642902,-0.033491,0.038903,0.425976,0.006551,0.143526,0.406825,0.014346,0.230878,0.146134,0.043563,0.192161,-0.059606,-0.074731,-0.036733,0.426657,0.007062,-0.142554,0.416113,0.015088,-0.232362,0.155451,0.03591,-0.213815,-0.058101,-0.073055,0.094623,1.00E-05,-0.002792,0.15951,-0.464991,0.07894,0.202042,-0.784754,0.201137,-0.094623,-9.00E-06,0.002792,-0.163147,-0.471111,0.024788,-0.209473,-0.787134,0.155069
13.233333,0,0,0,-6.60E-05,0.078446,-0.004153,-6.70E-05,0.274925,0.009026,0.001801,0.494495,-0.001882,-0.016749,0.642773,-0.033944,0.03907,0.426087,0.006196,0.143695,0.407017,0.014165,0.230707,0.146359,0.044667,0.191272,-0.059318,-0.0735,-0.036566,0.426754,0.006656,-0.142374,0.416196,0.014826,-0.231626,0.155423,0.036633,-0.213651,-0.058157,-0.072371,0.094623,-6.80E-05,-0.002777,0.159571,-0.465075,0.078868,0.202117,-0.784829,0.201086,-0.094623,6.80E-05,0.002777,-0.163236,-0.471027,0.024652,-0.209314,-0.78725,0.154536
13.25,0,0,0,-2.80E-05,0.078525,-0.004219,6.50E-05,0.275092,0.008859,0.002017,0.494558,-0.002085,-0.016504,0.64272,-0.034221,0.039259,0.42624,0.006013,0.143883,0.407225,0.014124,0.230562,0.146573,0.045604,0.190336,-0.058999,-0.072479,-0.036377,0.426934,0.006449,-0.142185,0.416435,0.014691,-0.23109,0.155596,0.037126,-0.213607,-0.058073,-0.071784,0.094623,-0.000115,-0.002759,0.159591,-0.465105,0.078967,0.202141,-0.784866,0.201164,-0.094624,0.000114,0.002759,-0.163135,-0.470994,0.024676,-0.209059,-0.78727,0.154482
13.266666,0,0,0,-1.10E-05,0.078624,-0.004252,0.000142,0.275295,0.00877,0.002185,0.494682,-0.002174,-0.016256,0.642758,-0.034383,0.039398,0.426426,0.005928,0.14403,0.407481,0.014105,0.230465,0.146836,0.046304,0.189453,-0.058641,-0.071675,-0.036237,0.427152,0.00635,-0.142051,0.416743,0.014633,-0.230765,0.155869,0.037404,-0.213502,-0.05782,-0.071502,0.094625,-0.000134,-0.002739,0.159608,-0.465108,0.079071,0.202154,-0.784862,0.201287,-0.094624,0.000135,0.002738,-0.163061,-0.470977,0.024785,-0.208905,-0.787296,0.154517
13.283333,0,0,0,-3.00E-06,0.078699,-0.00427,0.000202,0.275449,0.008715,0.002339,0.494779,-0.002235,-0.016074,0.642782,-0.034526,0.039523,0.426563,0.005869,0.144166,0.407683,0.014054,0.23032,0.147011,0.04679,0.188471,-0.05836,-0.071078,-0.036112,0.427321,0.006288,-0.141938,0.417014,0.014546,-0.230569,0.15612,0.037406,-0.213366,-0.057676,-0.0713,0.094624,-0.000144,-0.00273,0.159625,-0.465099,0.079172,0.202182,-0.784836,0.201431,-0.094625,0.000144,0.002729,-0.162956,-0.470975,0.024944,-0.208714,-0.787348,0.154575
13.3,0,0,0,4.00E-06,0.078739,-0.004289,0.000261,0.275531,0.008672,0.002473,0.494815,-0.002259,-0.015855,0.642772,-0.034595,0.039634,0.426632,0.005837,0.144291,0.407816,0.01399,0.230189,0.147109,0.047116,0.187623,-0.058199,-0.070605,-0.036001,0.427417,0.006257,-0.141841,0.417176,0.014413,-0.230537,0.156292,0.037147,-0.213208,-0.057648,-0.071254,0.094624,-0.000154,-0.002745,0.159659,-0.465086,0.079261,0.202263,-0.784799,0.201567,-0.094624,0.000153,0.002745,-0.162851,-0.470973,0.025129,-0.208545,-0.787428,0.154583
13.316666,0,0,0,4.00E-06,0.07875,-0.004293,0.000277,0.275554,0.008675,0.002531,0.494803,-0.002238,-0.015706,0.64274,-0.034556,0.03968,0.426648,0.005845,0.144347,0.407868,0.013957,0.229983,0.147105,0.047319,0.186768,-0.05812,-0.070309,-0.035955,0.427447,0.006277,-0.141805,0.417248,0.014358,-0.230666,0.156392,0.036758,-0.213124,-0.057602,-0.071502,0.094624,-0.000155,-0.002742,0.159676,-0.465075,0.079318,0.202303,-0.784758,0.201692,-0.094624,0.000154,0.002742,-0.162724,-0.470984,0.025267,-0.208323,-0.787511,0.154579
13.333333,0,0,0,0,0.078759,-0.004292,0.000261,0.275572,0.008675,0.002521,0.494786,-0.002241,-0.015601,0.642715,-0.034495,0.039668,0.426664,0.00584,0.144337,0.407874,0.013903,0.229703,0.147025,0.047286,0.186023,-0.058194,-0.070182,-0.035966,0.427466,0.006276,-0.141827,0.417286,0.014245,-0.230895,0.156466,0.036234,-0.213114,-0.057561,-0.071922,0.094624,-0.00015,-0.002756,0.159699,-0.465058,0.079352,0.202357,-0.784707,0.201804,-0.094623,0.00015,0.002756,-0.162652,-0.470991,0.025429,-0.208228,-0.787577,0.154603
13.35,0,0,0,-8.00E-06,0.078754,-0.004294,0.000241,0.275563,0.008659,0.002503,0.494771,-0.002279,-0.015519,0.642715,-0.034502,0.039649,0.426655,0.005817,0.144316,0.407852,0.013864,0.229456,0.146925,0.047211,0.185366,-0.058222,-0.070229,-0.035986,0.427456,0.006235,-0.141858,0.417276,0.014048,-0.231137,0.15649,0.035578,-0.213127,-0.057569,-0.072479,0.094623,-0.000142,-0.002777,0.159721,-0.465045,0.07934,0.202407,-0.784655,0.201884,-0.094623,0.000142,0.002777,-0.162633,-0.470994,0.025616,-0.208216,-0.787635,0.154653
13.366666,0,0,0,-1.30E-05,0.078747,-0.004293,0.00023,0.275549,0.008648,0.002518,0.494769,-0.002295,-0.01544,0.642728,-0.034539,0.039654,0.426637,0.005814,0.144318,0.407815,0.013865,0.22926,0.146795,0.046991,0.18497,-0.058313,-0.070442,-0.035981,0.427446,0.00621,-0.141864,0.41728,0.013892,-0.231344,0.156523,0.034936,-0.213184,-0.057606,-0.072955,0.094623,-0.000137,-0.002793,0.159736,-0.465038,0.079326,0.202435,-0.784604,0.20198,-0.094622,0.000136,0.002793,-0.162586,-0.471001,0.025743,-0.208122,-0.787672,0.154722
13.383333,0,0,0,-1.90E-05,0.078727,-0.004288,0.00021,0.275511,0.008639,0.002525,0.494738,-0.002298,-0.015369,0.642705,-0.034574,0.039651,0.426595,0.005823,0.14431,0.407743,0.013867,0.22906,0.146601,0.046521,0.18468,-0.058533,-0.070832,-0.035984,0.427412,0.006191,-0.141877,0.417253,0.013749,-0.231498,0.1565,0.034239,-0.213237,-0.0577,-0.073495,0.094622,-0.00013,-0.002805,0.159749,-0.465027,0.079323,0.202453,-0.784557,0.202072,-0.094622,0.00013,0.002805,-0.162516,-0.471015,0.025821,-0.207959,-0.787709,0.154776
13.4,0,0,0,-2.50E-05,0.078691,-0.00428,0.000217,0.27544,0.008626,0.002576,0.494687,-0.002288,-0.015277,0.642671,-0.034599,0.039686,0.426517,0.005846,0.14434,0.407644,0.013899,0.228949,0.146391,0.046027,0.184527,-0.058726,-0.07134,-0.035949,0.427347,0.006176,-0.14185,0.417185,0.013606,-0.231573,0.156416,0.033432,-0.21325,-0.057815,-0.074229,0.094622,-0.000123,-0.002808,0.159764,-0.465014,0.079344,0.202473,-0.784511,0.202175,-0.094622,0.000123,0.002809,-0.162419,-0.471034,0.025848,-0.207757,-0.787756,0.154773
13.416666,0,0,0,-2.70E-05,0.078624,-0.004271,0.000229,0.275306,0.008616,0.002648,0.494606,-0.002285,-0.015169,0.642641,-0.034634,0.039737,0.426373,0.005866,0.144389,0.407475,0.013893,0.228988,0.146146,0.045419,0.184499,-0.058955,-0.071951,-0.035898,0.427222,0.006158,-0.14181,0.417058,0.013437,-0.231638,0.156277,0.032614,-0.213187,-0.057966,-0.075002,0.094623,-0.000119,-0.002794,0.159782,-0.465007,0.079361,0.202488,-0.784485,0.202242,-0.094623,0.00012,0.002794,-0.16231,-0.471053,0.025828,-0.207536,-0.787786,0.154765
13.433333,0,0,0,-2.70E-05,0.078554,-0.004261,0.000245,0.275167,0.0086,0.002764,0.494524,-0.002299,-0.015039,0.642616,-0.034665,0.039817,0.426218,0.005882,0.14446,0.407247,0.013861,0.229112,0.145839,0.044587,0.184501,-0.059243,-0.072771,-0.035817,0.427098,0.006117,-0.141746,0.41695,0.013167,-0.231737,0.156169,0.031576,-0.213096,-0.058101,-0.075951,0.094624,-0.000116,-0.002757,0.159804,-0.465002,0.079394,0.202495,-0.784465,0.20232,-0.094623,0.000117,0.002757,-0.162179,-0.471076,0.025769,-0.207282,-0.787802,0.154768
13.45,0,0,0,-2.80E-05,0.078456,-0.004251,0.000227,0.274971,0.008587,0.002808,0.4944,-0.002319,-0.01498,0.642566,-0.034694,0.039839,0.426013,0.005891,0.14448,0.406982,0.013744,0.229386,0.145538,0.043439,0.184587,-0.059537,-0.07386,-0.035796,0.426911,0.006078,-0.141744,0.416771,0.012851,-0.231982,0.156001,0.030172,-0.212824,-0.058159,-0.077483,0.094625,-0.000113,-0.002708,0.15983,-0.465001,0.07941,0.202501,-0.784452,0.202374,-0.094625,0.000112,0.002707,-0.162049,-0.471104,0.025642,-0.207038,-0.787809,0.154728
13.466666,0,0,0,-2.90E-05,0.078329,-0.00424,0.000204,0.27472,0.008553,0.002817,0.494233,-0.002396,-0.014958,0.642486,-0.034785,0.039834,0.425756,0.005849,0.144477,0.406675,0.01355,0.229745,0.145214,0.042034,0.184766,-0.059831,-0.075249,-0.0358,0.426665,0.005998,-0.141768,0.416515,0.01244,-0.232359,0.155774,0.028292,-0.21245,-0.058202,-0.079592,0.094626,-0.00011,-0.002669,0.159863,-0.465009,0.079363,0.202523,-0.784447,0.202364,-0.094627,0.00011,0.002669,-0.161938,-0.471129,0.025462,-0.20683,-0.787809,0.154644
13.483333,0,0,0,-2.50E-05,0.07818,-0.004228,0.000205,0.274427,0.008484,0.002883,0.494044,-0.002538,-0.014899,0.642399,-0.034958,0.039878,0.425451,0.005743,0.14452,0.406279,0.013219,0.230242,0.144785,0.03999,0.18515,-0.060201,-0.077352,-0.035757,0.42638,0.005873,-0.141746,0.416228,0.011938,-0.232757,0.155517,0.025745,-0.212064,-0.058266,-0.082376,0.094627,-0.000112,-0.002651,0.159913,-0.465032,0.079221,0.202583,-0.784462,0.202241,-0.094626,0.000112,0.002651,-0.161829,-0.471156,0.025151,-0.206614,-0.787808,0.154441
13.5,0,0,0,-2.30E-05,0.078012,-0.004218,0.000214,0.274101,0.00833,0.002946,0.493812,-0.002812,-0.014844,0.642262,-0.035265,0.039924,0.425114,0.005505,0.144568,0.405827,0.01266,0.230788,0.144281,0.037234,0.185774,-0.060679,-0.080182,-0.03571,0.426062,0.005644,-0.14172,0.415875,0.011281,-0.233049,0.155144,0.022319,-0.211446,-0.058344,-0.086207,0.094626,-0.000116,-0.002657,0.159988,-0.465074,0.078938,0.202698,-0.784499,0.201957,-0.094627,0.000115,0.002657,-0.161735,-0.471186,0.024731,-0.206405,-0.787817,0.154113
13.516666,0,0,0,-2.30E-05,0.077819,-0.004211,0.000223,0.273728,0.008121,0.00302,0.493549,-0.003123,-0.014785,0.64211,-0.035602,0.039978,0.424728,0.00522,0.144619,0.405296,0.01202,0.231339,0.143682,0.033956,0.186665,-0.061228,-0.083679,-0.035656,0.425699,0.005378,-0.141684,0.415461,0.010558,-0.233165,0.154665,0.018358,-0.210664,-0.058393,-0.090827,0.094626,-0.000117,-0.002676,0.160078,-0.465121,0.078586,0.202843,-0.784537,0.201608,-0.094626,0.000117,0.002676,-0.16165,-0.471219,0.024258,-0.206205,-0.787821,0.153748
13.533333,0,0,0,-2.60E-05,0.077639,-0.004206,0.00026,0.273387,0.007796,0.003165,0.493308,-0.003566,-0.014668,0.641977,-0.036038,0.04009,0.424366,0.004805,0.144724,0.404735,0.011113,0.231896,0.143002,0.029571,0.187745,-0.061834,-0.088389,-0.035543,0.425374,0.004988,-0.141592,0.415061,0.009567,-0.233036,0.15416,0.013119,-0.209553,-0.058318,-0.096986,0.094624,-0.000117,-0.002751,0.160228,-0.465181,0.078041,0.20311,-0.784581,0.201065,-0.094624,0.000118,0.002751,-0.161565,-0.471263,0.023612,-0.205972,-0.787833,0.153232
13.55,0,0,0,-3.20E-05,0.077415,-0.004205,0.000288,0.272964,0.007387,0.003275,0.493014,-0.004055,-0.014592,0.641829,-0.036466,0.040174,0.423926,0.004336,0.144807,0.404115,0.01008,0.232556,0.142304,0.024186,0.189154,-0.062277,-0.094492,-0.035459,0.424964,0.004539,-0.141521,0.414531,0.008491,-0.232756,0.153539,0.006836,-0.208103,-0.057856,-0.105082,0.094622,-0.000113,-0.00281,0.160248,-0.465292,0.077297,0.203074,-0.784658,0.200426,-0.094622,0.000113,0.00281,-0.161518,-0.471312,0.022785,-0.205798,-0.787821,0.152599
13.566666,0,0,0,-0.00013,0.077272,-0.004486,7.00E-06,0.272738,0.00632,0.002963,0.492971,-0.005522,-0.014867,0.64205,-0.037695,0.039869,0.423702,0.003013,0.144499,0.403745,0.008286,0.232984,0.141959,0.017374,0.19042,-0.062065,-0.10256,-0.035764,0.424727,0.003191,-0.141826,0.414123,0.006683,-0.23281,0.153156,-0.001155,-0.20688,-0.056712,-0.115629,0.094631,1.40E-05,-0.002501,0.157361,-0.465978,0.075172,0.196715,-0.785605,0.198782,-0.094631,-1.40E-05,0.002502,-0.161716,-0.471475,0.020946,-0.206008,-0.787773,0.151265
13.583333,0,0,0,-0.000116,0.077051,-0.004572,8.80E-05,0.272338,0.00554,0.003139,0.492822,-0.006086,-0.014746,0.642161,-0.038163,0.040012,0.423289,0.002391,0.144648,0.403176,0.006911,0.234022,0.141548,0.00954,0.192457,-0.061506,-0.112373,-0.035621,0.424345,0.002569,-0.141696,0.413626,0.005165,-0.232421,0.152885,-0.009898,-0.205158,-0.054965,-0.127697,0.094628,-1.20E-05,-0.002606,0.157968,-0.466154,0.073654,0.198787,-0.787118,0.193261,-0.094628,1.30E-05,0.002605,-0.161829,-0.471474,0.019915,-0.206123,-0.787635,0.150569
13.6,0,0,0,-8.60E-05,0.07685,-0.004659,0.000207,0.271981,0.00467,0.003336,0.492763,-0.006753,-0.014641,0.642386,-0.038823,0.040182,0.422921,0.001666,0.144822,0.402661,0.00536,0.235296,0.141449,0.000258,0.19489,-0.060155,-0.12442,-0.03545,0.424003,0.001853,-0.141526,0.413109,0.003528,-0.231788,0.152859,-0.020258,-0.203161,-0.05229,-0.142386,0.094625,-5.90E-05,-0.002718,0.159127,-0.466196,0.072591,0.202085,-0.788959,0.186468,-0.094625,5.90E-05,0.002717,-0.16197,-0.471454,0.018714,-0.20626,-0.787434,0.149806
13.616666,0,0,0,-1.40E-05,0.076822,-0.004787,0.000425,0.271961,0.003937,0.003645,0.49284,-0.007764,-0.01446,0.642592,-0.039712,0.040464,0.42288,0.000732,0.145076,0.402365,0.003713,0.236711,0.141868,-0.009973,0.197699,-0.05783,-0.138113,-0.035168,0.423994,0.000948,-0.141224,0.41283,0.002043,-0.230729,0.153409,-0.031602,-0.201172,-0.048477,-0.158839,0.094621,-0.000161,-0.002876,0.160653,-0.466258,0.071347,0.205908,-0.791078,0.178274,-0.09462,0.000161,0.002876,-0.162138,-0.471391,0.016881,-0.206216,-0.787016,0.148896
13.633333,0,0,0,0.00011,0.076817,-0.004851,0.000744,0.271988,0.003107,0.003978,0.493088,-0.008473,-0.014311,0.643059,-0.040304,0.040789,0.422908,-1.00E-06,0.145397,0.402254,0.002024,0.238475,0.142984,-0.021629,0.200722,-0.054005,-0.154262,-0.034843,0.424025,0.000202,-0.140879,0.412633,0.000417,-0.229657,0.15471,-0.04473,-0.198775,-0.042738,-0.178453,0.094616,-0.000324,-0.002983,0.16353,-0.466144,0.070358,0.211933,-0.793306,0.168397,-0.094616,0.000324,0.002983,-0.162316,-0.471249,0.015321,-0.206248,-0.786562,0.148127
13.65,0,0,0,0.000309,0.077027,-0.00493,0.001164,0.272455,0.001878,0.004303,0.493987,-0.008894,-0.014179,0.644325,-0.04077,0.041141,0.423402,-0.000671,0.145813,0.402988,0.000115,0.240582,0.145548,-0.03432,0.203641,-0.047965,-0.172194,-0.034491,0.424485,-0.000454,-0.140523,0.413089,-0.001415,-0.228894,0.157419,-0.05856,-0.196232,-0.034564,-0.199615,0.094611,-0.000578,-0.003105,0.167534,-0.465827,0.069982,0.220196,-0.794871,0.159115,-0.094612,0.000579,0.003105,-0.162648,-0.47098,0.014014,-0.206689,-0.785949,0.147597
13.666666,0,0,0,0.000772,0.077639,-0.005059,0.002184,0.273718,0.000796,0.004954,0.495353,-0.010236,-0.013822,0.645814,-0.041886,0.041907,0.42473,-0.001917,0.14661,0.404462,-0.002119,0.242699,0.149386,-0.048441,0.20711,-0.040167,-0.192051,-0.033727,0.425685,-0.001719,-0.139734,0.41417,-0.003565,-0.227515,0.161514,-0.073574,-0.193391,-0.024514,-0.222065,0.094602,-0.001151,-0.003247,0.174683,-0.465362,0.068941,0.233201,-0.796241,0.146933,-0.094601,0.001151,0.003248,-0.162971,-0.470418,0.011244,-0.206864,-0.784539,0.146859
13.683333,0,0,0,-0.000164,0.075145,-0.00422,0.000925,0.268677,0.001801,0.004999,0.489959,-0.007593,-0.013581,0.640065,-0.039065,0.041539,0.419467,0.000209,0.146146,0.398784,-0.001547,0.244552,0.147278,-0.060751,0.210169,-0.037336,-0.210941,-0.034088,0.420867,0.000381,-0.140025,0.409025,-0.002914,-0.226092,0.160068,-0.08692,-0.190211,-0.018955,-0.243395,0.094622,4.90E-05,-0.002813,0.163623,-0.466406,0.066294,0.207459,-0.78663,0.186811,-0.094622,-4.90E-05,0.002812,-0.161316,-0.471764,0.015174,-0.205346,-0.787475,0.146999
13.7,0,0,0,-0.000244,0.075076,-0.00408,0.000735,0.268565,0.000732,0.005114,0.489754,-0.007671,-0.013577,0.639746,-0.039005,0.041557,0.419305,-0.000176,0.146197,0.398969,-0.003408,0.24699,0.152035,-0.076253,0.213287,-0.026263,-0.234032,-0.034068,0.420808,-2.20E-05,-0.139964,0.40913,-0.004839,-0.225476,0.165324,-0.103265,-0.187293,-0.005126,-0.268519,0.094625,0.000161,-0.002699,0.163356,-0.466434,0.065721,0.20723,-0.786517,0.186601,-0.094625,-0.00016,0.002699,-0.16121,-0.47191,0.014326,-0.205212,-0.787697,0.145977
13.716666,0,0,0,-0.000253,0.075066,-0.003984,0.00069,0.268563,-0.000281,0.0053,0.489546,-0.007827,-0.013517,0.639326,-0.038972,0.04167,0.419262,-0.000591,0.146339,0.399328,-0.005138,0.249321,0.157695,-0.091451,0.216628,-0.013702,-0.256904,-0.033953,0.420844,-0.000471,-0.139815,0.409524,-0.006701,-0.224941,0.171657,-0.119015,-0.184485,0.010223,-0.292573,0.094628,0.000181,-0.002592,0.163262,-0.466443,0.065723,0.207297,-0.786613,0.186314,-0.094628,-0.00018,0.002593,-0.161076,-0.471977,0.01303,-0.204894,-0.787723,0.14484
13.733333,0,0,0,-0.000246,0.075118,-0.003885,0.000703,0.268679,-0.00122,0.005512,0.489363,-0.007751,-0.013453,0.638841,-0.038644,0.041819,0.419342,-0.000808,0.146534,0.399995,-0.006643,0.25209,0.165299,-0.107735,0.220109,0.002723,-0.281999,-0.033803,0.420991,-0.000754,-0.139627,0.410249,-0.008465,-0.224476,0.179898,-0.135678,-0.181654,0.028916,-0.317866,0.094631,0.000181,-0.002494,0.163261,-0.46643,0.065919,0.207489,-0.786755,0.186025,-0.094631,-0.000181,0.002494,-0.160935,-0.472026,0.011567,-0.204499,-0.787662,0.143726
13.75,0,0,0,-0.000229,0.075381,-0.003787,0.000687,0.269211,-0.002083,0.005442,0.489454,-0.007566,-0.013533,0.638487,-0.03828,0.041772,0.419878,-0.000956,0.146581,0.401653,-0.008471,0.255056,0.175716,-0.125203,0.223967,0.021873,-0.307372,-0.033851,0.421512,-0.000909,-0.139639,0.411507,-0.009986,-0.224221,0.189883,-0.152006,-0.178971,0.050269,-0.342478,0.094635,0.00017,-0.002351,0.163299,-0.466456,0.06593,0.207641,-0.786961,0.185512,-0.094634,-0.000169,0.002351,-0.160735,-0.472067,0.010025,-0.204003,-0.787562,0.142618
13.766666,0,0,0,-0.000198,0.075532,-0.003689,0.000806,0.269514,-0.002831,0.00588,0.489487,-0.007143,-0.013147,0.638256,-0.037675,0.042101,0.420114,-0.000812,0.146958,0.402489,-0.009067,0.257366,0.185297,-0.139753,0.22702,0.042085,-0.330512,-0.033519,0.421856,-0.000946,-0.139275,0.41288,-0.011368,-0.223985,0.200688,-0.16706,-0.1767,0.072482,-0.364916,0.094638,0.00014,-0.00219,0.163332,-0.466528,0.065769,0.207672,-0.787138,0.18507,-0.094639,-0.00014,0.00219,-0.160513,-0.472088,0.008709,-0.203456,-0.787426,0.141777
13.783333,0,0,0,-0.000168,0.075768,-0.003597,0.000889,0.269982,-0.00367,0.006099,0.489584,-0.00679,-0.012924,0.638027,-0.036985,0.042276,0.420543,-0.000783,0.14721,0.403922,-0.010063,0.259916,0.197298,-0.155142,0.230277,0.065958,-0.354373,-0.033343,0.422334,-0.001018,-0.139055,0.41449,-0.012724,-0.22394,0.213372,-0.182401,-0.17454,0.098067,-0.387549,0.094642,0.000112,-0.002058,0.163301,-0.466642,0.065344,0.207537,-0.787321,0.184497,-0.094641,-0.000113,0.002058,-0.160268,-0.472107,0.007627,-0.202964,-0.787335,0.141037
13.8,0,0,0,-0.00014,0.076054,-0.0035,0.000981,0.270547,-0.004449,0.006369,0.489755,-0.006388,-0.012599,0.637872,-0.036196,0.042488,0.421056,-0.000688,0.147499,0.405456,-0.010836,0.262247,0.210207,-0.169428,0.233405,0.091962,-0.376806,-0.033128,0.422911,-0.001048,-0.138778,0.416427,-0.014072,-0.224193,0.227312,-0.196776,-0.17288,0.124851,-0.408172,0.094644,8.50E-05,-0.001926,0.163212,-0.46678,0.064794,0.207262,-0.787493,0.183926,-0.094644,-8.60E-05,0.001927,-0.160033,-0.472121,0.00671,-0.202493,-0.78727,0.140382
13.816666,0,0,0,-0.000125,0.076431,-0.003409,0.001038,0.271292,-0.005095,0.006477,0.489991,-0.005858,-0.01239,0.63769,-0.035199,0.042586,0.421766,-0.000504,0.147673,0.407413,-0.011647,0.26442,0.223847,-0.182277,0.236209,0.118061,-0.396363,-0.03303,0.423646,-0.000902,-0.138615,0.418457,-0.014988,-0.224237,0.241444,-0.209349,-0.171057,0.152074,-0.426153,0.094646,7.30E-05,-0.001846,0.163082,-0.466888,0.064341,0.206938,-0.787594,0.183564,-0.094646,-7.30E-05,0.001846,-0.159827,-0.472142,0.006118,-0.20208,-0.787248,0.139957
13.833333,0,0,0,-0.000113,0.076824,-0.003317,0.001048,0.272066,-0.005736,0.006514,0.490244,-0.005323,-0.012198,0.637534,-0.034143,0.042618,0.422506,-0.000297,0.147798,0.409709,-0.012424,0.266769,0.239333,-0.194802,0.239133,0.147096,-0.415143,-0.032997,0.424401,-0.000761,-0.13849,0.420916,-0.016013,-0.224746,0.257297,-0.221519,-0.169547,0.181605,-0.44298,0.094648,6.40E-05,-0.001746,0.162931,-0.466981,0.063999,0.206587,-0.787707,0.183244,-0.094647,-6.40E-05,0.001747,-0.159632,-0.472164,0.0056,-0.201743,-0.787226,0.139586
13.85,0,0,0,-0.000113,0.077249,-0.003226,0.001098,0.272902,-0.006298,0.006514,0.490502,-0.004703,-0.012027,0.63734,-0.032955,0.042638,0.423316,-3.00E-06,0.147908,0.412284,-0.013042,0.268844,0.255505,-0.206009,0.241829,0.176785,-0.431604,-0.032977,0.425202,-0.000534,-0.138341,0.423425,-0.016926,-0.22539,0.27388,-0.232564,-0.168665,0.211744,-0.457822,0.094649,6.80E-05,-0.00168,0.162773,-0.467032,0.063842,0.206272,-0.787755,0.183148,-0.094649,-6.90E-05,0.00168,-0.159482,-0.472191,0.005343,-0.201464,-0.787254,0.139368
13.866666,0,0,0,-0.000108,0.077761,-0.003153,0.001146,0.273913,-0.006715,0.006455,0.490927,-0.003981,-0.011887,0.637288,-0.03178,0.042616,0.42431,0.000412,0.147975,0.415192,-0.013373,0.270962,0.271827,-0.215268,0.244268,0.205904,-0.444966,-0.032999,0.426167,-0.000187,-0.13822,0.426023,-0.017565,-0.225801,0.289906,-0.241714,-0.167912,0.240598,-0.469831,0.09465,6.40E-05,-0.001636,0.162635,-0.467053,0.063905,0.206035,-0.787779,0.18324,-0.09465,-6.50E-05,0.001636,-0.159368,-0.472202,0.005327,-0.201212,-0.787301,0.139312
13.883333,0,0,0,-9.10E-05,0.078362,-0.003064,0.00126,0.275102,-0.007023,0.006388,0.491396,-0.00306,-0.011712,0.637154,-0.030416,0.042609,0.425486,0.001017,0.148059,0.418703,-0.013402,0.273337,0.289968,-0.223585,0.246948,0.237266,-0.456711,-0.033006,0.427292,0.000323,-0.138045,0.428925,-0.018057,-0.226248,0.307115,-0.250062,-0.167252,0.271191,-0.480389,0.09465,4.70E-05,-0.001601,0.162496,-0.467067,0.064101,0.205823,-0.7878,0.183447,-0.094651,-4.70E-05,0.001602,-0.159238,-0.4722,0.005549,-0.200934,-0.787402,0.139338
13.9,0,0,0,-3.20E-05,0.078845,-0.002944,0.001495,0.276055,-0.007258,0.006571,0.491689,-0.0021,-0.011361,0.636902,-0.029027,0.042814,0.426399,0.001656,0.14829,0.421817,-0.013421,0.275239,0.307774,-0.230952,0.249219,0.268388,-0.46673,-0.032801,0.428197,0.000906,-0.13764,0.431672,-0.018335,-0.226481,0.324076,-0.257023,-0.1664,0.301382,-0.488745,0.094651,-1.90E-05,-0.001563,0.162392,-0.467092,0.064543,0.205672,-0.787835,0.183877,-0.094651,2.00E-05,0.001562,-0.159029,-0.472157,0.006084,-0.200555,-0.787527,0.139529
13.916666,0,0,0,5.80E-05,0.078887,-0.00281,0.001738,0.27612,-0.007727,0.007492,0.491419,-0.001629,-0.010409,0.636452,-0.027937,0.043545,0.426292,0.001772,0.148884,0.422289,-0.014391,0.275699,0.321589,-0.238487,0.250848,0.297069,-0.476395,-0.032065,0.42833,0.001183,-0.136726,0.434013,-0.018495,-0.226872,0.339789,-0.262293,-0.165866,0.329073,-0.494636,0.094651,-0.000125,-0.001547,0.162421,-0.4671,0.065217,0.205795,-0.787798,0.184638,-0.094651,0.000125,0.001547,-0.158688,-0.472089,0.007011,-0.199985,-0.787683,0.139995
13.933333,0,0,0,0.000195,0.078746,-0.002631,0.001931,0.275813,-0.008232,0.008644,0.490846,-0.001356,-0.009312,0.6358,-0.026846,0.044436,0.425766,0.001636,0.149475,0.421302,-0.016267,0.275335,0.334227,-0.24653,0.252235,0.327265,-0.485777,-0.031167,0.428133,0.001412,-0.135636,0.436395,-0.018377,-0.227448,0.356239,-0.26655,-0.165281,0.357957,-0.498829,0.094652,-0.000284,-0.00147,0.162416,-0.467144,0.066101,0.205821,-0.787795,0.185637,-0.094652,0.000284,0.00147,-0.158256,-0.471971,0.008225,-0.199328,-0.787857,0.140584
13.95,0,0,0,0.000365,0.078877,-0.002383,0.002182,0.276058,-0.008264,0.009252,0.490547,-0.000526,-0.008694,0.635104,-0.025379,0.044962,0.425899,0.002107,0.149739,0.421487,-0.017282,0.275214,0.346818,-0.252065,0.25319,0.355609,-0.49135,-0.030637,0.42839,0.002114,-0.134862,0.438859,-0.017913,-0.227957,0.37228,-0.269593,-0.164985,0.385739,-0.501268,0.094654,-0.000477,-0.001294,0.162353,-0.467245,0.066971,0.205679,-0.78784,0.186686,-0.094654,0.000477,0.001295,-0.157804,-0.471816,0.009495,-0.198666,-0.788062,0.141058
13.966666,0,0,0,0.000529,0.079106,-0.002079,0.002518,0.27651,-0.007877,0.009409,0.490372,0.000757,-0.00844,0.63438,-0.02383,0.045192,0.426338,0.00309,0.14981,0.423117,-0.017364,0.275668,0.359903,-0.255285,0.253798,0.380878,-0.493826,-0.030409,0.428769,0.003201,-0.134372,0.441059,-0.017151,-0.228495,0.386898,-0.271414,-0.164963,0.41104,-0.502068,0.094655,-0.000661,-0.001076,0.162196,-0.467369,0.067762,0.205345,-0.787919,0.187659,-0.094656,0.000661,0.001077,-0.157314,-0.471669,0.010787,-0.198002,-0.78833,0.141401
13.983333,0,0,0,0.000657,0.079524,-0.001686,0.002845,0.277344,-0.007213,0.009171,0.490348,0.002354,-0.008547,0.63353,-0.022211,0.045137,0.427226,0.00447,0.14969,0.426135,-0.016527,0.276693,0.374584,-0.256645,0.253968,0.406192,-0.493934,-0.03047,0.42947,0.00452,-0.134115,0.443369,-0.016411,-0.229027,0.401607,-0.272714,-0.165096,0.436204,-0.501925,0.094656,-0.000801,-0.000853,0.16182,-0.467487,0.0685,0.204647,-0.788016,0.18857,-0.094657,0.0008,0.000853,-0.156962,-0.471541,0.012159,-0.197511,-0.788719,0.141557
14,0,0,0,0.000713,0.080008,-0.001229,0.002983,0.278315,-0.006286,0.008452,0.490412,0.004289,-0.009069,0.632687,-0.020491,0.044674,0.428299,0.006235,0.149213,0.429999,-0.014795,0.277856,0.389877,-0.256216,0.253739,0.430077,-0.492062,-0.030941,0.430255,0.0061,-0.134245,0.445499,-0.015568,-0.229765,0.41552,-0.273289,-0.16555,0.45983,-0.500739,0.094657,-0.000855,-0.000716,0.161276,-0.467542,0.069147,0.203725,-0.78807,0.189354,-0.094657,0.000854,0.000717,-0.156778,-0.471475,0.013448,-0.197288,-0.789193,0.141527
14.016666,0,0,0,0.000749,0.080562,-0.000779,0.003081,0.279429,-0.005295,0.007848,0.490622,0.006272,-0.009419,0.631997,-0.0188,0.044277,0.429477,0.008058,0.148791,0.433838,-0.012708,0.279094,0.40399,-0.254727,0.2535,0.451366,-0.48908,-0.031343,0.431202,0.007739,-0.134334,0.447626,-0.014547,-0.230681,0.428101,-0.272963,-0.16633,0.481202,-0.498484,0.094657,-0.000887,-0.000741,0.160794,-0.467523,0.069914,0.203015,-0.788033,0.19025,-0.094656,0.000887,0.000741,-0.156687,-0.471421,0.014636,-0.197025,-0.789598,0.141625
14.033333,0,0,0,0.000864,0.080995,0.000159,0.003395,0.280314,-0.003166,0.00751,0.490642,0.009023,-0.009439,0.631117,-0.016526,0.044125,0.430437,0.010765,0.148599,0.437541,-0.009442,0.280184,0.418806,-0.251885,0.2531,0.473029,-0.484582,-0.031498,0.431947,0.010248,-0.134214,0.449264,-0.012623,-0.231737,0.440688,-0.271195,-0.167439,0.502872,-0.4944,0.094655,-0.001007,-0.000894,0.160306,-0.467425,0.071637,0.202461,-0.788054,0.191679,-0.094654,0.001007,0.000895,-0.156315,-0.471286,0.016813,-0.196335,-0.790276,0.141846
14.05,0,0,0,0.000936,0.081547,0.000497,0.00342,0.28143,-0.002245,0.006807,0.490933,0.011494,-0.009834,0.630599,-0.014557,0.043617,0.43157,0.012979,0.147994,0.44123,-0.006653,0.281188,0.432743,-0.248788,0.252708,0.493095,-0.479803,-0.032008,0.432846,0.012169,-0.134388,0.451347,-0.011274,-0.232774,0.45263,-0.269657,-0.168555,0.523253,-0.490358,0.094654,-0.001079,-0.000927,0.159951,-0.467424,0.072389,0.201959,-0.788053,0.192481,-0.094653,0.00108,0.000927,-0.156202,-0.471198,0.017695,-0.195977,-0.790531,0.141929
14.066666,0,0,0,0.001083,0.082749,0.001359,0.00382,0.283859,0.000624,0.00515,0.492044,0.015851,-0.010806,0.630249,-0.011686,0.042461,0.434225,0.017559,0.146739,0.449674,0.00142,0.284134,0.452712,-0.238487,0.253221,0.509378,-0.470122,-0.033151,0.434852,0.015594,-0.135166,0.453471,-0.009303,-0.233721,0.46328,-0.267438,-0.17007,0.541463,-0.485743,0.094651,-0.001224,-0.00089,0.159408,-0.467493,0.073381,0.201156,-0.788255,0.193207,-0.094652,0.001225,0.000891,-0.156043,-0.471017,0.019185,-0.195826,-0.791011,0.141705
14.083333,0,0,0,0.001179,0.083449,0.002149,0.004021,0.285275,0.00328,0.003982,0.492605,0.020315,-0.011232,0.629839,-0.008808,0.041585,0.435691,0.02209,0.145529,0.455861,0.009341,0.286114,0.471785,-0.228201,0.253765,0.526167,-0.460187,-0.033994,0.435925,0.019073,-0.13559,0.455179,-0.007027,-0.234731,0.473687,-0.264462,-0.171405,0.559278,-0.480066,0.09465,-0.001314,-0.000904,0.159079,-0.467447,0.074493,0.200709,-0.788263,0.194217,-0.094651,0.001314,0.000905,-0.155871,-0.470896,0.020559,-0.195483,-0.791405,0.14178
14.1,0,0,0,0.001168,0.083548,0.00293,0.003789,0.285484,0.005656,0.003125,0.492429,0.024287,-0.011332,0.629192,-0.006228,0.040828,0.435825,0.026046,0.144606,0.458211,0.015922,0.28661,0.487748,-0.21946,0.254069,0.542582,-0.451313,-0.034715,0.435927,0.022212,-0.135862,0.456222,-0.004825,-0.235483,0.482971,-0.261347,-0.172375,0.575721,-0.474034,0.09465,-0.00129,-0.000947,0.158931,-0.467214,0.075859,0.200591,-0.788109,0.195359,-0.09465,0.001289,0.000946,-0.155421,-0.4709,0.022414,-0.194873,-0.791945,0.142262
14.116666,0,0,0,0.001092,0.083199,0.003431,0.003241,0.284795,0.007091,0.002475,0.491695,0.026896,-0.011314,0.628415,-0.004398,0.040185,0.435025,0.028444,0.144083,0.45716,0.019021,0.285711,0.497921,-0.214908,0.253404,0.557641,-0.445582,-0.035346,0.435135,0.024381,-0.136137,0.456888,-0.002851,-0.236473,0.491043,-0.258212,-0.173883,0.590597,-0.467955,0.094651,-0.001197,-0.001068,0.158918,-0.466944,0.076817,0.20071,-0.787886,0.196144,-0.09465,0.001197,0.001069,-0.155148,-0.470987,0.023388,-0.194249,-0.792334,0.142538
14.133333,0,0,0,0.000936,0.082091,0.003628,0.002304,0.282596,0.007078,0.002341,0.489968,0.027372,-0.010862,0.627322,-0.003706,0.039872,0.432658,0.028522,0.144273,0.450913,0.016663,0.28281,0.499772,-0.217568,0.251397,0.574158,-0.444066,-0.035682,0.433024,0.024916,-0.135984,0.45703,-0.002227,-0.235933,0.499126,-0.256554,-0.172697,0.603145,-0.463925,0.094651,-0.001028,-0.001151,0.159049,-0.466565,0.077871,0.201037,-0.78752,0.197096,-0.094651,0.001029,0.001152,-0.154686,-0.471151,0.02478,-0.193625,-0.792801,0.143164
14.15,0,0,0,0.00085,0.082028,0.00385,0.001955,0.282478,0.00749,0.002049,0.489476,0.028225,-0.010759,0.626521,-0.002902,0.039576,0.432487,0.029215,0.144048,0.449688,0.01644,0.282247,0.505356,-0.216467,0.250204,0.587898,-0.440032,-0.035984,0.43287,0.025735,-0.136007,0.457966,-0.00145,-0.236357,0.506256,-0.254514,-0.172739,0.615078,-0.459286,0.094653,-0.00093,-0.001085,0.158847,-0.466404,0.078468,0.200712,-0.787428,0.197553,-0.094653,0.00093,0.001086,-0.154625,-0.471214,0.025574,-0.193652,-0.793104,0.143273
14.166666,0,0,0,0.00087,0.082253,0.004015,0.002175,0.282931,0.007897,0.002476,0.48947,0.029376,-0.01027,0.626071,-0.00202,0.039948,0.43282,0.030177,0.14434,0.450465,0.017352,0.283079,0.511169,-0.213971,0.249716,0.599204,-0.435235,-0.035612,0.433289,0.026726,-0.135501,0.459042,-0.00034,-0.237258,0.512261,-0.251849,-0.173881,0.62577,-0.454136,0.094652,-0.000948,-0.001095,0.158679,-0.466353,0.078997,0.200461,-0.787352,0.198177,-0.094653,0.000949,0.001095,-0.154538,-0.471167,0.026338,-0.1935,-0.793256,0.143515
14.183333,0,0,0,0.000921,0.082467,0.004122,0.002522,0.283359,0.008136,0.003205,0.489384,0.030377,-0.009569,0.625488,-0.001255,0.040584,0.433096,0.03094,0.144891,0.450986,0.017765,0.284122,0.515724,-0.212165,0.249193,0.610418,-0.430418,-0.03498,0.433706,0.027615,-0.134784,0.460054,0.000809,-0.238342,0.518019,-0.24891,-0.175046,0.636112,-0.448583,0.094651,-0.001001,-0.001128,0.158507,-0.46632,0.0796,0.200223,-0.787272,0.198929,-0.094652,0.001001,0.001127,-0.154396,-0.471094,0.02707,-0.193227,-0.793367,0.143785
14.2,0,0,0,0.001011,0.082678,0.004348,0.002969,0.283781,0.008749,0.003821,0.489299,0.031529,-0.00914,0.624873,-0.00035,0.041162,0.433425,0.031942,0.145087,0.452993,0.018145,0.283423,0.523,-0.210778,0.248096,0.621338,-0.427349,-0.034405,0.434098,0.028696,-0.134176,0.46072,0.002038,-0.23921,0.522935,-0.246037,-0.176079,0.645227,-0.443218,0.094651,-0.001102,-0.001055,0.158296,-0.466314,0.080449,0.199852,-0.787339,0.199636,-0.094652,0.001102,0.001055,-0.154267,-0.470942,0.02819,-0.193213,-0.793531,0.143991
14.216666,0,0,0,0.001033,0.082616,0.004655,0.003063,0.283657,0.009804,0.004219,0.489046,0.03332,-0.008708,0.624427,0.000801,0.041464,0.43315,0.033616,0.145218,0.453516,0.019695,0.28334,0.528882,-0.207651,0.247824,0.630254,-0.422787,-0.034096,0.433965,0.030212,-0.133741,0.461002,0.003502,-0.23958,0.527137,-0.243213,-0.176677,0.652943,-0.438244,0.094651,-0.00112,-0.001116,0.158306,-0.466168,0.081313,0.199941,-0.787265,0.200282,-0.094651,0.001121,0.001116,-0.154053,-0.47089,0.029283,-0.192999,-0.793715,0.14442
14.233333,0,0,0,0.00103,0.082625,0.004933,0.003025,0.283674,0.010699,0.004192,0.488843,0.034951,-0.008582,0.623987,0.001962,0.041422,0.43307,0.035124,0.145146,0.453759,0.021454,0.284047,0.53374,-0.203831,0.248277,0.638696,-0.4172,-0.034131,0.433917,0.031591,-0.133671,0.46135,0.004892,-0.240229,0.530891,-0.240574,-0.177379,0.65994,-0.433493,0.094651,-0.001111,-0.001154,0.158243,-0.466036,0.082016,0.199902,-0.787179,0.20085,-0.09465,0.001111,0.001154,-0.153999,-0.470867,0.029978,-0.192954,-0.793819,0.144756
14.25,0,0,0,0.001024,0.082726,0.005152,0.003028,0.283874,0.011452,0.004201,0.4888,0.036354,-0.008469,0.623717,0.003079,0.041428,0.433186,0.036372,0.145105,0.454202,0.022838,0.284524,0.537677,-0.200854,0.248147,0.645658,-0.412605,-0.034124,0.434049,0.032826,-0.133606,0.461838,0.006283,-0.240951,0.53413,-0.238043,-0.178154,0.665776,-0.429216,0.094651,-0.001098,-0.001178,0.158176,-0.465906,0.08269,0.199848,-0.787064,0.201478,-0.09465,0.001097,0.001178,-0.154007,-0.470841,0.030635,-0.193018,-0.793901,0.145089
14.266666,0,0,0,0.001017,0.082738,0.005327,0.00298,0.283894,0.012072,0.004098,0.488717,0.037522,-0.008479,0.623515,0.003882,0.041337,0.433146,0.037417,0.144975,0.454461,0.02406,0.284908,0.5408,-0.198219,0.248013,0.651236,-0.40861,-0.034213,0.434004,0.033829,-0.133641,0.462049,0.007348,-0.241554,0.536597,-0.236047,-0.178766,0.670334,-0.425767,0.09465,-0.001084,-0.001223,0.158078,-0.465806,0.083195,0.199743,-0.786993,0.201909,-0.094649,0.001085,0.001222,-0.154084,-0.470823,0.03099,-0.193158,-0.793917,0.145331
14.283333,0,0,0,0.001047,0.082701,0.005528,0.003155,0.283827,0.012438,0.004156,0.488483,0.038101,-0.008363,0.623114,0.004345,0.041438,0.43308,0.037893,0.14499,0.455006,0.024859,0.28612,0.544089,-0.195574,0.248069,0.656046,-0.404952,-0.034118,0.433885,0.034422,-0.133546,0.462053,0.008074,-0.24231,0.538494,-0.234354,-0.1794,0.674066,-0.422725,0.094647,-0.001106,-0.001378,0.158031,-0.46577,0.083392,0.199832,-0.786924,0.202146,-0.094648,0.001106,0.001378,-0.154188,-0.470787,0.031172,-0.193281,-0.793925,0.145382
14.3,0,0,0,0.001072,0.082756,0.005765,0.003001,0.283933,0.013276,0.00347,0.48807,0.039697,-0.00943,0.622542,0.0072,0.040898,0.433184,0.039312,0.144395,0.455371,0.026285,0.28584,0.546318,-0.193182,0.247562,0.660003,-0.401585,-0.034661,0.433804,0.035868,-0.134046,0.462028,0.009416,-0.24293,0.540301,-0.232372,-0.180236,0.677536,-0.419609,0.094644,-0.001112,-0.001629,0.157826,-0.465682,0.083799,0.199637,-0.786782,0.202697,-0.094643,0.001112,0.00163,-0.154502,-0.470742,0.0314,-0.193649,-0.793832,0.145724
14.316666,0,0,0,0.001059,0.082652,0.005909,0.003039,0.283726,0.013701,0.003453,0.487875,0.040387,-0.009581,0.622413,0.008015,0.040888,0.432948,0.039969,0.144361,0.455347,0.02711,0.286124,0.54784,-0.191504,0.24764,0.662341,-0.399423,-0.034667,0.433563,0.036439,-0.13404,0.461804,0.009961,-0.243464,0.541044,-0.231267,-0.180554,0.679736,-0.417354,0.094645,-0.001103,-0.001527,0.157749,-0.465689,0.083879,0.19948,-0.786874,0.202574,-0.094645,0.001102,0.001528,-0.154476,-0.470758,0.031255,-0.193668,-0.793886,0.145458
14.333333,0,0,0,0.001049,0.082648,0.005971,0.002961,0.283716,0.013891,0.003264,0.487822,0.0408,-0.009821,0.622361,0.008512,0.040728,0.432929,0.040326,0.14419,0.455429,0.027561,0.286391,0.54888,-0.19036,0.247492,0.664284,-0.397701,-0.034827,0.433507,0.036791,-0.134209,0.461762,0.010363,-0.244017,0.541676,-0.230468,-0.180999,0.681267,-0.415845,0.094646,-0.001093,-0.001484,0.157592,-0.465716,0.083836,0.199199,-0.786909,0.202553,-0.094646,0.001094,0.001484,-0.154585,-0.470761,0.031095,-0.193814,-0.793876,0.14532
14.35,0,0,0,0.0012,0.083501,0.005972,0.004217,0.285441,0.013063,0.00615,0.48924,0.039303,-0.008206,0.623472,0.007916,0.043244,0.434476,0.038666,0.147013,0.454155,0.023891,0.290851,0.540738,-0.195783,0.246895,0.664365,-0.39729,-0.032337,0.43555,0.035891,-0.132072,0.463359,0.010333,-0.245018,0.541975,-0.229472,-0.18231,0.682052,-0.414587,0.09464,-0.001239,-0.001709,0.157095,-0.465815,0.084221,0.19854,-0.786999,0.203021,-0.094641,0.001238,0.001709,-0.155257,-0.470507,0.031687,-0.194817,-0.793627,0.145785
14.366666,0,0,0,0.001375,0.083832,0.005863,0.004942,0.286113,0.012227,0.006535,0.489927,0.038085,-0.008846,0.624276,0.007865,0.043744,0.435276,0.037416,0.146822,0.458019,0.022209,0.294217,0.53828,-0.19751,0.246616,0.664335,-0.396673,-0.031849,0.436184,0.034916,-0.131897,0.463042,0.009565,-0.245766,0.541831,-0.229746,-0.182294,0.682299,-0.414304,0.09464,-0.001446,-0.001533,0.157057,-0.466117,0.083911,0.19837,-0.787358,0.202601,-0.094641,0.001446,0.001533,-0.155211,-0.470314,0.031354,-0.194928,-0.793528,0.14513
14.383333,0,0,0,0.001379,0.083763,0.00586,0.004903,0.285975,0.012269,0.00643,0.489772,0.038266,-0.009117,0.624153,0.008273,0.043654,0.435132,0.037572,0.146473,0.458943,0.02224,0.294717,0.537858,-0.197396,0.246752,0.664168,-0.396309,-0.031938,0.436021,0.035048,-0.132028,0.462674,0.009646,-0.245979,0.541824,-0.229508,-0.182593,0.6823,-0.41409,0.094641,-0.001452,-0.001512,0.157031,-0.466182,0.083633,0.198282,-0.787407,0.202387,-0.094641,0.001452,0.001512,-0.155272,-0.470323,0.030984,-0.195054,-0.793504,0.144832
14.4,0,0,0,0.001407,0.083682,0.005898,0.005026,0.285813,0.012298,0.006664,0.489619,0.038227,-0.008906,0.624031,0.008387,0.043858,0.434957,0.037559,0.146632,0.458933,0.022189,0.295208,0.537349,-0.197402,0.247158,0.66357,-0.396352,-0.031734,0.435888,0.035019,-0.13182,0.462499,0.00956,-0.245755,0.541506,-0.229649,-0.182478,0.681787,-0.414415,0.094639,-0.001479,-0.0016,0.157242,-0.46623,0.083271,0.198658,-0.787457,0.201963,-0.094638,0.001478,0.0016,-0.15512,-0.470348,0.030556,-0.194761,-0.79351,0.144507
14.416666,0,0,0,0.001426,0.083636,0.005928,0.005067,0.285724,0.012333,0.0067,0.48954,0.038181,-0.00889,0.623981,0.008482,0.043892,0.434877,0.037552,0.146681,0.458828,0.02224,0.295362,0.536896,-0.197403,0.247189,0.662797,-0.396526,-0.031698,0.435809,0.034977,-0.131781,0.462378,0.009463,-0.245645,0.541134,-0.229863,-0.182524,0.681124,-0.414904,0.094638,-0.001496,-0.001657,0.15733,-0.466261,0.083074,0.198821,-0.78752,0.201654,-0.094637,0.001496,0.001658,-0.155051,-0.470366,0.030169,-0.194608,-0.793502,0.144222
14.433333,0,0,0,0.001424,0.083632,0.005937,0.005004,0.285716,0.012329,0.006524,0.489545,0.038081,-0.009109,0.624012,0.008522,0.04374,0.434897,0.037517,0.146544,0.45883,0.022279,0.29529,0.536501,-0.197461,0.247105,0.662051,-0.396802,-0.031848,0.435796,0.034863,-0.131934,0.462283,0.009275,-0.245684,0.540636,-0.230237,-0.182748,0.680236,-0.415634,0.094639,-0.001498,-0.001579,0.157282,-0.4663,0.082983,0.19869,-0.78762,0.201425,-0.094638,0.001499,0.00158,-0.155107,-0.470375,0.029762,-0.194737,-0.793428,0.144027
14.45,0,0,0,0.001406,0.0836,0.005933,0.004952,0.285654,0.012333,0.006375,0.489493,0.038003,-0.009291,0.623991,0.008604,0.043609,0.434857,0.037508,0.14643,0.458825,0.022438,0.295417,0.536298,-0.197208,0.247108,0.661254,-0.396892,-0.031976,0.435731,0.034759,-0.132064,0.462128,0.009087,-0.245618,0.539931,-0.230697,-0.182913,0.679063,-0.416524,0.09464,-0.001488,-0.001466,0.157308,-0.466332,0.082849,0.19867,-0.787708,0.201156,-0.094641,0.001488,0.001466,-0.155096,-0.470404,0.029378,-0.194778,-0.793365,0.143882
14.466666,0,0,0,0.001383,0.083563,0.005915,0.004882,0.285578,0.012289,0.006271,0.489432,0.037852,-0.00942,0.623952,0.008567,0.04351,0.434799,0.03741,0.146355,0.458713,0.022424,0.295513,0.535924,-0.197199,0.247075,0.660439,-0.397128,-0.032073,0.435665,0.034611,-0.132161,0.462016,0.008887,-0.245447,0.539226,-0.231214,-0.182859,0.677776,-0.417515,0.094642,-0.001467,-0.0014,0.157338,-0.46634,0.082732,0.198679,-0.787757,0.200935,-0.094642,0.001468,0.001401,-0.155102,-0.470435,0.029127,-0.194824,-0.793314,0.143848
14.483333,0,0,0,0.001356,0.083528,0.005889,0.004745,0.285509,0.012215,0.006072,0.48938,0.037645,-0.009624,0.62392,0.008456,0.043327,0.434757,0.037243,0.146194,0.458542,0.022202,0.295294,0.535289,-0.197623,0.246798,0.659596,-0.397666,-0.032257,0.435599,0.034434,-0.13236,0.46188,0.008699,-0.245333,0.538275,-0.231811,-0.182834,0.676184,-0.418617,0.094643,-0.00144,-0.001361,0.157373,-0.466333,0.082638,0.198715,-0.787807,0.200686,-0.094643,0.001441,0.00136,-0.155119,-0.470471,0.028901,-0.194876,-0.793265,0.143849
14.5,0,0,0,0.001343,0.083515,0.005862,0.004686,0.285485,0.012118,0.005995,0.489382,0.037332,-0.009625,0.623903,0.008014,0.043251,0.43476,0.037009,0.146145,0.458492,0.022068,0.29539,0.534867,-0.197788,0.246648,0.658638,-0.398104,-0.032331,0.435597,0.034157,-0.132441,0.461834,0.008403,-0.245144,0.537343,-0.232513,-0.182832,0.674332,-0.420057,0.094643,-0.001427,-0.001348,0.157403,-0.466332,0.082566,0.198764,-0.787867,0.200441,-0.094644,0.001428,0.001348,-0.155175,-0.470484,0.028753,-0.194989,-0.793193,0.143922
14.516666,0,0,0,0.001346,0.083485,0.005831,0.00467,0.285427,0.011981,0.005995,0.489403,0.036866,-0.009432,0.623847,0.00692,0.043243,0.434737,0.036646,0.146162,0.458451,0.021852,0.295504,0.534434,-0.198075,0.246359,0.657465,-0.398748,-0.032337,0.435581,0.033756,-0.132481,0.461705,0.008019,-0.245043,0.536152,-0.233292,-0.182669,0.672406,-0.421351,0.094644,-0.001432,-0.001343,0.157438,-0.466338,0.08253,0.198828,-0.787933,0.200232,-0.094643,0.001431,0.001342,-0.15524,-0.470477,0.02868,-0.195133,-0.793102,0.144054
14.533333,0,0,0,0.001365,0.083521,0.005809,0.004661,0.285497,0.011988,0.005968,0.489548,0.036717,-0.008936,0.623877,0.005754,0.043213,0.434825,0.036581,0.146192,0.458427,0.022022,0.295462,0.534075,-0.198068,0.246145,0.65613,-0.399295,-0.032363,0.435671,0.033597,-0.132542,0.461684,0.007882,-0.244679,0.534776,-0.234041,-0.182333,0.670126,-0.42276,0.094642,-0.001451,-0.001385,0.15755,-0.466328,0.082568,0.199036,-0.787941,0.200187,-0.094643,0.001451,0.001385,-0.155351,-0.470442,0.028727,-0.195284,-0.79292,0.1445
14.55,0,0,0,0.001304,0.083409,0.005694,0.004714,0.28527,0.011651,0.006267,0.489412,0.036073,-0.008378,0.623746,0.00477,0.043439,0.434585,0.036051,0.146462,0.457992,0.021489,0.295535,0.533097,-0.19892,0.246329,0.654,-0.400867,-0.032133,0.435526,0.032991,-0.132336,0.461368,0.007198,-0.243774,0.532723,-0.235565,-0.181408,0.667055,-0.425004,0.094648,-0.001411,-0.001009,0.157786,-0.466368,0.082326,0.199246,-0.788148,0.199496,-0.094648,0.001411,0.001008,-0.154973,-0.470529,0.028388,-0.194951,-0.793026,0.144093
14.566666,0,0,0,0.001251,0.083361,0.005551,0.004512,0.285169,0.011361,0.006039,0.489479,0.035625,-0.008526,0.623955,0.004238,0.04322,0.434511,0.035621,0.146284,0.457761,0.021104,0.295135,0.532228,-0.199672,0.246062,0.651514,-0.402611,-0.032354,0.435436,0.032584,-0.132607,0.461104,0.006814,-0.243222,0.530616,-0.236858,-0.181113,0.663752,-0.427223,0.09465,-0.001362,-0.00089,0.157802,-0.466425,0.08184,0.199183,-0.78824,0.198942,-0.09465,0.001362,0.00089,-0.155091,-0.470573,0.028098,-0.195224,-0.793017,0.143894
14.583333,0,0,0,0.001228,0.083271,0.005479,0.00443,0.284986,0.011251,0.005881,0.489455,0.035319,-0.008628,0.624092,0.004006,0.043081,0.434368,0.035354,0.146185,0.457478,0.02089,0.29475,0.530932,-0.200417,0.246119,0.648034,-0.404729,-0.032493,0.435262,0.03232,-0.132807,0.460663,0.006526,-0.242323,0.52769,-0.238337,-0.18067,0.659074,-0.430063,0.09465,-0.001336,-0.000906,0.157896,-0.466448,0.081476,0.199345,-0.788318,0.198402,-0.09465,0.001336,0.000907,-0.155166,-0.470604,0.027867,-0.195366,-0.79301,0.143746
14.6,0,0,0,0.001156,0.083197,0.005401,0.004177,0.284834,0.011276,0.005458,0.48952,0.035292,-0.00905,0.624408,0.004145,0.042705,0.434258,0.035317,0.145847,0.457196,0.020854,0.293855,0.529253,-0.201283,0.245924,0.643574,-0.407328,-0.032871,0.435085,0.032296,-0.133291,0.460171,0.006605,-0.241542,0.524243,-0.239607,-0.180444,0.65335,-0.433049,0.094652,-0.001268,-0.000744,0.157788,-0.466439,0.081389,0.199089,-0.788376,0.198182,-0.094653,0.001268,0.000745,-0.155411,-0.47064,0.027727,-0.195862,-0.792939,0.143816
14.616666,0,0,0,0.001109,0.08309,0.005344,0.00402,0.284614,0.011274,0.005228,0.489469,0.035125,-0.009288,0.624554,0.004182,0.042502,0.434078,0.035138,0.145686,0.456781,0.020607,0.293315,0.52718,-0.202314,0.246217,0.638313,-0.410286,-0.033078,0.434866,0.032205,-0.133609,0.459574,0.006583,-0.240373,0.520143,-0.24116,-0.179956,0.64659,-0.436562,0.094653,-0.001216,-0.000732,0.157827,-0.466436,0.081094,0.199143,-0.78843,0.197726,-0.094653,0.001216,0.000731,-0.155559,-0.470685,0.027494,-0.196107,-0.792916,0.143737
14.633333,0,0,0,0.001083,0.082975,0.005254,0.003963,0.284381,0.011069,0.005174,0.489414,0.034624,-0.009454,0.624755,0.004219,0.042465,0.433894,0.034589,0.145618,0.456405,0.019544,0.292603,0.525707,-0.204144,0.248188,0.633451,-0.414477,-0.033123,0.434651,0.031889,-0.133822,0.458887,0.006474,-0.23907,0.515115,-0.242936,-0.179316,0.637999,-0.4408,0.094654,-0.001186,-0.000754,0.157915,-0.466446,0.080778,0.199293,-0.788463,0.197322,-0.094653,0.001187,0.000754,-0.155707,-0.470711,0.027229,-0.196337,-0.792845,0.143712
14.65,0,0,0,0.001035,0.082785,0.005176,0.003735,0.283996,0.011113,0.00483,0.489449,0.034434,-0.009731,0.625257,0.004295,0.04215,0.433562,0.034437,0.145446,0.455459,0.019467,0.292358,0.521852,-0.205149,0.250021,0.625553,-0.417928,-0.033438,0.434273,0.031722,-0.134255,0.457929,0.006229,-0.237434,0.509369,-0.245071,-0.178479,0.628215,-0.445623,0.094654,-0.00114,-0.00071,0.158114,-0.466504,0.080073,0.199558,-0.788528,0.196573,-0.094655,0.001139,0.00071,-0.155823,-0.470786,0.026409,-0.19655,-0.792755,0.143317
14.666666,0,0,0,0.000995,0.08261,0.005078,0.003564,0.28364,0.01104,0.004534,0.489496,0.03405,-0.01012,0.625807,0.004559,0.041886,0.433269,0.034114,0.145327,0.454501,0.019187,0.291826,0.517207,-0.206754,0.250491,0.616936,-0.421619,-0.033702,0.43393,0.031386,-0.134616,0.457035,0.005772,-0.235636,0.503565,-0.247356,-0.177183,0.617511,-0.450876,0.094655,-0.001095,-0.000717,0.158309,-0.466556,0.079347,0.199833,-0.78855,0.195906,-0.094654,0.001095,0.000718,-0.156018,-0.470854,0.025505,-0.196848,-0.792586,0.143027
14.683333,0,0,0,0.000958,0.082438,0.004967,0.003381,0.283289,0.010964,0.004283,0.489733,0.033563,-0.010424,0.626667,0.004444,0.041657,0.432987,0.033666,0.145299,0.453202,0.018722,0.291064,0.510973,-0.209004,0.249417,0.60673,-0.425609,-0.033933,0.433609,0.030997,-0.135089,0.45584,0.005563,-0.234785,0.496243,-0.249138,-0.17692,0.605249,-0.455513,0.094655,-0.001052,-0.000775,0.158564,-0.46665,0.078285,0.200209,-0.788577,0.194985,-0.094654,0.001053,0.000776,-0.156313,-0.47093,0.024154,-0.197266,-0.79231,0.142592
14.7,0,0,0,0.000922,0.082296,0.004835,0.003255,0.283,0.010846,0.004204,0.490074,0.03298,-0.010598,0.62766,0.004213,0.041567,0.432748,0.033148,0.14544,0.451799,0.018282,0.290329,0.503478,-0.211457,0.247926,0.595356,-0.429589,-0.034025,0.433376,0.030514,-0.135424,0.454726,0.005295,-0.233884,0.488407,-0.250859,-0.176489,0.591824,-0.46022,0.094655,-0.001014,-0.000793,0.158896,-0.466759,0.077125,0.200672,-0.788585,0.194054,-0.094655,0.001014,0.000794,-0.156598,-0.471004,0.022657,-0.197685,-0.791954,0.142209
14.716666,0,0,0,0.000913,0.082187,0.004703,0.003176,0.282773,0.010744,0.004172,0.490497,0.032413,-0.010724,0.628729,0.003873,0.041525,0.432573,0.032631,0.145624,0.45042,0.01785,0.289552,0.495415,-0.213891,0.246057,0.583749,-0.433268,-0.034069,0.433204,0.030064,-0.135757,0.453597,0.00522,-0.233236,0.480292,-0.25213,-0.176359,0.578385,-0.464176,0.094654,-0.001002,-0.000871,0.159244,-0.466886,0.075917,0.201193,-0.788609,0.193069,-0.094655,0.001002,0.000871,-0.156905,-0.471047,0.021131,-0.19811,-0.791573,0.141775
14.733333,0,0,0,0.000905,0.082064,0.004514,0.003092,0.282516,0.010608,0.0041,0.490934,0.031754,-0.010895,0.629845,0.00342,0.041449,0.432377,0.032062,0.145823,0.448841,0.017621,0.288932,0.485781,-0.216044,0.242818,0.570478,-0.43632,-0.034146,0.433001,0.029512,-0.136155,0.452292,0.005109,-0.232679,0.470887,-0.253311,-0.176095,0.562504,-0.468314,0.094654,-0.000993,-0.000926,0.159594,-0.46704,0.074563,0.201692,-0.788653,0.191962,-0.094654,0.000993,0.000926,-0.157202,-0.471086,0.0195,-0.198569,-0.791152,0.141304
14.75,0,0,0,0.000872,0.081955,0.00429,0.002902,0.282285,0.010455,0.003797,0.491405,0.031027,-0.011295,0.630981,0.002811,0.041176,0.432232,0.031452,0.145833,0.447294,0.017539,0.288366,0.475388,-0.217702,0.238789,0.555882,-0.438799,-0.034419,0.432807,0.028899,-0.136791,0.450782,0.005013,-0.232647,0.460591,-0.254136,-0.176575,0.54553,-0.471995,0.094654,-0.000953,-0.001029,0.159823,-0.467169,0.073212,0.202022,-0.7887,0.190799,-0.094653,0.000953,0.00103,-0.157617,-0.471138,0.017804,-0.199112,-0.790738,0.140783
14.766666,0,0,0,0.000766,0.081882,0.004143,0.00247,0.282121,0.010709,0.003316,0.49183,0.030931,-0.011779,0.631947,0.002626,0.040714,0.432122,0.031372,0.145688,0.445446,0.018092,0.288186,0.464864,-0.218044,0.232709,0.541783,-0.439012,-0.034884,0.432665,0.028908,-0.137721,0.449156,0.005969,-0.233609,0.450051,-0.253353,-0.178433,0.530077,-0.473291,0.094653,-0.000826,-0.001188,0.159985,-0.467156,0.07219,0.202299,-0.788652,0.189831,-0.094653,0.000826,0.001188,-0.157911,-0.471269,0.016719,-0.19958,-0.790543,0.140484
14.783333,0,0,0,0.00068,0.081694,0.003842,0.002199,0.281724,0.01063,0.003038,0.492124,0.03043,-0.012116,0.632892,0.002105,0.040445,0.431778,0.030897,0.145669,0.44369,0.018264,0.288057,0.453137,-0.218548,0.228145,0.52432,-0.44028,-0.035157,0.432302,0.028534,-0.138432,0.44748,0.006685,-0.2345,0.43833,-0.252412,-0.180107,0.511858,-0.4748,0.094652,-0.000728,-0.001293,0.160097,-0.467185,0.071167,0.202484,-0.788658,0.188847,-0.094652,0.000727,0.001293,-0.158339,-0.471361,0.015178,-0.200072,-0.790192,0.140059
14.8,0,0,0,0.000581,0.081541,0.003433,0.001905,0.281394,0.010388,0.002831,0.49246,0.029622,-0.012426,0.633828,0.00125,0.04022,0.431497,0.030157,0.145672,0.441712,0.017947,0.288027,0.441226,-0.219073,0.225495,0.50617,-0.441993,-0.035385,0.432035,0.027903,-0.139099,0.445682,0.007153,-0.23531,0.425996,-0.251302,-0.181291,0.492563,-0.475962,0.094651,-0.000614,-0.001439,0.160277,-0.467186,0.070118,0.202787,-0.788652,0.18777,-0.094651,0.000614,0.001439,-0.158474,-0.471489,0.01415,-0.200296,-0.790069,0.139637
14.816666,0,0,0,0.000575,0.081967,0.00288,0.002561,0.282259,0.008579,0.003983,0.492952,0.025574,-0.012029,0.63396,-0.001306,0.041337,0.432523,0.026097,0.146369,0.442353,0.010456,0.281193,0.429903,-0.230595,0.235029,0.477012,-0.461779,-0.034296,0.433104,0.025221,-0.138661,0.44507,0.006835,-0.236687,0.413404,-0.249739,-0.18248,0.472461,-0.476442,0.094641,-0.000595,-0.001972,0.160228,-0.46715,0.06973,0.203008,-0.7886,0.187329,-0.094642,0.000595,0.001972,-0.15915,-0.471443,0.013582,-0.200882,-0.789732,0.139838
14.833333,0,0,0,0.000419,0.081274,0.002361,0.001988,0.280844,0.008539,0.004141,0.49304,0.025882,-0.012179,0.635527,-0.001211,0.041245,0.430942,0.026414,0.146621,0.438409,0.011798,0.283265,0.41646,-0.227557,0.247377,0.459574,-0.461383,-0.03438,0.431813,0.025143,-0.138934,0.44238,0.00697,-0.235986,0.400925,-0.248581,-0.182038,0.450335,-0.477644,0.094647,-0.000436,-0.001755,0.160599,-0.467159,0.068502,0.203297,-0.788724,0.185816,-0.094646,0.000437,0.001755,-0.158961,-0.471658,0.012065,-0.200751,-0.789719,0.138875
14.85,0,0,0,0.000253,0.081099,0.001687,0.001602,0.280492,0.007461,0.004219,0.493321,0.023701,-0.012419,0.636376,-0.00315,0.041194,0.430605,0.024444,0.146715,0.435671,0.009843,0.282413,0.401684,-0.228638,0.245845,0.436926,-0.463674,-0.034431,0.431619,0.023333,-0.139272,0.440744,0.006052,-0.236214,0.387551,-0.247356,-0.18175,0.426767,-0.478259,0.09464,-0.00025,-0.002139,0.160773,-0.467092,0.067153,0.203711,-0.788644,0.184415,-0.094639,0.00025,0.00214,-0.159345,-0.471832,0.010396,-0.201014,-0.789522,0.138172
14.866666,0,0,0,0.000151,0.080935,0.001116,0.001325,0.280169,0.006405,0.004156,0.493656,0.021552,-0.012771,0.637307,-0.005062,0.041075,0.430338,0.022507,0.146693,0.433569,0.008087,0.281047,0.387701,-0.229163,0.244314,0.415163,-0.465208,-0.034552,0.431408,0.021553,-0.139624,0.439153,0.005014,-0.2364,0.374948,-0.245894,-0.181726,0.403969,-0.478249,0.09463,-0.000144,-0.002505,0.160817,-0.46709,0.066026,0.203932,-0.788653,0.183193,-0.094631,0.000143,0.002504,-0.159839,-0.471897,0.009036,-0.201491,-0.789274,0.137593
14.883333,0,0,0,6.10E-05,0.080661,0.000669,0.000849,0.279618,0.0059,0.00347,0.49377,0.019961,-0.013488,0.63803,-0.006564,0.040444,0.429909,0.021221,0.146192,0.431636,0.00751,0.281222,0.374552,-0.226909,0.243908,0.392382,-0.463788,-0.035183,0.430899,0.020241,-0.14043,0.437147,0.004191,-0.236431,0.361193,-0.243718,-0.181495,0.379097,-0.477134,0.094621,-4.70E-05,-0.002847,0.160863,-0.467095,0.064939,0.204153,-0.78865,0.182064,-0.094621,4.70E-05,0.002847,-0.160492,-0.471921,0.007631,-0.201787,-0.78905,0.136913
14.9,0,0,0,-8.10E-05,0.080334,0.000376,8.60E-05,0.278954,0.005942,0.002247,0.493634,0.019114,-0.014347,0.63838,-0.007571,0.039346,0.429391,0.020677,0.145249,0.429296,0.008102,0.282387,0.362584,-0.222517,0.243959,0.370427,-0.459755,-0.036281,0.43022,0.019576,-0.141664,0.435106,0.003949,-0.236244,0.347227,-0.240538,-0.181297,0.353764,-0.474543,0.094615,0.00011,-0.003027,0.160825,-0.467003,0.064339,0.204176,-0.788603,0.181319,-0.094615,-0.000109,0.003027,-0.160412,-0.472095,0.007125,-0.201774,-0.789179,0.136495
14.916666,0,0,0,-0.000186,0.080447,0.000134,-0.000256,0.279169,0.006038,0.001341,0.493912,0.018413,-0.015005,0.63865,-0.008524,0.038594,0.429757,0.020319,0.144662,0.428971,0.009255,0.282794,0.351328,-0.217314,0.243391,0.347951,-0.454498,-0.037032,0.430395,0.019005,-0.142519,0.433632,0.003654,-0.235861,0.334162,-0.236836,-0.181261,0.329793,-0.470973,0.094613,0.000223,-0.003101,0.160729,-0.466952,0.063922,0.204055,-0.78863,0.180694,-0.094613,-0.000223,0.0031,-0.160441,-0.472207,0.006849,-0.201672,-0.78933,0.136167
14.933333,0,0,0,-0.000187,0.080179,-9.60E-05,-0.000118,0.278628,0.006024,0.001535,0.493854,0.01727,-0.014952,0.638969,-0.009853,0.038766,0.429279,0.019518,0.144917,0.427537,0.009395,0.281721,0.337219,-0.213251,0.242197,0.323596,-0.45005,-0.036859,0.429931,0.01816,-0.142453,0.431781,0.003323,-0.235602,0.320443,-0.231988,-0.181321,0.304575,-0.465705,0.094609,0.000216,-0.003208,0.160767,-0.467001,0.063484,0.204154,-0.788727,0.180103,-0.09461,-0.000216,0.003209,-0.16038,-0.472211,0.006559,-0.201279,-0.789422,0.135763
14.95,0,0,0,-0.000165,0.079535,-0.000138,0.000181,0.277357,0.005368,0.002001,0.493209,0.014878,-0.014867,0.638917,-0.011789,0.039172,0.428082,0.017668,0.145358,0.424889,0.008309,0.277388,0.319663,-0.210635,0.241772,0.292417,-0.446878,-0.036451,0.428784,0.016229,-0.141996,0.429159,0.000949,-0.232467,0.306376,-0.229663,-0.177677,0.276383,-0.461867,0.094612,0.000191,-0.003147,0.160619,-0.467081,0.063306,0.203995,-0.788803,0.17994,-0.094611,-0.00019,0.003146,-0.160344,-0.47219,0.006587,-0.201066,-0.789472,0.135675
14.966666,0,0,0,-6.70E-05,0.078849,-0.00032,0.000767,0.276012,0.004042,0.004124,0.49249,0.011494,-0.013946,0.638854,-0.013887,0.040891,0.426584,0.014438,0.146761,0.419648,0.003624,0.272615,0.299535,-0.211259,0.236683,0.266824,-0.446758,-0.034738,0.427775,0.0139,-0.140515,0.426673,0.000356,-0.232433,0.293262,-0.223686,-0.177126,0.254106,-0.4544,0.094606,6.70E-05,-0.003313,0.160633,-0.467153,0.063488,0.204127,-0.788874,0.180078,-0.094606,-6.60E-05,0.003312,-0.160292,-0.47207,0.007088,-0.200812,-0.789505,0.135863
14.983333,0,0,0,-6.70E-05,0.078356,-0.00052,0.000659,0.275027,0.003861,0.004446,0.492122,0.010268,-0.014082,0.639065,-0.014887,0.041097,0.425574,0.013353,0.146761,0.416598,0.002031,0.270299,0.283888,-0.206704,0.233801,0.241782,-0.440619,-0.034531,0.4269,0.013139,-0.140421,0.424728,0.000645,-0.232716,0.280521,-0.21645,-0.178111,0.231554,-0.445452,0.094605,6.00E-05,-0.003353,0.160692,-0.467159,0.063396,0.204218,-0.788894,0.179936,-0.094604,-6.00E-05,0.003353,-0.160039,-0.472098,0.00714,-0.20018,-0.78969,0.135645
15,0,0,0,-0.000112,0.077853,-0.000705,0.000387,0.274021,0.003757,0.004517,0.491716,0.009021,-0.014251,0.639213,-0.016129,0.041073,0.424558,0.012314,0.146487,0.413095,0.000917,0.268197,0.269145,-0.201339,0.231356,0.218313,-0.433458,-0.034554,0.425991,0.012359,-0.140544,0.423021,0.000916,-0.232798,0.268251,-0.208792,-0.17914,0.208907,-0.435551,0.0946,0.000104,-0.003472,0.160689,-0.467092,0.063428,0.20427,-0.788855,0.179871,-0.0946,-0.000103,0.003472,-0.159926,-0.472157,0.007191,-0.199766,-0.789843,0.135558
15.016666,0,0,0,-0.000143,0.077506,-0.000873,0.000208,0.273325,0.003719,0.004591,0.491486,0.007935,-0.014372,0.639403,-0.017273,0.041076,0.423858,0.01144,0.146252,0.410267,0.000185,0.266425,0.255839,-0.195143,0.229109,0.196544,-0.425169,-0.034549,0.425373,0.011687,-0.140618,0.421661,0.001237,-0.232792,0.257259,-0.201046,-0.179905,0.188442,-0.425296,0.094596,0.000134,-0.003572,0.160721,-0.467021,0.063582,0.204345,-0.788822,0.179903,-0.094597,-0.000133,0.003571,-0.159844,-0.472198,0.007334,-0.199452,-0.789963,0.135576
15.033333,0,0,0,-0.000187,0.077201,-0.001031,-1.20E-05,0.272712,0.00383,0.004489,0.491254,0.007038,-0.014613,0.639514,-0.018235,0.040941,0.423259,0.010785,0.145907,0.407866,-0.000113,0.264573,0.242922,-0.187612,0.226717,0.174392,-0.414971,-0.034683,0.424811,0.01116,-0.140808,0.420318,0.001637,-0.232907,0.246091,-0.192289,-0.180984,0.167165,-0.413413,0.094594,0.000181,-0.003627,0.160719,-0.466932,0.063818,0.204365,-0.788741,0.180111,-0.094595,-0.00018,0.003627,-0.15975,-0.472254,0.007777,-0.19924,-0.790121,0.135804
15.05,0,0,0,-0.000231,0.077952,-0.001048,-6.70E-05,0.274181,0.00506,0.002763,0.492094,0.007502,-0.015989,0.639599,-0.018483,0.039717,0.425056,0.011669,0.145072,0.411455,0.002245,0.265076,0.236513,-0.17506,0.225762,0.154296,-0.397578,-0.035917,0.426039,0.011684,-0.141972,0.419734,0.0024,-0.232101,0.236128,-0.183632,-0.18178,0.147331,-0.401356,0.094597,0.000232,-0.003535,0.160407,-0.466961,0.063663,0.203814,-0.788808,0.179939,-0.094598,-0.000232,0.003535,-0.159938,-0.472278,0.007949,-0.199574,-0.790279,0.135598
15.066666,0,0,0,-0.000184,0.077813,-0.00119,0.000204,0.273886,0.005463,0.003247,0.492092,0.007662,-0.015713,0.639767,-0.018892,0.040107,0.424729,0.012096,0.145661,0.411322,0.004875,0.263927,0.228139,-0.165124,0.224411,0.135762,-0.383586,-0.035525,0.425787,0.011722,-0.14155,0.418735,0.002636,-0.232213,0.226654,-0.174359,-0.182247,0.128987,-0.388333,0.094593,0.000168,-0.003681,0.160462,-0.466901,0.064314,0.203999,-0.788705,0.180663,-0.094592,-0.000168,0.00368,-0.159782,-0.472223,0.009163,-0.199245,-0.790447,0.13631
15.083333,0,0,0,-0.000199,0.077721,-0.001342,0.000133,0.273689,0.005731,0.003174,0.492167,0.007107,-0.01596,0.640029,-0.019771,0.040032,0.424557,0.011792,0.145551,0.410412,0.005536,0.261983,0.218241,-0.155577,0.222001,0.116776,-0.369885,-0.0356,0.425612,0.011417,-0.141642,0.417908,0.003088,-0.232334,0.217651,-0.164591,-0.18373,0.110491,-0.374295,0.094588,0.000176,-0.003767,0.160403,-0.466835,0.064683,0.203949,-0.788618,0.181084,-0.094589,-0.000176,0.003768,-0.15979,-0.472224,0.009746,-0.199138,-0.790547,0.13668
15.1,0,0,0,-0.000223,0.077596,-0.001485,2.70E-05,0.273425,0.00603,0.003058,0.492163,0.0066,-0.016177,0.640228,-0.020521,0.039918,0.424317,0.011524,0.145374,0.40941,0.006014,0.260376,0.20903,-0.145857,0.219775,0.098903,-0.355725,-0.035714,0.425366,0.011165,-0.141778,0.417206,0.00358,-0.232323,0.209175,-0.154431,-0.184733,0.092791,-0.359395,0.094585,0.000199,-0.003864,0.160324,-0.466749,0.065085,0.203874,-0.788501,0.181571,-0.094585,-0.000199,0.003864,-0.159846,-0.472231,0.01036,-0.199127,-0.790626,0.137134
15.116666,0,0,0,-0.000252,0.077483,-0.001595,-7.90E-05,0.273185,0.00634,0.002953,0.492116,0.006148,-0.016397,0.640331,-0.021145,0.039811,0.424095,0.011303,0.145194,0.408454,0.006465,0.258837,0.200993,-0.13667,0.217794,0.083196,-0.342243,-0.035821,0.425142,0.010952,-0.141896,0.41657,0.004013,-0.232291,0.201682,-0.14463,-0.185544,0.077071,-0.344898,0.094582,0.000227,-0.003937,0.160234,-0.466653,0.065551,0.203771,-0.788369,0.182142,-0.094582,-0.000227,0.003936,-0.15987,-0.472246,0.011112,-0.199124,-0.790727,0.137678
15.133333,0,0,0,-0.00027,0.07739,-0.001715,-0.000115,0.272986,0.006598,0.002943,0.492049,0.005543,-0.016476,0.640375,-0.021845,0.039789,0.42391,0.010986,0.145099,0.407575,0.006923,0.25734,0.193105,-0.126677,0.215605,0.06768,-0.327545,-0.035843,0.424964,0.010591,-0.141916,0.415913,0.004259,-0.232018,0.194412,-0.134532,-0.186425,0.061358,-0.329569,0.09458,0.000242,-0.003979,0.160158,-0.466578,0.065987,0.203677,-0.788253,0.182695,-0.09458,-0.000241,0.003979,-0.159861,-0.47225,0.011855,-0.199112,-0.790845,0.138136
15.15,0,0,0,-0.000286,0.077307,-0.001847,-0.000205,0.272806,0.006882,0.002851,0.492011,0.00504,-0.016602,0.640464,-0.022448,0.039694,0.423746,0.010745,0.144938,0.406814,0.007475,0.255727,0.18604,-0.116732,0.213702,0.053398,-0.312846,-0.035937,0.424797,0.010315,-0.142017,0.415394,0.004638,-0.231991,0.187975,-0.124312,-0.187495,0.047021,-0.313978,0.094578,0.000253,-0.004022,0.160078,-0.466504,0.06643,0.203573,-0.78811,0.183337,-0.094578,-0.000254,0.004022,-0.159873,-0.47225,0.012571,-0.199139,-0.790933,0.138624
15.166666,0,0,0,-0.000297,0.077286,-0.001959,-0.000268,0.272746,0.00721,0.002691,0.492065,0.00468,-0.016735,0.640599,-0.023044,0.039563,0.423716,0.010601,0.144768,0.406414,0.008108,0.254163,0.180094,-0.10702,0.211641,0.040992,-0.298497,-0.036069,0.424731,0.010166,-0.142156,0.415016,0.005195,-0.232097,0.182726,-0.114785,-0.188703,0.034977,-0.299469,0.094577,0.000262,-0.00404,0.160011,-0.46643,0.066907,0.20347,-0.787973,0.184002,-0.094577,-0.000261,0.004039,-0.159888,-0.472242,0.013234,-0.199153,-0.790961,0.139198
15.183333,0,0,0,-0.000299,0.07724,-0.002069,-0.000296,0.272636,0.007538,0.002549,0.492112,0.004284,-0.016851,0.640766,-0.023715,0.039455,0.423638,0.010433,0.144625,0.406034,0.008702,0.252593,0.174483,-0.096992,0.209454,0.028829,-0.283393,-0.036177,0.424611,0.009992,-0.142266,0.414571,0.005762,-0.232245,0.177677,-0.104822,-0.190102,0.023377,-0.284369,0.094577,0.000257,-0.004063,0.159938,-0.466368,0.067387,0.203356,-0.787842,0.184687,-0.094576,-0.000258,0.004062,-0.159887,-0.472226,0.013907,-0.199164,-0.790989,0.139753
15.2,0,0,0,-0.00031,0.077176,-0.00216,-0.000331,0.272486,0.00794,0.002414,0.492072,0.004043,-0.017009,0.640803,-0.024176,0.039348,0.423514,0.010412,0.144472,0.405578,0.009492,0.251093,0.169396,-0.086907,0.207409,0.017798,-0.268375,-0.036285,0.424451,0.009933,-0.142368,0.414084,0.006388,-0.232518,0.173068,-0.094742,-0.191557,0.012834,-0.269293,0.094575,0.000265,-0.004097,0.159807,-0.466279,0.068002,0.203165,-0.787681,0.185518,-0.094575,-0.000265,0.004097,-0.159884,-0.472215,0.014758,-0.199171,-0.791069,0.140371
15.216666,0,0,0,-0.000314,0.077114,-0.002253,-0.000366,0.272344,0.008238,0.002296,0.492058,0.003704,-0.017119,0.640876,-0.024806,0.039251,0.423394,0.010304,0.144326,0.405153,0.010132,0.249721,0.165157,-0.077827,0.205589,0.008498,-0.254834,-0.036382,0.424299,0.009762,-0.142455,0.413642,0.006842,-0.232734,0.169225,-0.085641,-0.192895,0.00377,-0.255519,0.094575,0.000265,-0.004097,0.15968,-0.4662,0.068619,0.20297,-0.787566,0.18626,-0.094575,-0.000265,0.004096,-0.159932,-0.472185,0.015771,-0.199284,-0.791204,0.140944
15.233333,0,0,0,-0.000349,0.077112,-0.002402,-0.000507,0.272324,0.008435,0.002014,0.492172,0.00325,-0.017396,0.64111,-0.025408,0.039009,0.423406,0.010074,0.144039,0.404915,0.010657,0.248214,0.161333,-0.068459,0.203677,-0.000305,-0.240829,-0.036624,0.424259,0.009493,-0.142686,0.413327,0.007267,-0.233214,0.165899,-0.076568,-0.19449,-0.004771,-0.241472,0.094575,0.000301,-0.00409,0.159547,-0.466151,0.068832,0.20327,-0.787776,0.185602,-0.094575,-0.000301,0.00409,-0.159987,-0.472205,0.016055,-0.199385,-0.791141,0.141426
15.25,0,0,0,-0.000361,0.077104,-0.002547,-0.000564,0.272296,0.008609,0.001856,0.49223,0.00277,-0.017539,0.641235,-0.026088,0.038881,0.423401,0.00981,0.143861,0.404668,0.011156,0.246737,0.157953,-0.059494,0.202131,-0.008215,-0.227481,-0.036752,0.424217,0.009208,-0.142803,0.413048,0.007775,-0.233542,0.163096,-0.067946,-0.195957,-0.011967,-0.228449,0.094581,0.000313,-0.003951,0.157991,-0.466255,0.069599,0.199449,-0.787718,0.187634,-0.094581,-0.000313,0.00395,-0.159977,-0.472201,0.016615,-0.199441,-0.791133,0.141975
15.266666,0,0,0,-0.000337,0.077074,-0.002693,-0.000578,0.272223,0.008757,0.001661,0.492222,0.002504,-0.0177,0.641269,-0.026551,0.038742,0.423361,0.009672,0.143685,0.404481,0.011715,0.245176,0.155094,-0.051125,0.200812,-0.015081,-0.215118,-0.036892,0.424114,0.009073,-0.142927,0.412728,0.008412,-0.233846,0.160705,-0.059866,-0.197425,-0.017948,-0.216639,0.09459,0.000284,-0.00373,0.155579,-0.466579,0.069998,0.194077,-0.787705,0.189938,-0.094589,-0.000284,0.00373,-0.159919,-0.472159,0.017209,-0.199501,-0.791067,0.142592
15.283333,0,0,0,-0.000298,0.077084,-0.002758,-0.000491,0.272224,0.00907,0.001575,0.492278,0.002349,-0.017729,0.641353,-0.02696,0.038709,0.423395,0.009665,0.143622,0.404434,0.012399,0.243778,0.152661,-0.042584,0.199486,-0.021538,-0.202317,-0.036925,0.424087,0.009064,-0.142929,0.412389,0.009129,-0.233952,0.15848,-0.051604,-0.199054,-0.023718,-0.204599,0.094597,0.00024,-0.00354,0.15316,-0.466892,0.070453,0.188689,-0.787605,0.192398,-0.094598,-0.00024,0.003539,-0.159788,-0.472105,0.018002,-0.199498,-0.791075,0.143187
15.3,0,0,0,-0.000267,0.077113,-0.002826,-0.000395,0.272263,0.009357,0.001613,0.492328,0.002208,-0.017715,0.641391,-0.027262,0.038763,0.423446,0.00968,0.14363,0.404347,0.01311,0.242446,0.150549,-0.034489,0.198273,-0.027387,-0.19008,-0.036872,0.424116,0.009035,-0.14285,0.412209,0.009736,-0.233881,0.156653,-0.043627,-0.200572,-0.028782,-0.193045,0.094604,0.000204,-0.003362,0.150887,-0.467172,0.070858,0.18362,-0.787453,0.194706,-0.094604,-0.000204,0.003362,-0.159652,-0.472063,0.018654,-0.199429,-0.791011,0.143873
15.316666,0,0,0,-0.000232,0.077122,-0.002888,-0.000293,0.272263,0.009596,0.001757,0.492366,0.002101,-0.017606,0.641448,-0.027503,0.038889,0.423441,0.009712,0.143705,0.404182,0.013747,0.241452,0.148867,-0.027522,0.197363,-0.032191,-0.179494,-0.036745,0.424121,0.009007,-0.142705,0.412106,0.010282,-0.233656,0.155236,-0.03651,-0.201759,-0.033081,-0.182594,0.094609,0.000164,-0.003205,0.148927,-0.467424,0.071141,0.179399,-0.787275,0.196665,-0.09461,-0.000164,0.003204,-0.159485,-0.472025,0.019168,-0.199288,-0.79095,0.144438
15.333333,0,0,0,-0.000213,0.077187,-0.002922,-0.000285,0.27237,0.009927,0.00174,0.492476,0.002089,-0.017669,0.641531,-0.027693,0.038874,0.423554,0.009851,0.143637,0.404149,0.014517,0.240338,0.147508,-0.02053,0.196448,-0.036566,-0.168894,-0.036759,0.424221,0.009059,-0.142705,0.412151,0.010906,-0.233619,0.154148,-0.029256,-0.203132,-0.037061,-0.171844,0.094617,0.000148,-0.002982,0.147217,-0.467679,0.071093,0.174949,-0.787026,0.198524,-0.094617,-0.000147,0.002982,-0.159442,-0.47199,0.019646,-0.199373,-0.790859,0.145018
15.35,0,0,0,-0.000188,0.077226,-0.002964,-0.000213,0.272432,0.010165,0.001859,0.492503,0.002023,-0.017571,0.641494,-0.027949,0.038975,0.423608,0.009906,0.14369,0.4041,0.01517,0.239382,0.14635,-0.014009,0.195804,-0.04038,-0.15911,-0.036658,0.424289,0.00906,-0.142592,0.412211,0.011432,-0.233533,0.153374,-0.022873,-0.204265,-0.040384,-0.162238,0.094623,0.000123,-0.002779,0.145849,-0.467861,0.071272,0.171509,-0.786783,0.200189,-0.094623,-0.000124,0.00278,-0.159346,-0.471955,0.020153,-0.199372,-0.790806,0.145541
15.366666,0,0,0,-0.000172,0.077261,-0.003,-0.000184,0.272486,0.010377,0.001911,0.49254,0.002,-0.017526,0.641488,-0.02815,0.039017,0.423658,0.009971,0.143695,0.404106,0.015781,0.238473,0.145481,-0.008185,0.195293,-0.043449,-0.15053,-0.036615,0.424345,0.009094,-0.142537,0.412265,0.011931,-0.233526,0.152833,-0.01739,-0.205315,-0.043124,-0.153868,0.094627,0.000109,-0.002637,0.144834,-0.468007,0.071276,0.1688,-0.78648,0.201623,-0.094627,-0.000108,0.002637,-0.159272,-0.471926,0.02065,-0.199393,-0.790771,0.146022
15.383333,0,0,0,-0.000263,0.077236,-0.003372,-0.000465,0.27247,0.009757,0.001548,0.492502,0.00103,-0.017768,0.641466,-0.029071,0.038682,0.423655,0.009098,0.143326,0.404074,0.015416,0.237096,0.144651,-0.003312,0.194409,-0.046417,-0.142926,-0.03695,0.424313,0.008246,-0.142857,0.412229,0.011617,-0.23393,0.152318,-0.012796,-0.206511,-0.045574,-0.146618,0.094636,0.000222,-0.002296,0.140432,-0.468722,0.069192,0.159766,-0.787708,0.199053,-0.094635,-0.000222,0.002296,-0.159408,-0.472018,0.020456,-0.199855,-0.790814,0.145847
15.4,0,0,0,-0.00031,0.077245,-0.003525,-0.000599,0.27249,0.009663,0.001402,0.492476,0.000783,-0.017862,0.641427,-0.029209,0.038542,0.423676,0.008885,0.143158,0.404083,0.015603,0.236043,0.144031,0.001844,0.193683,-0.048888,-0.135303,-0.037091,0.424331,0.008057,-0.142988,0.412269,0.011785,-0.233908,0.151931,-0.008252,-0.207398,-0.047798,-0.139505,0.094635,0.000275,-0.002295,0.139505,-0.46886,0.068518,0.157499,-0.78735,0.199778,-0.094636,-0.000275,0.002294,-0.159522,-0.472044,0.020718,-0.200142,-0.790811,0.146127
15.416666,0,0,0,-0.000581,0.076968,-0.003692,-0.001219,0.271948,0.009442,0.000801,0.491776,0.000291,-0.018238,0.640648,-0.029493,0.037937,0.423129,0.008465,0.142512,0.403452,0.015564,0.234639,0.142944,0.005979,0.192688,-0.051657,-0.128899,-0.037696,0.42379,0.007653,-0.143569,0.41165,0.011789,-0.234197,0.150947,-0.004473,-0.20844,-0.050316,-0.133512,0.094638,0.000612,-0.002143,0.138069,-0.469153,0.065312,0.153771,-0.785512,0.201914,-0.094637,-0.000612,0.002143,-0.159578,-0.472356,0.021022,-0.200386,-0.791238,0.146077
15.433333,0,0,0,-0.000643,0.077068,-0.003792,-0.001372,0.272142,0.009494,0.000695,0.49186,0.000139,-0.018224,0.64067,-0.029523,0.037817,0.423314,0.008374,0.142364,0.403616,0.015824,0.233805,0.142749,0.010286,0.191955,-0.053412,-0.122345,-0.037816,0.423991,0.007561,-0.143674,0.411834,0.012025,-0.234014,0.150834,-0.000697,-0.209071,-0.051893,-0.127586,0.094638,0.000686,-0.00212,0.137825,-0.469204,0.064622,0.152825,-0.785037,0.202515,-0.094637,-0.000685,0.00212,-0.159623,-0.472416,0.021181,-0.200414,-0.791308,0.146215
15.45,0,0,0,-0.000655,0.077152,-0.00387,-0.001383,0.272303,0.009576,0.000773,0.491944,0.000167,-0.01805,0.640715,-0.02936,0.037867,0.423459,0.008421,0.142395,0.403773,0.016171,0.233254,0.14265,0.014262,0.191402,-0.054925,-0.116252,-0.037765,0.424166,0.0076,-0.143617,0.412051,0.012304,-0.233674,0.150816,0.002829,-0.209447,-0.053214,-0.122096,0.094638,0.000698,-0.002121,0.137627,-0.469257,0.064292,0.15205,-0.784689,0.203159,-0.094637,-0.000698,0.002122,-0.159619,-0.47242,0.021402,-0.200396,-0.791315,0.146435
15.466666,0,0,0,-0.000647,0.077247,-0.003917,-0.001333,0.272487,0.009677,0.000929,0.492053,0.000272,-0.017852,0.640769,-0.029187,0.037989,0.423623,0.008529,0.142501,0.403951,0.016521,0.232819,0.142636,0.017624,0.190871,-0.056131,-0.111037,-0.037642,0.424367,0.007695,-0.143496,0.412331,0.01257,-0.233289,0.150921,0.005828,-0.20961,-0.054203,-0.1174,0.094637,0.000683,-0.002153,0.137502,-0.469323,0.063971,0.151486,-0.784373,0.20375,-0.094637,-0.000684,0.002152,-0.159622,-0.472396,0.021658,-0.200412,-0.791294,0.146679
15.483333,0,0,0,-0.000638,0.077348,-0.003967,-0.001294,0.272684,0.009726,0.00108,0.492181,0.000322,-0.017682,0.640837,-0.02911,0.038104,0.423801,0.008594,0.142608,0.404168,0.016786,0.232391,0.142697,0.020742,0.190079,-0.057143,-0.106124,-0.037527,0.424582,0.007725,-0.14339,0.412682,0.01273,-0.232999,0.151155,0.008524,-0.209715,-0.054935,-0.113157,0.094637,0.00067,-0.002123,0.137408,-0.469337,0.064057,0.150999,-0.784197,0.204302,-0.094638,-0.000671,0.002124,-0.159655,-0.472368,0.02189,-0.200537,-0.791297,0.146801
15.5,0,0,0,-0.000607,0.077401,-0.004045,-0.001218,0.272795,0.009615,0.001267,0.492282,0.000522,-0.017523,0.640906,-0.02893,0.038254,0.423894,0.008717,0.142775,0.40445,0.017124,0.232045,0.14285,0.023461,0.189359,-0.057946,-0.10176,-0.037377,0.424713,0.007807,-0.143267,0.41308,0.012855,-0.232667,0.151454,0.010954,-0.209429,-0.055344,-0.109528,0.09464,0.000636,-0.002053,0.137381,-0.469316,0.064539,0.150636,-0.784083,0.205025,-0.094639,-0.000635,0.002052,-0.159755,-0.472292,0.022431,-0.200974,-0.791226,0.14722
15.516666,0,0,0,-0.000583,0.077499,-0.004038,-0.001129,0.27298,0.009775,0.001459,0.492408,0.000734,-0.017363,0.640978,-0.028664,0.038412,0.424061,0.008925,0.142932,0.404704,0.017549,0.231759,0.14301,0.025921,0.188659,-0.058473,-0.098047,-0.037218,0.424915,0.007987,-0.14312,0.413438,0.013143,-0.232241,0.151711,0.01308,-0.209135,-0.055704,-0.106364,0.09464,0.000605,-0.002052,0.137328,-0.469285,0.065005,0.150423,-0.783963,0.205703,-0.09464,-0.000605,0.002051,-0.159817,-0.472234,0.022888,-0.201201,-0.79115,0.147668
15.533333,0,0,0,-0.000558,0.07762,-0.004035,-0.00104,0.273213,0.009914,0.001709,0.492565,0.000944,-0.017141,0.641067,-0.028379,0.038609,0.424267,0.009133,0.14312,0.404954,0.017972,0.231459,0.143164,0.028271,0.187945,-0.058861,-0.094668,-0.037019,0.425175,0.008152,-0.142939,0.413895,0.013384,-0.231685,0.152045,0.015069,-0.208694,-0.055946,-0.103391,0.094641,0.000576,-0.002026,0.137279,-0.469253,0.065497,0.150217,-0.783846,0.206399,-0.09464,-0.000575,0.002026,-0.159807,-0.472185,0.023305,-0.201293,-0.791085,0.148092
15.55,0,0,0,-0.000532,0.077751,-0.004032,-0.000981,0.273463,0.010064,0.001851,0.492725,0.001217,-0.016986,0.641158,-0.027989,0.038722,0.424503,0.009393,0.143219,0.40522,0.018456,0.230945,0.143292,0.030362,0.187209,-0.059176,-0.091766,-0.036905,0.425438,0.008357,-0.142836,0.414312,0.013679,-0.231116,0.152321,0.017044,-0.208173,-0.056077,-0.100707,0.094642,0.000545,-0.001971,0.137244,-0.469229,0.065953,0.150021,-0.783731,0.207073,-0.094642,-0.000545,0.001971,-0.159783,-0.472141,0.023662,-0.201348,-0.791022,0.148468
15.566666,0,0,0,-0.000518,0.077838,-0.00402,-0.000933,0.273629,0.010192,0.001979,0.492845,0.001454,-0.016844,0.641243,-0.027682,0.038822,0.424656,0.009619,0.143304,0.405394,0.018896,0.23042,0.143323,0.032062,0.186534,-0.059407,-0.089577,-0.036804,0.425617,0.008534,-0.142741,0.414574,0.01393,-0.23042,0.1524,0.018478,-0.207598,-0.056378,-0.098623,0.094643,0.00053,-0.001912,0.137227,-0.469208,0.066272,0.149835,-0.783616,0.207616,-0.094643,-0.000531,0.001911,-0.159736,-0.47212,0.023884,-0.201352,-0.790943,0.148822
15.583333,0,0,0,-0.000506,0.077924,-0.003998,-0.000909,0.273792,0.010335,0.002116,0.492935,0.001691,-0.016661,0.641266,-0.027427,0.03892,0.424799,0.009853,0.143373,0.405491,0.019356,0.229763,0.143235,0.033574,0.185748,-0.059682,-0.087707,-0.036705,0.425798,0.008711,-0.142649,0.414863,0.014176,-0.22967,0.152495,0.020005,-0.20695,-0.056639,-0.096479,0.094644,0.000519,-0.001868,0.137186,-0.469195,0.066509,0.149616,-0.783534,0.208023,-0.094644,-0.000518,0.001868,-0.15967,-0.47211,0.023976,-0.201301,-0.79086,0.149096
15.6,0,0,0,-0.000493,0.078024,-0.003978,-0.00087,0.273983,0.010469,0.002281,0.49302,0.001954,-0.016467,0.641236,-0.027191,0.039042,0.424969,0.01011,0.143457,0.405574,0.019856,0.228913,0.143048,0.034727,0.184964,-0.060017,-0.08633,-0.036581,0.42601,0.008896,-0.142534,0.415189,0.014419,-0.22887,0.152622,0.021385,-0.206251,-0.056818,-0.094566,0.094645,0.000505,-0.001814,0.137143,-0.469201,0.066646,0.1494,-0.783486,0.208296,-0.094645,-0.000505,0.001813,-0.159596,-0.472103,0.024026,-0.20122,-0.790814,0.149247
15.616666,0,0,0,-0.000477,0.078077,-0.00396,-0.000835,0.274079,0.010605,0.002426,0.493059,0.002204,-0.016304,0.641206,-0.027005,0.039149,0.425046,0.010356,0.143526,0.405543,0.020283,0.228145,0.142766,0.035509,0.184258,-0.060382,-0.08543,-0.036473,0.426124,0.009077,-0.142429,0.41537,0.014665,-0.228085,0.152602,0.022395,-0.205484,-0.057087,-0.09311,0.094648,0.000492,-0.001711,0.137176,-0.469212,0.066742,0.149279,-0.783438,0.208534,-0.094647,-0.000491,0.001711,-0.159489,-0.472097,0.024067,-0.201113,-0.790773,0.149379
15.633333,0,0,0,-0.000456,0.078124,-0.003937,-0.000779,0.274161,0.010766,0.002577,0.493067,0.002516,-0.016119,0.641129,-0.026743,0.039264,0.425113,0.010663,0.143604,0.405515,0.020793,0.227319,0.14246,0.03622,0.183487,-0.060687,-0.084741,-0.036355,0.42622,0.009295,-0.142316,0.415511,0.014882,-0.227253,0.152532,0.023345,-0.204639,-0.05745,-0.091623,0.094649,0.000473,-0.001588,0.137258,-0.469225,0.066851,0.149235,-0.78338,0.208814,-0.09465,-0.000472,0.001588,-0.159366,-0.472087,0.024115,-0.201006,-0.790746,0.149465
15.65,0,0,0,-0.000446,0.078159,-0.003899,-0.000737,0.27422,0.010914,0.002702,0.493078,0.002801,-0.015951,0.641081,-0.026515,0.039359,0.425158,0.010943,0.14367,0.40548,0.021221,0.226558,0.142166,0.03668,0.182679,-0.060907,-0.084388,-0.036259,0.426293,0.009498,-0.14222,0.415583,0.01508,-0.226444,0.152391,0.02406,-0.203919,-0.057877,-0.0904,0.094652,0.000467,-0.001471,0.137345,-0.469227,0.066941,0.14922,-0.78332,0.209049,-0.094651,-0.000467,0.001471,-0.159257,-0.47209,0.024141,-0.200913,-0.790691,0.149632
15.666666,0,0,0,-0.00044,0.078194,-0.003864,-0.000731,0.27428,0.01108,0.002826,0.49308,0.003119,-0.015794,0.641022,-0.026212,0.039441,0.425197,0.011252,0.143718,0.405409,0.021653,0.225913,0.141867,0.036935,0.181934,-0.061081,-0.084306,-0.036175,0.426371,0.009729,-0.142147,0.415754,0.015271,-0.225898,0.152428,0.024723,-0.203313,-0.05811,-0.08923,0.094653,0.000464,-0.00136,0.137423,-0.469226,0.067032,0.149224,-0.783278,0.209235,-0.094653,-0.000465,0.00136,-0.159159,-0.472095,0.024175,-0.200845,-0.790639,0.149801
15.683333,0,0,0,-0.000429,0.078191,-0.003827,-0.000722,0.274263,0.011237,0.002895,0.493035,0.003433,-0.015676,0.640947,-0.025905,0.039487,0.42517,0.011545,0.143743,0.405304,0.022021,0.225368,0.141574,0.037098,0.181158,-0.061143,-0.084446,-0.036127,0.426363,0.009965,-0.142107,0.415795,0.015462,-0.225473,0.152357,0.025193,-0.202743,-0.05829,-0.088528,0.094655,0.00046,-0.001243,0.137478,-0.469231,0.067117,0.149204,-0.783277,0.20934,-0.094654,-0.000459,0.001244,-0.15908,-0.472093,0.024209,-0.200819,-0.790584,0.149949
15.7,0,0,0,-0.000419,0.078178,-0.003797,-0.000707,0.274226,0.011384,0.002944,0.493002,0.003737,-0.015559,0.640926,-0.025582,0.039522,0.425128,0.011825,0.143763,0.405205,0.022332,0.224934,0.141314,0.037059,0.180382,-0.061144,-0.08479,-0.036091,0.426332,0.010196,-0.142075,0.415763,0.015609,-0.225157,0.152238,0.025401,-0.20236,-0.05849,-0.088157,0.094656,0.000451,-0.001139,0.137536,-0.469231,0.067241,0.14923,-0.78326,0.209504,-0.094656,-0.000451,0.00114,-0.159041,-0.472082,0.024276,-0.200852,-0.790518,0.150133
15.716666,0,0,0,-0.000409,0.07815,-0.003775,-0.00069,0.274162,0.011495,0.002986,0.492954,0.003971,-0.015449,0.6409,-0.025346,0.039553,0.425059,0.01204,0.143787,0.405095,0.022545,0.224651,0.141084,0.036801,0.179728,-0.061118,-0.085339,-0.036059,0.426273,0.010374,-0.142045,0.415689,0.015703,-0.224948,0.152096,0.025178,-0.2021,-0.05864,-0.088356,0.094657,0.000444,-0.001084,0.137578,-0.469231,0.067319,0.14927,-0.78325,0.209605,-0.094656,-0.000443,0.001083,-0.159035,-0.472071,0.024298,-0.200913,-0.790451,0.150275
15.733333,0,0,0,-0.000399,0.078139,-0.003751,-0.000654,0.274133,0.011592,0.003044,0.492914,0.004181,-0.015299,0.640862,-0.025107,0.039602,0.425027,0.01223,0.143836,0.405052,0.022715,0.224491,0.140946,0.036375,0.1791,-0.060928,-0.086132,-0.036009,0.426248,0.010535,-0.141997,0.415637,0.015778,-0.224818,0.151995,0.02459,-0.202041,-0.058743,-0.088954,0.094657,0.000433,-0.001041,0.137603,-0.469244,0.067335,0.149322,-0.783268,0.209608,-0.094658,-0.000433,0.00104,-0.15906,-0.472059,0.024215,-0.201011,-0.790367,0.150349
15.75,0,0,0,-0.000394,0.078075,-0.003733,-0.000646,0.274002,0.011632,0.00304,0.492811,0.004289,-0.015219,0.640798,-0.024979,0.039601,0.424897,0.01232,0.143842,0.404924,0.022741,0.224453,0.140773,0.035776,0.178636,-0.060779,-0.087103,-0.03601,0.426114,0.010619,-0.141999,0.415475,0.01579,-0.224911,0.151844,0.024049,-0.202086,-0.058734,-0.08978,0.094658,0.000429,-0.001031,0.137609,-0.46925,0.067326,0.149379,-0.783288,0.209565,-0.094657,-0.000428,0.001031,-0.159086,-0.472056,0.024089,-0.201069,-0.790305,0.150362
15.766666,0,0,0,-0.000388,0.078027,-0.003717,-0.000618,0.273904,0.011661,0.003069,0.49273,0.004383,-0.015122,0.640743,-0.024877,0.03963,0.4248,0.012392,0.143882,0.404826,0.022691,0.224496,0.140641,0.035022,0.17824,-0.060595,-0.088208,-0.035981,0.426017,0.010696,-0.141975,0.41536,0.015731,-0.225148,0.151788,0.023225,-0.202219,-0.058656,-0.090833,0.094657,0.000421,-0.001042,0.137616,-0.469265,0.067265,0.149478,-0.783336,0.209421,-0.094657,-0.000421,0.001043,-0.159116,-0.472054,0.023915,-0.201096,-0.790257,0.150305
15.783333,0,0,0,-0.000382,0.077983,-0.00369,-0.000579,0.273811,0.011731,0.003104,0.492649,0.004429,-0.01503,0.640678,-0.024851,0.039669,0.424706,0.012431,0.143936,0.404756,0.022626,0.224581,0.140539,0.03401,0.178018,-0.060475,-0.089469,-0.035943,0.425924,0.010764,-0.141937,0.415218,0.015693,-0.225475,0.151727,0.021851,-0.202293,-0.058591,-0.092387,0.094657,0.000412,-0.001072,0.137579,-0.469287,0.067168,0.149553,-0.783402,0.209217,-0.094657,-0.000413,0.001073,-0.159208,-0.472044,0.023733,-0.201261,-0.79016,0.150317
15.8,0,0,0,-0.000374,0.077899,-0.003676,-0.000564,0.273645,0.0117,0.00308,0.49253,0.004446,-0.015009,0.640617,-0.024797,0.039658,0.424547,0.012421,0.143953,0.404624,0.022381,0.224753,0.140414,0.032799,0.177844,-0.060378,-0.090908,-0.035954,0.425752,0.010781,-0.141957,0.415019,0.015445,-0.225892,0.151625,0.020217,-0.202372,-0.058526,-0.09426,0.094657,0.000403,-0.00112,0.137554,-0.469312,0.067025,0.14965,-0.783471,0.20897,-0.094656,-0.000401,0.001121,-0.159261,-0.472035,0.023581,-0.201307,-0.790129,0.150223
15.816666,0,0,0,-0.000364,0.077798,-0.003659,-0.00053,0.273446,0.011675,0.00308,0.492391,0.004439,-0.014983,0.640546,-0.024784,0.039671,0.424354,0.01239,0.143996,0.404449,0.02207,0.225029,0.140267,0.031304,0.177809,-0.060357,-0.092558,-0.035943,0.425548,0.01079,-0.141954,0.414773,0.015165,-0.226336,0.151497,0.018201,-0.202414,-0.058484,-0.096504,0.094656,0.000388,-0.001181,0.137531,-0.469351,0.066809,0.149797,-0.783559,0.208628,-0.094655,-0.000387,0.001181,-0.159325,-0.472024,0.023383,-0.20137,-0.790092,0.150092
15.833333,0,0,0,-0.000352,0.077649,-0.003639,-0.000485,0.273155,0.011601,0.003099,0.492182,0.004335,-0.014945,0.640426,-0.024875,0.039702,0.424067,0.012267,0.144061,0.40416,0.021568,0.225454,0.140035,0.029152,0.177964,-0.060495,-0.094757,-0.035913,0.425253,0.010728,-0.14193,0.414417,0.014794,-0.226771,0.151271,0.015482,-0.202439,-0.058438,-0.099632,0.094655,0.000371,-0.001261,0.137526,-0.469403,0.066499,0.150044,-0.783689,0.208122,-0.094654,-0.00037,0.00126,-0.159388,-0.472015,0.023093,-0.201428,-0.790066,0.149846
15.85,0,0,0,-0.000345,0.077492,-0.003612,-0.000441,0.272851,0.011465,0.003121,0.491969,0.004108,-0.014915,0.64031,-0.025096,0.039734,0.423767,0.012041,0.144128,0.40383,0.020873,0.225975,0.139792,0.026228,0.178322,-0.060728,-0.097637,-0.035882,0.424946,0.01056,-0.141906,0.41403,0.014236,-0.227153,0.151025,0.011975,-0.202445,-0.058342,-0.103682,0.094653,0.000357,-0.001381,0.137532,-0.469466,0.06603,0.150358,-0.783861,0.207384,-0.094653,-0.000356,0.00138,-0.159471,-0.472013,0.022695,-0.201496,-0.790052,0.149483
15.866666,0,0,0,-0.000334,0.077321,-0.003581,-0.000388,0.272523,0.011305,0.003164,0.491728,0.003851,-0.014877,0.640158,-0.025358,0.039782,0.42344,0.011792,0.14421,0.403464,0.020127,0.226575,0.139546,0.022728,0.17899,-0.060911,-0.101265,-0.035835,0.424616,0.010359,-0.141864,0.41361,0.013564,-0.227443,0.150765,0.007846,-0.202372,-0.058217,-0.108428,0.094652,0.00034,-0.001496,0.137558,-0.469548,0.065438,0.15075,-0.784071,0.206474,-0.094651,-0.000341,0.001496,-0.159567,-0.472012,0.022205,-0.201586,-0.790022,0.149067
15.883333,0,0,0,-0.000322,0.077089,-0.003558,-0.000314,0.272082,0.010998,0.003249,0.491394,0.003406,-0.014812,0.639932,-0.025827,0.039867,0.422997,0.011363,0.144333,0.402952,0.01902,0.22727,0.139202,0.017885,0.179971,-0.061224,-0.106267,-0.035751,0.424178,0.009989,-0.141787,0.413067,0.012564,-0.227692,0.150468,0.002267,-0.2022,-0.057953,-0.114918,0.094649,0.000321,-0.001623,0.137619,-0.469635,0.064796,0.15137,-0.784385,0.205269,-0.094649,-0.000321,0.001622,-0.159656,-0.472012,0.021552,-0.201659,-0.79001,0.148448
15.9,0,0,0,-0.000312,0.076807,-0.003535,-0.00028,0.271548,0.010588,0.003188,0.491014,0.002873,-0.0149,0.639688,-0.026462,0.03984,0.422479,0.010837,0.14436,0.402424,0.017683,0.227963,0.138949,0.011764,0.181276,-0.061315,-0.11288,-0.035781,0.423629,0.009533,-0.141812,0.412332,0.011373,-0.228041,0.150128,-0.004656,-0.202012,-0.057332,-0.123418,0.094647,0.000304,-0.001738,0.13771,-0.469735,0.064031,0.152141,-0.78477,0.203796,-0.094648,-0.000304,0.001739,-0.159766,-0.472019,0.020731,-0.201762,-0.789997,0.147679
15.916666,0,0,0,-0.000309,0.076571,-0.003514,-0.000233,0.271109,0.010127,0.003192,0.490707,0.002376,-0.014966,0.639489,-0.027048,0.039861,0.422047,0.010316,0.144428,0.401958,0.01628,0.228661,0.138869,0.004778,0.182739,-0.060979,-0.120815,-0.035761,0.423183,0.009088,-0.141789,0.411759,0.010142,-0.228352,0.150136,-0.012312,-0.201977,-0.056137,-0.133047,0.094646,0.000297,-0.001864,0.137813,-0.469839,0.063136,0.152987,-0.785157,0.202184,-0.094645,-0.000297,0.001863,-0.159914,-0.47203,0.019848,-0.201918,-0.78996,0.146914
15.933333,0,0,0,-0.000324,0.076277,-0.003499,-0.000241,0.270564,0.009509,0.003109,0.490334,0.001849,-0.015099,0.639271,-0.027633,0.039804,0.421515,0.009732,0.144425,0.401416,0.014642,0.2294,0.138986,-0.004166,0.184567,-0.060058,-0.131418,-0.035819,0.422627,0.00857,-0.141835,0.41104,0.008691,-0.22856,0.150301,-0.021931,-0.201904,-0.054158,-0.145656,0.094643,0.000312,-0.001949,0.137985,-0.469902,0.062363,0.154142,-0.785675,0.200264,-0.094643,-0.000312,0.00195,-0.160053,-0.47207,0.018738,-0.202047,-0.789902,0.146053
15.95,0,0,0,-0.000336,0.076017,-0.003466,-0.000205,0.270081,0.008945,0.00318,0.490047,0.001579,-0.015105,0.639154,-0.027956,0.039868,0.421024,0.009339,0.144528,0.400897,0.013172,0.230397,0.13952,-0.014245,0.186925,-0.058046,-0.14424,-0.035756,0.422151,0.00825,-0.141762,0.410501,0.007378,-0.228592,0.151074,-0.032631,-0.201739,-0.051041,-0.160105,0.094641,0.000324,-0.00207,0.13831,-0.469999,0.061218,0.155597,-0.786106,0.198214,-0.09464,-0.000324,0.00207,-0.160156,-0.472107,0.017719,-0.202076,-0.789829,0.145334
15.966666,0,0,0,-0.000363,0.075798,-0.003441,-0.000241,0.26968,0.00836,0.003156,0.489812,0.001447,-0.015202,0.639066,-0.028075,0.039845,0.420619,0.009022,0.144539,0.400491,0.011802,0.231361,0.14057,-0.024883,0.189398,-0.05493,-0.158449,-0.03578,0.421755,0.008026,-0.141772,0.410079,0.00629,-0.228502,0.152356,-0.043708,-0.201412,-0.04664,-0.175949,0.094637,0.000353,-0.002202,0.138703,-0.470063,0.060113,0.157221,-0.786499,0.196184,-0.094638,-0.000353,0.002202,-0.160267,-0.472154,0.016807,-0.202114,-0.789759,0.144734
15.983333,0,0,0,-0.000407,0.075641,-0.00342,-0.000311,0.269406,0.007701,0.003128,0.489646,0.001413,-0.015298,0.638987,-0.028086,0.03981,0.420333,0.008743,0.144542,0.400286,0.010405,0.232651,0.142573,-0.037186,0.192348,-0.049871,-0.175614,-0.035817,0.421488,0.007852,-0.141798,0.409888,0.005233,-0.228404,0.154638,-0.056337,-0.200921,-0.04002,-0.194808,0.094633,0.000403,-0.00236,0.139225,-0.470087,0.059018,0.159319,-0.786964,0.193834,-0.094634,-0.000403,0.002361,-0.160425,-0.472215,0.015807,-0.202222,-0.789718,0.144004
16,0,0,0,-0.000465,0.075596,-0.003417,-0.000413,0.269358,0.006908,0.003136,0.489575,0.001358,-0.015343,0.638879,-0.028083,0.03979,0.42026,0.008407,0.144557,0.400329,0.008997,0.233966,0.145545,-0.050448,0.195563,-0.042871,-0.194828,-0.035836,0.421459,0.007616,-0.141816,0.410085,0.004078,-0.228244,0.15811,-0.069953,-0.200092,-0.031184,-0.215542,0.094629,0.000467,-0.002565,0.139857,-0.470073,0.057953,0.161864,-0.787473,0.191229,-0.094628,-0.000467,0.002564,-0.160545,-0.472295,0.014803,-0.2023,-0.789714,0.143222
16.016666,0,0,0,-0.00056,0.075634,-0.003427,-0.00068,0.269463,0.006388,0.002986,0.48949,0.000911,-0.015507,0.638654,-0.028251,0.039614,0.420341,0.007878,0.144393,0.400471,0.007628,0.235101,0.14929,-0.063943,0.198777,-0.034244,-0.214994,-0.036013,0.421584,0.007199,-0.141994,0.410393,0.003154,-0.228114,0.162475,-0.083807,-0.199493,-0.02081,-0.236803,0.094621,0.000574,-0.002765,0.140771,-0.470011,0.0567,0.164831,-0.788025,0.188146,-0.094622,-0.000574,0.002765,-0.160759,-0.472405,0.013616,-0.201925,-0.789374,0.143331
16.033333,0,0,0,-0.000635,0.075617,-0.003385,-0.000902,0.269463,0.005712,0.002727,0.489451,0.00192,-0.01576,0.638573,-0.027071,0.039368,0.420331,0.008348,0.144234,0.400971,0.006988,0.23675,0.154522,-0.077557,0.20192,-0.022611,-0.236404,-0.036259,0.421568,0.007696,-0.142246,0.410894,0.002557,-0.2285,0.168052,-0.097604,-0.198284,-0.007621,-0.258995,0.094618,0.000667,-0.00286,0.141666,-0.469915,0.055921,0.167769,-0.788355,0.18594,-0.094618,-0.000666,0.00286,-0.160826,-0.472505,0.01289,-0.202287,-0.789467,0.142527
16.05,0,0,0,-0.000743,0.075694,-0.003318,-0.001147,0.269649,0.004984,0.002497,0.489507,0.002704,-0.015929,0.6385,-0.026197,0.039139,0.420493,0.008629,0.144094,0.401731,0.006169,0.238648,0.161141,-0.091899,0.205334,-0.008345,-0.259187,-0.036488,0.42174,0.008039,-0.142478,0.411648,0.001879,-0.228825,0.175111,-0.112295,-0.19668,0.008679,-0.282845,0.094611,0.000795,-0.003047,0.142784,-0.469782,0.05486,0.171193,-0.788694,0.183227,-0.094612,-0.000794,0.003046,-0.160913,-0.472637,0.012246,-0.202431,-0.78965,0.141739
16.066666,0,0,0,-0.000888,0.07581,-0.003231,-0.001539,0.269905,0.00447,0.001943,0.489506,0.003602,-0.016312,0.638253,-0.025263,0.038645,0.42075,0.009033,0.14374,0.403032,0.005185,0.240859,0.169499,-0.106491,0.208573,0.007443,-0.281178,-0.036984,0.421947,0.00855,-0.142968,0.412476,0.001392,-0.229325,0.182901,-0.126199,-0.19507,0.026124,-0.305271,0.094603,0.00097,-0.003262,0.143939,-0.469611,0.053617,0.174565,-0.788942,0.180424,-0.094603,-0.00097,0.003262,-0.161069,-0.472802,0.011785,-0.202655,-0.789963,0.140895
16.083333,0,0,0,-0.001054,0.075801,-0.003101,-0.001955,0.269903,0.004042,0.001623,0.48931,0.004741,-0.016506,0.637879,-0.02411,0.038299,0.420693,0.009674,0.143491,0.403791,0.004933,0.243118,0.178523,-0.120656,0.211843,0.026327,-0.304176,-0.03733,0.421928,0.009215,-0.143318,0.413371,0.001033,-0.230221,0.192444,-0.140682,-0.193698,0.046914,-0.328588,0.094593,0.001174,-0.003467,0.145305,-0.469408,0.052182,0.178293,-0.789129,0.177403,-0.094593,-0.001173,0.003467,-0.161161,-0.473002,0.01134,-0.202675,-0.790232,0.140304
16.1,0,0,0,-0.001127,0.075971,-0.002798,-0.002128,0.270238,0.004174,0.001708,0.489341,0.005826,-0.016377,0.637659,-0.022802,0.038302,0.420954,0.010499,0.143569,0.404762,0.005006,0.245846,0.188824,-0.134104,0.215048,0.04757,-0.326245,-0.037325,0.422282,0.009973,-0.143309,0.414467,0.00103,-0.230749,0.203443,-0.15474,-0.192147,0.069993,-0.351006,0.094611,0.001297,-0.002894,0.142968,-0.469661,0.051659,0.16732,-0.787431,0.183639,-0.094611,-0.001297,0.002893,-0.160873,-0.473171,0.010623,-0.202296,-0.790345,0.139753
16.116666,0,0,0,-0.001158,0.076156,-0.00268,-0.002184,0.27063,0.003553,0.001744,0.489577,0.006876,-0.016321,0.637774,-0.021669,0.038306,0.421276,0.011057,0.143668,0.405995,0.004819,0.248304,0.19945,-0.146285,0.217753,0.069626,-0.346363,-0.037319,0.422641,0.010484,-0.143284,0.415909,0.000501,-0.231492,0.214954,-0.167659,-0.190733,0.093577,-0.371191,0.094611,0.001337,-0.002849,0.143018,-0.469739,0.050629,0.167064,-0.787314,0.183135,-0.094612,-0.001338,0.00285,-0.160835,-0.473224,0.010259,-0.202262,-0.790462,0.13923
16.133333,0,0,0,-0.001143,0.076492,-0.002569,-0.002209,0.271319,0.002899,0.001656,0.489961,0.007709,-0.016357,0.637919,-0.020642,0.038239,0.42192,0.01145,0.143713,0.407849,0.004319,0.250969,0.2122,-0.158965,0.22061,0.094942,-0.366691,-0.037387,0.42327,0.010847,-0.143316,0.417713,-0.000182,-0.23235,0.228299,-0.180846,-0.189338,0.120237,-0.391307,0.094614,0.001321,-0.002762,0.142791,-0.469818,0.050378,0.166348,-0.787453,0.182827,-0.094614,-0.001321,0.002762,-0.160833,-0.473215,0.009614,-0.202261,-0.790432,0.138637
16.15,0,0,0,-0.0011,0.076853,-0.002465,-0.002124,0.272056,0.002321,0.001549,0.490404,0.008427,-0.01644,0.638144,-0.019671,0.03819,0.422637,0.0118,0.143797,0.410139,0.003761,0.253855,0.226305,-0.170978,0.223409,0.121696,-0.385337,-0.037436,0.423927,0.011145,-0.143302,0.419615,-0.000996,-0.233287,0.242316,-0.193114,-0.188319,0.147124,-0.409299,0.094618,0.001268,-0.002678,0.142401,-0.469886,0.050672,0.165472,-0.787695,0.18279,-0.094617,-0.001268,0.002678,-0.160831,-0.473172,0.008937,-0.202247,-0.790331,0.138107
16.166666,0,0,0,-0.001051,0.077358,-0.002374,-0.001978,0.273074,0.001889,0.001452,0.491024,0.009231,-0.016479,0.638446,-0.018633,0.038167,0.423641,0.012271,0.143904,0.41286,0.0035,0.256709,0.240706,-0.181107,0.2261,0.147834,-0.400783,-0.03746,0.424856,0.011538,-0.143247,0.421717,-0.001608,-0.234042,0.25647,-0.203823,-0.18757,0.17369,-0.424746,0.09462,0.001205,-0.002614,0.142012,-0.469946,0.051117,0.16473,-0.787935,0.182861,-0.09462,-0.001204,0.002614,-0.160807,-0.473118,0.008402,-0.202196,-0.790199,0.137769
16.183333,0,0,0,-0.001015,0.077901,-0.002279,-0.001862,0.274167,0.001477,0.001403,0.49163,0.010142,-0.016432,0.638681,-0.017376,0.038168,0.424695,0.012826,0.144014,0.415692,0.003385,0.259395,0.256283,-0.190832,0.228598,0.176087,-0.415424,-0.037459,0.425863,0.012018,-0.143162,0.424046,-0.002024,-0.234536,0.271999,-0.2141,-0.186368,0.203443,-0.439492,0.094622,0.001157,-0.002563,0.14167,-0.469962,0.051743,0.164172,-0.78811,0.18314,-0.094622,-0.001158,0.002563,-0.160728,-0.473085,0.008119,-0.20207,-0.790093,0.137681
16.2,0,0,0,-0.000985,0.07825,-0.002181,-0.001704,0.274873,0.001085,0.001587,0.491983,0.01095,-0.016213,0.638814,-0.016129,0.038344,0.425328,0.013294,0.14425,0.417973,0.003123,0.261748,0.271683,-0.199942,0.230893,0.204381,-0.428718,-0.037282,0.426513,0.012452,-0.142883,0.426321,-0.002445,-0.235379,0.287608,-0.223002,-0.185534,0.232233,-0.451626,0.094623,0.00112,-0.002552,0.141456,-0.46996,0.052284,0.163961,-0.7882,0.183458,-0.094623,-0.00112,0.002552,-0.160625,-0.473062,0.008093,-0.201889,-0.790028,0.137785
16.216666,0,0,0,-0.00096,0.078939,-0.00207,-0.001578,0.276248,0.001027,0.001227,0.492648,0.012057,-0.01645,0.638859,-0.01482,0.038125,0.426717,0.014159,0.144145,0.421838,0.003687,0.264673,0.288004,-0.206082,0.233282,0.231155,-0.437605,-0.037501,0.42775,0.013139,-0.142966,0.428771,-0.002658,-0.236016,0.302514,-0.230348,-0.184947,0.259487,-0.461347,0.094624,0.001084,-0.002526,0.141294,-0.469985,0.052538,0.163859,-0.78827,0.183592,-0.094624,-0.001083,0.002527,-0.160585,-0.473031,0.008084,-0.201807,-0.789997,0.137787
16.233333,0,0,0,-0.000922,0.079254,-0.001949,-0.001409,0.276882,0.000779,0.001491,0.492845,0.012953,-0.016136,0.638746,-0.01358,0.03836,0.427258,0.014755,0.144389,0.424053,0.003747,0.266434,0.303253,-0.212947,0.234785,0.258727,-0.44712,-0.037265,0.428334,0.013673,-0.142591,0.43104,-0.002842,-0.236702,0.318161,-0.237033,-0.184284,0.28805,-0.469771,0.094625,0.001039,-0.002537,0.141292,-0.469992,0.052848,0.164052,-0.788264,0.183901,-0.094624,-0.001039,0.002536,-0.160415,-0.473006,0.008416,-0.201531,-0.79001,0.138062
16.25,0,0,0,-0.000857,0.079306,-0.001822,-0.001251,0.276989,0.000328,0.002163,0.492668,0.013416,-0.015506,0.63843,-0.012612,0.038883,0.42721,0.014914,0.144828,0.424614,0.002981,0.267227,0.316355,-0.220045,0.235806,0.285414,-0.456424,-0.03674,0.428468,0.013908,-0.141924,0.433096,-0.003079,-0.237224,0.333348,-0.242684,-0.183573,0.315525,-0.476402,0.094625,0.000964,-0.002509,0.141416,-0.47001,0.053263,0.164443,-0.788246,0.184355,-0.094626,-0.000964,0.002509,-0.160138,-0.472962,0.008991,-0.201107,-0.790045,0.13849
16.266666,0,0,0,-0.000778,0.079234,-0.001677,-0.001158,0.276847,-6.40E-05,0.002875,0.492323,0.013783,-0.01484,0.638028,-0.011706,0.039419,0.426903,0.014984,0.145228,0.424249,0.00191,0.267529,0.327399,-0.226355,0.236296,0.310168,-0.464152,-0.036202,0.428374,0.014129,-0.141235,0.434978,-0.003133,-0.237925,0.347521,-0.246945,-0.183102,0.340812,-0.480975,0.094629,0.000877,-0.00242,0.141569,-0.470031,0.053777,0.164824,-0.788252,0.184866,-0.094629,-0.000877,0.00242,-0.159799,-0.472911,0.00971,-0.200616,-0.790112,0.138967
16.283333,0,0,0,-0.000683,0.079135,-0.001484,-0.001102,0.276646,-0.000338,0.003395,0.491875,0.0144,-0.014322,0.637499,-0.010509,0.039815,0.426556,0.015236,0.145442,0.423939,0.000757,0.268068,0.340265,-0.232493,0.237772,0.338439,-0.471031,-0.035805,0.42818,0.014593,-0.140659,0.436799,-0.002866,-0.238616,0.362014,-0.250365,-0.18259,0.366554,-0.484164,0.094633,0.000775,-0.002287,0.141707,-0.470046,0.054524,0.165162,-0.788266,0.185581,-0.094633,-0.000774,0.002287,-0.159418,-0.472843,0.010677,-0.200064,-0.79022,0.139554
16.3,0,0,0,-0.000591,0.079234,-0.001222,-0.001045,0.276841,-0.000274,0.003533,0.491596,0.015229,-0.014123,0.636872,-0.009281,0.039942,0.426679,0.0158,0.145413,0.424506,0.000158,0.268601,0.352638,-0.236702,0.239164,0.363806,-0.47509,-0.035678,0.428329,0.01527,-0.140322,0.438715,-0.002485,-0.239351,0.376006,-0.252892,-0.182548,0.391074,-0.48606,0.094639,0.000673,-0.002077,0.14172,-0.470075,0.055329,0.165263,-0.788365,0.186199,-0.094639,-0.000674,0.002076,-0.159048,-0.472771,0.011656,-0.199604,-0.790387,0.139972
16.316666,0,0,0,-0.000508,0.079449,-0.000913,-0.000953,0.277265,2.60E-05,0.003375,0.491425,0.016216,-0.014143,0.6362,-0.008069,0.039867,0.427094,0.016608,0.145233,0.425938,0.000163,0.269106,0.364486,-0.239257,0.240138,0.385992,-0.476994,-0.035755,0.428662,0.016086,-0.140189,0.440435,-0.002036,-0.240119,0.388471,-0.254536,-0.182876,0.412972,-0.486794,0.094645,0.000584,-0.001804,0.141621,-0.470108,0.056153,0.165153,-0.788528,0.186707,-0.094645,-0.000585,0.001804,-0.158828,-0.472686,0.012614,-0.19928,-0.790601,0.140221
16.333333,0,0,0,-0.000449,0.079763,-0.000534,-0.000901,0.277889,0.000585,0.002894,0.491326,0.017546,-0.014453,0.635448,-0.006706,0.039547,0.427748,0.017802,0.144853,0.428216,0.000953,0.269789,0.377078,-0.240335,0.240595,0.407853,-0.477025,-0.036078,0.429142,0.017168,-0.140281,0.442144,-0.00144,-0.241077,0.400961,-0.255582,-0.183625,0.435079,-0.486573,0.094651,0.000523,-0.001446,0.141387,-0.470121,0.057088,0.164799,-0.788733,0.187196,-0.094651,-0.000522,0.001446,-0.15849,-0.472636,0.013667,-0.1991,-0.790913,0.140319
16.35,0,0,0,-0.000393,0.080075,-0.000116,-0.000803,0.278509,0.001264,0.002364,0.491269,0.018936,-0.01476,0.634765,-0.005411,0.039194,0.428412,0.019135,0.14447,0.430905,0.002277,0.270579,0.389541,-0.240269,0.240773,0.428227,-0.475718,-0.036432,0.42961,0.018269,-0.140329,0.443802,-0.001161,-0.241194,0.412726,-0.256707,-0.183449,0.454721,-0.486321,0.094656,0.000464,-0.001142,0.141111,-0.470123,0.058073,0.164414,-0.788932,0.187717,-0.094656,-0.000463,0.001143,-0.158311,-0.472565,0.014718,-0.198987,-0.791225,0.140379
16.366666,0,0,0,-0.000282,0.080371,0.000894,-0.000479,0.279097,0.003262,0.002012,0.491172,0.021029,-0.01473,0.633974,-0.0036,0.039034,0.429105,0.021328,0.144306,0.433577,0.004853,0.271183,0.401009,-0.238631,0.240637,0.445765,-0.472907,-0.036593,0.43008,0.020286,-0.140279,0.444771,0.000114,-0.241279,0.422921,-0.256332,-0.183228,0.47212,-0.484434,0.094658,0.000343,-0.000967,0.140952,-0.470034,0.060018,0.164455,-0.789233,0.188663,-0.094658,-0.000343,0.000966,-0.157798,-0.472442,0.016854,-0.198408,-0.791853,0.140616
16.383333,0,0,0,-0.000229,0.080797,0.001149,-0.000372,0.279951,0.003644,0.001668,0.491285,0.022517,-0.014825,0.633407,-0.002419,0.038812,0.429931,0.022634,0.144011,0.436368,0.006351,0.272005,0.412348,-0.237544,0.240483,0.463361,-0.470408,-0.036814,0.430772,0.021394,-0.140241,0.446486,0.000672,-0.241803,0.433262,-0.256144,-0.183672,0.490016,-0.482465,0.094659,0.000281,-0.000942,0.140767,-0.470036,0.060635,0.16436,-0.789391,0.188874,-0.094659,-0.000282,0.000942,-0.157668,-0.472381,0.017344,-0.198095,-0.792046,0.14051
16.4,0,0,0,-0.000137,0.081062,0.001746,-7.50E-05,0.280486,0.004656,0.001706,0.491195,0.024016,-0.014488,0.632675,-0.001406,0.038919,0.430458,0.024093,0.144015,0.438689,0.007953,0.272579,0.423193,-0.236331,0.23994,0.480272,-0.467627,-0.036705,0.431222,0.022728,-0.139931,0.447741,0.001628,-0.242742,0.442869,-0.254984,-0.184717,0.507623,-0.479173,0.094659,0.00018,-0.000961,0.140669,-0.470011,0.061639,0.164526,-0.789645,0.189134,-0.094659,-0.00018,0.000961,-0.157379,-0.472285,0.018266,-0.197704,-0.792429,0.140216
16.416666,0,0,0,-5.40E-05,0.081279,0.00233,0.000142,0.280926,0.005737,0.00177,0.491115,0.025693,-0.014234,0.63207,-0.000157,0.039024,0.430863,0.025663,0.144,0.440414,0.009466,0.272827,0.432556,-0.235044,0.239319,0.495264,-0.464753,-0.036599,0.431584,0.024233,-0.139662,0.448913,0.00299,-0.243833,0.451485,-0.253106,-0.186348,0.523336,-0.475263,0.09466,8.80E-05,-0.000891,0.140613,-0.469979,0.062683,0.164689,-0.789853,0.189532,-0.094659,-8.90E-05,0.000892,-0.157124,-0.472185,0.019317,-0.197396,-0.792725,0.140239
16.433333,0,0,0,1.90E-05,0.081701,0.002749,0.000273,0.281772,0.006751,0.001814,0.491339,0.027721,-0.013967,0.631647,0.001099,0.039112,0.431631,0.027333,0.143941,0.442271,0.010864,0.273008,0.441594,-0.233646,0.238773,0.510025,-0.461608,-0.036516,0.432309,0.026116,-0.139654,0.450222,0.00574,-0.247402,0.459792,-0.248706,-0.192093,0.543083,-0.467396,0.09466,7.00E-06,-0.000873,0.140624,-0.469984,0.063249,0.164905,-0.790014,0.189665,-0.09466,-8.00E-06,0.000873,-0.156948,-0.472113,0.019646,-0.197034,-0.792902,0.139969
16.45,0,0,0,7.10E-05,0.081712,0.003242,0.000354,0.281796,0.00797,0.001724,0.491114,0.029792,-0.013802,0.631125,0.002336,0.039075,0.431602,0.02915,0.143757,0.443456,0.012579,0.272949,0.450543,-0.231762,0.238314,0.524155,-0.458043,-0.036554,0.432219,0.027983,-0.139573,0.451149,0.007923,-0.249468,0.467731,-0.245241,-0.195479,0.559196,-0.460972,0.094661,-5.20E-05,-0.000771,0.140636,-0.469947,0.064041,0.165088,-0.790159,0.189964,-0.094661,5.10E-05,0.000771,-0.156775,-0.472037,0.020524,-0.196946,-0.793163,0.139916
16.466666,0,0,0,8.90E-05,0.081713,0.003601,0.00033,0.281799,0.008868,0.001486,0.490869,0.031413,-0.013688,0.630615,0.003312,0.038891,0.431564,0.030625,0.143477,0.4444,0.014171,0.27295,0.458575,-0.229713,0.238076,0.536652,-0.454456,-0.036736,0.432118,0.029367,-0.139588,0.451773,0.009146,-0.250319,0.474176,-0.243204,-0.196192,0.571515,-0.456315,0.094662,-7.10E-05,-0.000696,0.140693,-0.469878,0.064719,0.16532,-0.790248,0.190203,-0.094661,7.20E-05,0.000697,-0.15654,-0.472017,0.021174,-0.196669,-0.793356,0.140005
16.483333,0,0,0,8.90E-05,0.081701,0.003909,0.000258,0.281777,0.009652,0.00118,0.49062,0.032853,-0.013612,0.630112,0.004077,0.03864,0.431505,0.031969,0.143144,0.445292,0.015768,0.272975,0.466638,-0.227403,0.237789,0.549016,-0.450556,-0.036985,0.431996,0.030555,-0.139627,0.452369,0.009984,-0.250763,0.480355,-0.24163,-0.195838,0.582625,-0.452214,0.094662,-7.20E-05,-0.000652,0.140729,-0.469783,0.065418,0.165525,-0.790315,0.190455,-0.094661,7.10E-05,0.000651,-0.156371,-0.472011,0.021776,-0.196463,-0.793527,0.140139
16.5,0,0,0,7.80E-05,0.081718,0.004168,0.00019,0.281813,0.010312,0.000939,0.490416,0.03408,-0.013457,0.629637,0.004665,0.038434,0.431499,0.033145,0.142878,0.446123,0.017293,0.27325,0.473927,-0.224933,0.237513,0.560238,-0.446506,-0.037188,0.431953,0.031543,-0.139609,0.452992,0.010547,-0.250874,0.485911,-0.240411,-0.194972,0.591887,-0.448895,0.094662,-5.80E-05,-0.000626,0.140762,-0.469677,0.066077,0.165726,-0.790379,0.190642,-0.094662,5.80E-05,0.000627,-0.156207,-0.472025,0.022229,-0.19625,-0.793687,0.140211
16.516666,0,0,0,6.30E-05,0.081738,0.004375,0.000158,0.281851,0.010852,0.000811,0.4902,0.035109,-0.013301,0.629145,0.005203,0.038323,0.43149,0.034124,0.142707,0.446839,0.018569,0.273728,0.480223,-0.2226,0.237402,0.570056,-0.442673,-0.037296,0.43193,0.032379,-0.139541,0.453453,0.01102,-0.250821,0.490384,-0.239373,-0.194243,0.599234,-0.446188,0.094661,-3.80E-05,-0.000652,0.140757,-0.469565,0.066695,0.165886,-0.790423,0.190826,-0.094662,3.80E-05,0.000653,-0.156073,-0.472041,0.022705,-0.196087,-0.793846,0.140307
16.533333,0,0,0,0.000123,0.082782,0.004726,0.000644,0.283912,0.0125,-0.000145,0.491219,0.037619,-0.013898,0.628943,0.006337,0.037684,0.433637,0.037004,0.14172,0.453972,0.025323,0.277118,0.494624,-0.212288,0.238444,0.577169,-0.434801,-0.037904,0.43369,0.034192,-0.139999,0.454696,0.011632,-0.250647,0.494255,-0.23864,-0.193808,0.605635,-0.44403,0.094662,-0.000106,-0.000603,0.140509,-0.469623,0.066987,0.16561,-0.790696,0.190566,-0.094662,0.000107,0.000602,-0.156148,-0.471945,0.023032,-0.196323,-0.793995,0.139907
16.55,0,0,0,0.00012,0.082524,0.004901,0.000502,0.28339,0.0131,-0.000235,0.490792,0.038976,-0.013676,0.628563,0.00693,0.037562,0.433004,0.03824,0.141564,0.453866,0.027193,0.277058,0.500418,-0.209276,0.238381,0.585981,-0.430646,-0.038018,0.433113,0.035216,-0.139912,0.454705,0.012306,-0.250338,0.497572,-0.237519,-0.193057,0.611189,-0.441557,0.094661,-9.30E-05,-0.000755,0.140616,-0.469481,0.067644,0.166015,-0.790669,0.190865,-0.094661,9.20E-05,0.000755,-0.155932,-0.471967,0.023591,-0.195939,-0.794169,0.140106
16.566666,0,0,0,6.50E-05,0.082353,0.005063,0.00013,0.283041,0.013653,-0.000868,0.49048,0.03999,-0.013966,0.628225,0.007279,0.036987,0.432636,0.039203,0.141014,0.453556,0.02851,0.276611,0.505236,-0.206832,0.238209,0.593142,-0.42733,-0.038586,0.432679,0.036004,-0.140318,0.454772,0.012853,-0.250313,0.500184,-0.236712,-0.192623,0.6157,-0.439565,0.09466,-2.50E-05,-0.000815,0.14062,-0.469353,0.067993,0.166159,-0.790649,0.190903,-0.09466,2.40E-05,0.000814,-0.155908,-0.472034,0.02374,-0.195886,-0.794314,0.140047
16.583333,0,0,0,-6.00E-06,0.082132,0.005124,-0.000273,0.282581,0.014244,-0.001474,0.490212,0.041408,-0.014238,0.628094,0.007865,0.036403,0.432086,0.040568,0.140519,0.452787,0.030331,0.276416,0.510631,-0.203399,0.238835,0.602432,-0.422447,-0.039151,0.432121,0.036957,-0.140697,0.454704,0.013462,-0.250066,0.502403,-0.235952,-0.192263,0.61966,-0.437772,0.09466,5.80E-05,-0.000828,0.140678,-0.469219,0.068292,0.16625,-0.790595,0.190983,-0.094661,-5.80E-05,0.000829,-0.155887,-0.472113,0.023884,-0.19582,-0.794447,0.140057
16.6,0,0,0,-9.20E-05,0.082023,0.005145,-0.000665,0.282352,0.014499,-0.002014,0.489962,0.041783,-0.014506,0.627728,0.007687,0.035836,0.43182,0.041276,0.140221,0.451434,0.031661,0.275768,0.514309,-0.200971,0.238861,0.608917,-0.418936,-0.039679,0.4319,0.036927,-0.14088,0.45486,0.012336,-0.24787,0.50373,-0.237882,-0.188233,0.618088,-0.440828,0.094659,0.000163,-0.000916,0.140671,-0.469052,0.068629,0.1663,-0.79054,0.191016,-0.09466,-0.000163,0.000915,-0.156054,-0.472188,0.024144,-0.196123,-0.794577,0.140115
16.616666,0,0,0,-0.000159,0.08193,0.005372,-0.001034,0.282178,0.014758,-0.00264,0.48975,0.042152,-0.014901,0.627498,0.007988,0.03532,0.431703,0.041411,0.139674,0.451504,0.031836,0.27578,0.516825,-0.199795,0.238619,0.613826,-0.416661,-0.040218,0.431638,0.037477,-0.141438,0.454951,0.013299,-0.248512,0.504718,-0.236705,-0.188766,0.620942,-0.438556,0.094659,0.000243,-0.000926,0.140524,-0.46894,0.068928,0.166271,-0.790434,0.191273,-0.094659,-0.000244,0.000926,-0.156167,-0.472244,0.024351,-0.196331,-0.794598,0.140388
16.633333,0,0,0,-0.000199,0.081921,0.005545,-0.00128,0.282153,0.015309,-0.003184,0.489745,0.043027,-0.015245,0.627469,0.008435,0.034855,0.431687,0.042213,0.139243,0.451483,0.033004,0.275779,0.517854,-0.198073,0.238717,0.616979,-0.413995,-0.04068,0.431526,0.038231,-0.141867,0.455006,0.014074,-0.249,0.505463,-0.235766,-0.189282,0.623018,-0.436854,0.09466,0.00029,-0.000887,0.140441,-0.468864,0.069216,0.166186,-0.790405,0.191438,-0.094659,-0.000291,0.000887,-0.156307,-0.472257,0.024633,-0.196628,-0.794624,0.140577
16.65,0,0,0,-0.000216,0.081949,0.005654,-0.001389,0.282202,0.015661,-0.003476,0.489779,0.043601,-0.015492,0.627458,0.008744,0.034607,0.431734,0.042765,0.139019,0.451521,0.03381,0.275761,0.518278,-0.197033,0.237088,0.619304,-0.411788,-0.040923,0.431521,0.038698,-0.142083,0.455098,0.014525,-0.249336,0.506041,-0.235167,-0.189588,0.62418,-0.435902,0.09466,0.000312,-0.000886,0.140346,-0.468827,0.069381,0.166066,-0.790403,0.191518,-0.094659,-0.000311,0.000886,-0.156466,-0.472247,0.024823,-0.196926,-0.79462,0.140704
16.666666,0,0,0,-0.000237,0.081969,0.00571,-0.001497,0.282241,0.015865,-0.003725,0.489801,0.043952,-0.015756,0.627437,0.008914,0.034387,0.43177,0.043128,0.138832,0.451484,0.0344,0.275849,0.518231,-0.196285,0.235008,0.620816,-0.409896,-0.041137,0.431524,0.038952,-0.14226,0.455145,0.014669,-0.249297,0.506492,-0.235032,-0.189734,0.624947,-0.435637,0.094659,0.000334,-0.000881,0.140292,-0.468805,0.069419,0.165988,-0.790404,0.191501,-0.09466,-0.000335,0.000881,-0.156543,-0.472259,0.024848,-0.197077,-0.794631,0.140705
16.683333,0,0,0,-0.000254,0.081937,0.005741,-0.001598,0.282172,0.015995,-0.003894,0.489745,0.0442,-0.015938,0.627396,0.009108,0.034228,0.431691,0.043388,0.138712,0.451278,0.034837,0.275957,0.518145,-0.195677,0.232535,0.622086,-0.408121,-0.041291,0.431436,0.039117,-0.142389,0.455108,0.014778,-0.249486,0.506739,-0.234839,-0.190123,0.625117,-0.435548,0.09466,0.000354,-0.000854,0.14029,-0.468796,0.069375,0.165968,-0.790414,0.191411,-0.094659,-0.000353,0.000854,-0.156545,-0.472281,0.024735,-0.197094,-0.794637,0.140632
16.7,0,0,0,-0.00028,0.081977,0.005777,-0.001703,0.282251,0.016077,-0.00413,0.489755,0.044265,-0.016161,0.627355,0.009244,0.034023,0.431789,0.043494,0.138509,0.451392,0.035021,0.275828,0.517803,-0.19558,0.230156,0.622829,-0.407013,-0.041492,0.431494,0.039163,-0.1426,0.455142,0.014839,-0.249921,0.506809,-0.234674,-0.190607,0.62494,-0.435543,0.09466,0.000381,-0.000804,0.14031,-0.46878,0.06934,0.165973,-0.790424,0.191308,-0.09466,-0.00038,0.000805,-0.156554,-0.472313,0.024571,-0.197151,-0.794611,0.140611
16.716666,0,0,0,-0.000408,0.081974,0.005735,-0.002453,0.282258,0.015635,-0.00543,0.489567,0.043538,-0.01695,0.627124,0.009081,0.032924,0.431961,0.042602,0.137275,0.451215,0.03194,0.271919,0.514868,-0.201005,0.227073,0.624994,-0.410009,-0.042619,0.431387,0.038808,-0.143777,0.455268,0.014928,-0.250297,0.506776,-0.234961,-0.190697,0.624509,-0.43598,0.094659,0.000522,-0.000727,0.14044,-0.468634,0.069362,0.166136,-0.79033,0.191189,-0.09466,-0.000521,0.000727,-0.156477,-0.472474,0.024302,-0.197084,-0.794631,0.14073
16.733333,0,0,0,-0.000416,0.08199,0.005732,-0.00242,0.282293,0.01557,-0.005336,0.489593,0.043368,-0.016875,0.627185,0.009162,0.032999,0.431999,0.04247,0.137352,0.451228,0.031777,0.272181,0.514089,-0.201275,0.225594,0.625036,-0.409463,-0.042543,0.431447,0.038663,-0.143707,0.455287,0.014765,-0.250334,0.506406,-0.235158,-0.190865,0.623577,-0.436543,0.094661,0.000527,-0.00065,0.140538,-0.468645,0.069273,0.166246,-0.790358,0.191049,-0.09466,-0.000527,0.000651,-0.156398,-0.472496,0.024095,-0.197023,-0.794594,0.14068
16.75,0,0,0,-0.000404,0.082106,0.005699,-0.00228,0.282531,0.015379,-0.005159,0.489681,0.043019,-0.016801,0.627188,0.009208,0.033169,0.432252,0.042155,0.137423,0.451927,0.031308,0.272456,0.512597,-0.202207,0.224679,0.624492,-0.409616,-0.042376,0.431703,0.038401,-0.143589,0.455363,0.014532,-0.250657,0.505876,-0.235326,-0.191161,0.622645,-0.436936,0.094661,0.000505,-0.000558,0.140683,-0.468692,0.069104,0.166397,-0.79041,0.190866,-0.094661,-0.000505,0.000558,-0.156315,-0.472493,0.023836,-0.196972,-0.794493,0.140681
16.766666,0,0,0,-0.000404,0.082164,0.005665,-0.00222,0.282651,0.015244,-0.005026,0.489759,0.042799,-0.016724,0.627251,0.009167,0.033286,0.432373,0.041938,0.137494,0.452227,0.030975,0.272649,0.511341,-0.202868,0.224176,0.624077,-0.409659,-0.042261,0.431842,0.038234,-0.143529,0.45533,0.014426,-0.250793,0.505194,-0.235478,-0.191564,0.621767,-0.437279,0.094661,0.000502,-0.000527,0.140833,-0.468697,0.069019,0.166624,-0.790434,0.190713,-0.094661,-0.000502,0.000528,-0.156207,-0.472512,0.023649,-0.196843,-0.794459,0.140646
16.783333,0,0,0,-0.000413,0.082173,0.005645,-0.002216,0.282673,0.015133,-0.004944,0.489783,0.042576,-0.016647,0.627302,0.009118,0.033347,0.432396,0.04174,0.13758,0.452066,0.030686,0.272793,0.510386,-0.203323,0.223174,0.623916,-0.409406,-0.042201,0.43189,0.038052,-0.143503,0.455233,0.014246,-0.250771,0.504441,-0.235786,-0.191727,0.620711,-0.437817,0.094661,0.000511,-0.000502,0.140932,-0.468684,0.069008,0.16679,-0.790449,0.190616,-0.094661,-0.000511,0.000502,-0.156125,-0.472535,0.02354,-0.19676,-0.794447,0.140636
16.8,0,0,0,-0.00043,0.082195,0.005583,-0.002225,0.282721,0.014868,-0.00494,0.489809,0.042101,-0.01666,0.627325,0.008844,0.03335,0.432471,0.041312,0.137539,0.452279,0.030089,0.272741,0.509346,-0.204235,0.222903,0.623232,-0.410069,-0.0422,0.431961,0.037657,-0.143518,0.455207,0.013827,-0.250477,0.503712,-0.236475,-0.191289,0.619246,-0.438886,0.094662,0.000526,-0.00044,0.141054,-0.468673,0.068961,0.166959,-0.790477,0.190456,-0.094661,-0.000525,0.000439,-0.156071,-0.472563,0.023359,-0.196696,-0.794434,0.140571
16.816666,0,0,0,-0.000447,0.082203,0.005521,-0.002266,0.282741,0.014633,-0.004977,0.489861,0.041711,-0.016639,0.627404,0.008496,0.033317,0.432513,0.040941,0.137449,0.452508,0.029529,0.272506,0.508547,-0.205126,0.222835,0.622668,-0.410871,-0.042236,0.431996,0.037332,-0.143587,0.455109,0.013512,-0.250411,0.502948,-0.236976,-0.191296,0.618187,-0.439576,0.094662,0.000542,-0.000402,0.141183,-0.468667,0.068839,0.167133,-0.790481,0.1903,-0.094661,-0.000542,0.000401,-0.15604,-0.472587,0.023244,-0.196667,-0.794452,0.140472
16.833333,0,0,0,-0.000456,0.082211,0.00547,-0.002299,0.282761,0.01442,-0.00502,0.489903,0.041301,-0.016628,0.62745,0.008097,0.033278,0.43256,0.040578,0.13738,0.452638,0.029038,0.27233,0.507875,-0.205869,0.222759,0.621985,-0.411644,-0.042275,0.432034,0.036986,-0.143642,0.455058,0.013148,-0.250267,0.502194,-0.237558,-0.191206,0.617122,-0.44035,0.094662,0.00055,-0.000365,0.141247,-0.468676,0.06872,0.167197,-0.790507,0.190134,-0.094661,-0.00055,0.000365,-0.156028,-0.4726,0.023141,-0.196673,-0.794444,0.140419
16.85,0,0,0,-0.000453,0.082226,0.005409,-0.002304,0.282794,0.014208,-0.005048,0.489961,0.040891,-0.016622,0.627499,0.007638,0.03326,0.432625,0.040201,0.137343,0.452738,0.028543,0.272118,0.507264,-0.20663,0.22272,0.621223,-0.412529,-0.042295,0.432081,0.036653,-0.143706,0.454996,0.012899,-0.250523,0.501382,-0.237864,-0.19184,0.616271,-0.440789,0.094661,0.000545,-0.000358,0.141314,-0.468693,0.0686,0.167301,-0.79055,0.189937,-0.094662,-0.000545,0.000359,-0.15603,-0.472599,0.02305,-0.196686,-0.794441,0.140333
16.866666,0,0,0,-0.000448,0.082216,0.005368,-0.002289,0.282778,0.014,-0.005035,0.489974,0.040411,-0.016608,0.627488,0.007088,0.033273,0.432644,0.039796,0.13735,0.452742,0.028058,0.271962,0.506691,-0.207341,0.222637,0.620313,-0.413445,-0.042282,0.432095,0.03625,-0.143682,0.454976,0.012417,-0.250165,0.500788,-0.238594,-0.191346,0.614931,-0.441899,0.094662,0.000539,-0.000357,0.141339,-0.468705,0.068546,0.167358,-0.79059,0.189801,-0.094661,-0.00054,0.000357,-0.156043,-0.472592,0.023051,-0.196739,-0.794453,0.140267
16.883333,0,0,0,-0.00044,0.082243,0.005249,-0.002289,0.282834,0.013647,-0.005129,0.490006,0.039819,-0.016658,0.627449,0.006406,0.033206,0.432745,0.03927,0.137255,0.452929,0.027442,0.271554,0.506009,-0.208334,0.222447,0.619127,-0.414767,-0.042349,0.432156,0.035734,-0.143764,0.454905,0.011836,-0.249768,0.499882,-0.239529,-0.190736,0.613296,-0.44318,0.094662,0.000532,-0.000386,0.1414,-0.46873,0.068356,0.167464,-0.790616,0.189597,-0.094661,-0.000532,0.000386,-0.156098,-0.472583,0.02295,-0.196805,-0.794471,0.140086
16.9,0,0,0,-0.000441,0.082246,0.005158,-0.002308,0.282843,0.013339,-0.005204,0.490024,0.039263,-0.016723,0.627427,0.005776,0.033151,0.432799,0.038754,0.137171,0.453006,0.02671,0.271056,0.505127,-0.209515,0.2222,0.617708,-0.416301,-0.042407,0.432177,0.03528,-0.143854,0.4548,0.0114,-0.249498,0.498865,-0.240278,-0.190518,0.611701,-0.444265,0.094661,0.000534,-0.000416,0.141418,-0.468737,0.068249,0.167511,-0.790637,0.18945,-0.094662,-0.000534,0.000417,-0.156138,-0.472581,0.022962,-0.196845,-0.794513,0.139978
16.916666,0,0,0,-0.000447,0.082262,0.005093,-0.002355,0.282877,0.013145,-0.005306,0.490084,0.038893,-0.016802,0.627469,0.005296,0.033071,0.432867,0.038397,0.137079,0.453017,0.026156,0.270455,0.503947,-0.210615,0.221829,0.615955,-0.417765,-0.04249,0.432214,0.034994,-0.143995,0.454649,0.011183,-0.249325,0.497643,-0.240811,-0.1906,0.610243,-0.445002,0.094661,0.000543,-0.000455,0.141441,-0.468737,0.068135,0.167571,-0.790642,0.189311,-0.094661,-0.000543,0.000455,-0.156179,-0.472587,0.02295,-0.196891,-0.794561,0.139848
16.933333,0,0,0,-0.000445,0.082242,0.00503,-0.002372,0.282836,0.012942,-0.005398,0.490108,0.038471,-0.016882,0.627523,0.004842,0.033004,0.43287,0.038011,0.137004,0.452965,0.025616,0.269796,0.502358,-0.211809,0.221522,0.613499,-0.419508,-0.042559,0.43218,0.034653,-0.144096,0.454491,0.010863,-0.24878,0.496144,-0.241625,-0.190208,0.607803,-0.446377,0.094662,0.000541,-0.000457,0.141459,-0.468749,0.068048,0.167609,-0.790656,0.189216,-0.094661,-0.00054,0.000458,-0.156249,-0.472573,0.023,-0.196996,-0.794586,0.139779
16.95,0,0,0,-0.000444,0.082234,0.00496,-0.002389,0.282822,0.012746,-0.005492,0.490178,0.038071,-0.016993,0.627668,0.004495,0.032938,0.432898,0.037626,0.136938,0.452878,0.02504,0.268984,0.500327,-0.213196,0.2211,0.610236,-0.421639,-0.042627,0.432168,0.03434,-0.144225,0.454213,0.010559,-0.248036,0.49413,-0.24257,-0.189545,0.604662,-0.447954,0.094661,0.000541,-0.000497,0.141501,-0.468757,0.067931,0.167701,-0.790671,0.18907,-0.094661,-0.000542,0.000497,-0.15633,-0.472564,0.023042,-0.197107,-0.794605,0.139732
16.966666,0,0,0,-0.000377,0.082008,0.004945,-0.001692,0.282362,0.013011,-0.004405,0.490191,0.038256,-0.016352,0.628049,0.004441,0.033884,0.432361,0.038002,0.138028,0.452523,0.026996,0.272433,0.498565,-0.210193,0.222078,0.603852,-0.420431,-0.041663,0.431825,0.034296,-0.143235,0.453595,0.010154,-0.246725,0.49196,-0.243345,-0.189062,0.600905,-0.449809,0.094662,0.000461,-0.00043,0.141388,-0.468892,0.067689,0.1675,-0.790806,0.188849,-0.094662,-0.000461,0.00043,-0.156585,-0.472453,0.02291,-0.197551,-0.79451,0.139489
16.983333,0,0,0,-0.000283,0.081954,0.004913,-0.00123,0.282244,0.013197,-0.003089,0.49038,0.03861,-0.015702,0.628504,0.004805,0.034932,0.432058,0.038458,0.139402,0.4512,0.028801,0.274977,0.496771,-0.207814,0.222666,0.597266,-0.419912,-0.040599,0.431879,0.034397,-0.142216,0.453069,0.009932,-0.245454,0.488912,-0.244039,-0.188124,0.596142,-0.451492,0.094661,0.000361,-0.000568,0.141644,-0.468966,0.067557,0.167956,-0.790772,0.188958,-0.094662,-0.00036,0.000568,-0.156504,-0.472356,0.023203,-0.197368,-0.794478,0.139638
17,0,0,0,-0.000284,0.081833,0.004851,-0.001351,0.281993,0.013313,-0.003175,0.490433,0.038781,-0.016002,0.628881,0.005088,0.034829,0.431791,0.038638,0.139579,0.449568,0.029418,0.274265,0.493606,-0.207993,0.22226,0.59087,-0.421666,-0.040697,0.431639,0.034475,-0.142383,0.452437,0.009962,-0.243969,0.485236,-0.245084,-0.186965,0.589922,-0.453921,0.094661,0.000369,-0.000688,0.141774,-0.468936,0.067495,0.168205,-0.790703,0.188976,-0.094661,-0.000369,0.000688,-0.156487,-0.472372,0.023196,-0.197267,-0.794468,0.139735
17.016666,0,0,0,-0.000323,0.08172,0.00482,-0.001556,0.28175,0.013592,-0.003511,0.490591,0.039133,-0.016359,0.629492,0.005597,0.034531,0.431566,0.03894,0.139458,0.448459,0.030081,0.273406,0.489726,-0.208244,0.22193,0.583105,-0.42377,-0.040994,0.43137,0.034764,-0.142781,0.451781,0.010346,-0.242643,0.481177,-0.245793,-0.186234,0.583052,-0.456176,0.09466,0.000419,-0.000751,0.141897,-0.468898,0.067269,0.168377,-0.790588,0.188942,-0.09466,-0.000418,0.000751,-0.156534,-0.472426,0.023029,-0.197305,-0.79445,0.139767
17.033333,0,0,0,-0.000374,0.081557,0.004788,-0.001739,0.281406,0.013923,-0.003709,0.49073,0.039529,-0.016617,0.630202,0.006315,0.03434,0.431224,0.039281,0.139449,0.447168,0.03083,0.272695,0.484572,-0.208524,0.221645,0.573249,-0.426129,-0.041184,0.431025,0.035093,-0.143077,0.450972,0.010729,-0.240827,0.476112,-0.246675,-0.18482,0.574258,-0.45893,0.094659,0.000484,-0.00087,0.142052,-0.468843,0.066966,0.168616,-0.790418,0.188925,-0.094659,-0.000485,0.00087,-0.15662,-0.472497,0.022821,-0.197383,-0.794389,0.139925
17.05,0,0,0,-0.000416,0.08147,0.004741,-0.001884,0.281213,0.01422,-0.00373,0.490979,0.039793,-0.016783,0.630979,0.00699,0.034292,0.431022,0.039484,0.139591,0.445831,0.031339,0.272225,0.478279,-0.209075,0.221512,0.561961,-0.428726,-0.041236,0.43086,0.035361,-0.143317,0.45022,0.011317,-0.239572,0.470256,-0.247095,-0.183864,0.564316,-0.46127,0.094657,0.00054,-0.00098,0.142275,-0.468817,0.066494,0.168932,-0.790226,0.188869,-0.094657,-0.00054,0.000981,-0.156679,-0.472564,0.022489,-0.197475,-0.79428,0.140067
17.066666,0,0,0,-0.000434,0.081434,0.004666,-0.001909,0.281122,0.014435,-0.003569,0.491302,0.039888,-0.016831,0.631795,0.007561,0.034412,0.430925,0.039527,0.139879,0.444605,0.031581,0.271879,0.471086,-0.20991,0.221309,0.549577,-0.431502,-0.041122,0.430815,0.035511,-0.143442,0.449432,0.011897,-0.238493,0.463872,-0.247333,-0.183097,0.554069,-0.463243,0.094656,0.000562,-0.001024,0.142507,-0.468855,0.065863,0.169182,-0.790083,0.188707,-0.094657,-0.000562,0.001023,-0.156756,-0.472601,0.02199,-0.197583,-0.794111,0.140118
17.083333,0,0,0,-0.000454,0.081361,0.004556,-0.001934,0.280956,0.014621,-0.003366,0.491567,0.039908,-0.016915,0.632598,0.008237,0.034567,0.430755,0.039476,0.140206,0.443116,0.031653,0.271638,0.462122,-0.210851,0.221278,0.535282,-0.434308,-0.040975,0.430703,0.03563,-0.143594,0.448434,0.012639,-0.237831,0.456379,-0.247169,-0.182565,0.541951,-0.464987,0.094655,0.000592,-0.001122,0.142688,-0.468909,0.065044,0.169308,-0.789892,0.188539,-0.094655,-0.000591,0.001123,-0.156913,-0.47265,0.02114,-0.197666,-0.793808,0.140248
17.1,0,0,0,-0.000493,0.081342,0.004411,-0.002012,0.280898,0.014719,-0.003252,0.491914,0.039729,-0.017169,0.63344,0.008762,0.034648,0.430715,0.039229,0.140439,0.44172,0.031435,0.271283,0.451984,-0.211911,0.221166,0.519475,-0.437199,-0.040906,0.430698,0.03562,-0.143895,0.447322,0.013473,-0.237846,0.447955,-0.246558,-0.182624,0.528825,-0.466175,0.094654,0.000641,-0.001237,0.142745,-0.46896,0.064166,0.169236,-0.789724,0.188258,-0.094653,-0.000641,0.001237,-0.157124,-0.472711,0.020308,-0.197947,-0.793542,0.140271
17.116666,0,0,0,-0.000553,0.081272,0.004193,-0.002124,0.280731,0.014774,-0.003139,0.492184,0.039569,-0.017454,0.6342,0.009123,0.034713,0.430549,0.039011,0.140626,0.440308,0.031222,0.270868,0.441833,-0.212659,0.221211,0.503868,-0.43961,-0.04085,0.430589,0.035575,-0.144196,0.446094,0.014302,-0.238165,0.439317,-0.245635,-0.183009,0.515419,-0.466966,0.094652,0.000708,-0.001264,0.142796,-0.469005,0.06329,0.169107,-0.789586,0.187893,-0.094653,-0.000709,0.001264,-0.157286,-0.472791,0.019484,-0.198245,-0.793313,0.140223
17.133333,0,0,0,-0.000613,0.081365,0.003898,-0.002106,0.280886,0.01481,-0.002641,0.492646,0.039197,-0.017499,0.634997,0.009371,0.03509,0.430682,0.038632,0.141116,0.438653,0.030354,0.269928,0.430952,-0.21417,0.224436,0.486771,-0.443595,-0.040481,0.430863,0.035407,-0.144237,0.445026,0.015217,-0.238444,0.429253,-0.244245,-0.183295,0.499357,-0.467551,0.094652,0.000775,-0.001312,0.142896,-0.469002,0.062704,0.168944,-0.789439,0.187728,-0.094651,-0.000776,0.001312,-0.15759,-0.472848,0.018713,-0.198615,-0.79301,0.140382
17.15,0,0,0,-0.000615,0.080893,0.003475,-0.001802,0.280005,0.012805,-0.001213,0.492253,0.035676,-0.017113,0.635272,0.008122,0.036326,0.429862,0.034692,0.142006,0.437353,0.022482,0.266545,0.420239,-0.223769,0.237257,0.460968,-0.458939,-0.039298,0.430238,0.03315,-0.143579,0.44334,0.015059,-0.238956,0.418213,-0.243233,-0.182527,0.481192,-0.468333,0.09465,0.00078,-0.001426,0.142834,-0.469126,0.061681,0.168821,-0.789307,0.187375,-0.09465,-0.000781,0.001426,-0.157683,-0.472887,0.01751,-0.198694,-0.79265,0.140228
17.166666,0,0,0,-0.000693,0.080836,0.003206,-0.001925,0.279876,0.012605,-0.000979,0.492512,0.034771,-0.017279,0.635919,0.007821,0.036467,0.429754,0.033883,0.142314,0.435089,0.021995,0.267265,0.407677,-0.223115,0.238176,0.443418,-0.459118,-0.03916,0.430232,0.032517,-0.143725,0.441974,0.015142,-0.238964,0.40745,-0.242114,-0.181706,0.462595,-0.469053,0.094648,0.00087,-0.00151,0.142768,-0.46916,0.060714,0.168517,-0.789168,0.186895,-0.094648,-0.000871,0.001509,-0.157903,-0.472985,0.016442,-0.198976,-0.792445,0.139925
17.183333,0,0,0,-0.000787,0.080705,0.002854,-0.002007,0.279607,0.012158,-0.000625,0.492714,0.033476,-0.017295,0.636591,0.007184,0.036703,0.429502,0.032728,0.142653,0.433089,0.021098,0.267484,0.393794,-0.222453,0.237772,0.422884,-0.459292,-0.038925,0.430112,0.031527,-0.143768,0.440431,0.014939,-0.238879,0.395378,-0.240732,-0.180639,0.441508,-0.469428,0.094645,0.000981,-0.001628,0.142683,-0.469163,0.059798,0.168205,-0.789026,0.186394,-0.094645,-0.00098,0.001627,-0.15813,-0.4731,0.015347,-0.199205,-0.792231,0.13968
17.2,0,0,0,-0.000896,0.080536,0.002454,-0.002182,0.279264,0.0116,-0.000405,0.492863,0.032,-0.017498,0.637219,0.006377,0.036812,0.429184,0.03143,0.142832,0.431111,0.020041,0.267413,0.380007,-0.221435,0.236592,0.401767,-0.458916,-0.038817,0.429915,0.03036,-0.143894,0.43888,0.01449,-0.238909,0.382966,-0.239061,-0.179757,0.419276,-0.469285,0.094641,0.001107,-0.001769,0.142574,-0.469148,0.05888,0.167876,-0.788889,0.185827,-0.09464,-0.001107,0.00177,-0.158398,-0.473226,0.014204,-0.199455,-0.792021,0.1394
17.216666,0,0,0,-0.001003,0.080403,0.00205,-0.002402,0.278992,0.011076,-0.000288,0.493024,0.030598,-0.017608,0.637807,0.005531,0.036833,0.428938,0.030228,0.142906,0.429161,0.01918,0.267158,0.367101,-0.219886,0.235234,0.381753,-0.457766,-0.038796,0.429775,0.029235,-0.144062,0.437473,0.013956,-0.238806,0.371121,-0.237169,-0.178903,0.397854,-0.468507,0.094635,0.001232,-0.001984,0.142515,-0.469114,0.058001,0.167681,-0.788715,0.185328,-0.094635,-0.001231,0.001984,-0.158652,-0.473346,0.013178,-0.199639,-0.791856,0.13912
17.233333,0,0,0,-0.001105,0.080224,0.001607,-0.002596,0.278633,0.010435,-0.000184,0.493156,0.028916,-0.017694,0.638405,0.004328,0.036845,0.428619,0.028832,0.142971,0.427276,0.018389,0.267126,0.352655,-0.217113,0.235763,0.357853,-0.455463,-0.038783,0.429555,0.027837,-0.144211,0.435968,0.013092,-0.238649,0.358271,-0.234877,-0.17821,0.374407,-0.467059,0.094629,0.001348,-0.00219,0.142439,-0.469091,0.057112,0.167456,-0.788551,0.18482,-0.094628,-0.001347,0.002191,-0.159072,-0.473434,0.012053,-0.199924,-0.79165,0.138779
17.25,0,0,0,-0.001235,0.079884,0.001171,-0.002965,0.277959,0.009683,-2.90E-05,0.493146,0.026934,-0.017737,0.639015,0.002771,0.036844,0.42796,0.027135,0.142934,0.424417,0.01685,0.266445,0.337816,-0.214856,0.234313,0.334374,-0.453135,-0.038782,0.429064,0.026242,-0.144364,0.434331,0.012163,-0.238483,0.345157,-0.232034,-0.177594,0.350678,-0.46459,0.094624,0.001497,-0.002344,0.142376,-0.469048,0.056159,0.16723,-0.788357,0.184277,-0.094623,-0.001497,0.002344,-0.159333,-0.47357,0.011055,-0.200251,-0.791522,0.138423
17.266666,0,0,0,-0.00119,0.079177,0.00073,-0.002401,0.276589,0.008112,0.002222,0.492628,0.02348,-0.016548,0.639318,0.000604,0.038619,0.426451,0.023884,0.144411,0.419627,0.012266,0.266459,0.321214,-0.215465,0.229017,0.314644,-0.452901,-0.037003,0.428086,0.023643,-0.142805,0.432465,0.010979,-0.238378,0.332413,-0.228391,-0.177034,0.32794,-0.46085,0.094622,0.001445,-0.002439,0.14232,-0.469146,0.055744,0.167049,-0.788329,0.184197,-0.094621,-0.001445,0.002438,-0.159578,-0.473494,0.010614,-0.200511,-0.791304,0.138329
17.283333,0,0,0,-0.001182,0.078757,0.000259,-0.002488,0.275753,0.007362,0.002622,0.492415,0.021753,-0.01641,0.639723,-0.000603,0.038872,0.425602,0.022347,0.144421,0.416259,0.010276,0.265059,0.307501,-0.213469,0.223956,0.298005,-0.450201,-0.036747,0.427391,0.022265,-0.142669,0.430665,0.010289,-0.237654,0.319121,-0.224189,-0.17626,0.303693,-0.456168,0.094624,0.001429,-0.002373,0.14248,-0.469235,0.055082,0.167044,-0.788263,0.183955,-0.094623,-0.001428,0.002373,-0.15956,-0.473486,0.010131,-0.200476,-0.791185,0.138128
17.3,0,0,0,-0.00119,0.078063,-7.90E-05,-0.002569,0.274375,0.006762,0.002815,0.491834,0.019925,-0.016321,0.639921,-0.002029,0.038952,0.424254,0.020979,0.144334,0.412601,0.009472,0.26412,0.293754,-0.209546,0.220111,0.280381,-0.445567,-0.036664,0.426145,0.020662,-0.142549,0.428541,0.008167,-0.234119,0.305716,-0.221988,-0.171813,0.276112,-0.45234,0.094625,0.00144,-0.002307,0.142519,-0.469245,0.054948,0.166905,-0.78818,0.184082,-0.094625,-0.00144,0.002306,-0.159549,-0.473499,0.010139,-0.20051,-0.7911,0.138363
17.316666,0,0,0,-0.001226,0.077922,-0.000338,-0.002834,0.274092,0.00648,0.002566,0.491835,0.018478,-0.016439,0.640195,-0.003232,0.038698,0.424045,0.019861,0.143907,0.410398,0.008974,0.263236,0.28087,-0.204158,0.21803,0.260893,-0.439484,-0.036918,0.425935,0.019584,-0.142906,0.426942,0.007792,-0.233682,0.293269,-0.216559,-0.170447,0.254592,-0.445309,0.094624,0.00148,-0.002344,0.142508,-0.469212,0.05486,0.166792,-0.788087,0.184161,-0.094623,-0.001479,0.002344,-0.159568,-0.473534,0.010223,-0.200496,-0.791107,0.138527
17.333333,0,0,0,-0.00122,0.077811,-0.000542,-0.002899,0.273863,0.006486,0.00251,0.491803,0.017407,-0.016436,0.64031,-0.004305,0.038634,0.423879,0.019147,0.143731,0.408784,0.009134,0.262537,0.267574,-0.196752,0.217109,0.237931,-0.431015,-0.036982,0.425772,0.018808,-0.14305,0.425722,0.007714,-0.233781,0.280804,-0.209566,-0.170922,0.232426,-0.436568,0.094624,0.001467,-0.002327,0.142466,-0.469229,0.054884,0.166629,-0.788073,0.184283,-0.094624,-0.001467,0.002327,-0.159531,-0.473524,0.010464,-0.200401,-0.791127,0.138713
17.35,0,0,0,-0.001198,0.077757,-0.000694,-0.002872,0.273745,0.006665,0.002337,0.491767,0.016571,-0.01651,0.640299,-0.005266,0.038514,0.423853,0.018689,0.14359,0.407987,0.009698,0.26169,0.255134,-0.188115,0.216808,0.213856,-0.420712,-0.037103,0.425681,0.018215,-0.143221,0.424535,0.007673,-0.233682,0.268614,-0.201965,-0.171397,0.210013,-0.426702,0.094624,0.001437,-0.00231,0.142358,-0.469251,0.055044,0.166395,-0.788079,0.184507,-0.094625,-0.001437,0.00231,-0.159494,-0.473491,0.010886,-0.200304,-0.791208,0.138871
17.366666,0,0,0,-0.001204,0.078581,-0.00072,-0.002761,0.275351,0.00773,0.000673,0.492717,0.016659,-0.017605,0.640457,-0.005987,0.037375,0.425831,0.01934,0.142923,0.412368,0.012145,0.262722,0.249133,-0.176122,0.217572,0.192712,-0.40546,-0.038249,0.427065,0.018381,-0.144327,0.424077,0.0078,-0.233162,0.258356,-0.1949,-0.172237,0.189645,-0.417133,0.094628,0.001431,-0.002188,0.142073,-0.46932,0.054895,0.165846,-0.788219,0.184233,-0.094628,-0.001431,0.002189,-0.159697,-0.473455,0.010848,-0.200643,-0.791284,0.138512
17.383333,0,0,0,-0.001098,0.078561,-0.000917,-0.002226,0.275295,0.007965,0.001462,0.492803,0.01647,-0.016844,0.640589,-0.006709,0.038054,0.425743,0.019487,0.143834,0.413083,0.014591,0.261767,0.239238,-0.16517,0.218712,0.167321,-0.390549,-0.037561,0.427079,0.018107,-0.143629,0.423002,0.007781,-0.233114,0.247241,-0.185983,-0.172652,0.169025,-0.405182,0.094627,0.001295,-0.002284,0.1421,-0.469365,0.055518,0.165922,-0.78817,0.185079,-0.094628,-0.001296,0.002284,-0.159521,-0.473325,0.011928,-0.200247,-0.791363,0.139141
17.4,0,0,0,-0.001083,0.078911,-0.001062,-0.002265,0.275976,0.00828,0.001121,0.493168,0.01512,-0.017037,0.640553,-0.00828,0.03779,0.426558,0.01879,0.143584,0.41343,0.0158,0.261587,0.226955,-0.150766,0.223924,0.138881,-0.371319,-0.037822,0.427788,0.017137,-0.143891,0.42245,0.007417,-0.232648,0.237307,-0.17775,-0.172827,0.150205,-0.393748,0.094628,0.001268,-0.00226,0.142059,-0.469395,0.055559,0.165773,-0.788191,0.18516,-0.094629,-0.001268,0.00226,-0.159513,-0.473296,0.012043,-0.200177,-0.791421,0.139057
17.416666,0,0,0,-0.001047,0.078372,-0.001301,-0.002111,0.274889,0.008281,0.001546,0.492754,0.014591,-0.016541,0.640773,-0.009087,0.038138,0.425451,0.018322,0.143934,0.412402,0.015079,0.259464,0.217073,-0.142851,0.216972,0.116793,-0.357229,-0.037477,0.426763,0.016842,-0.143592,0.421235,0.007757,-0.232789,0.227942,-0.168665,-0.173288,0.131506,-0.38075,0.094628,0.001226,-0.002307,0.142049,-0.469377,0.056007,0.165754,-0.788123,0.185732,-0.094628,-0.001227,0.002306,-0.159393,-0.47326,0.012619,-0.199905,-0.791491,0.139416
17.433333,0,0,0,-0.001027,0.078153,-0.00153,-0.002103,0.274445,0.008244,0.001687,0.492528,0.013504,-0.016421,0.640707,-0.010367,0.038241,0.425031,0.017524,0.143921,0.411007,0.014588,0.257068,0.207849,-0.134973,0.2123,0.097114,-0.343672,-0.037374,0.426379,0.016103,-0.143525,0.420341,0.007785,-0.232471,0.219003,-0.159534,-0.173797,0.113621,-0.367557,0.094628,0.001199,-0.002301,0.142043,-0.469379,0.056218,0.165695,-0.788055,0.186127,-0.094628,-0.001199,0.002301,-0.159284,-0.473238,0.01302,-0.199694,-0.791559,0.139626
17.45,0,0,0,-0.001019,0.078001,-0.001739,-0.002078,0.27413,0.008336,0.001746,0.492387,0.012609,-0.016295,0.640695,-0.011468,0.03829,0.424751,0.016915,0.143882,0.409967,0.014612,0.255135,0.199617,-0.126165,0.209003,0.080401,-0.329832,-0.037326,0.426104,0.015522,-0.1435,0.419494,0.007982,-0.23241,0.210791,-0.150072,-0.17467,0.096711,-0.35372,0.094628,0.001185,-0.002315,0.14201,-0.469357,0.056517,0.165622,-0.787973,0.18658,-0.094628,-0.001185,0.002316,-0.159218,-0.473222,0.013495,-0.199576,-0.791603,0.139966
17.466666,,,,,,,,,,,,,,,,,,,,,,,,,,,,,,,,,,,,,,,,,,,,,,,,,,,,,,,,,
17.483333,0,0,0,-0.00096,0.077822,-0.002024,-0.001942,0.273743,0.008726,0.001744,0.492264,0.011038,-0.016203,0.640708,-0.013708,0.038333,0.424462,0.015914,0.143799,0.408658,0.015073,0.25214,0.185897,-0.107742,0.204093,0.052417,-0.301897,-0.037284,0.425752,0.014581,-0.143486,0.417997,0.008693,-0.232324,0.196794,-0.131382,-0.176658,0.067646,-0.32643,0.094629,0.001108,-0.002328,0.141783,-0.469356,0.057311,0.165218,-0.787891,0.187604,-0.094629,-0.001107,0.002328,-0.159245,-0.473112,0.01465,-0.199611,-0.791616,0.140807
17.5,0,0,0,-0.000929,0.077728,-0.002203,-0.00187,0.273547,0.00877,0.001732,0.492198,0.010238,-0.016207,0.64071,-0.014849,0.038347,0.424308,0.015364,0.143765,0.408165,0.015212,0.250807,0.179989,-0.098459,0.20194,0.039909,-0.287695,-0.037271,0.425563,0.014047,-0.14348,0.417361,0.008951,-0.232216,0.190592,-0.121986,-0.177858,0.054385,-0.312548,0.09463,0.001066,-0.002282,0.141713,-0.469382,0.057531,0.165027,-0.787852,0.188005,-0.09463,-0.001066,0.002283,-0.159248,-0.473059,0.01507,-0.19966,-0.791619,0.14107
17.516666,0,0,0,-0.00091,0.077657,-0.002367,-0.001854,0.273393,0.008903,0.001621,0.492166,0.009592,-0.016273,0.640743,-0.015831,0.038277,0.4242,0.01494,0.143649,0.407762,0.015474,0.24957,0.174977,-0.089574,0.200118,0.029296,-0.274377,-0.037342,0.425405,0.013659,-0.143557,0.41681,0.009402,-0.232293,0.185334,-0.113023,-0.179081,0.042917,-0.29932,0.094631,0.00104,-0.002233,0.141618,-0.469378,0.0579,0.164798,-0.787771,0.188582,-0.094632,-0.00104,0.002234,-0.159275,-0.473011,0.015693,-0.199763,-0.791622,0.141541
17.533333,0,0,0,-0.000896,0.077613,-0.002512,-0.001831,0.273288,0.0091,0.001505,0.492168,0.008986,-0.016398,0.640786,-0.016798,0.038208,0.424142,0.014553,0.14353,0.407429,0.015783,0.248241,0.17015,-0.08002,0.198287,0.018963,-0.26021,-0.037414,0.425294,0.013329,-0.143631,0.416335,0.009994,-0.232572,0.18052,-0.103694,-0.180289,0.032103,-0.28552,0.094633,0.001022,-0.002163,0.141543,-0.469353,0.058363,0.164601,-0.787693,0.189198,-0.094634,-0.001022,0.002163,-0.159228,-0.47298,0.016271,-0.199788,-0.791593,0.142092
17.55,0,0,0,-0.000879,0.07757,-0.00264,-0.00182,0.273187,0.009293,0.001334,0.492152,0.008425,-0.016579,0.640811,-0.017617,0.038101,0.424092,0.014168,0.143379,0.407162,0.016061,0.246964,0.165886,-0.070537,0.196508,0.009853,-0.246403,-0.037523,0.425177,0.013056,-0.14374,0.415898,0.010715,-0.233035,0.176283,-0.094422,-0.181626,0.022461,-0.271952,0.094635,0.001,-0.002126,0.141424,-0.469323,0.058892,0.164384,-0.787638,0.189806,-0.094635,-0.001,0.002127,-0.15924,-0.472937,0.016902,-0.199859,-0.791578,0.14263
17.566666,0,0,0,-0.000871,0.07755,-0.002761,-0.001821,0.273134,0.009442,0.001193,0.492164,0.007891,-0.01676,0.640825,-0.018496,0.038012,0.424079,0.013785,0.143242,0.406942,0.016336,0.245799,0.162323,-0.06168,0.195023,0.002038,-0.233586,-0.037615,0.425112,0.012794,-0.143828,0.4156,0.011446,-0.233663,0.172843,-0.085724,-0.183121,0.014542,-0.259527,0.094635,0.000988,-0.002141,0.141267,-0.469277,0.059446,0.164136,-0.787568,0.190434,-0.094634,-0.000987,0.002141,-0.159219,-0.472908,0.0175,-0.199826,-0.791568,0.143184
17.583333,0,0,0,-0.000873,0.077537,-0.002904,-0.001847,0.273099,0.009539,0.000984,0.492186,0.007328,-0.016914,0.640867,-0.019321,0.037869,0.424089,0.013363,0.143055,0.40681,0.016658,0.244522,0.159043,-0.052333,0.193514,-0.005491,-0.220107,-0.03776,0.425057,0.012498,-0.143957,0.415273,0.012178,-0.234165,0.16948,-0.076662,-0.184671,0.006924,-0.246801,0.094633,0.000983,-0.002221,0.141139,-0.469212,0.059989,0.163982,-0.78747,0.191062,-0.094632,-0.000982,0.002222,-0.159232,-0.472883,0.018117,-0.199835,-0.791581,0.143708
17.6,0,0,0,-0.000917,0.077542,-0.003064,-0.001994,0.273105,0.009529,0.000682,0.492221,0.006662,-0.017169,0.640908,-0.020192,0.037622,0.424132,0.012849,0.142765,0.406743,0.016861,0.24324,0.156337,-0.043512,0.192062,-0.012276,-0.207133,-0.038009,0.425046,0.012086,-0.144183,0.415031,0.012724,-0.23463,0.166528,-0.067953,-0.186285,0.000347,-0.23489,0.094629,0.001025,-0.00239,0.140902,-0.469091,0.060585,0.163734,-0.78739,0.191559,-0.094628,-0.001025,0.00239,-0.159337,-0.472901,0.018589,-0.199934,-0.791624,0.144115
17.616666,0,0,0,-0.000923,0.07752,-0.003192,-0.00208,0.273053,0.009635,0.000387,0.492203,0.006264,-0.017377,0.6409,-0.020799,0.037396,0.424125,0.012577,0.14251,0.406731,0.017253,0.242218,0.154232,-0.035149,0.190735,-0.017866,-0.195002,-0.038237,0.424965,0.011874,-0.144378,0.414703,0.013413,-0.235066,0.163981,-0.059781,-0.18783,-0.005197,-0.224003,0.094627,0.001026,-0.002459,0.140654,-0.469012,0.061274,0.163477,-0.787313,0.192247,-0.094626,-0.001027,0.002459,-0.159453,-0.472869,0.019141,-0.200072,-0.791591,0.144665
17.633333,0,0,0,-0.000912,0.077535,-0.00325,-0.002092,0.273067,0.009833,0.000192,0.492249,0.005958,-0.017519,0.640961,-0.021271,0.03726,0.424178,0.012412,0.142339,0.406759,0.017747,0.241291,0.152433,-0.026646,0.189636,-0.023028,-0.182744,-0.038374,0.424955,0.011739,-0.144479,0.414485,0.014089,-0.235418,0.161746,-0.051464,-0.189335,-0.010414,-0.212893,0.094625,0.001008,-0.002512,0.140529,-0.468961,0.061817,0.163282,-0.787144,0.193087,-0.094625,-0.001008,0.002511,-0.159488,-0.472815,0.020046,-0.200127,-0.791605,0.145388
17.65,0,0,0,-0.000896,0.077604,-0.003281,-0.002054,0.273187,0.010075,0.000155,0.492398,0.005756,-0.017538,0.641124,-0.021611,0.037245,0.424317,0.012348,0.142285,0.406868,0.018328,0.240477,0.151037,-0.018447,0.188695,-0.027525,-0.170945,-0.038388,0.425066,0.011674,-0.144465,0.414486,0.014717,-0.235676,0.160073,-0.043577,-0.190817,-0.015142,-0.202034,0.094624,0.000983,-0.002569,0.14022,-0.469133,0.060899,0.162712,-0.786849,0.19334,-0.094624,-0.000983,0.00257,-0.15956,-0.472749,0.020907,-0.200247,-0.791566,0.146166
17.666666,0,0,0,-0.000897,0.077652,-0.003345,-0.002074,0.273271,0.010211,8.10E-05,0.492517,0.005485,-0.01763,0.641254,-0.022051,0.037189,0.424414,0.012196,0.142192,0.406953,0.018753,0.239693,0.149982,-0.011299,0.188098,-0.031331,-0.16058,-0.038445,0.425144,0.011536,-0.144503,0.414572,0.015211,-0.236066,0.158891,-0.036625,-0.192158,-0.019103,-0.192226,0.094623,0.000981,-0.002597,0.14005,-0.469202,0.060495,0.162412,-0.786569,0.193791,-0.094623,-0.00098,0.002598,-0.159624,-0.472707,0.021712,-0.200402,-0.791587,0.146781
17.683333,0,0,0,-0.000934,0.077676,-0.003452,-0.002204,0.273314,0.010266,-0.000122,0.492555,0.005151,-0.017831,0.641278,-0.022474,0.037008,0.424473,0.011988,0.14197,0.407007,0.019166,0.238678,0.149033,-0.004089,0.187357,-0.034914,-0.150209,-0.038626,0.425176,0.011318,-0.144667,0.414648,0.015553,-0.236776,0.157924,-0.029758,-0.193611,-0.02299,-0.182167,0.094622,0.001021,-0.002611,0.139964,-0.469048,0.061383,0.162376,-0.786466,0.19455,-0.094623,-0.001021,0.00261,-0.159728,-0.472699,0.022548,-0.200635,-0.791629,0.147449
17.7,0,0,0,-0.000975,0.07772,-0.003546,-0.002379,0.273398,0.010282,-0.000416,0.492588,0.004792,-0.01812,0.641258,-0.022886,0.03675,0.424582,0.011753,0.141677,0.407163,0.019536,0.23759,0.148405,0.002541,0.186761,-0.038052,-0.140537,-0.038884,0.425243,0.011064,-0.144915,0.414789,0.015719,-0.237608,0.15729,-0.023598,-0.195106,-0.026566,-0.172634,0.094621,0.001066,-0.002641,0.139949,-0.468812,0.062749,0.162462,-0.786437,0.195406,-0.094621,-0.001066,0.002642,-0.159823,-0.472699,0.023306,-0.200848,-0.791684,0.148029
17.716666,0,0,0,-0.001015,0.077761,-0.003627,-0.00254,0.273478,0.010265,-0.000666,0.492596,0.004422,-0.01834,0.641201,-0.023277,0.036526,0.42468,0.011504,0.141421,0.407322,0.019838,0.236543,0.147968,0.008393,0.186351,-0.040729,-0.131948,-0.039108,0.425308,0.010789,-0.145135,0.414959,0.015766,-0.23834,0.156895,-0.018281,-0.196495,-0.029649,-0.164129,0.094619,0.00111,-0.002684,0.139955,-0.468556,0.064212,0.162618,-0.786455,0.196182,-0.094619,-0.00111,0.002684,-0.159894,-0.472708,0.023912,-0.201012,-0.791744,0.148472
17.733333,0,0,0,-0.001046,0.077796,-0.003738,-0.002701,0.273555,0.010137,-0.000926,0.492575,0.003872,-0.01855,0.641086,-0.02388,0.036295,0.424778,0.0111,0.141158,0.40749,0.019965,0.23553,0.147677,0.014058,0.186026,-0.043295,-0.123421,-0.039339,0.425369,0.01035,-0.145363,0.415149,0.01565,-0.239025,0.156614,-0.013178,-0.197905,-0.032546,-0.155828,0.094619,0.001143,-0.002673,0.139859,-0.468291,0.065892,0.162763,-0.786587,0.196862,-0.09462,-0.001143,0.002673,-0.159914,-0.472717,0.024384,-0.201126,-0.791804,0.14878
17.75,0,0,0,-0.001069,0.077899,-0.003779,-0.00282,0.273755,0.010204,-0.001075,0.492693,0.00362,-0.018691,0.641131,-0.024138,0.036151,0.424985,0.010979,0.140975,0.40772,0.020329,0.234582,0.147566,0.019311,0.185817,-0.045543,-0.11542,-0.039483,0.425563,0.01016,-0.145512,0.41553,0.015699,-0.239572,0.156643,-0.008254,-0.199302,-0.034986,-0.147818,0.094619,0.001169,-0.002676,0.139841,-0.468211,0.066272,0.162576,-0.786416,0.197492,-0.094619,-0.001169,0.002676,-0.159935,-0.472717,0.024858,-0.201189,-0.791799,0.149257
17.766666,0,0,0,-0.001077,0.077954,-0.003812,-0.002878,0.273862,0.010213,-0.001169,0.492742,0.003327,-0.018733,0.641142,-0.024402,0.036063,0.4251,0.010818,0.140859,0.4079,0.020595,0.23396,0.147582,0.023833,0.185681,-0.047297,-0.108503,-0.03957,0.425662,0.00992,-0.145595,0.415723,0.0157,-0.239725,0.1565,-0.003966,-0.20026,-0.037062,-0.14107,0.094619,0.001176,-0.00267,0.139747,-0.468201,0.066357,0.162405,-0.786283,0.197887,-0.094619,-0.001177,0.002671,-0.159908,-0.472707,0.025307,-0.201164,-0.791794,0.149691
17.783333,0,0,0,-0.00107,0.078022,-0.003864,-0.002892,0.273996,0.010209,-0.001173,0.492801,0.003026,-0.018751,0.641132,-0.024708,0.036047,0.425236,0.010671,0.140807,0.408079,0.020902,0.233464,0.147683,0.028141,0.185556,-0.048898,-0.10179,-0.039584,0.425796,0.009644,-0.145609,0.415944,0.015567,-0.239777,0.156452,6.30E-05,-0.201271,-0.039124,-0.134432,0.094622,0.001171,-0.002574,0.139629,-0.4682,0.066573,0.162118,-0.786239,0.198236,-0.094622,-0.00117,0.002574,-0.159909,-0.472677,0.025691,-0.201249,-0.791766,0.150041
17.8,0,0,0,-0.001054,0.078074,-0.003898,-0.002843,0.274099,0.010247,-0.00105,0.492829,0.002831,-0.018641,0.641079,-0.024966,0.036141,0.425327,0.010597,0.140868,0.408221,0.021229,0.233261,0.147856,0.032051,0.185548,-0.050141,-0.095786,-0.039489,0.425909,0.009468,-0.145511,0.416143,0.015592,-0.239512,0.1564,0.003707,-0.202155,-0.041131,-0.12823,0.094624,0.001154,-0.002504,0.139571,-0.468227,0.066615,0.161937,-0.786166,0.198541,-0.094623,-0.001153,0.002504,-0.159853,-0.472648,0.026029,-0.201218,-0.791712,0.150435
17.816666,0,0,0,-0.001041,0.078133,-0.003917,-0.002791,0.274212,0.010291,-0.000906,0.492872,0.002706,-0.018537,0.641048,-0.025116,0.036249,0.425426,0.010571,0.140949,0.408374,0.021553,0.233171,0.148092,0.035411,0.185672,-0.051074,-0.090678,-0.039379,0.426036,0.009345,-0.145399,0.416364,0.015644,-0.239075,0.156383,0.006763,-0.20281,-0.042847,-0.122903,0.094626,0.001139,-0.002423,0.139526,-0.468261,0.066598,0.161765,-0.786088,0.198814,-0.094626,-0.001139,0.002424,-0.159763,-0.472628,0.026312,-0.201141,-0.79167,0.150772
17.833333,0,0,0,-0.001029,0.07821,-0.003957,-0.002732,0.274365,0.010308,-0.000749,0.492934,0.00261,-0.018399,0.641017,-0.025231,0.036371,0.425563,0.010545,0.141046,0.408571,0.021856,0.233011,0.148357,0.03844,0.185772,-0.051907,-0.085997,-0.039255,0.426203,0.009244,-0.145269,0.416606,0.01576,-0.238425,0.156359,0.009632,-0.203336,-0.044428,-0.117941,0.094628,0.001127,-0.002333,0.139534,-0.468268,0.066718,0.161692,-0.786022,0.199123,-0.094629,-0.001126,0.002332,-0.159626,-0.472615,0.026602,-0.201008,-0.791635,0.151117
17.85,0,0,0,-0.001018,0.078288,-0.003986,-0.00266,0.274516,0.010377,-0.000602,0.493011,0.00264,-0.018259,0.64101,-0.02525,0.036493,0.425701,0.010604,0.14115,0.408796,0.022207,0.23278,0.148622,0.041104,0.185932,-0.052556,-0.082,-0.039133,0.426366,0.009265,-0.145139,0.416804,0.015963,-0.237724,0.156309,0.01213,-0.203653,-0.045728,-0.113734,0.094631,0.001115,-0.002266,0.13953,-0.468259,0.066934,0.16161,-0.785981,0.199427,-0.09463,-0.001116,0.002267,-0.159504,-0.472605,0.026866,-0.200891,-0.791598,0.151447
17.866666,0,0,0,-0.00101,0.078355,-0.004008,-0.002615,0.274646,0.010415,-0.000502,0.49308,0.002662,-0.018147,0.641013,-0.025267,0.036574,0.425821,0.010642,0.141217,0.408994,0.022486,0.23257,0.148863,0.043231,0.186092,-0.053013,-0.078865,-0.039051,0.426504,0.009278,-0.145049,0.41697,0.016132,-0.237086,0.156261,0.014131,-0.203815,-0.046699,-0.110455,0.094632,0.001107,-0.00219,0.139553,-0.468236,0.067202,0.161599,-0.785971,0.199671,-0.094632,-0.001108,0.002189,-0.159409,-0.472597,0.027043,-0.200839,-0.791594,0.151599
17.883333,0,0,0,-0.000996,0.078398,-0.004022,-0.002572,0.274728,0.010462,-0.000426,0.493114,0.002724,-0.018079,0.640991,-0.025243,0.036639,0.425898,0.010707,0.141266,0.409132,0.022781,0.232326,0.149035,0.045176,0.186312,-0.053431,-0.076116,-0.038985,0.426592,0.009326,-0.144976,0.417084,0.01634,-0.236443,0.156167,0.016062,-0.203823,-0.047555,-0.107448,0.094633,0.001093,-0.00212,0.139579,-0.468208,0.06754,0.161622,-0.785956,0.199979,-0.094634,-0.001093,0.002119,-0.159329,-0.472579,0.02725,-0.200775,-0.791562,0.151836
17.9,0,0,0,-0.000982,0.078442,-0.004022,-0.002532,0.274811,0.010541,-0.000377,0.493156,0.002837,-0.018056,0.640968,-0.02522,0.036683,0.42598,0.010822,0.141292,0.409248,0.023099,0.232055,0.149155,0.046707,0.186446,-0.053703,-0.074081,-0.03894,0.426676,0.009412,-0.144924,0.417166,0.016531,-0.235873,0.156071,0.0176,-0.203718,-0.048234,-0.105067,0.094636,0.001079,-0.002057,0.139578,-0.468194,0.067793,0.161594,-0.785941,0.200239,-0.094635,-0.00108,0.002056,-0.159311,-0.472556,0.027414,-0.200801,-0.79151,0.152061
17.916666,0,0,0,-0.000974,0.078498,-0.004007,-0.002505,0.274915,0.010667,-0.00033,0.493216,0.003067,-0.018014,0.640976,-0.025015,0.036723,0.42608,0.011034,0.14132,0.409379,0.023446,0.23189,0.14929,0.047829,0.186545,-0.053733,-0.072782,-0.038901,0.426784,0.009596,-0.144882,0.417296,0.016775,-0.235408,0.156059,0.018803,-0.203454,-0.048685,-0.103182,0.094636,0.001071,-0.00202,0.139603,-0.468177,0.067984,0.161603,-0.785902,0.200485,-0.094637,-0.001071,0.00202,-0.159325,-0.472534,0.027594,-0.200876,-0.791465,0.152279
17.933333,0,0,0,-0.000966,0.07852,-0.003987,-0.002503,0.274948,0.010797,-0.000326,0.493221,0.003316,-0.017992,0.640944,-0.024801,0.036723,0.426114,0.011265,0.141309,0.409445,0.023815,0.231822,0.149373,0.048594,0.186694,-0.053604,-0.072175,-0.038899,0.426817,0.009788,-0.144881,0.41735,0.016996,-0.235024,0.155987,0.019776,-0.203042,-0.049089,-0.101641,0.094637,0.001065,-0.001989,0.139585,-0.46817,0.068112,0.161548,-0.785871,0.200678,-0.094637,-0.001064,0.001988,-0.159343,-0.472513,0.02778,-0.200975,-0.79143,0.152475
17.95,0,0,0,-0.00096,0.078521,-0.003957,-0.002487,0.274942,0.010927,-0.000268,0.493213,0.003572,-0.017927,0.640925,-0.024577,0.036766,0.4261,0.011496,0.141336,0.409394,0.024129,0.231911,0.14933,0.048759,0.187031,-0.05348,-0.072384,-0.038856,0.426818,0.009992,-0.144842,0.417392,0.017178,-0.234683,0.15593,0.020294,-0.202422,-0.049356,-0.100697,0.094637,0.001057,-0.001968,0.139591,-0.468183,0.068098,0.161521,-0.785841,0.20077,-0.094638,-0.001058,0.001967,-0.159342,-0.472501,0.027877,-0.201036,-0.79141,0.152571
17.966666,0,0,0,-0.000956,0.078524,-0.003921,-0.002481,0.274938,0.01107,-0.000219,0.493215,0.003831,-0.017874,0.640916,-0.024386,0.0368,0.426088,0.011731,0.141363,0.409357,0.024392,0.232154,0.149329,0.048612,0.187389,-0.053262,-0.072938,-0.038821,0.426821,0.010204,-0.144816,0.417453,0.017342,-0.234413,0.155907,0.020459,-0.201771,-0.049515,-0.100198,0.094638,0.001055,-0.001954,0.139594,-0.468198,0.068025,0.161492,-0.785808,0.200816,-0.094638,-0.001055,0.001953,-0.159343,-0.472492,0.027952,-0.201092,-0.791398,0.152636
17.983333,0,0,0,-0.000946,0.078511,-0.003876,-0.002456,0.274899,0.011241,-0.000152,0.493205,0.004148,-0.017822,0.640922,-0.024112,0.036853,0.426042,0.012012,0.141416,0.409292,0.024653,0.232516,0.149303,0.048104,0.187774,-0.053007,-0.073922,-0.038767,0.42679,0.010468,-0.144774,0.417489,0.017511,-0.234208,0.155882,0.020259,-0.201062,-0.0496,-0.100158,0.094638,0.001045,-0.001952,0.139588,-0.468225,0.067911,0.161453,-0.785773,0.20086,-0.094638,-0.001045,0.001952,-0.159365,-0.472476,0.028009,-0.201181,-0.791368,0.152705
18,0,0,0,-0.000936,0.078491,-0.003832,-0.002433,0.27485,0.011401,-0.000127,0.493181,0.00445,-0.017796,0.64092,-0.0238,0.036877,0.425992,0.012274,0.141449,0.40924,0.024823,0.23289,0.149271,0.047156,0.188148,-0.052763,-0.075327,-0.038744,0.426741,0.010724,-0.14476,0.417467,0.017659,-0.234022,0.155795,0.019756,-0.200396,-0.049666,-0.100562,0.094637,0.001032,-0.001964,0.139534,-0.468261,0.067777,0.161342,-0.785771,0.200826,-0.094638,-0.001033,0.001964,-0.159424,-0.472456,0.028022,-0.201317,-0.791335,0.152726
18.016666,0,0,0,-0.000928,0.078449,-0.0038,-0.002405,0.274759,0.0115,-0.000115,0.493121,0.004724,-0.017783,0.640892,-0.023489,0.036893,0.425903,0.012498,0.141483,0.409163,0.024921,0.23327,0.149208,0.045957,0.188504,-0.052483,-0.077081,-0.038728,0.426648,0.010942,-0.144752,0.41734,0.017706,-0.233845,0.155605,0.018843,-0.199777,-0.049699,-0.101619,0.094638,0.001024,-0.001977,0.139505,-0.468287,0.067669,0.161281,-0.785766,0.200796,-0.094638,-0.001023,0.001978,-0.159459,-0.472445,0.027981,-0.20139,-0.791309,0.152709
18.033333,0,0,0,-0.000916,0.078384,-0.003772,-0.002364,0.274624,0.011556,-9.60E-05,0.493037,0.00499,-0.017766,0.640865,-0.023163,0.03692,0.425771,0.012691,0.141532,0.409026,0.024915,0.233624,0.149049,0.044271,0.188883,-0.052238,-0.079437,-0.038701,0.42651,0.011154,-0.144733,0.417127,0.017708,-0.233679,0.15534,0.01738,-0.19916,-0.049706,-0.103394,0.094638,0.00101,-0.002007,0.13949,-0.468319,0.067525,0.161253,-0.785771,0.200718,-0.094637,-0.00101,0.002007,-0.15949,-0.472436,0.02784,-0.20143,-0.791287,0.1526
18.05,0,0,0,-0.000904,0.078281,-0.003737,-0.002307,0.274416,0.011602,-8.40E-05,0.492894,0.005263,-0.017757,0.640808,-0.022742,0.036948,0.425569,0.012874,0.141594,0.408824,0.024814,0.234056,0.148826,0.04201,0.18937,-0.051967,-0.082515,-0.038674,0.426295,0.011381,-0.144709,0.416792,0.017684,-0.233549,0.154981,0.015203,-0.198543,-0.049699,-0.106049,0.094636,0.000995,-0.002061,0.13948,-0.468359,0.067307,0.161245,-0.785788,0.200556,-0.094636,-0.000995,0.00206,-0.159541,-0.472427,0.027651,-0.201487,-0.791268,0.152435
18.066666,0,0,0,-0.000892,0.078168,-0.0037,-0.002245,0.274189,0.011616,-5.50E-05,0.492768,0.005457,-0.017779,0.640789,-0.022463,0.036992,0.425346,0.01298,0.141671,0.408571,0.024579,0.234476,0.148541,0.039259,0.189934,-0.051751,-0.086122,-0.038631,0.426064,0.011557,-0.144672,0.416443,0.017588,-0.233525,0.154675,0.012464,-0.198061,-0.04961,-0.109321,0.094635,0.000979,-0.00212,0.139483,-0.468402,0.067061,0.161264,-0.785808,0.200361,-0.094636,-0.000979,0.00212,-0.159578,-0.472423,0.027394,-0.201517,-0.79124,0.15224
18.083333,0,0,0,-0.000877,0.078033,-0.003658,-0.002175,0.273924,0.011588,-1.50E-05,0.492598,0.005635,-0.017796,0.640717,-0.022207,0.037047,0.425084,0.01305,0.141767,0.40826,0.024199,0.235003,0.148216,0.035528,0.190819,-0.051478,-0.09093,-0.038578,0.425795,0.011719,-0.144629,0.416063,0.017368,-0.233637,0.154446,0.008541,-0.197624,-0.04927,-0.114033,0.094633,0.00096,-0.002205,0.139503,-0.468458,0.066716,0.161316,-0.78585,0.200042,-0.094634,-0.000961,0.002205,-0.159627,-0.472422,0.027025,-0.201548,-0.79121,0.151952
18.1,0,0,0,-0.000866,0.077876,-0.003616,-0.002147,0.273618,0.011506,-6.30E-05,0.492388,0.005794,-0.017888,0.640607,-0.021972,0.037032,0.424788,0.013074,0.141804,0.407919,0.023649,0.235541,0.147912,0.030947,0.1919,-0.051138,-0.09671,-0.038596,0.425477,0.011868,-0.144657,0.415621,0.017107,-0.233829,0.154259,0.00362,-0.197236,-0.048552,-0.120276,0.094632,0.000947,-0.002297,0.139529,-0.468513,0.066322,0.161357,-0.785897,0.199664,-0.094631,-0.000947,0.002297,-0.159698,-0.472426,0.026574,-0.201616,-0.791163,0.151632
18.116666,0,0,0,-0.00086,0.077702,-0.003573,-0.002109,0.27328,0.011358,-8.30E-05,0.492157,0.005902,-0.018009,0.640482,-0.021776,0.037039,0.424457,0.013037,0.141865,0.407523,0.022953,0.236097,0.147607,0.025718,0.19311,-0.05075,-0.103233,-0.038591,0.425131,0.011969,-0.144665,0.415186,0.016767,-0.234091,0.154233,-0.001942,-0.197019,-0.047351,-0.127685,0.094629,0.000938,-0.002394,0.139558,-0.468564,0.065909,0.161422,-0.785956,0.19923,-0.094629,-0.000937,0.002393,-0.15978,-0.472437,0.026052,-0.201695,-0.791118,0.151252
18.133333,0,0,0,-0.000857,0.077533,-0.003519,-0.002076,0.27296,0.011149,-8.50E-05,0.491972,0.005999,-0.018106,0.64043,-0.021593,0.037058,0.424139,0.012965,0.141945,0.407121,0.022059,0.236801,0.147433,0.019183,0.194571,-0.050009,-0.11141,-0.038574,0.424805,0.012051,-0.144666,0.414799,0.016281,-0.234431,0.154514,-0.008978,-0.196809,-0.045259,-0.137419,0.094626,0.000931,-0.002522,0.139576,-0.468642,0.065276,0.161502,-0.786025,0.198608,-0.094626,-0.000931,0.002522,-0.159891,-0.472454,0.025378,-0.201792,-0.791076,0.150734
18.15,0,0,0,-0.000848,0.077291,-0.003459,-0.002023,0.272497,0.010885,-3.20E-05,0.491723,0.006144,-0.018177,0.640394,-0.021341,0.037122,0.423671,0.012899,0.142073,0.406562,0.021024,0.237774,0.147343,0.011514,0.196483,-0.048942,-0.121109,-0.038512,0.424342,0.012161,-0.144623,0.414305,0.015796,-0.234791,0.155036,-0.017254,-0.196462,-0.042094,-0.149511,0.094622,0.00092,-0.002662,0.1396,-0.468736,0.064545,0.161598,-0.786111,0.197882,-0.094622,-0.000919,0.002663,-0.160012,-0.472469,0.024589,-0.201918,-0.791026,0.150109
18.166666,0,0,0,-0.00084,0.077038,-0.003401,-0.001938,0.272012,0.010633,8.70E-05,0.491499,0.006351,-0.018212,0.640428,-0.021018,0.037241,0.423174,0.01288,0.142252,0.405982,0.019988,0.238951,0.147492,0.003372,0.198642,-0.047452,-0.13151,-0.038394,0.423861,0.012318,-0.14452,0.413784,0.015392,-0.235147,0.155856,-0.025874,-0.195964,-0.038053,-0.162568,0.094619,0.00091,-0.002766,0.13965,-0.468822,0.063871,0.161705,-0.786183,0.197232,-0.094619,-0.00091,0.002766,-0.160126,-0.472483,0.023826,-0.202015,-0.790958,0.149558
18.183333,0,0,0,-0.00084,0.076759,-0.003336,-0.001882,0.271482,0.010268,0.000232,0.491241,0.006517,-0.018216,0.640451,-0.020681,0.037367,0.422621,0.012802,0.142429,0.405307,0.018789,0.240363,0.147977,-0.006398,0.201428,-0.045173,-0.144233,-0.038268,0.423341,0.012405,-0.144414,0.413286,0.014778,-0.235682,0.157296,-0.036046,-0.195667,-0.032583,-0.178054,0.094615,0.000909,-0.002903,0.139712,-0.468909,0.063078,0.16184,-0.786245,0.196486,-0.094615,-0.000909,0.002904,-0.160261,-0.472502,0.023064,-0.202136,-0.790901,0.148994
18.2,0,0,0,-0.000842,0.076525,-0.003269,-0.001856,0.271045,0.009831,0.000364,0.49103,0.006722,-0.018222,0.64048,-0.020282,0.037474,0.422156,0.01274,0.142576,0.404713,0.017524,0.241798,0.149029,-0.017456,0.204682,-0.041949,-0.158775,-0.038162,0.422916,0.012482,-0.144325,0.41289,0.014047,-0.236071,0.159422,-0.04743,-0.195453,-0.025774,-0.195328,0.094611,0.000911,-0.003028,0.139792,-0.469004,0.062197,0.162021,-0.786305,0.195674,-0.094612,-0.000912,0.003028,-0.160397,-0.472524,0.02226,-0.20226,-0.790862,0.148349
18.216666,0,0,0,-0.000855,0.076387,-0.003218,-0.00186,0.2708,0.009373,0.000494,0.490907,0.006984,-0.018208,0.640503,-0.019767,0.037571,0.421876,0.012705,0.142706,0.404354,0.016321,0.243264,0.150773,-0.028702,0.208226,-0.037592,-0.174003,-0.038065,0.422684,0.012593,-0.144248,0.412778,0.01342,-0.236485,0.162333,-0.058779,-0.195263,-0.017626,-0.212844,0.094607,0.000927,-0.003136,0.139867,-0.469052,0.061574,0.162249,-0.786425,0.194854,-0.094607,-0.000927,0.003136,-0.16051,-0.47256,0.021452,-0.202374,-0.790838,0.147691
18.233333,0,0,0,-0.000879,0.076354,-0.003158,-0.001884,0.27077,0.008822,0.000634,0.490927,0.007283,-0.018209,0.640599,-0.01919,0.037665,0.421803,0.01269,0.142833,0.40427,0.015095,0.244829,0.153599,-0.041518,0.212228,-0.031157,-0.191931,-0.03797,0.422667,0.012679,-0.144176,0.412983,0.012575,-0.236856,0.166507,-0.071712,-0.195242,-0.007295,-0.232593,0.094604,0.000955,-0.003235,0.139962,-0.469124,0.06067,0.162395,-0.786503,0.193928,-0.094603,-0.000956,0.003236,-0.160639,-0.472607,0.020572,-0.202524,-0.790825,0.146954
18.25,0,0,0,-0.000904,0.076347,-0.003089,-0.001932,0.27079,0.008267,0.000713,0.490935,0.007738,-0.018168,0.640652,-0.018369,0.037706,0.42178,0.012811,0.142917,0.404381,0.014077,0.246558,0.157521,-0.054919,0.216604,-0.022502,-0.211493,-0.037929,0.422689,0.012836,-0.144155,0.413315,0.011597,-0.237224,0.171752,-0.085499,-0.195132,0.004868,-0.253423,0.094601,0.000986,-0.003284,0.140102,-0.469197,0.059753,0.162623,-0.786564,0.193023,-0.094602,-0.000986,0.003285,-0.160729,-0.472656,0.019752,-0.202648,-0.790818,0.146263
18.266666,0,0,0,-0.000905,0.076437,-0.002981,-0.001968,0.270986,0.008045,0.000776,0.491049,0.007613,-0.018175,0.64075,-0.018058,0.037742,0.421956,0.012631,0.142966,0.404598,0.012916,0.248263,0.16227,-0.06852,0.221085,-0.012237,-0.231704,-0.037892,0.422899,0.012705,-0.144115,0.413661,0.010491,-0.237488,0.17775,-0.099369,-0.195345,0.017566,-0.273684,0.094599,0.000988,-0.003362,0.140253,-0.469346,0.058425,0.162822,-0.786624,0.191898,-0.094599,-0.000988,0.003363,-0.160737,-0.472706,0.018322,-0.202197,-0.790537,0.145813
18.283333,0,0,0,-0.000932,0.076425,-0.002915,-0.002012,0.271002,0.007332,0.000977,0.491103,0.008665,-0.018029,0.640885,-0.016764,0.037865,0.421886,0.013138,0.143146,0.404896,0.01227,0.250607,0.168297,-0.08216,0.225498,0.000854,-0.252905,-0.037769,0.422913,0.013201,-0.144026,0.414441,0.00987,-0.237934,0.185427,-0.113329,-0.194818,0.034553,-0.295537,0.0946,0.001026,-0.003346,0.140338,-0.46936,0.057978,0.162942,-0.786715,0.191263,-0.094599,-0.001026,0.003347,-0.160809,-0.472749,0.017817,-0.202569,-0.790684,0.144952
18.3,0,0,0,-0.000976,0.07657,-0.002811,-0.002249,0.271322,0.006739,0.000557,0.491193,0.009628,-0.018368,0.640805,-0.015553,0.037504,0.422194,0.013617,0.142901,0.406097,0.011209,0.252737,0.176938,-0.097712,0.229916,0.016687,-0.275529,-0.03813,0.423158,0.01368,-0.144392,0.415415,0.008979,-0.238704,0.194458,-0.127859,-0.194837,0.052936,-0.317246,0.094598,0.001084,-0.003346,0.140406,-0.469396,0.057203,0.163038,-0.786835,0.190282,-0.094599,-0.001083,0.003347,-0.160833,-0.472825,0.017073,-0.20265,-0.790776,0.14415
18.316666,0,0,0,-0.00101,0.076606,-0.002685,-0.0023,0.27142,0.006241,0.000737,0.491276,0.010502,-0.018172,0.640923,-0.014546,0.037603,0.422203,0.014116,0.143046,0.406526,0.010997,0.254763,0.184809,-0.110669,0.233766,0.033733,-0.296559,-0.03803,0.423249,0.014074,-0.144295,0.416428,0.00818,-0.23956,0.204139,-0.141149,-0.195081,0.072184,-0.337184,0.094599,0.001131,-0.003327,0.140492,-0.469434,0.056496,0.163146,-0.786909,0.189485,-0.094598,-0.001131,0.003327,-0.160858,-0.472889,0.016362,-0.20271,-0.790786,0.143562
18.333333,0,0,0,-0.001045,0.076757,-0.00255,-0.002395,0.271749,0.005663,0.000775,0.491451,0.011267,-0.018061,0.641008,-0.01363,0.037598,0.422456,0.01449,0.143105,0.407435,0.010464,0.257088,0.194823,-0.124623,0.237931,0.054582,-0.319011,-0.038035,0.42355,0.014396,-0.144287,0.417688,0.007346,-0.24029,0.215456,-0.154918,-0.19507,0.094337,-0.357666,0.094599,0.001177,-0.003299,0.140656,-0.469468,0.055762,0.163407,-0.786975,0.188658,-0.0946,-0.001177,0.003299,-0.160819,-0.472962,0.015555,-0.202626,-0.790796,0.142928
18.35,0,0,0,-0.001081,0.076953,-0.002413,-0.002459,0.272165,0.005137,0.000753,0.491582,0.012102,-0.018036,0.640948,-0.012488,0.03756,0.422804,0.014938,0.143152,0.408709,0.009917,0.25958,0.206405,-0.138269,0.241782,0.07777,-0.340644,-0.038072,0.423916,0.014781,-0.144292,0.419032,0.006594,-0.240943,0.227805,-0.168141,-0.195142,0.118226,-0.377222,0.094601,0.001227,-0.003223,0.140782,-0.469491,0.055154,0.163582,-0.787033,0.187959,-0.094601,-0.001228,0.003222,-0.160786,-0.473036,0.014754,-0.202567,-0.790788,0.142337
18.366666,0,0,0,-0.001112,0.077168,-0.002277,-0.002479,0.272613,0.004675,0.000804,0.491735,0.012825,-0.017869,0.640901,-0.011512,0.037587,0.423183,0.015328,0.143267,0.410123,0.009425,0.262097,0.218463,-0.150536,0.245151,0.101581,-0.359989,-0.038044,0.424324,0.015112,-0.144224,0.420477,0.005909,-0.241637,0.240142,-0.179648,-0.195362,0.1415,-0.394003,0.094603,0.00127,-0.003166,0.140898,-0.469507,0.054642,0.163754,-0.787074,0.187376,-0.094602,-0.00127,0.003167,-0.160735,-0.4731,0.01409,-0.202476,-0.790775,0.141878
18.383333,0,0,0,-0.001145,0.07741,-0.002143,-0.002472,0.273115,0.004186,0.000884,0.491931,0.013567,-0.017656,0.640888,-0.010561,0.037641,0.423605,0.015739,0.14342,0.411848,0.008956,0.264853,0.232531,-0.162927,0.248562,0.1288,-0.37925,-0.03799,0.424779,0.015436,-0.144106,0.42217,0.005136,-0.242507,0.254125,-0.191134,-0.195827,0.167125,-0.410391,0.094605,0.001315,-0.003081,0.141012,-0.469503,0.054304,0.163919,-0.787109,0.186938,-0.094604,-0.001314,0.003081,-0.160645,-0.473168,0.013522,-0.202306,-0.790756,0.141554
18.4,0,0,0,-0.001162,0.077675,-0.002017,-0.002387,0.273662,0.003687,0.001015,0.492174,0.014193,-0.017321,0.640925,-0.009799,0.037752,0.424079,0.016075,0.143642,0.413922,0.008471,0.267916,0.247858,-0.17434,0.251811,0.157579,-0.396623,-0.037877,0.425275,0.015672,-0.143906,0.423941,0.004288,-0.243332,0.268745,-0.201794,-0.19648,0.193519,-0.425324,0.094607,0.001338,-0.003009,0.14107,-0.469512,0.054067,0.164021,-0.787159,0.186594,-0.094606,-0.001338,0.003009,-0.160584,-0.473208,0.013068,-0.202164,-0.790744,0.141257
18.416666,0,0,0,-0.001184,0.078088,-0.001916,-0.002352,0.274503,0.003158,0.001067,0.492446,0.014748,-0.017082,0.640746,-0.008963,0.037799,0.424848,0.016349,0.143769,0.416269,0.007962,0.270569,0.263289,-0.184288,0.254655,0.185859,-0.411381,-0.03783,0.426059,0.015875,-0.143766,0.425887,0.00359,-0.243663,0.283498,-0.211322,-0.196592,0.221136,-0.438732,0.094608,0.001362,-0.002942,0.141149,-0.469501,0.053958,0.164172,-0.787219,0.186302,-0.094608,-0.001363,0.002942,-0.16047,-0.473255,0.012739,-0.201959,-0.79076,0.141032
18.433333,0,0,0,-0.0012,0.078327,-0.001823,-0.002302,0.274998,0.002495,0.001359,0.492607,0.01503,-0.016638,0.640694,-0.008367,0.038019,0.425237,0.01636,0.14402,0.418169,0.007015,0.272983,0.279578,-0.194492,0.257304,0.216347,-0.42596,-0.037609,0.426538,0.015871,-0.143429,0.428056,0.002702,-0.244572,0.299412,-0.220153,-0.197047,0.249624,-0.450553,0.094609,0.001382,-0.002892,0.141212,-0.469477,0.053995,0.164328,-0.787261,0.186166,-0.09461,-0.001381,0.002893,-0.16035,-0.473294,0.012529,-0.201733,-0.790765,0.140939
18.45,0,0,0,-0.001183,0.078481,-0.001744,-0.002192,0.275322,0.001753,0.001948,0.492643,0.015146,-0.015938,0.640574,-0.007867,0.038466,0.425417,0.016185,0.144422,0.41934,0.005694,0.274617,0.294989,-0.204134,0.258987,0.246706,-0.439174,-0.037158,0.426883,0.01577,-0.142847,0.43025,0.001907,-0.245435,0.315694,-0.227863,-0.197566,0.278559,-0.460564,0.094611,0.001362,-0.002853,0.141287,-0.469474,0.054164,0.164523,-0.78731,0.186188,-0.094611,-0.001363,0.002853,-0.160191,-0.473297,0.012535,-0.201438,-0.790775,0.140972
18.466666,0,0,0,-0.001094,0.078506,-0.001651,-0.001981,0.27538,0.00105,0.002544,0.492317,0.015208,-0.015263,0.639992,-0.007372,0.038955,0.425351,0.01598,0.144821,0.420038,0.004252,0.27579,0.309439,-0.212673,0.260045,0.276052,-0.450278,-0.036668,0.426949,0.01566,-0.142208,0.4319,0.001159,-0.245491,0.330522,-0.234419,-0.197685,0.305387,-0.468732,0.094614,0.001259,-0.002817,0.141309,-0.469524,0.054618,0.164717,-0.787421,0.186463,-0.094613,-0.001259,0.002817,-0.159864,-0.473256,0.011599,-0.20026,-0.790712,0.140363
18.483333,0,0,0,-0.000866,0.078496,-0.001512,-0.001412,0.275365,0.000459,0.003506,0.491835,0.015375,-0.01422,0.639161,-0.006868,0.039807,0.425208,0.015892,0.145562,0.420693,0.002887,0.277265,0.324501,-0.220374,0.261063,0.307032,-0.459652,-0.035813,0.426942,0.01566,-0.14117,0.433677,0.000556,-0.245551,0.346328,-0.240107,-0.197994,0.333575,-0.475474,0.094618,0.00099,-0.002753,0.141352,-0.469702,0.055396,0.165036,-0.787785,0.186743,-0.094619,-0.000991,0.002754,-0.159563,-0.473063,0.009526,-0.19896,-0.790416,0.138852
18.5,0,0,0,-0.000469,0.078679,-0.001127,-0.000424,0.27572,0.000877,0.00436,0.491558,0.015653,-0.013302,0.6383,-0.00621,0.040712,0.425592,0.016244,0.146316,0.421792,0.001861,0.278907,0.340057,-0.226568,0.262008,0.337601,-0.466417,-0.034909,0.427284,0.01601,-0.140108,0.435293,0.000434,-0.245152,0.362155,-0.244634,-0.198076,0.361731,-0.480438,0.094628,0.000528,-0.002532,0.141645,-0.470033,0.056441,0.165616,-0.788309,0.187268,-0.094629,-0.000528,0.002533,-0.159574,-0.47259,0.009948,-0.199739,-0.790208,0.138382
18.516666,0,0,0,-0.00021,0.078924,-0.0008,0.000296,0.276201,0.001549,0.004671,0.491547,0.017646,-0.012875,0.637852,-0.00449,0.041123,0.426034,0.018074,0.146637,0.424015,0.002703,0.280261,0.357935,-0.230148,0.262772,0.369989,-0.469665,-0.034498,0.42762,0.017409,-0.13942,0.437012,0.000775,-0.244277,0.377074,-0.24793,-0.197939,0.387878,-0.483634,0.094637,0.00023,-0.002234,0.14189,-0.47018,0.057746,0.165925,-0.788603,0.188203,-0.094638,-0.000229,0.002233,-0.1597,-0.472225,0.012361,-0.200832,-0.79019,0.139625
18.533333,0,0,0,-5.90E-05,0.07939,-0.000249,0.000804,0.277126,0.00223,0.004879,0.4917,0.019115,-0.012578,0.637278,-0.003119,0.041413,0.426937,0.019475,0.146848,0.427067,0.003441,0.281467,0.375491,-0.232486,0.263561,0.400308,-0.470992,-0.034206,0.428447,0.018551,-0.138857,0.439165,0.001029,-0.244006,0.392428,-0.250374,-0.198324,0.414845,-0.485389,0.094643,6.30E-05,-0.001962,0.141877,-0.470205,0.059137,0.166011,-0.788806,0.189139,-0.094644,-6.30E-05,0.001963,-0.159864,-0.47195,0.015554,-0.202139,-0.790275,0.141538
18.55,0,0,0,-4.10E-05,0.079894,6.40E-05,0.000858,0.278137,0.002362,0.004535,0.491919,0.020356,-0.012762,0.636749,-0.002225,0.041183,0.427917,0.020519,0.146528,0.430624,0.004127,0.282495,0.392953,-0.233646,0.263851,0.429042,-0.470649,-0.034436,0.429311,0.01941,-0.138774,0.441509,0.00102,-0.244172,0.407331,-0.25229,-0.198929,0.441024,-0.486038,0.094648,5.00E-05,-0.001748,0.141589,-0.470144,0.060141,0.165683,-0.788939,0.189676,-0.094647,-5.10E-05,0.001748,-0.159974,-0.471854,0.017576,-0.202821,-0.790486,0.142587
18.566666,0,0,0,-5.20E-05,0.0803,0.000485,0.000838,0.278951,0.002713,0.004144,0.492021,0.021197,-0.012931,0.636133,-0.001787,0.040899,0.428744,0.021337,0.14612,0.433877,0.004738,0.282964,0.409181,-0.234231,0.263476,0.455443,-0.469391,-0.03472,0.430028,0.020066,-0.138734,0.443556,0.000785,-0.244255,0.421068,-0.253777,-0.199519,0.46526,-0.485868,0.09465,7.10E-05,-0.00165,0.141233,-0.470068,0.060928,0.16531,-0.789084,0.189919,-0.094649,-7.20E-05,0.001651,-0.160142,-0.4718,0.018955,-0.203197,-0.790834,0.142862
18.583333,0,0,0,-1.90E-05,0.080745,0.001035,0.000903,0.279843,0.003442,0.003825,0.49216,0.022548,-0.013059,0.635512,-0.000891,0.040688,0.429639,0.022628,0.145755,0.437183,0.005963,0.283312,0.425721,-0.2336,0.262974,0.482019,-0.466491,-0.03493,0.430808,0.0212,-0.138612,0.445663,0.001128,-0.244512,0.435035,-0.254051,-0.199918,0.48952,-0.483973,0.094649,4.50E-05,-0.001701,0.14087,-0.469943,0.06226,0.165125,-0.789235,0.190533,-0.094649,-4.40E-05,0.0017,-0.159889,-0.471742,0.020699,-0.202725,-0.791352,0.143189
18.6,0,0,0,6.60E-05,0.081126,0.001498,0.000977,0.280611,0.004034,0.003286,0.492157,0.02394,-0.013336,0.634759,6.70E-05,0.040315,0.430428,0.023962,0.145202,0.440296,0.007383,0.283374,0.441621,-0.232094,0.262139,0.506888,-0.462551,-0.0353,0.431412,0.022276,-0.138611,0.447511,0.001273,-0.244131,0.447945,-0.254282,-0.199842,0.51237,-0.481677,0.094648,-4.60E-05,-0.00173,0.140533,-0.469908,0.063392,0.164942,-0.789452,0.191007,-0.094648,4.50E-05,0.00173,-0.159501,-0.471644,0.022211,-0.201975,-0.791887,0.143165
18.616666,0,0,0,0.000156,0.081343,0.002064,0.001005,0.281059,0.004472,0.002662,0.491948,0.024696,-0.013586,0.633913,0.00058,0.039906,0.430974,0.024522,0.144598,0.443331,0.008382,0.283466,0.455911,-0.230365,0.26109,0.528732,-0.458438,-0.035717,0.431701,0.023129,-0.138716,0.449134,0.001659,-0.244296,0.459595,-0.253657,-0.199712,0.532441,-0.478437,0.094648,-0.000136,-0.001754,0.140151,-0.469895,0.064364,0.164816,-0.7896,0.191525,-0.094647,0.000137,0.001755,-0.159218,-0.471558,0.022995,-0.201112,-0.792249,0.14296
18.633333,0,0,0,0.000208,0.08162,0.002551,0.000977,0.281624,0.005235,0.002001,0.491817,0.026195,-0.013933,0.633077,0.001446,0.039422,0.431572,0.025907,0.143884,0.445897,0.009904,0.28287,0.469806,-0.22791,0.260665,0.549953,-0.453531,-0.036201,0.43209,0.024407,-0.138822,0.450786,0.002204,-0.244461,0.471264,-0.252482,-0.199704,0.552502,-0.474335,0.094648,-0.000187,-0.001716,0.139818,-0.469828,0.065468,0.164576,-0.789799,0.191941,-0.094648,0.000188,0.001716,-0.158646,-0.471497,0.024806,-0.200386,-0.79295,0.142772
18.65,0,0,0,0.000256,0.081832,0.00301,0.000999,0.282059,0.006107,0.001631,0.491626,0.027892,-0.014042,0.632266,0.002576,0.039159,0.431985,0.027456,0.143365,0.448012,0.0114,0.282188,0.482776,-0.225165,0.259693,0.569569,-0.448284,-0.036463,0.432379,0.025862,-0.138735,0.452331,0.003144,-0.24487,0.482107,-0.250415,-0.199676,0.571429,-0.469045,0.094647,-0.000232,-0.001758,0.139625,-0.469711,0.066672,0.164573,-0.789917,0.192513,-0.094648,0.000232,0.001759,-0.158334,-0.471464,0.02549,-0.19947,-0.79331,0.142591
18.666666,0,0,0,0.000278,0.082534,0.003451,0.001115,0.283465,0.007375,0.000737,0.492022,0.029972,-0.014641,0.631581,0.003663,0.038506,0.433448,0.029663,0.142378,0.452812,0.015217,0.282772,0.497851,-0.21867,0.259008,0.585499,-0.441324,-0.037103,0.433546,0.027493,-0.139045,0.454158,0.003903,-0.245136,0.491459,-0.248678,-0.199994,0.588168,-0.464156,0.094649,-0.000251,-0.001651,0.139336,-0.469652,0.067496,0.164306,-0.790176,0.19252,-0.094649,0.00025,0.001651,-0.157933,-0.471436,0.026623,-0.198985,-0.793871,0.142122
18.683333,0,0,0,0.000312,0.08248,0.003796,0.001246,0.28336,0.008221,0.000848,0.491546,0.031892,-0.014166,0.630738,0.004788,0.038595,0.433208,0.031464,0.1422,0.454473,0.017778,0.282564,0.50997,-0.213873,0.257864,0.602254,-0.434543,-0.037004,0.433348,0.028968,-0.138536,0.455024,0.004578,-0.244504,0.500235,-0.24676,-0.198208,0.602807,-0.459262,0.094647,-0.000277,-0.001762,0.139377,-0.469471,0.068751,0.16467,-0.790197,0.193188,-0.094647,0.000277,0.001762,-0.157335,-0.471415,0.028076,-0.197954,-0.794338,0.142362
18.7,0,0,0,0.000273,0.082426,0.004066,0.000999,0.283255,0.008974,0.000584,0.491098,0.033483,-0.014099,0.629962,0.005793,0.038324,0.433,0.032912,0.141788,0.454845,0.019073,0.281821,0.520071,-0.210231,0.256434,0.617477,-0.428605,-0.03727,0.43316,0.030273,-0.138448,0.456027,0.005501,-0.244056,0.508306,-0.244614,-0.197358,0.617198,-0.453858,0.094648,-0.000229,-0.001719,0.139468,-0.469262,0.069806,0.165026,-0.790243,0.19353,-0.094648,0.000229,0.001718,-0.156856,-0.471476,0.028947,-0.1972,-0.794761,0.142298
18.716666,0,0,0,0.000463,0.083304,0.00402,0.002432,0.285019,0.008063,0.003153,0.491573,0.032483,-0.012522,0.62914,0.005415,0.040627,0.434585,0.03175,0.143911,0.456512,0.016746,0.285542,0.525421,-0.210489,0.254949,0.630443,-0.424628,-0.034984,0.435091,0.029706,-0.136253,0.458307,0.005638,-0.244955,0.514764,-0.242233,-0.197435,0.629045,-0.448395,0.094644,-0.000434,-0.001897,0.139046,-0.469313,0.070886,0.164645,-0.790366,0.194415,-0.094644,0.000435,0.001896,-0.156992,-0.471192,0.03013,-0.197246,-0.79469,0.142904
18.733333,0,0,0,0.000523,0.083409,0.004219,0.002623,0.285234,0.008492,0.003239,0.491297,0.033361,-0.012687,0.628358,0.00612,0.040759,0.434774,0.032437,0.143463,0.458863,0.016776,0.286867,0.532072,-0.20799,0.25328,0.641883,-0.41926,-0.034858,0.435221,0.030604,-0.136101,0.458615,0.006604,-0.245568,0.520937,-0.23952,-0.197252,0.640851,-0.442271,0.094645,-0.000502,-0.001816,0.139134,-0.469231,0.07187,0.164971,-0.790595,0.194539,-0.094646,0.000502,0.001816,-0.156538,-0.471121,0.031092,-0.196725,-0.79512,0.142444
18.75,0,0,0,0.000514,0.083414,0.004446,0.00258,0.285244,0.009239,0.003146,0.491064,0.03491,-0.012727,0.627909,0.007289,0.040673,0.434691,0.033819,0.143101,0.459918,0.018144,0.286923,0.537945,-0.204725,0.251579,0.651998,-0.413445,-0.034941,0.435138,0.031908,-0.136005,0.459073,0.007683,-0.245449,0.526424,-0.237122,-0.19655,0.650195,-0.437399,0.094645,-0.000485,-0.001835,0.139167,-0.469042,0.07292,0.165197,-0.790544,0.195186,-0.094644,0.000484,0.001834,-0.156347,-0.471108,0.031999,-0.196432,-0.795355,0.142663
18.766666,0,0,0,0.000521,0.083529,0.004696,0.002497,0.285476,0.010011,0.002816,0.491043,0.036364,-0.012979,0.62765,0.008355,0.040403,0.434878,0.035151,0.142689,0.460748,0.019595,0.286578,0.542564,-0.201868,0.250128,0.659918,-0.408558,-0.035209,0.435253,0.033142,-0.13614,0.459595,0.008769,-0.245718,0.53084,-0.234871,-0.196141,0.658014,-0.432836,0.094644,-0.000482,-0.00191,0.139065,-0.468887,0.073849,0.165215,-0.790478,0.195855,-0.094643,0.000483,0.00191,-0.156383,-0.471066,0.03267,-0.196478,-0.795441,0.142956
18.783333,0,0,0,0.000477,0.083557,0.004881,0.002322,0.285531,0.010651,0.002449,0.490917,0.037631,-0.013291,0.627342,0.009199,0.040081,0.434882,0.03631,0.142271,0.461228,0.02093,0.28627,0.546362,-0.199208,0.248565,0.666588,-0.404014,-0.035529,0.435207,0.034195,-0.136342,0.459936,0.009724,-0.246048,0.534609,-0.23283,-0.195596,0.664977,-0.428483,0.094646,-0.000434,-0.001793,0.138988,-0.468755,0.074533,0.165138,-0.790454,0.196254,-0.094646,0.000435,0.001793,-0.156412,-0.471074,0.033107,-0.196624,-0.795538,0.143087
18.8,0,0,0,0.000473,0.083555,0.005085,0.002273,0.285527,0.011302,0.002279,0.490794,0.038822,-0.013421,0.627108,0.010065,0.039938,0.434827,0.037394,0.142081,0.461466,0.022201,0.286296,0.549072,-0.196821,0.247416,0.671612,-0.40003,-0.03567,0.435122,0.035207,-0.136385,0.460164,0.010649,-0.246168,0.537555,-0.231016,-0.19491,0.670428,-0.424766,0.094645,-0.000427,-0.001803,0.139015,-0.468658,0.075056,0.165258,-0.790411,0.196613,-0.094646,0.000427,0.001803,-0.156389,-0.471061,0.033475,-0.196638,-0.795575,0.143297
18.816666,0,0,0,0.000463,0.083587,0.005283,0.002172,0.285584,0.012085,0.001797,0.49025,0.040418,-0.014536,0.626303,0.013162,0.039556,0.434838,0.038839,0.141675,0.461574,0.02366,0.286037,0.550714,-0.194647,0.246416,0.675032,-0.396629,-0.036051,0.435008,0.036608,-0.136702,0.460119,0.011861,-0.246264,0.539528,-0.229249,-0.194242,0.674462,-0.421364,0.094646,-0.000413,-0.001759,0.138972,-0.468568,0.075583,0.165208,-0.790354,0.197057,-0.094647,0.000414,0.001758,-0.156425,-0.471044,0.033803,-0.196763,-0.795522,0.143697
18.833333,0,0,0,0.000462,0.083546,0.005458,0.002084,0.285499,0.012672,0.001504,0.490193,0.041459,-0.01505,0.626311,0.014198,0.039313,0.434727,0.039779,0.14145,0.461495,0.024776,0.286173,0.551555,-0.192913,0.245685,0.677318,-0.393825,-0.036293,0.434835,0.037486,-0.136916,0.460017,0.0127,-0.246562,0.54075,-0.227933,-0.193633,0.677336,-0.418627,0.094647,-0.000408,-0.001749,0.13888,-0.468522,0.075896,0.165062,-0.790336,0.197306,-0.094647,0.000409,0.001749,-0.156496,-0.471027,0.033987,-0.196918,-0.79546,0.143982
18.85,0,0,0,0.000426,0.083486,0.005604,0.001942,0.285376,0.013224,0.001226,0.490169,0.042436,-0.015405,0.626393,0.014948,0.039068,0.434572,0.040651,0.141256,0.461242,0.025823,0.28631,0.55159,-0.191526,0.245131,0.67836,-0.391664,-0.036536,0.434642,0.038306,-0.137162,0.459817,0.013525,-0.246855,0.541345,-0.226818,-0.193,0.678869,-0.416576,0.094647,-0.000368,-0.001717,0.138818,-0.468456,0.076124,0.164931,-0.790251,0.197596,-0.094648,0.000368,0.001718,-0.156609,-0.471043,0.03411,-0.197143,-0.795381,0.144343
18.866666,0,0,0,0.000391,0.083461,0.005732,0.001801,0.28532,0.013703,0.000989,0.490138,0.043237,-0.015746,0.626396,0.015624,0.038857,0.43449,0.041364,0.141103,0.460995,0.026644,0.286459,0.551156,-0.190581,0.245039,0.678473,-0.390322,-0.036747,0.43453,0.039006,-0.13741,0.459623,0.014291,-0.247197,0.541406,-0.225922,-0.192592,0.679585,-0.414989,0.094648,-0.000325,-0.00172,0.138789,-0.468403,0.076193,0.164861,-0.790167,0.197757,-0.094648,0.000325,0.001719,-0.156726,-0.471074,0.034044,-0.197359,-0.795287,0.144609
18.883333,0,0,0,0.000354,0.083439,0.005855,0.001678,0.285273,0.014165,0.000787,0.490117,0.043979,-0.016144,0.626426,0.016403,0.038677,0.434422,0.042013,0.140988,0.460726,0.027379,0.286706,0.550302,-0.189845,0.245247,0.677756,-0.38949,-0.036927,0.434433,0.039674,-0.137648,0.459415,0.015082,-0.247469,0.541082,-0.225155,-0.192073,0.679676,-0.413687,0.094648,-0.00028,-0.001715,0.13879,-0.468375,0.076099,0.164827,-0.790105,0.197762,-0.094648,0.000281,0.001714,-0.156799,-0.471131,0.033723,-0.197507,-0.795186,0.144722
18.9,0,0,0,0.000346,0.083373,0.005924,0.001649,0.285136,0.014463,0.000745,0.490061,0.044424,-0.01636,0.626449,0.016838,0.038642,0.434272,0.042391,0.141027,0.460318,0.027815,0.28706,0.549005,-0.189562,0.245826,0.676377,-0.389306,-0.036963,0.434275,0.040085,-0.137747,0.459103,0.015594,-0.247498,0.540258,-0.224849,-0.19156,0.678878,-0.413202,0.094648,-0.000267,-0.001761,0.138856,-0.468409,0.075728,0.164894,-0.790128,0.197421,-0.094647,0.000266,0.001762,-0.156756,-0.471191,0.033168,-0.197384,-0.795176,0.144401
18.916666,0,0,0,0.000331,0.083345,0.005993,0.001597,0.285074,0.014766,0.000676,0.490082,0.044843,-0.016594,0.626562,0.01731,0.038581,0.434201,0.042753,0.14104,0.459987,0.028236,0.287317,0.547549,-0.189433,0.246427,0.674631,-0.389432,-0.037025,0.434195,0.040477,-0.13788,0.458877,0.016133,-0.247571,0.539316,-0.224578,-0.191164,0.677612,-0.41303,0.094647,-0.000248,-0.001769,0.138883,-0.468441,0.075399,0.164863,-0.790137,0.197161,-0.094647,0.000249,0.001769,-0.156716,-0.471255,0.032554,-0.197298,-0.795111,0.14418
18.933333,0,0,0,0.000296,0.083316,0.006058,0.001454,0.285013,0.015058,0.000427,0.490074,0.04523,-0.017056,0.626628,0.017865,0.038362,0.434148,0.043102,0.140898,0.459659,0.028643,0.287363,0.545766,-0.18948,0.246964,0.67247,-0.389819,-0.037245,0.434102,0.040837,-0.138185,0.458598,0.016658,-0.247848,0.538126,-0.224368,-0.191014,0.67586,-0.413103,0.094649,-0.000213,-0.00169,0.138814,-0.468479,0.075071,0.164636,-0.79016,0.196908,-0.094648,0.000213,0.00169,-0.156758,-0.471324,0.031875,-0.197389,-0.795007,0.143986
18.95,0,0,0,0.000254,0.08328,0.006109,0.001334,0.284938,0.015235,0.000224,0.490065,0.045371,-0.017463,0.626692,0.018198,0.038183,0.434095,0.04324,0.140775,0.45941,0.028834,0.287416,0.544111,-0.18972,0.247463,0.670217,-0.390525,-0.037424,0.434017,0.040987,-0.138438,0.458325,0.016927,-0.248026,0.53678,-0.224484,-0.190927,0.673698,-0.413731,0.09465,-0.000172,-0.001597,0.138735,-0.468531,0.074648,0.16439,-0.790202,0.196546,-0.094651,0.000172,0.001596,-0.156815,-0.471397,0.031166,-0.197498,-0.794913,0.143736
18.966666,0,0,0,0.000223,0.083234,0.006136,0.001279,0.28485,0.015239,0.000206,0.490296,0.045201,-0.017537,0.627199,0.017959,0.038157,0.434031,0.043076,0.140791,0.45921,0.028722,0.287687,0.54276,-0.190104,0.248083,0.668229,-0.391377,-0.03745,0.433962,0.040845,-0.138525,0.45814,0.016911,-0.248195,0.535568,-0.224794,-0.190998,0.671544,-0.41469,0.094651,-0.00014,-0.001535,0.138695,-0.468584,0.074208,0.164224,-0.790236,0.196184,-0.094652,0.00014,0.001534,-0.156835,-0.471464,0.030505,-0.197528,-0.794826,0.143513
18.983333,0,0,0,0.000199,0.083197,0.006138,0.001285,0.284783,0.015095,0.000341,0.49071,0.044736,-0.017454,0.627959,0.017067,0.038262,0.433996,0.042629,0.140919,0.459092,0.028305,0.288078,0.541469,-0.190789,0.249252,0.666089,-0.392739,-0.037347,0.433963,0.040449,-0.138493,0.457986,0.016657,-0.248344,0.534283,-0.225325,-0.191036,0.669355,-0.415831,0.094653,-0.000116,-0.001487,0.138723,-0.468633,0.073783,0.16419,-0.790251,0.195862,-0.094652,0.000116,0.001487,-0.156822,-0.471529,0.029806,-0.197506,-0.794719,0.143309
19,0,0,0,0.000181,0.083149,0.006126,0.00125,0.28469,0.014991,0.000405,0.490689,0.0444,-0.017213,0.627944,0.016462,0.038296,0.433914,0.042371,0.140988,0.458926,0.028143,0.288357,0.54054,-0.191096,0.249571,0.66451,-0.393454,-0.037311,0.433921,0.040156,-0.138492,0.457793,0.016361,-0.248173,0.532966,-0.22605,-0.19103,0.667049,-0.417303,0.094653,-0.000101,-0.001419,0.138796,-0.46868,0.073423,0.164227,-0.790264,0.195599,-0.094653,0.000101,0.001418,-0.156773,-0.47158,0.029248,-0.19744,-0.794624,0.14317
19.016666,0,0,0,0.000176,0.083126,0.0061,0.001243,0.284646,0.014862,0.000433,0.490668,0.044097,-0.017125,0.62793,0.01617,0.038313,0.433885,0.042129,0.141025,0.458818,0.027912,0.288467,0.539866,-0.191487,0.249788,0.663301,-0.394192,-0.037294,0.433906,0.039888,-0.138505,0.457617,0.016061,-0.248062,0.531819,-0.226705,-0.19118,0.665107,-0.41859,0.094654,-1.00E-04,-0.001367,0.138835,-0.468718,0.073203,0.164235,-0.790274,0.195461,-0.094654,1.00E-04,0.001368,-0.156767,-0.471598,0.028927,-0.197452,-0.794529,0.143163
19.033333,0,0,0,0.000178,0.083121,0.006054,0.001269,0.28464,0.014669,0.000489,0.490719,0.043696,-0.017036,0.628027,0.015833,0.038358,0.433899,0.041796,0.141096,0.458727,0.02758,0.288596,0.539073,-0.192039,0.250011,0.662007,-0.395066,-0.037248,0.433933,0.039527,-0.138491,0.457457,0.015648,-0.247981,0.530631,-0.227459,-0.191399,0.663135,-0.419976,0.094655,-0.000107,-0.001317,0.138876,-0.468746,0.073097,0.164264,-0.790282,0.19541,-0.094654,0.000106,0.001318,-0.156772,-0.471597,0.02878,-0.19749,-0.794443,0.143245
19.05,0,0,0,0.000182,0.08313,0.005991,0.001286,0.28466,0.014434,0.0005,0.490789,0.043251,-0.016979,0.628137,0.015451,0.038368,0.433946,0.041426,0.141121,0.458709,0.02721,0.28862,0.5385,-0.192611,0.250089,0.661105,-0.395847,-0.037237,0.43398,0.039119,-0.138503,0.457327,0.015167,-0.247905,0.529544,-0.228266,-0.191661,0.661338,-0.421369,0.094655,-0.000116,-0.001268,0.138906,-0.46876,0.073102,0.164295,-0.790294,0.195416,-0.094655,0.000116,0.001268,-0.156811,-0.471576,0.028823,-0.197602,-0.79438,0.143381
19.066666,0,0,0,0.000186,0.083144,0.005922,0.001294,0.284691,0.014168,0.000467,0.490847,0.042762,-0.016975,0.628216,0.015069,0.038342,0.43401,0.041022,0.141098,0.458761,0.026806,0.28854,0.538082,-0.193224,0.250073,0.660343,-0.396679,-0.037262,0.434033,0.03867,-0.138541,0.457222,0.014623,-0.247845,0.528611,-0.229098,-0.191966,0.659794,-0.422722,0.094656,-0.000124,-0.001222,0.138928,-0.468763,0.073162,0.164328,-0.790297,0.195478,-0.094656,0.000124,0.001223,-0.156876,-0.471546,0.029007,-0.197765,-0.794343,0.143552
19.083333,0,0,0,0.000183,0.083151,0.005838,0.001286,0.284707,0.013863,0.000408,0.49091,0.042207,-0.017009,0.628305,0.014566,0.038293,0.434064,0.04056,0.141051,0.458819,0.026362,0.288458,0.537721,-0.193841,0.249872,0.659604,-0.3975,-0.037309,0.434073,0.038156,-0.138602,0.457093,0.014005,-0.247812,0.527592,-0.230018,-0.192359,0.658178,-0.424166,0.094657,-0.000126,-0.001177,0.138951,-0.468757,0.073246,0.164369,-0.790294,0.195547,-0.094656,0.000126,0.001177,-0.15696,-0.471517,0.029235,-0.197982,-0.794304,0.143758
19.1,0,0,0,0.000181,0.083153,0.005739,0.001289,0.284716,0.013504,0.000383,0.490965,0.041561,-0.017019,0.628372,0.013936,0.038272,0.434112,0.040013,0.141026,0.458887,0.025818,0.288429,0.537501,-0.194492,0.249709,0.659062,-0.398318,-0.037328,0.434113,0.037568,-0.138631,0.456986,0.013315,-0.247679,0.526573,-0.231042,-0.192627,0.656627,-0.425661,0.094656,-0.000127,-0.001151,0.138986,-0.468747,0.073324,0.164446,-0.790294,0.195591,-0.094657,0.000128,0.001151,-0.157058,-0.471482,0.02956,-0.198191,-0.794297,0.143962
19.116666,0,0,0,0.000176,0.083159,0.005531,0.001284,0.284726,0.012936,0.00037,0.491038,0.040721,-0.017038,0.628473,0.013108,0.038259,0.434158,0.039261,0.141003,0.458977,0.025073,0.288394,0.53742,-0.195305,0.249482,0.658632,-0.399303,-0.03734,0.434156,0.036784,-0.138643,0.456962,0.012469,-0.247456,0.52549,-0.232291,-0.192933,0.654903,-0.427486,0.094657,-0.000122,-0.00116,0.139049,-0.468745,0.073261,0.164531,-0.790326,0.195433,-0.094656,0.000122,0.00116,-0.157226,-0.471452,0.029775,-0.198473,-0.794293,0.144064
19.133333,0,0,0,0.000183,0.08317,0.005389,0.001311,0.284749,0.012495,0.000383,0.491123,0.03997,-0.017036,0.628566,0.012291,0.038275,0.434222,0.038601,0.141012,0.459057,0.024389,0.288322,0.537247,-0.196133,0.249146,0.658133,-0.400273,-0.037324,0.434214,0.036109,-0.138637,0.456897,0.011724,-0.247162,0.524341,-0.233465,-0.193101,0.653135,-0.429197,0.094656,-0.000129,-0.001212,0.139081,-0.468731,0.073322,0.164633,-0.790332,0.195426,-0.094656,0.000129,0.001212,-0.157342,-0.471417,0.03004,-0.198667,-0.794296,0.144193
19.15,0,0,0,0.000206,0.083159,0.00529,0.001366,0.28473,0.012147,0.000408,0.491191,0.039298,-0.017008,0.628651,0.011483,0.038307,0.434248,0.03802,0.141037,0.459089,0.023764,0.288154,0.536896,-0.197022,0.248838,0.657379,-0.401374,-0.037291,0.434226,0.035517,-0.138623,0.456744,0.011054,-0.246826,0.523057,-0.234585,-0.193154,0.651103,-0.430915,0.094655,-0.000153,-0.001297,0.139113,-0.468721,0.073423,0.164762,-0.790335,0.195474,-0.094655,0.000152,0.001298,-0.157467,-0.47136,0.030407,-0.198858,-0.794289,0.144397
19.166666,0,0,0,0.000238,0.083159,0.005222,0.001435,0.284733,0.01189,0.000418,0.49127,0.038749,-0.016994,0.628746,0.010821,0.038333,0.434297,0.037557,0.141062,0.459124,0.023277,0.287991,0.53641,-0.197817,0.248634,0.656292,-0.402514,-0.037266,0.434253,0.035034,-0.138615,0.456599,0.010488,-0.24638,0.521699,-0.235668,-0.193154,0.648842,-0.432704,0.094653,-0.000185,-0.001384,0.139143,-0.468718,0.07354,0.164885,-0.790334,0.195565,-0.094654,0.000185,0.001385,-0.157561,-0.4713,0.030728,-0.198973,-0.794267,0.144601
19.183333,0,0,0,0.000267,0.083177,0.005201,0.001428,0.284768,0.011823,0.00025,0.491393,0.038515,-0.017124,0.628916,0.010459,0.038207,0.434381,0.037375,0.140933,0.459252,0.023152,0.287818,0.536113,-0.19812,0.248561,0.654616,-0.403637,-0.03739,0.434279,0.034829,-0.138753,0.456533,0.010254,-0.24587,0.520388,-0.23651,-0.193361,0.647836,-0.433541,0.094652,-0.000211,-0.001488,0.139222,-0.468687,0.073743,0.165108,-0.790258,0.195857,-0.094652,0.000211,0.001488,-0.15762,-0.47125,0.031072,-0.199011,-0.794227,0.144926
19.2,0,0,0,0.000198,0.083014,0.005032,0.001372,0.284444,0.011299,0.000365,0.49114,0.037556,-0.016981,0.628669,0.009444,0.038273,0.43408,0.036548,0.141037,0.458702,0.022161,0.287388,0.534425,-0.199855,0.248339,0.651319,-0.406331,-0.037323,0.434038,0.033977,-0.138707,0.456088,0.009303,-0.244875,0.517785,-0.238417,-0.192854,0.643284,-0.436824,0.094656,-0.000153,-0.001207,0.13944,-0.468661,0.073693,0.165382,-0.790391,0.195376,-0.094656,0.000152,0.001208,-0.15743,-0.471322,0.031007,-0.198918,-0.794412,0.144503
19.216666,0,0,0,0.000162,0.082925,0.004862,0.001241,0.284262,0.010914,0.000231,0.4911,0.036962,-0.017159,0.628745,0.008868,0.038141,0.433926,0.035992,0.140973,0.458192,0.021491,0.286503,0.531907,-0.201738,0.247562,0.647384,-0.409031,-0.037456,0.433878,0.033438,-0.138877,0.4557,0.008719,-0.243855,0.514967,-0.2401,-0.1927,0.638073,-0.440224,0.094657,-0.000122,-0.001091,0.139522,-0.468663,0.073556,0.165411,-0.790416,0.195189,-0.094658,0.000121,0.001092,-0.157489,-0.471339,0.030983,-0.199104,-0.794436,0.144413
19.233333,0,0,0,0.000129,0.082814,0.004749,0.001128,0.284037,0.010721,5.70E-05,0.490877,0.036578,-0.017409,0.628546,0.008762,0.037982,0.433733,0.035675,0.140901,0.457583,0.021099,0.285458,0.528468,-0.203673,0.245624,0.642079,-0.411825,-0.037614,0.433664,0.033097,-0.139072,0.45518,0.008257,-0.242406,0.511437,-0.241945,-0.192172,0.631373,-0.444215,0.094659,-9.00E-05,-0.001,0.139619,-0.468659,0.073417,0.165492,-0.790406,0.195068,-0.094658,9.00E-05,0.001,-0.15752,-0.471365,0.030909,-0.199211,-0.794429,0.144405
19.25,0,0,0,8.90E-05,0.082715,0.004653,0.001002,0.283835,0.010601,-0.00017,0.490787,0.03625,-0.01782,0.62863,0.008986,0.03778,0.433572,0.035416,0.140815,0.456896,0.020804,0.28445,0.524012,-0.205709,0.242921,0.635294,-0.414786,-0.037815,0.433469,0.032799,-0.139331,0.45451,0.007792,-0.240949,0.507054,-0.243915,-0.191758,0.623288,-0.448589,0.094659,-5.20E-05,-0.000909,0.139761,-0.468665,0.073139,0.165628,-0.79038,0.194879,-0.09466,5.10E-05,0.000909,-0.157584,-0.471409,0.03061,-0.199359,-0.794382,0.144336
19.266666,0,0,0,5.00E-05,0.082589,0.004549,0.00086,0.283577,0.010476,-0.000424,0.490772,0.035806,-0.018204,0.628887,0.008956,0.037555,0.433373,0.035062,0.14072,0.45612,0.020466,0.283477,0.518854,-0.20785,0.239984,0.627144,-0.418096,-0.038039,0.433229,0.032406,-0.139636,0.4537,0.007257,-0.239481,0.501936,-0.246018,-0.191621,0.614185,-0.453215,0.094661,-1.00E-05,-0.000839,0.139876,-0.46871,0.07259,0.165689,-0.790376,0.194469,-0.09466,1.10E-05,0.000839,-0.157727,-0.471464,0.029994,-0.199621,-0.794273,0.144139
19.283333,0,0,0,-3.00E-06,0.082418,0.004464,0.000681,0.283226,0.010613,-0.0007,0.490788,0.035716,-0.018513,0.629304,0.009192,0.037309,0.433072,0.034993,0.140622,0.455266,0.020586,0.282996,0.513487,-0.209161,0.237309,0.61688,-0.421398,-0.038285,0.432887,0.032362,-0.140064,0.452695,0.007417,-0.238612,0.495594,-0.247322,-0.192155,0.603443,-0.45716,0.09466,4.90E-05,-0.000849,0.140135,-0.468766,0.071683,0.165959,-0.790302,0.193902,-0.09466,-5.00E-05,0.000849,-0.157816,-0.471571,0.029044,-0.199738,-0.794121,0.143909
19.3,0,0,0,-5.00E-05,0.082137,0.004391,0.000443,0.282651,0.010847,-0.001118,0.490805,0.035645,-0.018906,0.629948,0.009443,0.036939,0.432567,0.034991,0.140467,0.454048,0.021061,0.283727,0.508238,-0.209121,0.235786,0.60493,-0.424001,-0.038653,0.432321,0.032297,-0.140591,0.451412,0.007443,-0.23705,0.488154,-0.249051,-0.191798,0.590514,-0.461878,0.094661,1.00E-04,-0.000791,0.140461,-0.468882,0.070444,0.166243,-0.790259,0.193089,-0.09466,-1.00E-04,0.000791,-0.157858,-0.47169,0.027725,-0.19981,-0.793892,0.143551
19.316666,0,0,0,-0.000111,0.081868,0.004324,0.000124,0.282098,0.011137,-0.001578,0.490856,0.035605,-0.019224,0.630648,0.009721,0.03652,0.432082,0.035007,0.140318,0.452531,0.021539,0.284648,0.502576,-0.208913,0.234683,0.592075,-0.426432,-0.039071,0.431784,0.032293,-0.141199,0.450216,0.007722,-0.235849,0.480498,-0.250285,-0.191764,0.576939,-0.466102,0.094661,0.000169,-0.000776,0.140846,-0.468974,0.069136,0.166597,-0.790136,0.192351,-0.094661,-0.000168,0.000776,-0.157857,-0.471838,0.026278,-0.199787,-0.793609,0.143302
19.333333,0,0,0,-0.000191,0.081729,0.004276,-0.000252,0.2818,0.011582,-0.00206,0.491171,0.035776,-0.019639,0.631613,0.010188,0.036084,0.43185,0.035129,0.140195,0.450836,0.021934,0.285469,0.495211,-0.209086,0.233466,0.577015,-0.429144,-0.039512,0.431493,0.032573,-0.142022,0.448859,0.008833,-0.235712,0.47133,-0.250322,-0.193159,0.562824,-0.468587,0.094661,0.00026,-0.000736,0.141262,-0.469078,0.067574,0.166916,-0.789955,0.19155,-0.094661,-0.00026,0.000737,-0.157893,-0.47202,0.024413,-0.19981,-0.793201,0.143054
19.35,0,0,0,-0.000284,0.081479,0.004184,-0.00069,0.281281,0.0119,-0.002418,0.491483,0.035644,-0.019966,0.632734,0.010166,0.035733,0.431393,0.034907,0.140154,0.448656,0.021797,0.286306,0.486545,-0.209823,0.231413,0.560622,-0.431904,-0.039873,0.431025,0.032664,-0.142815,0.447568,0.010243,-0.236288,0.46158,-0.249583,-0.195396,0.548066,-0.470193,0.094661,0.000365,-0.000683,0.14165,-0.46918,0.065918,0.167136,-0.789738,0.19075,-0.094661,-0.000365,0.000684,-0.158003,-0.472199,0.022524,-0.200018,-0.792712,0.142923
19.366666,0,0,0,-0.000359,0.081109,0.003996,-0.001137,0.280521,0.011957,-0.002818,0.49167,0.035093,-0.020273,0.633812,0.009577,0.035342,0.430712,0.034355,0.140107,0.445874,0.021391,0.28695,0.477385,-0.210746,0.226709,0.544823,-0.433555,-0.04027,0.430332,0.032326,-0.143559,0.446017,0.010907,-0.236504,0.451462,-0.249428,-0.19612,0.53146,-0.472566,0.09466,0.000452,-0.000667,0.141969,-0.469306,0.064183,0.167256,-0.789547,0.189864,-0.094661,-0.000451,0.000667,-0.158241,-0.47234,0.020532,-0.200398,-0.792171,0.142682
19.383333,0,0,0,-0.000454,0.080828,0.003698,-0.001531,0.279939,0.011786,-0.003184,0.491844,0.034155,-0.020787,0.63473,0.009106,0.034993,0.430227,0.033452,0.140072,0.443094,0.020553,0.287098,0.46549,-0.212526,0.22314,0.525208,-0.4365,-0.040626,0.429822,0.0317,-0.144294,0.444268,0.011262,-0.236569,0.439587,-0.249328,-0.195934,0.511231,-0.475243,0.094659,0.000566,-0.000756,0.142125,-0.469389,0.062529,0.167174,-0.789334,0.189011,-0.094659,-0.000565,0.000755,-0.158556,-0.47249,0.018656,-0.200898,-0.791659,0.142462
19.4,0,0,0,-0.000422,0.080389,0.003331,-0.001566,0.279043,0.011445,-0.003171,0.491546,0.032892,-0.020958,0.634978,0.008206,0.035016,0.429434,0.032279,0.140358,0.439998,0.019434,0.286812,0.450601,-0.214833,0.221137,0.502353,-0.440286,-0.040609,0.429011,0.030814,-0.144664,0.441888,0.011317,-0.236369,0.426006,-0.249031,-0.195107,0.48807,-0.477648,0.094657,0.00054,-0.001021,0.142063,-0.46953,0.061454,0.167018,-0.789413,0.18811,-0.094657,-0.000539,0.001022,-0.158947,-0.472544,0.014951,-0.200793,-0.791017,0.140703
19.416666,0,0,0,-0.000355,0.08072,0.002858,-0.000996,0.279721,0.010141,-0.002247,0.491961,0.029645,-0.020724,0.635058,0.006201,0.035911,0.430281,0.029097,0.141027,0.439272,0.013506,0.283089,0.435223,-0.223648,0.236901,0.474837,-0.456242,-0.039727,0.429872,0.0287,-0.144334,0.440735,0.011012,-0.236508,0.41256,-0.248125,-0.194505,0.465228,-0.478955,0.094652,0.000467,-0.001462,0.141891,-0.469612,0.061067,0.166738,-0.789511,0.187706,-0.094651,-0.000468,0.001462,-0.159686,-0.472422,0.013535,-0.201715,-0.7905,0.140222
19.433333,0,0,0,-0.000495,0.080851,0.00221,-0.001242,0.279897,0.011137,-0.002951,0.492732,0.031203,-0.021479,0.636298,0.006676,0.03524,0.430423,0.03116,0.140957,0.437509,0.019021,0.286511,0.416644,-0.215121,0.255177,0.451689,-0.450943,-0.040377,0.429987,0.029337,-0.145086,0.438541,0.010998,-0.235251,0.398293,-0.247255,-0.193368,0.439085,-0.4805,0.094651,0.000619,-0.00147,0.14219,-0.469595,0.0598,0.166733,-0.789547,0.186365,-0.09465,-0.00062,0.00147,-0.160301,-0.472525,0.012046,-0.203131,-0.790091,0.139745
19.45,0,0,0,-0.000733,0.080681,0.001403,-0.001712,0.279557,0.00991,-0.002992,0.492958,0.02877,-0.021898,0.636986,0.004566,0.035075,0.430123,0.029057,0.140918,0.43642,0.017603,0.287135,0.398179,-0.213913,0.24969,0.420798,-0.450357,-0.040543,0.429831,0.027227,-0.1455,0.436892,0.009686,-0.235372,0.383477,-0.246268,-0.192855,0.412422,-0.481161,0.094642,0.000891,-0.001826,0.142224,-0.469505,0.058002,0.166546,-0.789239,0.185159,-0.094643,-0.000891,0.001827,-0.161474,-0.472654,0.011259,-0.205361,-0.789546,0.140267
19.466666,0,0,0,-0.000796,0.080639,0.000713,-0.001722,0.279492,0.008537,-0.002688,0.493289,0.026096,-0.021944,0.637665,0.002535,0.035315,0.430133,0.026572,0.141214,0.435044,0.014967,0.286361,0.3807,-0.213988,0.24526,0.391694,-0.450652,-0.040311,0.429912,0.0251,-0.14552,0.435263,0.008486,-0.235186,0.369336,-0.244606,-0.192343,0.386959,-0.48056,0.094632,0.000954,-0.002257,0.142203,-0.469569,0.056579,0.166635,-0.789119,0.184175,-0.094632,-0.000953,0.002257,-0.162251,-0.472649,0.009103,-0.206742,-0.789356,0.13836
19.483333,0,0,0,-0.00077,0.080184,0.00011,-0.001611,0.27863,0.006511,-0.002123,0.493038,0.022247,-0.02186,0.637966,-0.000401,0.035805,0.429373,0.022833,0.141755,0.432536,0.011083,0.284679,0.363985,-0.21545,0.247529,0.364906,-0.453023,-0.039833,0.429241,0.022172,-0.145314,0.432847,0.006865,-0.235163,0.353632,-0.242326,-0.191831,0.359018,-0.478789,0.094622,0.000913,-0.002658,0.14199,-0.469772,0.055037,0.166562,-0.789134,0.183075,-0.094622,-0.000913,0.002659,-0.161808,-0.472711,0.00558,-0.205656,-0.791459,0.129945
19.5,0,0,0,-0.000676,0.079767,-0.000438,-0.001223,0.277813,0.00546,-0.001512,0.492746,0.019683,-0.021839,0.638101,-0.002414,0.03637,0.42864,0.020557,0.142362,0.430117,0.008856,0.281491,0.346282,-0.214874,0.24421,0.336847,-0.452239,-0.039269,0.428563,0.020181,-0.144923,0.430351,0.005768,-0.234922,0.337791,-0.238721,-0.191457,0.330692,-0.475111,0.094614,0.000786,-0.002973,0.141743,-0.469988,0.05418,0.166216,-0.789316,0.182323,-0.094614,-0.000786,0.002973,-0.161207,-0.472677,0.003158,-0.204112,-0.793643,0.122027
,,,,,,,,,,,,,,,,,,,,,,,,,,,,,,,,,,,,,,,,,,,,,,,,,,,,,,,,,
,,,,,,,,,,,,,,,,,,,,,,,,,,,,,,,,,,,,,,,,,,,,,,,,,,,,,,,,,
,,,,,,,,,,,,,,,,,,,,,,,,,,,,,,,,,,,,,,,,,,,,,,,,,,,,,,,,,
,,,,,,,,,,,,,,,,,,,,,,,,,,,,,,,,,,,,,,,,,,,,,,,,,,,,,,,,,
,,,,,,,,,,,,,,,,,,,,,,,,,,,,,,,,,,,,,,,,,,,,,,,,,,,,,,,,,
,,,,,,,,,,,,,,,,,,,,,,,,,,,,,,,,,,,,,,,,,,,,,,,,,,,,,,,,,
,,,,,,,,,,,,,,,,,,,,,,,,,,,,,,,,,,,,,,,,,,,,,,,,,,,,,,,,,
,,,,,,,,,,,,,,,,,,,,,,,,,,,,,,,,,,,,,,,,,,,,,,,,,,,,,,,,,
,,,,,,,,,,,,,,,,,,,,,,,,,,,,,,,,,,,,,,,,,,,,,,,,,,,,,,,,,
,,,,,,,,,,,,,,,,,,,,,,,,,,,,,,,,,,,,,,,,,,,,,,,,,,,,,,,,,
,,,,,,,,,,,,,,,,,,,,,,,,,,,,,,,,,,,,,,,,,,,,,,,,,,,,,,,,,
,,,,,,,,,,,,,,,,,,,,,,,,,,,,,,,,,,,,,,,,,,,,,,,,,,,,,,,,,
,,,,,,,,,,,,,,,,,,,,,,,,,,,,,,,,,,,,,,,,,,,,,,,,,,,,,,,,,
,,,,,,,,,,,,,,,,,,,,,,,,,,,,,,,,,,,,,,,,,,,,,,,,,,,,,,,,,
,,,,,,,,,,,,,,,,,,,,,,,,,,,,,,,,,,,,,,,,,,,,,,,,,,,,,,,,,
,,,,,,,,,,,,,,,,,,,,,,,,,,,,,,,,,,,,,,,,,,,,,,,,,,,,,,,,,
,,,,,,,,,,,,,,,,,,,,,,,,,,,,,,,,,,,,,,,,,,,,,,,,,,,,,,,,,
,,,,,,,,,,,,,,,,,,,,,,,,,,,,,,,,,,,,,,,,,,,,,,,,,,,,,,,,,
,,,,,,,,,,,,,,,,,,,,,,,,,,,,,,,,,,,,,,,,,,,,,,,,,,,,,,,,,
,,,,,,,,,,,,,,,,,,,,,,,,,,,,,,,,,,,,,,,,,,,,,,,,,,,,,,,,,
,,,,,,,,,,,,,,,,,,,,,,,,,,,,,,,,,,,,,,,,,,,,,,,,,,,,,,,,,
,,,,,,,,,,,,,,,,,,,,,,,,,,,,,,,,,,,,,,,,,,,,,,,,,,,,,,,,,
,,,,,,,,,,,,,,,,,,,,,,,,,,,,,,,,,,,,,,,,,,,,,,,,,,,,,,,,,
,,,,,,,,,,,,,,,,,,,,,,,,,,,,,,,,,,,,,,,,,,,,,,,,,,,,,,,,,
,,,,,,,,,,,,,,,,,,,,,,,,,,,,,,,,,,,,,,,,,,,,,,,,,,,,,,,,,
,,,,,,,,,,,,,,,,,,,,,,,,,,,,,,,,,,,,,,,,,,,,,,,,,,,,,,,,,
,,,,,,,,,,,,,,,,,,,,,,,,,,,,,,,,,,,,,,,,,,,,,,,,,,,,,,,,,
,,,,,,,,,,,,,,,,,,,,,,,,,,,,,,,,,,,,,,,,,,,,,,,,,,,,,,,,,
,,,,,,,,,,,,,,,,,,,,,,,,,,,,,,,,,,,,,,,,,,,,,,,,,,,,,,,,,
,,,,,,,,,,,,,,,,,,,,,,,,,,,,,,,,,,,,,,,,,,,,,,,,,,,,,,,,,
,,,,,,,,,,,,,,,,,,,,,,,,,,,,,,,,,,,,,,,,,,,,,,,,,,,,,,,,,
,,,,,,,,,,,,,,,,,,,,,,,,,,,,,,,,,,,,,,,,,,,,,,,,,,,,,,,,,
,,,,,,,,,,,,,,,,,,,,,,,,,,,,,,,,,,,,,,,,,,,,,,,,,,,,,,,,,
,,,,,,,,,,,,,,,,,,,,,,,,,,,,,,,,,,,,,,,,,,,,,,,,,,,,,,,,,
,,,,,,,,,,,,,,,,,,,,,,,,,,,,,,,,,,,,,,,,,,,,,,,,,,,,,,,,,
,,,,,,,,,,,,,,,,,,,,,,,,,,,,,,,,,,,,,,,,,,,,,,,,,,,,,,,,,
,,,,,,,,,,,,,,,,,,,,,,,,,,,,,,,,,,,,,,,,,,,,,,,,,,,,,,,,,
,,,,,,,,,,,,,,,,,,,,,,,,,,,,,,,,,,,,,,,,,,,,,,,,,,,,,,,,,
,,,,,,,,,,,,,,,,,,,,,,,,,,,,,,,,,,,,,,,,,,,,,,,,,,,,,,,,,
,,,,,,,,,,,,,,,,,,,,,,,,,,,,,,,,,,,,,,,,,,,,,,,,,,,,,,,,,
,,,,,,,,,,,,,,,,,,,,,,,,,,,,,,,,,,,,,,,,,,,,,,,,,,,,,,,,,
,,,,,,,,,,,,,,,,,,,,,,,,,,,,,,,,,,,,,,,,,,,,,,,,,,,,,,,,,
,,,,,,,,,,,,,,,,,,,,,,,,,,,,,,,,,,,,,,,,,,,,,,,,,,,,,,,,,
,,,,,,,,,,,,,,,,,,,,,,,,,,,,,,,,,,,,,,,,,,,,,,,,,,,,,,,,,
,,,,,,,,,,,,,,,,,,,,,,,,,,,,,,,,,,,,,,,,,,,,,,,,,,,,,,,,,
,,,,,,,,,,,,,,,,,,,,,,,,,,,,,,,,,,,,,,,,,,,,,,,,,,,,,,,,,
,,,,,,,,,,,,,,,,,,,,,,,,,,,,,,,,,,,,,,,,,,,,,,,,,,,,,,,,,
,,,,,,,,,,,,,,,,,,,,,,,,,,,,,,,,,,,,,,,,,,,,,,,,,,,,,,,,,
,,,,,,,,,,,,,,,,,,,,,,,,,,,,,,,,,,,,,,,,,,,,,,,,,,,,,,,,,
,,,,,,,,,,,,,,,,,,,,,,,,,,,,,,,,,,,,,,,,,,,,,,,,,,,,,,,,,
,,,,,,,,,,,,,,,,,,,,,,,,,,,,,,,,,,,,,,,,,,,,,,,,,,,,,,,,,
,,,,,,,,,,,,,,,,,,,,,,,,,,,,,,,,,,,,,,,,,,,,,,,,,,,,,,,,,
,,,,,,,,,,,,,,,,,,,,,,,,,,,,,,,,,,,,,,,,,,,,,,,,,,,,,,,,,
,,,,,,,,,,,,,,,,,,,,,,,,,,,,,,,,,,,,,,,,,,,,,,,,,,,,,,,,,
,,,,,,,,,,,,,,,,,,,,,,,,,,,,,,,,,,,,,,,,,,,,,,,,,,,,,,,,,
,,,,,,,,,,,,,,,,,,,,,,,,,,,,,,,,,,,,,,,,,,,,,,,,,,,,,,,,,
,,,,,,,,,,,,,,,,,,,,,,,,,,,,,,,,,,,,,,,,,,,,,,,,,,,,,,,,,
,,,,,,,,,,,,,,,,,,,,,,,,,,,,,,,,,,,,,,,,,,,,,,,,,,,,,,,,,
,,,,,,,,,,,,,,,,,,,,,,,,,,,,,,,,,,,,,,,,,,,,,,,,,,,,,,,,,
,,,,,,,,,,,,,,,,,,,,,,,,,,,,,,,,,,,,,,,,,,,,,,,,,,,,,,,,,
,,,,,,,,,,,,,,,,,,,,,,,,,,,,,,,,,,,,,,,,,,,,,,,,,,,,,,,,,
,,,,,,,,,,,,,,,,,,,,,,,,,,,,,,,,,,,,,,,,,,,,,,,,,,,,,,,,,
,,,,,,,,,,,,,,,,,,,,,,,,,,,,,,,,,,,,,,,,,,,,,,,,,,,,,,,,,
,,,,,,,,,,,,,,,,,,,,,,,,,,,,,,,,,,,,,,,,,,,,,,,,,,,,,,,,,
,,,,,,,,,,,,,,,,,,,,,,,,,,,,,,,,,,,,,,,,,,,,,,,,,,,,,,,,,
,,,,,,,,,,,,,,,,,,,,,,,,,,,,,,,,,,,,,,,,,,,,,,,,,,,,,,,,,
,,,,,,,,,,,,,,,,,,,,,,,,,,,,,,,,,,,,,,,,,,,,,,,,,,,,,,,,,
,,,,,,,,,,,,,,,,,,,,,,,,,,,,,,,,,,,,,,,,,,,,,,,,,,,,,,,,,
,,,,,,,,,,,,,,,,,,,,,,,,,,,,,,,,,,,,,,,,,,,,,,,,,,,,,,,,,
,,,,,,,,,,,,,,,,,,,,,,,,,,,,,,,,,,,,,,,,,,,,,,,,,,,,,,,,,
,,,,,,,,,,,,,,,,,,,,,,,,,,,,,,,,,,,,,,,,,,,,,,,,,,,,,,,,,
,,,,,,,,,,,,,,,,,,,,,,,,,,,,,,,,,,,,,,,,,,,,,,,,,,,,,,,,,
,,,,,,,,,,,,,,,,,,,,,,,,,,,,,,,,,,,,,,,,,,,,,,,,,,,,,,,,,
,,,,,,,,,,,,,,,,,,,,,,,,,,,,,,,,,,,,,,,,,,,,,,,,,,,,,,,,,
,,,,,,,,,,,,,,,,,,,,,,,,,,,,,,,,,,,,,,,,,,,,,,,,,,,,,,,,,
,,,,,,,,,,,,,,,,,,,,,,,,,,,,,,,,,,,,,,,,,,,,,,,,,,,,,,,,,
,,,,,,,,,,,,,,,,,,,,,,,,,,,,,,,,,,,,,,,,,,,,,,,,,,,,,,,,,
,,,,,,,,,,,,,,,,,,,,,,,,,,,,,,,,,,,,,,,,,,,,,,,,,,,,,,,,,
,,,,,,,,,,,,,,,,,,,,,,,,,,,,,,,,,,,,,,,,,,,,,,,,,,,,,,,,,
,,,,,,,,,,,,,,,,,,,,,,,,,,,,,,,,,,,,,,,,,,,,,,,,,,,,,,,,,
,,,,,,,,,,,,,,,,,,,,,,,,,,,,,,,,,,,,,,,,,,,,,,,,,,,,,,,,,
,,,,,,,,,,,,,,,,,,,,,,,,,,,,,,,,,,,,,,,,,,,,,,,,,,,,,,,,,
,,,,,,,,,,,,,,,,,,,,,,,,,,,,,,,,,,,,,,,,,,,,,,,,,,,,,,,,,
,,,,,,,,,,,,,,,,,,,,,,,,,,,,,,,,,,,,,,,,,,,,,,,,,,,,,,,,,
,,,,,,,,,,,,,,,,,,,,,,,,,,,,,,,,,,,,,,,,,,,,,,,,,,,,,,,,,
,,,,,,,,,,,,,,,,,,,,,,,,,,,,,,,,,,,,,,,,,,,,,,,,,,,,,,,,,
,,,,,,,,,,,,,,,,,,,,,,,,,,,,,,,,,,,,,,,,,,,,,,,,,,,,,,,,,
,,,,,,,,,,,,,,,,,,,,,,,,,,,,,,,,,,,,,,,,,,,,,,,,,,,,,,,,,
,,,,,,,,,,,,,,,,,,,,,,,,,,,,,,,,,,,,,,,,,,,,,,,,,,,,,,,,,
,,,,,,,,,,,,,,,,,,,,,,,,,,,,,,,,,,,,,,,,,,,,,,,,,,,,,,,,,
,,,,,,,,,,,,,,,,,,,,,,,,,,,,,,,,,,,,,,,,,,,,,,,,,,,,,,,,,
,,,,,,,,,,,,,,,,,,,,,,,,,,,,,,,,,,,,,,,,,,,,,,,,,,,,,,,,,
,,,,,,,,,,,,,,,,,,,,,,,,,,,,,,,,,,,,,,,,,,,,,,,,,,,,,,,,,
,,,,,,,,,,,,,,,,,,,,,,,,,,,,,,,,,,,,,,,,,,,,,,,,,,,,,,,,,
,,,,,,,,,,,,,,,,,,,,,,,,,,,,,,,,,,,,,,,,,,,,,,,,,,,,,,,,,
,,,,,,,,,,,,,,,,,,,,,,,,,,,,,,,,,,,,,,,,,,,,,,,,,,,,,,,,,
,,,,,,,,,,,,,,,,,,,,,,,,,,,,,,,,,,,,,,,,,,,,,,,,,,,,,,,,,
,,,,,,,,,,,,,,,,,,,,,,,,,,,,,,,,,,,,,,,,,,,,,,,,,,,,,,,,,
