time_ms,nose_x,nose_y,nose_z,left_shoulder_x,left_shoulder_y,left_shoulder_z,left_elbow_x,left_elbow_y,left_elbow_z,left_wrist_x,left_wrist_y,left_wrist_z,left_hip_x,left_hip_y,left_hip_z,left_knee_x,left_knee_y,left_knee_z,left_ankle_x,left_ankle_y,left_ankle_z,right_shoulder_x,right_shoulder_y,right_shoulder_z,right_elbow_x,right_elbow_y,right_elbow_z,right_wrist_x,right_wrist_y,right_wrist_z,right_hip_x,right_hip_y,right_hip_z,right_knee_x,right_knee_y,right_knee_z,right_ankle_x,right_ankle_y,right_ankle_z
25,-0.0178218,0.336894691,-0.562364459,0.164692357,0.354771018,-0.330482125,0.211714596,0.123881593,-0.300379127,0.204947263,-0.104143165,-0.357648671,0.117105454,0.0001667,0.002659542,0.117513321,-0.417008281,-0.028204044,0.172349483,-0.746009648,0.114119619,-0.176293105,0.352967978,-0.344583124,-0.24800846,0.112226792,-0.291524798,-0.217885286,-0.108301662,-0.345365912,-0.11756783,0.000601131,-0.001650666,-0.145277783,-0.390328079,-0.009662786,-0.162890777,-0.723276258,0.120982319
25.01666667,-0.021895982,0.334997982,-0.561005592,0.164025635,0.353628337,-0.324913561,0.211082175,0.126288161,-0.291645736,0.206107959,-0.106391303,-0.355288029,0.117139436,4.37E-05,0.002240756,0.114128299,-0.421244562,-0.014853944,0.170793891,-0.750080109,0.123583212,-0.179614767,0.350732893,-0.34129259,-0.252043307,0.115936711,-0.268120378,-0.225971803,-0.110235117,-0.311703831,-0.117611423,0.000726017,-0.001222787,-0.147508904,-0.390558898,-0.002019355,-0.170882061,-0.727148414,0.120856442
25.03333333,-0.020946022,0.280581713,-0.567943096,0.164215952,0.328179449,-0.335275322,0.211007744,0.112996712,-0.293854922,0.207166478,-0.116331428,-0.353644133,0.117165498,-0.000177195,0.001796991,0.113832973,-0.424401164,-0.014939453,0.171638533,-0.752532542,0.118523151,-0.179720536,0.331944585,-0.346366018,-0.25335741,0.109847292,-0.267492652,-0.226713136,-0.119355686,-0.295742333,-0.117643565,0.000972177,-0.00079618,-0.147318706,-0.390846163,-0.01045885,-0.170529544,-0.7290923,0.109581813
25.05,-0.020364717,0.24943909,-0.589859843,0.16389066,0.301601112,-0.362419248,0.211809218,0.091465667,-0.322742403,0.209319085,-0.131946176,-0.37504673,0.11717838,-0.000346986,0.00095086,0.109491982,-0.429205835,-0.03592911,0.174069569,-0.760358989,0.09573184,-0.179702058,0.308666795,-0.371381521,-0.256486624,0.092730798,-0.290587783,-0.227180824,-0.130143702,-0.312892854,-0.117660992,0.001167535,9.98E-06,-0.14742133,-0.394476354,-0.015143306,-0.170146391,-0.736146867,0.107715987
25.06666667,-0.020464526,0.241637886,-0.59288156,0.163269237,0.288867801,-0.362354845,0.21322,0.08401309,-0.32077992,0.210458249,-0.13740702,-0.37116456,0.117187686,-0.000560057,0.00063566,0.105863445,-0.433144093,-0.043359622,0.174173787,-0.764950931,0.078339696,-0.180167302,0.292423069,-0.373350859,-0.260240138,0.081550613,-0.289263844,-0.231236413,-0.13815029,-0.312256962,-0.117673665,0.001396607,0.000292803,-0.147173062,-0.394685596,-0.023279943,-0.169847623,-0.736057103,0.097561993
25.08333333,-0.024495507,0.211309448,-0.598327398,0.160419777,0.274432451,-0.36702919,0.214113429,0.076196238,-0.322094619,0.210948095,-0.141063467,-0.369932204,0.117165387,-0.001056642,0.000311413,0.104081005,-0.435769796,-0.047081523,0.174244493,-0.766202688,0.070636891,-0.182367176,0.28247723,-0.380169749,-0.266043723,0.07555443,-0.288377643,-0.23522684,-0.14206183,-0.307034582,-0.117657378,0.00192678,0.000584391,-0.144798324,-0.395105809,-0.027225848,-0.168792784,-0.737029016,0.092585281
25.1,-0.024439709,0.20422864,-0.606425107,0.161814958,0.260785818,-0.360034913,0.222957,0.076801553,-0.261885107,0.216791213,-0.138507858,-0.227671444,0.117769666,-0.001566336,0.000279865,0.104884416,-0.43670544,-0.045063432,0.177660868,-0.76251936,0.095163904,-0.186243773,0.272384495,-0.374989957,-0.265877992,0.082710646,-0.208645612,-0.2374755,-0.137351573,-0.151359588,-0.118270203,0.002476096,0.000628902,-0.141746789,-0.391615868,-0.035954989,-0.165504098,-0.735777617,0.085975975
25.11666667,-0.024232026,0.190555319,-0.60812068,0.163382888,0.249340206,-0.356087089,0.226190671,0.073879197,-0.236758798,0.221256822,-0.140817598,-0.182833761,0.118365966,-0.002199199,0.000245645,0.107738145,-0.436206013,-0.036469098,0.178567216,-0.760314643,0.092784002,-0.187908083,0.260235697,-0.372695386,-0.267611593,0.086110905,-0.189810157,-0.241368681,-0.135597914,-0.119415931,-0.118869796,0.00314782,0.000679943,-0.140347242,-0.389546812,-0.038285781,-0.162062064,-0.735319912,0.090687566
25.13333333,-0.024742199,0.180728272,-0.603936076,0.163683727,0.250395745,-0.355177283,0.228886858,0.079266444,-0.213066891,0.227025881,-0.14024277,-0.1454795,0.118953764,-0.002624852,0.000150626,0.110480212,-0.436005354,-0.032948073,0.178488001,-0.759509623,0.091322124,-0.192063659,0.256723672,-0.370490849,-0.271416724,0.088647343,-0.175766632,-0.244826749,-0.134362489,-0.10062892,-0.119457833,0.003615343,0.0008043,-0.140106559,-0.384622633,-0.040761791,-0.161858499,-0.730005145,0.089293763
25.15,-0.025300918,0.17191124,-0.603543997,0.16396834,0.241336957,-0.354272783,0.230747312,0.079861104,-0.199122354,0.231291682,-0.137490258,-0.115213767,0.119502075,-0.002969159,-0.00010647,0.11078278,-0.435818732,-0.031637043,0.178609386,-0.754830241,0.097669706,-0.194644392,0.245748177,-0.36920315,-0.272766441,0.08818426,-0.163967609,-0.248449549,-0.134527057,-0.069114856,-0.119999059,0.00399337,0.001117227,-0.140111476,-0.383009672,-0.037466455,-0.161851689,-0.72883755,0.091612428
25.16666667,-0.024897741,0.153137505,-0.603005707,0.164292708,0.234797984,-0.352793932,0.233092085,0.078124799,-0.210891917,0.234851658,-0.135826007,-0.151151136,0.119787648,-0.003253568,-0.000324962,0.112164788,-0.435411304,-0.028161585,0.178930536,-0.75046277,0.101614252,-0.194987386,0.241568059,-0.37253499,-0.278334558,0.086591654,-0.17753242,-0.250435472,-0.13559036,-0.097257413,-0.120277993,0.0043284,0.001375705,-0.141178071,-0.381959677,-0.034529638,-0.162056953,-0.727267444,0.097183511
25.18333333,-0.024774887,0.134734228,-0.602188051,0.164936244,0.217327103,-0.352379948,0.23491323,0.06770914,-0.200215176,0.235592142,-0.140785158,-0.120185703,0.120262921,-0.004042859,-0.00057152,0.11257828,-0.433674157,-0.027118497,0.179227605,-0.746038377,0.095717132,-0.19643943,0.229779169,-0.371557891,-0.279907852,0.07806202,-0.167491853,-0.250545442,-0.147314563,-0.075421147,-0.120741762,0.005183966,0.001684484,-0.141517788,-0.381903946,-0.013844321,-0.16354014,-0.72712791,0.119577162
25.2,-0.024622826,0.117288329,-0.601719439,0.165011987,0.200871602,-0.347817302,0.236802414,0.055622239,-0.18045634,0.237282857,-0.150615826,-0.081440397,0.120775126,-0.004378229,-0.000508782,0.113523893,-0.433341861,-0.035678033,0.180465713,-0.74437505,0.082671493,-0.198278785,0.214130118,-0.370892078,-0.278854668,0.066114403,-0.150774583,-0.250337362,-0.166584611,-0.049964681,-0.121248536,0.005547455,0.001660024,-0.14143008,-0.381941676,-0.022423834,-0.16283378,-0.728183031,0.108303905
25.21666667,-0.022947203,0.106747016,-0.608476996,0.167138517,0.181198031,-0.347157627,0.243663445,0.044599731,-0.178457499,0.240924671,-0.155015752,-0.073858,0.121254101,-0.004892462,-0.000373123,0.117224552,-0.433036357,-0.036830679,0.183197394,-0.742661119,0.075757533,-0.198107719,0.198897973,-0.375626773,-0.278559446,0.063954644,-0.152040556,-0.249880522,-0.167352676,-0.041614145,-0.121727571,0.006084202,0.001570543,-0.140535846,-0.381985307,-0.025404328,-0.161198243,-0.728866756,0.104754679
25.23333333,-0.023897877,0.105338141,-0.605799735,0.167125568,0.186770245,-0.342707276,0.244706109,0.047290467,-0.173642442,0.24121803,-0.15392302,-0.07028836,0.121740721,-0.004916924,-0.000398672,0.11702206,-0.427474767,-0.056670081,0.180372745,-0.739513159,0.050021995,-0.199855477,0.193619251,-0.370672852,-0.277840227,0.055512633,-0.139334023,-0.252846122,-0.172310829,-0.032472227,-0.122223049,0.006112413,0.0016157,-0.141848043,-0.380380303,-0.045688204,-0.163027704,-0.729049861,0.073656961
25.25,-0.023955181,0.092297964,-0.609783411,0.167187169,0.176611781,-0.342561722,0.246928379,0.046181235,-0.172317266,0.241332337,-0.154855788,-0.062211525,0.121957503,-0.004917445,-0.000380312,0.116920628,-0.420208126,-0.066945314,0.178847045,-0.736695468,0.033591837,-0.200112626,0.176278517,-0.37076202,-0.277882516,0.046525765,-0.138995722,-0.255516559,-0.179338664,-0.026117818,-0.122452833,0.006114495,0.001611726,-0.141452923,-0.380071968,-0.052063357,-0.163952723,-0.731263161,0.057537235
25.26666667,-0.023973886,0.085506082,-0.608451426,0.167232737,0.175029024,-0.342427552,0.251087427,0.049067203,-0.171869382,0.245302141,-0.152979642,-0.058148801,0.122111298,-0.004929627,-0.000370002,0.11761076,-0.416159689,-0.06765791,0.178285733,-0.732796192,0.035344057,-0.2006616,0.176298246,-0.370535642,-0.28081879,0.049318928,-0.140460417,-0.262154281,-0.175186813,-0.026601104,-0.122610271,0.006130751,0.001612988,-0.141698927,-0.378752708,-0.055082139,-0.164677426,-0.731184125,0.053053934
25.28333333,-0.028155807,0.099988014,-0.631249964,0.16718103,0.177321345,-0.344847202,0.253780842,0.050691575,-0.173962191,0.244924381,-0.151939034,-0.065445729,0.122234404,-0.004971001,-0.000394156,0.117267489,-0.411938518,-0.075558506,0.175224394,-0.732060671,0.022408634,-0.201759607,0.178630322,-0.374671191,-0.284056574,0.051728748,-0.142322779,-0.270610601,-0.172715023,-0.03379726,-0.122749053,0.006169507,0.001644319,-0.146583691,-0.374193192,-0.068886138,-0.169020072,-0.731063545,0.030867713
25.3,-0.029605446,0.085714489,-0.635737419,0.167209357,0.16350089,-0.350087643,0.253391296,0.048248321,-0.174539119,0.244934797,-0.15128234,-0.057067424,0.122438982,-0.00498467,-0.000551643,0.117389455,-0.409233302,-0.072373092,0.174970031,-0.731416643,0.028361591,-0.202674702,0.164464116,-0.380547404,-0.287136376,0.050096672,-0.143486574,-0.276110858,-0.171463981,-0.028659021,-0.122973882,0.006187559,0.001826124,-0.148037493,-0.372944802,-0.072380327,-0.170807093,-0.731887817,0.019931162
25.31666667,-0.035797719,0.070713207,-0.624006033,0.164704576,0.15387249,-0.349796116,0.254114449,0.04930988,-0.175266102,0.245675772,-0.140680328,-0.052300122,0.122502908,-0.004992886,-0.000628919,0.119822934,-0.403860897,-0.072948582,0.174797371,-0.728690624,0.025187479,-0.206197664,0.156451806,-0.37991339,-0.292369962,0.051167015,-0.143473536,-0.280716807,-0.170755878,-0.024078337,-0.123039015,0.006197895,0.001923309,-0.147971079,-0.371462613,-0.072339013,-0.173760593,-0.731931627,0.018223779
25.33333333,-0.03713854,0.061244003,-0.623717725,0.16432187,0.13894403,-0.350327671,0.253854483,0.04822452,-0.175598368,0.246937141,-0.137988016,-0.042335588,0.122567996,-0.00497965,-0.000649155,0.124156624,-0.398692995,-0.072479151,0.175599635,-0.72895658,0.015362269,-0.20638074,0.144443914,-0.37939766,-0.295263231,0.050696764,-0.144457191,-0.284214348,-0.169810742,-0.022183526,-0.123106807,0.006193647,0.001956191,-0.147773683,-0.371551216,-0.070742682,-0.177125111,-0.738333106,0.013255824
25.35,-0.037682448,0.042052075,-0.622246206,0.164359659,0.124257982,-0.356311589,0.25450936,0.046716295,-0.176621497,0.249941498,-0.13795568,-0.037988722,0.122590736,-0.004963666,-0.000658657,0.130236447,-0.39299044,-0.071863011,0.180082038,-0.729360878,0.013539214,-0.206231415,0.12900646,-0.383998752,-0.299179345,0.049001798,-0.145617157,-0.28731218,-0.169546798,-0.021696396,-0.123129115,0.006188338,0.001970358,-0.147689506,-0.371627152,-0.074624702,-0.177106842,-0.743983686,0.0007115
25.36666667,-0.043659929,0.029003611,-0.709740877,0.160535932,0.09571559,-0.393101037,0.250089347,0.029666424,-0.176801696,0.249018952,-0.143053696,-0.002797137,0.122434206,-0.004876776,-0.000291174,0.136383682,-0.391172707,-0.075617149,0.184938133,-0.733731329,-0.001556712,-0.206540197,0.097853176,-0.436476588,-0.299073517,0.031527672,-0.159862533,-0.286076844,-0.172550917,-0.00893265,-0.123020314,0.006122685,0.001622952,-0.142248973,-0.378221035,-0.07396505,-0.178943098,-0.754844785,-0.007754031
25.38333333,-0.04631028,0.009488628,-0.722030938,0.160337374,0.07649906,-0.40066728,0.244322389,0.009101652,-0.177529946,0.24330315,-0.152516991,0.004124554,0.122184947,-0.004920613,2.69E-05,0.137887239,-0.390725076,-0.083649583,0.185131729,-0.735053658,-0.020795772,-0.206497028,0.082523949,-0.446276397,-0.299060762,0.020032391,-0.164500654,-0.28680706,-0.174597189,-0.004192597,-0.122814924,0.006189479,0.001342342,-0.139488906,-0.382363498,-0.072513781,-0.179348812,-0.759296298,-0.00946169
25.4,-0.045761071,0.001284136,-0.726514518,0.160811812,0.067601681,-0.405037403,0.244330421,-0.000965141,-0.179858908,0.241001099,-0.160126939,-0.00725399,0.122064434,-0.005090948,0.000353391,0.137995541,-0.391581476,-0.082505859,0.184918851,-0.739161134,-0.014774304,-0.20458664,0.078217588,-0.452586263,-0.300748467,0.016599629,-0.173867106,-0.286767513,-0.177165538,-0.009864786,-0.122728251,0.006390876,0.001036619,-0.137669563,-0.384322226,-0.071989037,-0.181511447,-0.762175918,-0.009027094
25.41666667,-0.045824867,0.009036856,-0.730534136,0.160449162,0.063777395,-0.405026346,0.239973009,-0.006638559,-0.17920877,0.236624986,-0.161277086,0.001193726,0.121918522,-0.005507112,0.00043704,0.139946654,-0.39211002,-0.081853256,0.180794939,-0.744639575,-0.011241717,-0.203317136,0.080507889,-0.449265778,-0.301403254,0.017542155,-0.173095345,-0.290766478,-0.176771238,-0.011130888,-0.122610562,0.006853389,0.000959314,-0.137935281,-0.385079056,-0.071117796,-0.187731773,-0.765085578,-0.012772218
25.43333333,-0.045424562,-0.016867604,-0.713279366,0.160855353,0.04469806,-0.402480423,0.240099922,-0.018188661,-0.178666711,0.237038016,-0.165795237,0.002430926,0.121886432,-0.005943889,0.000557275,0.141101032,-0.395073742,-0.079252556,0.179915428,-0.752353549,-0.01071272,-0.202174857,0.063261487,-0.442353725,-0.297517449,0.001461195,-0.172926873,-0.29151094,-0.18057695,-0.010692666,-0.122580796,0.007351229,0.000855706,-0.135663286,-0.388506442,-0.070568621,-0.188679099,-0.768851817,-0.010729671
25.45,-0.045312624,-0.044225994,-0.704877257,0.160613447,0.033256304,-0.399375975,0.23799926,-0.022494728,-0.170627594,0.23714529,-0.170365736,0.020732624,0.121854909,-0.006093638,0.000764989,0.145316988,-0.394987464,-0.079470351,0.182351336,-0.752707362,-0.014022616,-0.20217216,0.055277307,-0.438164294,-0.294520915,-0.005010722,-0.16894725,-0.290866196,-0.187187791,0.000752887,-0.122541331,0.007562614,0.000691585,-0.135134488,-0.390943259,-0.07008566,-0.188328847,-0.771313548,-0.009792045
25.46666667,-0.042755079,-0.056596618,-0.602163017,0.160799891,0.039115824,-0.383699715,0.239733011,-0.017146524,-0.168717504,0.237376362,-0.170072913,0.011083162,0.12181665,-0.006694793,0.00104064,0.145975247,-0.395162523,-0.070259444,0.182217747,-0.751485944,-0.012798097,-0.201247752,0.061131276,-0.416498661,-0.294475198,-0.002275734,-0.166507512,-0.291883111,-0.181749016,-0.002130388,-0.122485466,0.008213133,0.000424074,-0.135164514,-0.390655667,-0.059915006,-0.189589918,-0.767900646,0.002499601
25.48333333,-0.036052369,-0.055309501,-0.639626205,0.158832684,0.027625527,-0.391680449,0.233346343,-0.019277159,-0.169226259,0.211971983,-0.156104818,0.007533165,0.121629953,-0.006846943,0.001765397,0.149629325,-0.393934846,-0.072636969,0.181892917,-0.751183093,-0.012296894,-0.196652234,0.045325447,-0.430871725,-0.291083038,-0.009230951,-0.168357581,-0.280472785,-0.181339145,-0.003873606,-0.122339346,0.008405846,-0.000316013,-0.132284775,-0.390604526,-0.060030166,-0.190340117,-0.76703763,0.001587363
25.5,-0.02725802,-0.060447231,-0.650165558,0.158898115,0.022330886,-0.391247958,0.230743706,-0.019683722,-0.165563643,0.20769605,-0.141022876,0.007051338,0.121330433,-0.007017722,0.002549474,0.151877359,-0.39511776,-0.067608692,0.184816852,-0.747200429,0.017368887,-0.191414803,0.038161628,-0.431343317,-0.283320874,-0.017126655,-0.168327302,-0.261022955,-0.166803613,-0.001523509,-0.122021332,0.008616302,-0.001018438,-0.1272012,-0.390477568,-0.048536345,-0.186366633,-0.754840016,0.041854884
25.51666667,-0.017022256,-0.069072708,-0.647799015,0.164305091,0.005126342,-0.380528897,0.231131822,-0.042349543,-0.166268393,0.189829841,-0.133252621,-0.021120952,0.120996475,-0.008660331,0.002935472,0.150411561,-0.402923346,-0.06189109,0.183963835,-0.747937202,0.02045859,-0.181780204,0.02794354,-0.43018502,-0.280095339,-0.02762964,-0.16830869,-0.230724305,-0.165244445,-0.005637081,-0.121680893,0.010328591,-0.001371698,-0.118163571,-0.390350282,-0.046964418,-0.180983931,-0.750627816,0.044270519
25.53333333,-0.01831726,-0.062463965,-0.643730283,0.164873123,0.015033565,-0.372054935,0.223426566,-0.036266804,-0.154634252,0.192853853,-0.134568647,0.005893105,0.120872192,-0.00913745,0.003102042,0.147588357,-0.40119946,-0.065987431,0.184042826,-0.73675102,0.018941138,-0.181513339,0.035888214,-0.421718866,-0.272528887,-0.023856374,-0.168231949,-0.233313143,-0.159842998,-0.006364885,-0.12151099,0.010879752,-0.001493411,-0.118963026,-0.385585219,-0.047120515,-0.177965969,-0.740674675,0.047121346
25.55,-0.019225569,-0.064522095,-0.635515332,0.165100664,0.019699672,-0.362967908,0.218459889,-0.032863684,-0.139130548,0.194344416,-0.134641081,0.038715154,0.120686539,-0.009652804,0.003239093,0.145729661,-0.400735557,-0.067430124,0.185777321,-0.72716862,0.025037553,-0.180414423,0.038629662,-0.41034013,-0.267124087,-0.020605931,-0.164327815,-0.235381112,-0.149400383,-0.000923267,-0.121264555,0.011466694,-0.00159303,-0.119408555,-0.382251948,-0.046966027,-0.175171196,-0.733124971,0.058892731
25.56666667,-0.019868005,-0.066224135,-0.616924942,0.165159613,0.021348124,-0.359810114,0.21769543,-0.03144794,-0.142441779,0.192629561,-0.126711935,0.0305504,0.120614722,-0.010169263,0.003489084,0.142503932,-0.400604874,-0.067973189,0.185722575,-0.720302701,0.030866638,-0.180327252,0.038785622,-0.407622516,-0.26692906,-0.020768747,-0.168092147,-0.223860502,-0.146955401,-0.018574737,-0.121160381,0.012020434,-0.001802385,-0.116232507,-0.380645216,-0.042615402,-0.175143048,-0.724036634,0.072846338
25.58333333,-0.020280106,-0.084110275,-0.604545772,0.165152445,0.016809523,-0.352767557,0.217954099,-0.032317799,-0.138634697,0.19464241,-0.142029345,0.028727693,0.120605417,-0.010526712,0.004028452,0.140073508,-0.402407318,-0.065612406,0.187969834,-0.719332099,0.037422292,-0.180515066,0.033401281,-0.401150376,-0.263326287,-0.027593747,-0.1680426,-0.222928271,-0.159558713,-0.019506451,-0.121144071,0.012422535,-0.002261418,-0.111508854,-0.38441962,-0.030654931,-0.174901471,-0.72599721,0.08872927
25.6,-0.022544978,-0.094372757,-0.598130465,0.163922772,0.007166442,-0.353850126,0.218011767,-0.033028118,-0.140014634,0.195494965,-0.142349049,0.029672904,0.120328538,-0.010700777,0.004144775,0.139059439,-0.404688478,-0.059297692,0.188127592,-0.71979171,0.043896258,-0.180815861,0.024700053,-0.40021041,-0.264183164,-0.030463554,-0.168162405,-0.229453504,-0.164300084,-0.019339664,-0.120808274,0.012616375,-0.002357077,-0.112150043,-0.388046205,-0.011006203,-0.176108271,-0.72658968,0.111982919
25.61666667,-0.030451881,-0.106032886,-0.605081201,0.161430001,-0.007656047,-0.35742408,0.217998698,-0.042815655,-0.143307924,0.195057794,-0.148606226,0.027279185,0.120010853,-0.010787541,0.004177049,0.139078707,-0.404589415,-0.059549116,0.187826872,-0.725190282,0.039658722,-0.181088001,0.015064087,-0.402104169,-0.271417826,-0.032398332,-0.172715783,-0.243026823,-0.172531575,-0.022027103,-0.12045639,0.01271327,-0.002386545,-0.114522099,-0.390075594,-0.013689958,-0.178735182,-0.736060083,0.09804289
25.63333333,-0.036241237,-0.127478018,-0.608931363,0.158036426,-0.023764748,-0.356083035,0.216459066,-0.062479664,-0.142585322,0.184400514,-0.154877782,0.02536629,0.119676851,-0.01113,0.004426655,0.13953568,-0.406952679,-0.060706422,0.186668426,-0.735711098,0.032599151,-0.181463659,-0.004689014,-0.402124047,-0.272078276,-0.057675991,-0.172611445,-0.241332039,-0.189683244,-0.02608617,-0.12007504,0.01304011,-0.002641985,-0.1165957,-0.393875003,-0.016868159,-0.186624989,-0.744204581,0.090748996
25.65,-0.044016283,-0.138473421,-0.611101449,0.151943997,-0.044994138,-0.35335198,0.208128661,-0.08680921,-0.142647564,0.171474859,-0.165222317,0.024398332,0.119532369,-0.012492042,0.004477161,0.126787961,-0.420500994,-0.060920343,0.177299693,-0.749100626,0.03222004,-0.184321895,-0.024537532,-0.399578214,-0.2725631,-0.083708614,-0.171321511,-0.239771485,-0.208320647,-0.026574926,-0.119887069,0.014360863,-0.002687416,-0.126665786,-0.395639479,-0.018166427,-0.197614923,-0.748587608,0.089988679
25.66666667,-0.051841728,-0.141485006,-0.613534212,0.146817759,-0.045859128,-0.357017368,0.207296357,-0.081553586,-0.151390195,0.171811432,-0.173654884,0.014895322,0.119464725,-0.013070318,0.004492168,0.125519469,-0.419798493,-0.066417024,0.174566478,-0.749497354,0.019332025,-0.187312886,-0.01655696,-0.399994969,-0.284026265,-0.081634656,-0.17872794,-0.255269617,-0.203841433,-0.040539537,-0.119794071,0.014956957,-0.00270259,-0.137554497,-0.394557625,-0.019704351,-0.206700265,-0.750061274,0.088838063
25.68333333,-0.050543632,-0.141198158,-0.593277156,0.147425875,-0.039558694,-0.353448272,0.209066018,-0.07626266,-0.155616432,0.174615562,-0.180846035,-0.009791956,0.119614944,-0.013272448,0.004788048,0.124554262,-0.388112754,-0.097598538,0.174465284,-0.735023677,-0.007291748,-0.187526941,-0.012977526,-0.39271453,-0.284838706,-0.07139919,-0.183903158,-0.254910499,-0.206174284,-0.062406704,-0.119911425,0.015150076,-0.00299361,-0.14289169,-0.383707583,-0.041067749,-0.206189334,-0.742463827,0.059127696
25.7,-0.053949021,-0.149987981,-0.594449103,0.146179482,-0.049765166,-0.351673901,0.209489986,-0.085393466,-0.15859665,0.17401801,-0.195745468,-0.022415027,0.119627573,-0.014016362,0.004850877,0.120880745,-0.38910085,-0.093576953,0.172136083,-0.73929143,-0.00686924,-0.188703284,-0.018045053,-0.390740633,-0.291117102,-0.065664746,-0.185870051,-0.258267492,-0.216154039,-0.071265377,-0.119908951,0.015882175,-0.003052309,-0.146684408,-0.383362055,-0.040839627,-0.208261102,-0.743205309,0.059032511
25.71666667,-0.052983444,-0.141847596,-0.60926789,0.145390779,-0.045023832,-0.351808488,0.210224569,-0.074426837,-0.158740059,0.175227672,-0.192648247,-0.018945821,0.119534701,-0.014021031,0.005014996,0.121235289,-0.385356367,-0.104230896,0.172189102,-0.73616159,-0.013081642,-0.188718677,-0.014297128,-0.391859978,-0.290809721,-0.053683165,-0.18925184,-0.256257117,-0.207260758,-0.065618329,-0.119796477,0.015884072,-0.003222577,-0.149317667,-0.379178494,-0.046409149,-0.207287207,-0.740677774,0.053282619
25.73333333,-0.053550102,-0.157606944,-0.584399104,0.145650581,-0.046921249,-0.345654935,0.212789133,-0.073733598,-0.158485085,0.177206367,-0.188675433,-0.019440992,0.119694464,-0.01472405,0.005139431,0.118789725,-0.388755739,-0.100660495,0.16993241,-0.736564577,-0.012082909,-0.189106062,-0.016273251,-0.386480659,-0.291426361,-0.052806336,-0.188641638,-0.256141514,-0.207074553,-0.065289594,-0.119913593,0.016588144,-0.003336619,-0.149865538,-0.380089372,-0.031758051,-0.207513228,-0.74101156,0.076066174
25.75,-0.053640138,-0.17279233,-0.576678693,0.145734832,-0.048810653,-0.343666166,0.21354948,-0.074477948,-0.158499926,0.177352756,-0.187506214,-0.026021039,0.119854279,-0.01481967,0.005354137,0.117627732,-0.389223903,-0.098026134,0.169794038,-0.736595869,-0.014413698,-0.189661816,-0.022146184,-0.386685848,-0.291506886,-0.059569113,-0.18974781,-0.252229691,-0.218247011,-0.072283812,-0.120038591,0.016687781,-0.003543657,-0.149033055,-0.382412314,-0.019728901,-0.20551613,-0.743480384,0.087997735
25.76666667,-0.053633969,-0.184182793,-0.564628243,0.145898566,-0.055849694,-0.337613642,0.213713527,-0.079635605,-0.154950067,0.176109046,-0.190220103,-0.02402446,0.120105654,-0.01531246,0.005729944,0.115950696,-0.389627665,-0.096806981,0.169034198,-0.737914383,-0.013430395,-0.18967849,-0.025560262,-0.384292692,-0.2912862,-0.062928759,-0.188933849,-0.248760477,-0.226898357,-0.070596367,-0.120242387,0.017201357,-0.003897126,-0.148442909,-0.385652721,-0.015325043,-0.205182135,-0.74720633,0.091237411
25.78333333,-0.053062472,-0.189020321,-0.570937634,0.146078825,-0.056086484,-0.337298423,0.219320029,-0.078801446,-0.151917547,0.181572989,-0.189276218,-0.023729391,0.120122559,-0.015327491,0.006323962,0.116940208,-0.390289396,-0.095091656,0.169809014,-0.737213552,-0.011977581,-0.189658061,-0.032692779,-0.384777814,-0.283693463,-0.072857507,-0.188500285,-0.232044652,-0.23082903,-0.069510743,-0.12024951,0.017217074,-0.004468367,-0.147678241,-0.389586926,-0.013595983,-0.204863787,-0.748070419,0.099765487
25.8,-0.052818742,-0.197937161,-0.565034986,0.146681413,-0.057880521,-0.336370677,0.222576395,-0.078854568,-0.150272757,0.185121164,-0.189485893,-0.021017298,0.120220535,-0.015390368,0.006693117,0.117888048,-0.39056316,-0.094056182,0.169919431,-0.737200081,-0.011062564,-0.189257801,-0.037962336,-0.384099185,-0.278353721,-0.077887952,-0.188364342,-0.221929833,-0.233767346,-0.067988351,-0.120324634,0.017283043,-0.004810444,-0.145947188,-0.392703056,-0.012259513,-0.204586178,-0.749427497,0.100673623
25.81666667,-0.052728746,-0.204205066,-0.565898478,0.146463245,-0.06908381,-0.338856459,0.218855768,-0.081568092,-0.150308058,0.182063997,-0.186479211,-0.015075375,0.120207377,-0.015529418,0.007011711,0.119111158,-0.395709902,-0.090252645,0.170023486,-0.739452243,0.000246828,-0.18926309,-0.048179653,-0.386339903,-0.280106753,-0.07928969,-0.188203961,-0.223852336,-0.232578069,-0.067239508,-0.120302297,0.017421361,-0.005145389,-0.145670578,-0.393751681,-0.013212899,-0.204975948,-0.750047982,0.098591201
25.83333333,-0.051284924,-0.196032822,-0.601005077,0.146067902,-0.066135421,-0.341557652,0.212446213,-0.080698729,-0.149834111,0.173166543,-0.165614992,-0.010523767,0.119865023,-0.015486926,0.007253031,0.120271862,-0.395783484,-0.093232423,0.174455017,-0.738947213,0.000560288,-0.187473893,-0.048070468,-0.389715403,-0.275191128,-0.083044969,-0.188152865,-0.206022069,-0.220386937,-0.064404443,-0.119937405,0.017375402,-0.005387963,-0.142506629,-0.393767357,-0.013796858,-0.202345595,-0.750079811,0.098103508
25.85,-0.050781727,-0.194491968,-0.605054379,0.145825848,-0.070216559,-0.341827154,0.207404137,-0.088368416,-0.146028727,0.166938469,-0.172978356,-0.002745849,0.119763821,-0.015683342,0.00760773,0.120467111,-0.402505785,-0.090204455,0.174587414,-0.741421998,0.010304862,-0.185889527,-0.051021934,-0.390794128,-0.269692421,-0.097346961,-0.18798466,-0.192201346,-0.234437048,-0.063416764,-0.119820416,0.017587978,-0.005687042,-0.139378324,-0.399040848,-0.006445293,-0.202264547,-0.754880488,0.104350492
25.86666667,-0.050734553,-0.205086231,-0.595723331,0.145077154,-0.079171568,-0.34205988,0.200549066,-0.095385559,-0.145681337,0.156428501,-0.17892617,-0.001056092,0.119786792,-0.015835911,0.007737221,0.119862005,-0.40677762,-0.081689283,0.174081281,-0.746583939,0.015898988,-0.186110899,-0.058467869,-0.390834987,-0.270068526,-0.10256663,-0.186999515,-0.19583863,-0.23780182,-0.063027382,-0.119835146,0.017751887,-0.005799586,-0.138053879,-0.402355582,-0.004473252,-0.202185959,-0.759595394,0.103070214
25.88333333,-0.052225985,-0.203980401,-0.597200632,0.134879351,-0.077440992,-0.341886759,0.180955723,-0.093754426,-0.141746417,0.140348896,-0.156458497,0.006974429,0.119324587,-0.015850751,0.007781009,0.11994826,-0.407069206,-0.081589259,0.171234697,-0.747722566,0.024229554,-0.187230229,-0.056420919,-0.387746453,-0.266033709,-0.098697647,-0.179868147,-0.191674829,-0.202650338,-0.050474983,-0.119332142,0.017766334,-0.005841014,-0.137836903,-0.402092338,-0.004484899,-0.202799812,-0.759499252,0.10191039
25.9,-0.052167095,-0.201857194,-0.604481876,0.134205639,-0.076503605,-0.341994911,0.184663281,-0.09291707,-0.138762265,0.145043701,-0.158679292,0.013286828,0.118815079,-0.015884751,0.008004827,0.121267103,-0.407057285,-0.081534714,0.171363607,-0.747947276,0.029574452,-0.186942592,-0.055956084,-0.387839198,-0.253241271,-0.100125737,-0.178313404,-0.168403357,-0.202564031,-0.046055403,-0.11880251,0.017799586,-0.006044251,-0.136393756,-0.401820004,-0.004777944,-0.202504724,-0.759296238,0.099484228
25.91666667,-0.052112572,-0.207524061,-0.602069557,0.134695813,-0.086244188,-0.341491103,0.187171668,-0.111262567,-0.137612313,0.147548139,-0.194275841,0.012357384,0.118812829,-0.016017459,0.008110151,0.122653544,-0.409993321,-0.074207857,0.170942575,-0.751561165,0.040029027,-0.187040403,-0.06363719,-0.387459069,-0.254087567,-0.1067724,-0.177119598,-0.176417693,-0.217361897,-0.046091888,-0.11879728,0.017942717,-0.006124979,-0.136311278,-0.404239863,-0.004324593,-0.201993331,-0.763267577,0.100330517
25.93333333,-0.052033637,-0.204189435,-0.600244343,0.134717017,-0.08535327,-0.339605182,0.188765898,-0.100568227,-0.133326039,0.14745152,-0.173626631,0.019411813,0.118548594,-0.015731195,0.008207908,0.122585855,-0.396196604,-0.093957573,0.169099092,-0.742936134,0.022216922,-0.187035441,-0.067280978,-0.383293658,-0.254079521,-0.110934325,-0.174148142,-0.17314969,-0.208619073,-0.040620573,-0.118534066,0.017632661,-0.006231058,-0.136265129,-0.400105387,-0.016098544,-0.201099202,-0.759941399,0.082324371
25.95,-0.051861998,-0.204062447,-0.600533128,0.134676814,-0.083641738,-0.337629169,0.190910146,-0.097458005,-0.127621293,0.148516878,-0.167893589,0.024899445,0.11814335,-0.015625134,0.008527378,0.122174338,-0.394284606,-0.098181769,0.168486118,-0.742338479,0.014888517,-0.186870173,-0.071885765,-0.381655067,-0.255130827,-0.113113664,-0.172773361,-0.167752683,-0.207546428,-0.0392805,-0.118127696,0.017518427,-0.006539552,-0.136261046,-0.40003249,-0.015916845,-0.20073323,-0.760071576,0.082619533
25.96666667,-0.051319763,-0.207660556,-0.600622475,0.134705454,-0.084289461,-0.337735593,0.191440001,-0.099269785,-0.124709025,0.141835585,-0.170467719,0.032011677,0.117889628,-0.015523488,0.008774439,0.121879056,-0.39448458,-0.096852757,0.168167174,-0.742367625,0.023375526,-0.18685317,-0.079454511,-0.381853521,-0.255456954,-0.12883094,-0.172182754,-0.161661163,-0.211567447,-0.037007783,-0.117880017,0.017413471,-0.006770928,-0.135432556,-0.401274711,-0.011421999,-0.2000902,-0.760288477,0.089428134
25.98333333,-0.051205155,-0.207248345,-0.592847228,0.134802297,-0.083408453,-0.336951494,0.187804222,-0.111834519,-0.125369251,0.132994056,-0.199988693,0.029937265,0.117874928,-0.01550239,0.008807361,0.122490652,-0.394669175,-0.087835751,0.167992383,-0.740574896,0.035530712,-0.186833143,-0.077326886,-0.380890787,-0.25412634,-0.13361007,-0.169589505,-0.163829044,-0.214386538,-0.031565718,-0.117861837,0.017393645,-0.006803297,-0.135054871,-0.401165485,-0.00702631,-0.198950902,-0.757628441,0.099363238
26,-0.051013816,-0.207698822,-0.591670811,0.134394407,-0.083010145,-0.336701125,0.180145159,-0.109758839,-0.122632802,0.129321232,-0.194902018,0.038979329,0.117629036,-0.015434771,0.008854976,0.122540198,-0.394806236,-0.082209058,0.16734603,-0.738838196,0.045377553,-0.186559349,-0.075599529,-0.379914939,-0.254275829,-0.129499897,-0.167140648,-0.165810481,-0.206451401,-0.026393358,-0.117609046,0.017323976,-0.006853642,-0.134043366,-0.400025725,-0.005590242,-0.19769831,-0.754985154,0.102526598
26.01666667,-0.052188568,-0.209118322,-0.592601299,0.133439586,-0.082869507,-0.338501275,0.177906901,-0.10904678,-0.124934025,0.125441208,-0.194432944,0.035627283,0.117561691,-0.015429555,0.008885585,0.120845214,-0.394830316,-0.080357842,0.163179144,-0.73670882,0.043783508,-0.187090144,-0.074443795,-0.380350262,-0.262458175,-0.124550119,-0.170155197,-0.175086826,-0.206497684,-0.032830704,-0.117541142,0.017319757,-0.006884294,-0.134172931,-0.399806291,0.001830074,-0.198812649,-0.754753113,0.111071341
26.03333333,-0.054115552,-0.211515352,-0.599530518,0.131846637,-0.084421307,-0.346452832,0.168452308,-0.108378157,-0.128680259,0.115191251,-0.189541593,0.034697227,0.117494799,-0.015539157,0.008908014,0.118099749,-0.400772661,-0.063070133,0.160251603,-0.736788034,0.074959092,-0.186986119,-0.074023657,-0.385459751,-0.265119851,-0.123748168,-0.173322394,-0.175487101,-0.207902342,-0.033721495,-0.117479481,0.01745126,-0.006905026,-0.135981664,-0.400398493,0.012500118,-0.199862421,-0.75502634,0.133650824
26.05,-0.055418804,-0.220089227,-0.609443724,0.130980432,-0.092820995,-0.349583238,0.170073226,-0.106982969,-0.130020678,0.118190721,-0.186665788,0.030495284,0.117429927,-0.015677547,0.008970909,0.117991142,-0.41719684,-0.045600604,0.160576329,-0.747121274,0.094352499,-0.187237188,-0.080533676,-0.388802856,-0.272658437,-0.122898325,-0.174489886,-0.178910136,-0.216328248,-0.036568768,-0.117416047,0.01760059,-0.006957612,-0.136064112,-0.406314254,0.015341692,-0.200412303,-0.763012171,0.137557313
26.06666667,-0.058358047,-0.219320491,-0.61692977,0.129705012,-0.092289694,-0.355526388,0.170940086,-0.103282623,-0.132378399,0.117180631,-0.175547525,0.029942691,0.117253028,-0.015735928,0.008992609,0.116964415,-0.418383747,-0.042896975,0.158872619,-0.747891068,0.095744014,-0.186926186,-0.08007735,-0.39262405,-0.27242884,-0.121280208,-0.174572557,-0.180170462,-0.216287538,-0.035915677,-0.117256284,0.017668989,-0.006979236,-0.137020394,-0.407109052,0.014841269,-0.205147415,-0.76426053,0.1359611
26.08333333,-0.060368773,-0.218616217,-0.62021935,0.128382131,-0.091800667,-0.359065503,0.16646494,-0.083046272,-0.132927433,0.105668671,-0.132754803,0.031895772,0.116966799,-0.015873829,0.009070695,0.113208845,-0.423252761,-0.044431109,0.153946415,-0.75213027,0.091260433,-0.186121419,-0.081151344,-0.39408347,-0.27307865,-0.120429754,-0.175090656,-0.180093423,-0.216109931,-0.036865558,-0.117010608,0.017809348,-0.007068228,-0.137909606,-0.408587575,0.013903785,-0.211020797,-0.767364085,0.133171514
26.1,-0.062037677,-0.219124839,-0.621412098,0.127088204,-0.091762386,-0.362267584,0.163073778,-0.065669671,-0.134508178,0.097900406,-0.106052101,0.033951264,0.116695605,-0.016018102,0.009092539,0.110447451,-0.424001873,-0.045504324,0.15150328,-0.753115416,0.08795616,-0.185307547,-0.081581354,-0.394858927,-0.277791113,-0.115330212,-0.175571516,-0.187505171,-0.210118815,-0.038302224,-0.116779193,0.017954124,-0.00708895,-0.139400244,-0.408556372,0.013170389,-0.214254037,-0.768243432,0.131376356
26.11666667,-0.0623939,-0.218707949,-0.622579217,0.127027258,-0.092258729,-0.363269657,0.164152816,-0.069596931,-0.13794063,0.101280861,-0.109885231,0.026840001,0.11659009,-0.016063204,0.009088065,0.110489152,-0.424522907,-0.041180953,0.151815176,-0.753018081,0.091523774,-0.18524541,-0.08172033,-0.395901412,-0.279695034,-0.115576111,-0.177132681,-0.196276367,-0.215192631,-0.041807905,-0.116686441,0.018000742,-0.00709,-0.139955133,-0.408597797,0.013686296,-0.214987561,-0.768236518,0.132143214
26.13333333,-0.062287055,-0.215946496,-0.621852279,0.127085686,-0.092307426,-0.358826429,0.167534649,-0.074160554,-0.136754781,0.101772763,-0.117075518,0.025594434,0.116516113,-0.0162057,0.009087738,0.110639952,-0.424776047,-0.042226501,0.152075693,-0.753504097,0.089779519,-0.18464303,-0.081450738,-0.391617864,-0.278489709,-0.115515068,-0.172566444,-0.195694745,-0.215936512,-0.037777808,-0.11660894,0.018141085,-0.007089697,-0.139466405,-0.408556193,0.012252148,-0.214589179,-0.768746793,0.129250422
26.15,-0.063898429,-0.204049364,-0.62120688,0.126854956,-0.088475354,-0.358052909,0.161969572,-0.075477198,-0.130433604,0.099911228,-0.120407872,0.043260098,0.116414092,-0.016277492,0.008904982,0.110728368,-0.423454434,-0.050421171,0.150703534,-0.753356397,0.074509911,-0.184832692,-0.075322725,-0.389941752,-0.278328896,-0.114395268,-0.168978572,-0.196347848,-0.215914652,-0.036485802,-0.116518192,0.018215572,-0.006926064,-0.139922962,-0.405993879,0.009854567,-0.214284495,-0.768207073,0.117835335
26.16666667,-0.063435659,-0.202515811,-0.620991707,0.126841396,-0.084558524,-0.355841964,0.162961408,-0.070584677,-0.128951699,0.101396583,-0.115803458,0.043419141,0.116261818,-0.016251311,0.008931243,0.111193866,-0.421333134,-0.062339291,0.15056482,-0.753273249,0.055018254,-0.18448095,-0.07298962,-0.387781471,-0.275955766,-0.10635069,-0.167415306,-0.195006564,-0.196613625,-0.03496132,-0.116365641,0.018185807,-0.006955199,-0.138278589,-0.405855685,0.004107114,-0.213556722,-0.768797457,0.104909927
26.18333333,-0.062949777,-0.197025225,-0.6197083,0.126832932,-0.080997132,-0.352842778,0.156797901,-0.066666253,-0.126726329,0.092025012,-0.103981636,0.044714786,0.116105817,-0.016138604,0.0089773,0.111700498,-0.4163239,-0.071444236,0.150952533,-0.752164185,0.034910269,-0.184333563,-0.070832446,-0.386111736,-0.274524719,-0.105191946,-0.167593375,-0.191873267,-0.196301445,-0.042239215,-0.116213739,0.018058004,-0.007005486,-0.137652695,-0.403345257,-0.003450284,-0.212101474,-0.768741071,0.084544353
26.2,-0.062786028,-0.191330582,-0.619520903,0.126874804,-0.076980598,-0.352292776,0.15790917,-0.067258224,-0.126878202,0.094043411,-0.109458856,0.044327572,0.115820736,-0.016067855,0.009076781,0.111720279,-0.408775091,-0.076160103,0.149799645,-0.747107208,0.030749373,-0.184015617,-0.069436125,-0.38614133,-0.269795358,-0.105121426,-0.169022024,-0.181896985,-0.197381914,-0.044061065,-0.11594145,0.01796961,-0.00711603,-0.137914389,-0.399407119,-0.012405049,-0.212152377,-0.76295203,0.077711068
26.21666667,-0.061583418,-0.190836996,-0.614669561,0.127032876,-0.07610032,-0.344844311,0.1620837,-0.062551089,-0.121834032,0.096584193,-0.102763511,0.0535741,0.115707092,-0.015821384,0.009311777,0.112668745,-0.397190899,-0.105520926,0.149912313,-0.744433761,-0.00260673,-0.184065625,-0.069466747,-0.379094392,-0.262602597,-0.101510361,-0.157888517,-0.17584689,-0.176446587,-0.032707848,-0.115821689,0.017681219,-0.007365584,-0.137999579,-0.39476046,-0.041747231,-0.210376695,-0.761628449,0.043130342
26.23333333,-0.057245009,-0.189046368,-0.614175856,0.127742529,-0.072870448,-0.340845674,0.170018092,-0.063643113,-0.12027584,0.111961901,-0.105315134,0.051925872,0.115621693,-0.015515815,0.009668965,0.114851996,-0.396070838,-0.103311934,0.151941001,-0.743476033,0.000929227,-0.183719993,-0.06943433,-0.378728718,-0.25161615,-0.103359327,-0.158737212,-0.159543857,-0.180472016,-0.032234106,-0.11572817,0.017349558,-0.00771641,-0.135094494,-0.394971877,-0.039232526,-0.206244215,-0.761654317,0.048832018
26.25,-0.056479096,-0.189388439,-0.614178181,0.127739906,-0.07186956,-0.339141726,0.170101956,-0.063320816,-0.119015232,0.112862393,-0.105773948,0.050535541,0.115405358,-0.015400135,0.00983231,0.115392238,-0.396968156,-0.099214435,0.151995882,-0.745253205,0.006957042,-0.183548734,-0.069242872,-0.378016025,-0.2520518,-0.102995977,-0.157270625,-0.157654211,-0.174246803,-0.028620871,-0.115496382,0.017225584,-0.007880206,-0.133325204,-0.395191193,-0.036043689,-0.203668624,-0.7639575,0.053997558
26.26666667,-0.055195373,-0.190450191,-0.610520244,0.127755195,-0.071730606,-0.334359199,0.169485241,-0.047246382,-0.116980843,0.106683441,-0.071377903,0.051926777,0.115299612,-0.015256354,0.010028452,0.115806475,-0.396591932,-0.100371152,0.152807161,-0.74531579,0.005223668,-0.183014974,-0.069252871,-0.372001499,-0.251179576,-0.101862237,-0.15150407,-0.155186921,-0.159400269,-0.02787902,-0.115375355,0.017070798,-0.008076523,-0.131557897,-0.39510417,-0.03620027,-0.200108871,-0.764275968,0.052328631
26.28333333,-0.055107962,-0.19202356,-0.610870183,0.127405554,-0.071767248,-0.334647506,0.159687042,-0.046150148,-0.116170347,0.097074442,-0.066078678,0.05752553,0.115180925,-0.015227461,0.01021189,0.115491927,-0.403619617,-0.088418737,0.152338654,-0.751791239,0.022195593,-0.182944804,-0.069262207,-0.372344613,-0.253378481,-0.100632325,-0.151625425,-0.159454033,-0.157764807,-0.024846166,-0.115257047,0.017044136,-0.008263222,-0.130359367,-0.39765358,-0.033241663,-0.199727058,-0.767414689,0.058920655
26.3,-0.055177238,-0.19389759,-0.615100026,0.126297906,-0.072425798,-0.335751325,0.152323723,-0.027735418,-0.116515033,0.082271546,-0.033900373,0.062305383,0.114986144,-0.01518747,0.010654455,0.115483366,-0.409373939,-0.074365281,0.152369395,-0.755335033,0.047279488,-0.182393968,-0.070054494,-0.372659147,-0.253849983,-0.097436562,-0.149317712,-0.161426947,-0.151954889,-0.020316225,-0.115067095,0.017005509,-0.008706641,-0.129124895,-0.400072694,-0.031002495,-0.198830679,-0.770859241,0.068687797
26.31666667,-0.055253949,-0.19657363,-0.621653438,0.124949642,-0.076639444,-0.338835269,0.151676416,-0.031247843,-0.117172942,0.083914988,-0.040542603,0.062898926,0.114853069,-0.015397352,0.010927619,0.114112869,-0.417880625,-0.058522485,0.151790008,-0.759382784,0.070426807,-0.181729436,-0.069333911,-0.373653412,-0.258686751,-0.078332566,-0.146018758,-0.170163676,-0.130497992,-0.008076196,-0.114934497,0.017223457,-0.008973137,-0.129062206,-0.404069394,-0.023566104,-0.198998585,-0.772729993,0.083492123
26.33333333,-0.053222284,-0.197781891,-0.626737535,0.128812581,-0.07864745,-0.342513978,0.179904908,-0.062206551,-0.118806869,0.12843357,-0.111237943,0.053545315,0.114814267,-0.015366592,0.010953054,0.113570631,-0.420087487,-0.036135916,0.153255969,-0.757974565,0.097569056,-0.181680381,-0.073367171,-0.383458406,-0.259569973,-0.096644059,-0.153722674,-0.173918173,-0.178250596,-0.009668741,-0.11489594,0.017195445,-0.009002668,-0.128167704,-0.407019883,-0.003921153,-0.198456794,-0.772607565,0.116663598
26.35,-0.051185112,-0.197289735,-0.630309045,0.132126614,-0.078576684,-0.347015828,0.191199481,-0.067366123,-0.122852884,0.14071843,-0.126320586,0.044740263,0.114780255,-0.015275945,0.01099359,0.113383979,-0.41978538,-0.031809501,0.153692052,-0.755069017,0.098152891,-0.181411132,-0.073636845,-0.390999526,-0.259663016,-0.09976349,-0.16357778,-0.178759173,-0.192256391,-0.015384329,-0.114863388,0.017104022,-0.009054741,-0.126914725,-0.407606572,0.002627999,-0.198074773,-0.771803796,0.124523811
26.36666667,-0.051206775,-0.198235527,-0.632609189,0.132771626,-0.079589732,-0.350841999,0.189166173,-0.07427983,-0.124682136,0.13699761,-0.132276744,0.043836147,0.114752397,-0.015266735,0.011015591,0.112356566,-0.419904083,-0.032123096,0.153190508,-0.754271865,0.096699014,-0.181400359,-0.074101299,-0.393496186,-0.262838513,-0.100736439,-0.167130142,-0.189096555,-0.195887029,-0.019741112,-0.114834666,0.017095778,-0.00907897,-0.12694943,-0.407798797,0.002567583,-0.198661551,-0.771750748,0.121372513
26.38333333,-0.053049669,-0.198868185,-0.632568717,0.132563338,-0.081444606,-0.350844532,0.182853177,-0.076416664,-0.124327146,0.135200039,-0.127052829,0.046265017,0.114728436,-0.015463985,0.011019732,0.108806685,-0.423500508,-0.0256203,0.151062846,-0.754820764,0.102286868,-0.181408718,-0.073229156,-0.393301189,-0.267060727,-0.099335223,-0.165572271,-0.195784509,-0.194060013,-0.018501882,-0.11481072,0.017313046,-0.009085279,-0.127447382,-0.408244789,0.004266609,-0.200773001,-0.772458851,0.122147486
26.4,-0.053179912,-0.195190549,-0.632176697,0.132506236,-0.080393061,-0.350799501,0.176026016,-0.069651425,-0.124411091,0.123477854,-0.100910671,0.048419897,0.114676468,-0.015485469,0.011135359,0.107971206,-0.423816532,-0.025998665,0.149588346,-0.754739225,0.103371575,-0.180984169,-0.072254837,-0.393159449,-0.264885157,-0.099173784,-0.165374085,-0.190305606,-0.190071106,-0.018788489,-0.114764683,0.017334916,-0.009199867,-0.127481937,-0.40844205,0.004296179,-0.200899541,-0.772148907,0.121091381
26.41666667,-0.053165879,-0.194139525,-0.63129735,0.132711396,-0.079138264,-0.350756973,0.174727589,-0.058436997,-0.125016347,0.11731346,-0.075949065,0.048811473,0.114651069,-0.015490036,0.011244603,0.107523128,-0.424678922,-0.02374894,0.149571583,-0.754753947,0.107797123,-0.180656955,-0.071736738,-0.392692059,-0.264647156,-0.099643566,-0.165259942,-0.188595727,-0.188239723,-0.021659836,-0.114740327,0.017338663,-0.009310263,-0.126867816,-0.408932418,0.004909968,-0.200899646,-0.77208215,0.122310333
26.43333333,-0.052997373,-0.188964188,-0.631096423,0.132667258,-0.074942157,-0.351687491,0.160167396,-0.046736181,-0.126371861,0.099663131,-0.063987069,0.048953243,0.114620313,-0.015316817,0.011270953,0.106688976,-0.421193123,-0.026174737,0.148912773,-0.752556264,0.1039747,-0.180582583,-0.070919663,-0.392856598,-0.263689697,-0.099410407,-0.169541657,-0.188002691,-0.18767108,-0.033088014,-0.114718817,0.017159216,-0.009341165,-0.126485124,-0.406369716,0.005222158,-0.200450122,-0.768970072,0.121116258
26.45,-0.053173773,-0.18102926,-0.629975021,0.132478565,-0.071377769,-0.350467056,0.160181046,-0.029441219,-0.126682207,0.095673054,-0.047348052,0.050936837,0.114594109,-0.015228581,0.011362407,0.106666006,-0.417681783,-0.042809442,0.148850247,-0.751278639,0.082571581,-0.180704266,-0.069723912,-0.390972108,-0.257244051,-0.099394344,-0.1669489,-0.179712042,-0.186714783,-0.032865055,-0.114694916,0.017059695,-0.009428009,-0.125709921,-0.404651582,0.001536328,-0.19952929,-0.766953528,0.109712072
26.46666667,-0.053733017,-0.18188341,-0.618660092,0.131102353,-0.071167015,-0.343637228,0.152444258,-0.031878777,-0.121997379,0.094018236,-0.043675773,0.053926308,0.11457219,-0.015221948,0.011330226,0.106660768,-0.416294515,-0.055787839,0.148354918,-0.750917852,0.07047122,-0.180998102,-0.067641877,-0.380623728,-0.257340819,-0.095619567,-0.158736691,-0.179807365,-0.175680071,-0.029043956,-0.114674039,0.017053265,-0.009395606,-0.126362577,-0.403039187,0.00056716,-0.199747682,-0.7666412,0.104382932
26.48333333,-0.05319855,-0.182484955,-0.616594732,0.130696923,-0.074734628,-0.338187426,0.154832825,-0.031146441,-0.117553912,0.103274569,-0.026937114,0.05866915,0.114553697,-0.015553602,0.011171455,0.105480336,-0.417976648,-0.056838498,0.147037625,-0.752085328,0.069980063,-0.180315137,-0.065509684,-0.370394766,-0.260023803,-0.071869932,-0.134098217,-0.183428392,-0.114962168,0.001237044,-0.114655145,0.017377203,-0.009241703,-0.126855016,-0.40306592,-0.002890853,-0.20145677,-0.766833782,0.102039866
26.5,-0.054659676,-0.179632604,-0.604393303,0.13049376,-0.074692845,-0.334007323,0.153830156,-0.03274107,-0.116812997,0.098648138,-0.030755375,0.059442017,0.114549518,-0.015642354,0.010937324,0.105392449,-0.418386757,-0.060307454,0.145930171,-0.752660632,0.064239226,-0.180701688,-0.065085761,-0.363787532,-0.260127932,-0.074672326,-0.131461427,-0.19030419,-0.127414763,0.000964537,-0.114650339,0.017461825,-0.00902509,-0.127612144,-0.402872652,-0.004409586,-0.201888248,-0.766816199,0.098461874
26.51666667,-0.054675981,-0.172765583,-0.6043998,0.130660787,-0.072130524,-0.333241701,0.157572344,-0.029909836,-0.117243253,0.106757596,-0.031525701,0.055351451,0.114601284,-0.015636194,0.01075021,0.10553173,-0.415800959,-0.071015492,0.145569727,-0.751598477,0.051237877,-0.18100372,-0.064447761,-0.363393486,-0.260159433,-0.075016655,-0.133980647,-0.191574976,-0.132613286,-0.001051811,-0.114699729,0.017453199,-0.008851627,-0.128295749,-0.40097177,-0.008315499,-0.20221217,-0.765610039,0.09042643
26.53333333,-0.055158392,-0.157783732,-0.604894757,0.130779088,-0.06288287,-0.334183156,0.16380164,-0.03019993,-0.128592387,0.11212901,-0.033244185,0.028718973,0.114631146,-0.015598863,0.010196591,0.105792128,-0.410806149,-0.072401397,0.144564614,-0.74499321,0.047776595,-0.18149662,-0.056474768,-0.363702506,-0.256132156,-0.07629519,-0.143065274,-0.192493334,-0.138441399,-0.01925865,-0.114730924,0.017409567,-0.008352931,-0.129871815,-0.396332234,-0.008448992,-0.203287214,-0.757060349,0.090254433
26.55,-0.054591645,-0.160296857,-0.60564822,0.131347209,-0.064766526,-0.334539771,0.166274279,-0.052343443,-0.128662288,0.119284324,-0.081694186,0.028411206,0.114714071,-0.015815387,0.010036002,0.102279991,-0.420701116,-0.067780919,0.142892212,-0.750102878,0.052663691,-0.181480035,-0.056813017,-0.364628285,-0.256968737,-0.090049721,-0.143515781,-0.202064604,-0.175851554,-0.015518842,-0.114804283,0.017640857,-0.008185128,-0.131020397,-0.399133295,-0.008328311,-0.203802571,-0.758511662,0.098756112
26.56666667,-0.05222211,-0.156731829,-0.607239127,0.132519096,-0.062943906,-0.334633023,0.175517246,-0.054758292,-0.128519982,0.130590513,-0.094011232,0.030494837,0.114752077,-0.015735188,0.009963736,0.102357365,-0.417830139,-0.078724355,0.14245303,-0.749900281,0.035595514,-0.181521058,-0.05574733,-0.365068942,-0.247504696,-0.090114519,-0.141006097,-0.197180793,-0.172802255,-0.001730631,-0.114838399,0.017544618,-0.008125611,-0.131591082,-0.394744217,-0.031971842,-0.202814892,-0.752170086,0.077025183
26.58333333,-0.053940535,-0.15724881,-0.607407093,0.132378533,-0.063238405,-0.335282415,0.174605995,-0.05952172,-0.132192895,0.130080864,-0.097000957,0.026181987,0.114782527,-0.015990762,0.009478741,0.096725233,-0.420157939,-0.064675704,0.134582356,-0.750323713,0.050961494,-0.182211608,-0.052527241,-0.365739107,-0.250892609,-0.087294511,-0.141577363,-0.206677347,-0.17187731,-0.002354253,-0.114863634,0.017810343,-0.007630697,-0.13637051,-0.39504084,-0.021331629,-0.209184721,-0.752807021,0.09277083
26.6,-0.05512049,-0.157815948,-0.607720912,0.131793484,-0.066629767,-0.335460395,0.17033644,-0.06350138,-0.133350417,0.129680157,-0.09500163,0.022018855,0.114804178,-0.016590927,0.009196153,0.089447245,-0.422284365,-0.059177283,0.127921805,-0.752072334,0.054923672,-0.182766348,-0.052245218,-0.365897566,-0.264334649,-0.082280196,-0.141776815,-0.213954017,-0.166178331,-0.007745637,-0.114875592,0.018410459,-0.007335545,-0.141986296,-0.394708186,-0.020423355,-0.216127485,-0.753045321,0.095382921
26.61666667,-0.053485278,-0.154877648,-0.611504853,0.132221773,-0.065577678,-0.336627066,0.163435757,-0.067232355,-0.131276846,0.116482884,-0.098577492,0.036157146,0.114791512,-0.016629662,0.009193102,0.088392556,-0.422764689,-0.059794441,0.127019823,-0.75235635,0.055407722,-0.182613552,-0.052348778,-0.36964646,-0.256175697,-0.089539781,-0.142123446,-0.20076786,-0.166067928,-0.002387678,-0.114862502,0.018452803,-0.007329318,-0.140816316,-0.395294994,-0.020422984,-0.213581905,-0.753376722,0.094507344
26.63333333,-0.051466431,-0.149992093,-0.616090834,0.133672401,-0.065022126,-0.338405937,0.161150903,-0.084502153,-0.130764186,0.115643084,-0.136636302,0.041671697,0.114793383,-0.016713476,0.009186097,0.089003861,-0.42298907,-0.059754882,0.127607033,-0.752306998,0.055792119,-0.182537824,-0.05119874,-0.375033736,-0.254480749,-0.099749885,-0.14427124,-0.203815043,-0.1934174,-0.003115192,-0.114864051,0.018540451,-0.007319085,-0.140226364,-0.395408064,-0.021114616,-0.210971788,-0.751715183,0.093811393
26.65,-0.053759538,-0.144863784,-0.617030501,0.133404538,-0.06510745,-0.34164232,0.155379683,-0.105826423,-0.131439984,0.115337521,-0.175200537,0.041817106,0.114816435,-0.01741595,0.008770145,0.089234538,-0.423090339,-0.058772881,0.127040491,-0.750373304,0.055572145,-0.183021292,-0.038468812,-0.377290368,-0.257760882,-0.095801771,-0.147382721,-0.221033484,-0.203258127,-0.009842487,-0.114884846,0.019287879,-0.006859481,-0.141711012,-0.393112659,-0.022735605,-0.212363541,-0.747374535,0.092660785
26.66666667,-0.055456631,-0.126797512,-0.61688453,0.133731827,-0.053098034,-0.343873113,0.153332308,-0.10521277,-0.13445653,0.11221014,-0.184050754,0.02879037,0.114906892,-0.017589048,0.008470407,0.089499794,-0.416515201,-0.071322076,0.127267659,-0.741805971,0.030190222,-0.185521051,-0.022835257,-0.383430034,-0.258344561,-0.093767889,-0.153654814,-0.220071152,-0.206158087,-0.021666691,-0.114987455,0.019468186,-0.006556501,-0.143375382,-0.385151207,-0.034597941,-0.214962348,-0.737781286,0.067899108
26.68333333,-0.053495143,-0.109053619,-0.619093418,0.136269197,-0.037256222,-0.345629454,0.159388602,-0.099828102,-0.136071324,0.123496935,-0.188879237,0.024191745,0.114976682,-0.017574109,0.008450159,0.094261885,-0.408944368,-0.076818906,0.129222378,-0.73618412,0.013197285,-0.185786515,-0.000383024,-0.391834438,-0.25834775,-0.068074591,-0.160400093,-0.218688726,-0.203125671,-0.022417776,-0.115074269,0.019456889,-0.006535438,-0.143204823,-0.379934222,-0.044289511,-0.212458968,-0.732462049,0.046155114
26.7,-0.044131193,-0.096373662,-0.620996237,0.141815007,-0.027840065,-0.346121699,0.164467454,-0.098761618,-0.139838308,0.127155587,-0.17317228,0.011203616,0.115149997,-0.017567147,0.00844499,0.096443862,-0.409338415,-0.075740881,0.131131962,-0.736724973,0.019578712,-0.185612932,0.006864686,-0.394727319,-0.260668069,-0.059341583,-0.160570353,-0.2195196,-0.195618108,-0.019202821,-0.115284629,0.019445525,-0.006534263,-0.143007308,-0.379414827,-0.048749119,-0.206404448,-0.730129957,0.047329437
26.71666667,-0.024424803,-0.056200624,-0.610808849,0.155669302,0.015148185,-0.346929044,0.195091158,-0.102617003,-0.38367793,0.142652348,-0.1421251,-0.560041726,0.115760423,-0.01635487,0.008956176,0.120450847,-0.408339649,-0.075199291,0.142181441,-0.730121732,0.021092309,-0.178051427,0.068249293,-0.39417994,-0.249573767,-0.058609501,-0.355527461,-0.194893837,-0.164304405,-0.472709864,-0.115940094,0.018144069,-0.007154842,-0.140767947,-0.378171206,-0.048306026,-0.203546032,-0.725560904,0.050305076
26.73333333,-0.024845434,-0.065524384,-0.585550964,0.159630448,0.01230138,-0.345591038,0.199692771,-0.093384869,-0.377972841,0.146964088,-0.15200296,-0.336298823,0.11698202,-0.016359739,0.008339012,0.119240515,-0.408463061,-0.063712165,0.155405909,-0.730922282,0.024399236,-0.180160776,0.054249994,-0.393701732,-0.270623565,-0.050481614,-0.279947072,-0.23670125,-0.17601797,-0.226856813,-0.117184862,0.018149268,-0.006587087,-0.137233391,-0.377699256,-0.047602165,-0.194770396,-0.724467635,0.053346589
26.75,-0.02707508,-0.068200193,-0.616375804,0.158993423,0.018768571,-0.359140754,0.206195995,-0.056729078,-0.261456668,0.178830728,-0.166719154,-0.061186213,0.117053092,-0.016074469,0.008142802,0.127441376,-0.400917679,-0.072677307,0.165032223,-0.731750906,-0.007245054,-0.185444579,0.056280632,-0.412580222,-0.286655933,-0.012442788,-0.25359422,-0.275027484,-0.17610471,-0.067180082,-0.117277823,0.017891143,-0.006396277,-0.139068455,-0.375929117,-0.048273399,-0.194370031,-0.724656463,0.034930453
26.76666667,-0.028770113,-0.045822784,-0.614821374,0.160929456,0.038591165,-0.35839045,0.218614146,-0.028670572,-0.200929537,0.207472444,-0.165977702,-0.013880558,0.117426805,-0.01547725,0.007999127,0.14185217,-0.384982765,-0.097360767,0.176406205,-0.728678465,-0.034296773,-0.187746316,0.075458899,-0.409837097,-0.29552716,0.012195588,-0.217698321,-0.295679301,-0.174143121,-0.029989759,-0.117665119,0.017315542,-0.0062508,-0.146880761,-0.368357748,-0.056180481,-0.194227919,-0.722200513,0.021044446
26.78333333,-0.029919012,-0.033140045,-0.60106802,0.162784129,0.055083312,-0.358068526,0.215079576,0.000540997,-0.180574641,0.193447649,-0.139840096,-0.004828784,0.117499091,-0.015470929,0.007767078,0.141410455,-0.376063496,-0.101733655,0.173940882,-0.721354663,-0.027534207,-0.188123763,0.096245445,-0.407898515,-0.297865093,0.037706979,-0.208057791,-0.291589588,-0.165969506,-0.031134862,-0.117756389,0.017312445,-0.006042015,-0.151162118,-0.358203292,-0.071300156,-0.19662638,-0.714372635,0.008563325
26.8,-0.034457929,-0.007534888,-0.608294904,0.162667945,0.06501025,-0.35528937,0.220073208,-0.00127711,-0.159591794,0.193584144,-0.141125008,0.003413497,0.117569283,-0.015498717,0.007422724,0.144526675,-0.378018022,-0.101614363,0.174756318,-0.722125411,-0.024861164,-0.188028395,0.10534972,-0.407259285,-0.294710636,0.036844809,-0.186137468,-0.283781946,-0.155098125,-0.027828306,-0.117838062,0.017339852,-0.005723122,-0.152760759,-0.359305918,-0.068983011,-0.203188255,-0.715880692,0.00736961
26.81666667,-0.04407813,0.011232192,-0.607774854,0.162720561,0.067461818,-0.354102761,0.219250515,-0.005077523,-0.154901341,0.193167314,-0.145489663,0.006850353,0.117689729,-0.016537959,0.006356237,0.144058242,-0.380040437,-0.099514112,0.177363575,-0.723024666,-0.018904045,-0.18835707,0.123936854,-0.400789291,-0.293554753,0.048712809,-0.169832319,-0.280409247,-0.154338688,-0.023730606,-0.117945418,0.018406393,-0.004645372,-0.155937001,-0.359204888,-0.066346541,-0.205921069,-0.71684289,0.013573243
26.83333333,-0.047084544,0.014475425,-0.606189191,0.164437681,0.078824654,-0.353579819,0.236201704,0.00587256,-0.154779181,0.220170215,-0.150633931,0.003729999,0.117790587,-0.016698543,0.00587683,0.151921242,-0.38098222,-0.09752772,0.191251129,-0.725534439,-0.016288521,-0.188316286,0.13176778,-0.397571921,-0.282463491,0.055121541,-0.163037777,-0.279320389,-0.152658984,-0.0175415,-0.118029095,0.018567683,-0.004166075,-0.155403987,-0.359993756,-0.064983197,-0.203629822,-0.719213068,0.017495595
26.85,-0.046853703,0.025341595,-0.616280973,0.168058097,0.114302978,-0.353373468,0.249956504,0.031677969,-0.153330982,0.234374419,-0.150245532,0.00892432,0.117853947,-0.015422096,0.005549758,0.155364409,-0.3818115,-0.096192397,0.199795723,-0.724770129,-0.006033884,-0.187082559,0.140921339,-0.398017853,-0.261750221,0.055565592,-0.158651501,-0.278517395,-0.151462302,0.008246944,-0.118097782,0.017296692,-0.003856868,-0.150992036,-0.364073366,-0.063868023,-0.191823423,-0.724641263,0.020654477
26.86666667,-0.047503896,0.04103205,-0.605265379,0.170033395,0.128811523,-0.348152339,0.251831621,0.036877893,-0.149253264,0.238299146,-0.150336668,0.009131073,0.118108824,-0.015450434,0.004123056,0.153909758,-0.382799566,-0.09445399,0.197910994,-0.725154519,0.002209999,-0.186248705,0.174946412,-0.389047354,-0.262200683,0.07939481,-0.14675042,-0.282099009,-0.151693791,0.00994653,-0.118354738,0.017326068,-0.002478751,-0.152135536,-0.364474356,-0.063186646,-0.192098007,-0.728008032,0.029491311
26.88333333,-0.050213516,0.041331951,-0.605250776,0.170110807,0.131192297,-0.347697884,0.249034658,0.032088496,-0.148859411,0.235836416,-0.152146563,0.006260264,0.11855498,-0.015399214,0.003369925,0.152425364,-0.383554816,-0.092812158,0.196073636,-0.721984446,0.019656995,-0.186353236,0.167554051,-0.388816029,-0.256873965,0.065878235,-0.14110896,-0.279787689,-0.154076666,0.017518584,-0.118823297,0.017274445,-0.001757838,-0.152057856,-0.363710821,-0.067734532,-0.189518869,-0.727228701,0.02943808
26.9,-0.052878253,0.046155199,-0.605955422,0.169788614,0.123390533,-0.350093096,0.245444924,0.025124352,-0.149936393,0.230940551,-0.16198127,0.004077272,0.118752487,-0.015518483,0.002603511,0.152126476,-0.387928993,-0.091039427,0.194392771,-0.722795725,0.023879487,-0.187660828,0.166732952,-0.390191317,-0.256927431,0.060282379,-0.141719878,-0.280066371,-0.162304193,0.016897857,-0.119030394,0.017382165,-0.001006228,-0.15553835,-0.363309324,-0.076083884,-0.189889282,-0.727919042,0.023742111
26.91666667,-0.052722368,0.053535718,-0.609352291,0.169713363,0.131652206,-0.351078719,0.247475147,0.028317245,-0.150360093,0.234181866,-0.162309647,0.003622735,0.118802093,-0.015319024,0.002251318,0.14942275,-0.389497787,-0.089977235,0.193777755,-0.723172069,0.024614573,-0.188069865,0.167016625,-0.391768068,-0.254626483,0.056860663,-0.142294779,-0.278973162,-0.165431395,0.023885461,-0.119092695,0.017154114,-0.000673205,-0.156104565,-0.362329155,-0.088896982,-0.186957553,-0.727621317,0.01644746
26.93333333,-0.049252514,0.063937575,-0.636003315,0.170403734,0.139269769,-0.355352998,0.255391479,0.031529073,-0.154008895,0.244421631,-0.164449185,0.002559652,0.118844576,-0.014748019,0.002141331,0.147202522,-0.39213708,-0.090664007,0.194657803,-0.723701477,0.022501629,-0.189418256,0.168454662,-0.400250554,-0.252260923,0.055132926,-0.141742796,-0.278324664,-0.166034356,0.035746749,-0.119153462,0.016478788,-0.000581339,-0.155770421,-0.360523343,-0.130165309,-0.181474626,-0.725239217,-0.02965508
26.95,-0.044799622,0.072585255,-0.642166317,0.170289844,0.14063476,-0.356240392,0.255771875,0.029031103,-0.156908736,0.245730072,-0.16969724,-0.00281929,0.119038872,-0.014525682,0.002246294,0.144291177,-0.394314736,-0.095106132,0.195601776,-0.723993897,0.015261074,-0.192127988,0.173946977,-0.403374851,-0.249265745,0.053998265,-0.139172807,-0.277928263,-0.165799469,0.040505059,-0.119366594,0.016181078,-0.000710499,-0.155441329,-0.360418946,-0.131703347,-0.180293605,-0.721795142,-0.02301388
26.96666667,-0.042068303,0.087923571,-0.659115672,0.170159072,0.149534956,-0.357355416,0.254953563,0.027702773,-0.161474138,0.242584556,-0.177114442,-0.014216774,0.119202018,-0.013849268,0.002678256,0.141507745,-0.396515787,-0.094835445,0.196969271,-0.727938235,0.006329499,-0.195662394,0.179785907,-0.40933314,-0.246830016,0.053148441,-0.139913902,-0.271726221,-0.165790528,0.034131903,-0.119551778,0.015383314,-0.001183541,-0.153562456,-0.362221271,-0.123455942,-0.179011241,-0.722550392,-0.018066952
26.98333333,-0.042293008,0.100395359,-0.653967798,0.168668196,0.163823858,-0.361653984,0.253696203,0.027121548,-0.193966001,0.238086179,-0.182980761,-0.075036652,0.119284965,-0.013208549,0.001985694,0.127927914,-0.396177173,-0.094216339,0.197430432,-0.727995455,0.002534906,-0.19728674,0.192363083,-0.408645004,-0.246425956,0.052413896,-0.151044071,-0.268406659,-0.165513679,0.00089193,-0.119632363,0.014628619,-0.000632538,-0.153404176,-0.362271845,-0.117634512,-0.177726448,-0.722463012,-0.017184177
27,-0.04252287,0.096598737,-0.649940193,0.164808035,0.16910015,-0.380082965,0.249774858,0.026085891,-0.253060132,0.225605309,-0.194058925,-0.167957455,0.11931178,-0.01271006,0.00049723,0.122094236,-0.395650625,-0.111697935,0.194142759,-0.728058457,-0.026786651,-0.197187439,0.196121931,-0.411687911,-0.246899843,0.050463501,-0.204213619,-0.263702631,-0.169413805,-0.099428549,-0.119655542,0.0140521,0.000635666,-0.148583189,-0.369565815,-0.113178454,-0.176061049,-0.724927187,-0.006443243
27.01666667,-0.042454418,0.117332563,-0.647825003,0.162930742,0.185099423,-0.377947241,0.246426612,0.026280738,-0.25285244,0.216390714,-0.192018464,-0.18739365,0.1193358,-0.011655329,-0.001574813,0.118947968,-0.395082235,-0.116273284,0.190741643,-0.730284274,-0.038954191,-0.198050976,0.199657023,-0.408999354,-0.250311285,0.0437815,-0.207613453,-0.257932454,-0.174845591,-0.118973628,-0.119678698,0.012914598,0.002523503,-0.148604855,-0.370598346,-0.106254369,-0.175823092,-0.726957738,0.002404305
27.03333333,-0.04303417,0.130296305,-0.64684844,0.15933907,0.195838034,-0.376749605,0.242016777,0.031448558,-0.239311203,0.212307543,-0.190765992,-0.15975678,0.119364157,-0.0107787,-0.003452672,0.110970773,-0.399303883,-0.11506702,0.191114396,-0.731938601,-0.033002913,-0.203768358,0.206509143,-0.402218789,-0.258782655,0.04434685,-0.199286118,-0.258202165,-0.170257241,-0.095038041,-0.11971277,0.011973161,0.004359941,-0.14960061,-0.373762757,-0.079331182,-0.174210459,-0.728079855,0.044998843
27.05,-0.042808123,0.146996602,-0.645315528,0.157685682,0.212384626,-0.375553906,0.233982086,0.039781604,-0.240852714,0.20588699,-0.183986038,-0.182914019,0.119415775,-0.010672819,-0.005714492,0.108453788,-0.405217469,-0.104674071,0.193949088,-0.731842637,-0.004206209,-0.204439923,0.224392503,-0.395872146,-0.26575157,0.050606109,-0.195634291,-0.258117557,-0.161691397,-0.114302397,-0.119774662,0.011853548,0.006606059,-0.157892853,-0.373824,-0.06243524,-0.176021859,-0.727441609,0.080210656
27.06666667,-0.042125493,0.156980515,-0.645073593,0.155734345,0.227978021,-0.394425362,0.23131761,0.045543421,-0.310011357,0.201165944,-0.172368675,-0.307504773,0.119334087,-0.010351851,-0.007468354,0.103977017,-0.408389479,-0.094413228,0.19535163,-0.73217088,0.028704457,-0.204225197,0.240810841,-0.404451728,-0.272055507,0.0509644,-0.269635737,-0.256557703,-0.149784476,-0.254588693,-0.11969249,0.01153437,0.008303646,-0.158900797,-0.373716742,-0.06127115,-0.175854534,-0.726423025,0.079214044
27.08333333,-0.040048335,0.161885321,-0.644142509,0.155812025,0.228435606,-0.396132529,0.228414804,0.044872221,-0.316632688,0.199390799,-0.169140711,-0.307029337,0.119375654,-0.009155436,-0.007406582,0.104382493,-0.408535451,-0.092243649,0.19537048,-0.729378164,0.037844107,-0.203999445,0.24162519,-0.407457113,-0.272996515,0.052980822,-0.275545239,-0.254957408,-0.149750203,-0.253353506,-0.119740747,0.010313015,0.008248355,-0.151763707,-0.372458816,-0.068182744,-0.173043996,-0.720287263,0.070520669
27.1,-0.038106099,0.172696128,-0.648477376,0.155770406,0.231028914,-0.401405752,0.224069178,0.043910991,-0.320825636,0.194294482,-0.167844489,-0.321441054,0.119455747,-0.008663268,-0.007478598,0.104008518,-0.415959626,-0.088917613,0.196225241,-0.729458869,0.052495506,-0.203776047,0.241104215,-0.411501825,-0.272924423,0.052877448,-0.280664325,-0.252118617,-0.149707168,-0.270838648,-0.11982435,0.009803707,0.008323655,-0.151838243,-0.372742623,-0.072377682,-0.171194091,-0.718785405,0.067440331
27.11666667,-0.036242258,0.197958976,-0.649118006,0.15570657,0.240174502,-0.404924035,0.221632615,0.045378421,-0.335993528,0.193766966,-0.165065706,-0.356815875,0.119478904,-0.007746565,-0.007514497,0.1028523,-0.417498797,-0.085122406,0.19681333,-0.729374468,0.060902525,-0.203289449,0.247505575,-0.412075996,-0.272791564,0.053153135,-0.288020045,-0.251561254,-0.148055449,-0.28791517,-0.119855866,0.008832433,0.008353613,-0.1513789,-0.373256445,-0.081990644,-0.170638531,-0.718944788,0.065784238
27.13333333,-0.036035027,0.23106344,-0.648889542,0.155798361,0.248447344,-0.40255484,0.219114929,0.048827756,-0.33837235,0.189619213,-0.158652753,-0.364405781,0.119544603,-0.006078237,-0.00732537,0.10322278,-0.416811287,-0.09316095,0.195550963,-0.727166772,0.053463593,-0.202617988,0.248652205,-0.410478652,-0.272437781,0.053267624,-0.292252719,-0.251654178,-0.147379801,-0.304662287,-0.119937763,0.007061613,0.008149742,-0.15142858,-0.373472303,-0.100469612,-0.171009645,-0.718889654,0.053424779
27.15,-0.036101155,0.236406252,-0.642190516,0.155800521,0.259598583,-0.402261347,0.215361163,0.052438919,-0.357889265,0.185934126,-0.15809907,-0.397865653,0.119437568,-0.00584636,-0.007294763,0.101163663,-0.413954347,-0.093271747,0.195162117,-0.727049172,0.051046044,-0.199976727,0.268150479,-0.406480521,-0.272152632,0.059413608,-0.298566371,-0.251752764,-0.144912168,-0.311407059,-0.119843647,0.006806109,0.008121426,-0.152403951,-0.374129534,-0.100180112,-0.171166822,-0.721479714,0.052549791
27.16666667,-0.036087934,0.258434832,-0.632161856,0.155518845,0.277316064,-0.401091546,0.214627653,0.064698428,-0.365973502,0.18530488,-0.151481524,-0.415781498,0.119251095,-0.005385001,-0.00695977,0.101313516,-0.412484527,-0.091799341,0.195047706,-0.727046847,0.048265211,-0.197632983,0.289143443,-0.401790619,-0.272467881,0.073929779,-0.308494747,-0.251917422,-0.137770891,-0.332878619,-0.119668998,0.00631506,0.007788887,-0.154934809,-0.376256585,-0.098527856,-0.171276942,-0.725345075,0.05178814
27.18333333,-0.036050331,0.293945789,-0.60944581,0.155440703,0.306790978,-0.397134274,0.215059921,0.086882785,-0.367611587,0.186122641,-0.136086643,-0.423286706,0.118849285,-0.005032524,-0.007043351,0.101624735,-0.410931438,-0.095393494,0.194838196,-0.727864623,0.040691976,-0.194181696,0.314228803,-0.386142313,-0.27213946,0.090717882,-0.308440059,-0.2511428,-0.124529637,-0.34390378,-0.119279079,0.005928154,0.007880934,-0.155495226,-0.380007207,-0.083346538,-0.170458913,-0.730090261,0.06171152
27.2,-0.034342568,0.31683746,-0.598023891,0.156108469,0.322025746,-0.391125739,0.215983942,0.099747859,-0.365687698,0.186604932,-0.125073001,-0.423437357,0.118613377,-0.004747931,-0.007134667,0.103637598,-0.410779893,-0.09604945,0.19480741,-0.728940606,0.040061593,-0.190997049,0.326964706,-0.376601726,-0.271517783,0.102079563,-0.308791786,-0.248338312,-0.116119973,-0.349766523,-0.119048469,0.005612443,0.007981749,-0.155367181,-0.382664144,-0.070911691,-0.167757973,-0.731133699,0.073238403
27.21666667,-0.034193058,0.346136808,-0.57087177,0.157153443,0.339966893,-0.369972259,0.216290489,0.116579428,-0.356933951,0.187665224,-0.111261427,-0.40189755,0.118447512,-0.00467782,-0.007211358,0.106901877,-0.407881021,-0.096846275,0.19478032,-0.728944182,0.035409469,-0.18899028,0.346091241,-0.353387088,-0.271409571,0.119909108,-0.305610031,-0.248493478,-0.10442178,-0.328880161,-0.118887573,0.005524743,0.008062745,-0.156912059,-0.382404476,-0.068815082,-0.167708218,-0.730865479,0.070876524
27.23333333,-0.034304824,0.371840298,-0.552596033,0.15940316,0.35085842,-0.351438165,0.216923177,0.127810955,-0.345182002,0.192282557,-0.096148737,-0.38709411,0.11840976,-0.004461149,-0.007463398,0.107498541,-0.40075475,-0.099863008,0.194439605,-0.726243496,0.02443278,-0.187419534,0.35501647,-0.335931689,-0.271424055,0.128657416,-0.293394655,-0.249437958,-0.097125091,-0.318155795,-0.118855797,0.005276116,0.008319385,-0.159881562,-0.37932086,-0.067977533,-0.166795909,-0.72706604,0.068958618
27.25,-0.032896485,0.387604833,-0.539304852,0.160295352,0.364378452,-0.335582852,0.21706076,0.140695184,-0.329494625,0.193744317,-0.083382539,-0.38025409,0.118434153,-0.003353694,-0.007552661,0.107668415,-0.383343101,-0.120625727,0.191664413,-0.709155142,0.012790531,-0.187163979,0.357284814,-0.322867483,-0.270441383,0.131102636,-0.279244006,-0.251297563,-0.091508195,-0.315113425,-0.11888396,0.004098205,0.008410335,-0.161202371,-0.373558402,-0.070044503,-0.166632921,-0.716463387,0.067419752
27.26666667,-0.030511579,0.387388915,-0.540213466,0.161007807,0.371642232,-0.334555328,0.217259422,0.144694716,-0.327601373,0.194146574,-0.080139786,-0.381776303,0.118386187,-0.002426476,-0.007663835,0.106739357,-0.377704322,-0.118022673,0.191322565,-0.699180424,0.021696519,-0.186387375,0.361225009,-0.326053917,-0.266900748,0.132886648,-0.279285103,-0.251350939,-0.088889726,-0.326931417,-0.118842378,0.003121023,0.008518817,-0.161211103,-0.371947557,-0.069301493,-0.166290581,-0.710614145,0.073706351
27.28333333,-0.025837854,0.401836067,-0.536691546,0.162457779,0.373091012,-0.332511812,0.217429146,0.146167696,-0.325250208,0.194721565,-0.077903204,-0.381681055,0.118379496,-0.002033587,-0.007814628,0.106848843,-0.377716094,-0.117002167,0.191031292,-0.695797563,0.034548938,-0.185212046,0.366642177,-0.326592833,-0.263845712,0.137347043,-0.279999375,-0.251197278,-0.086718448,-0.331686854,-0.118837669,0.002702936,0.008671665,-0.161131442,-0.371023268,-0.063003533,-0.164837986,-0.707605243,0.087185748
27.3,-0.023199696,0.401548356,-0.54171139,0.162556529,0.369059503,-0.336600006,0.217314109,0.144802421,-0.325268775,0.195054859,-0.080863789,-0.383123994,0.118281461,-0.002008023,-0.008130453,0.10645245,-0.378256887,-0.104004696,0.190183043,-0.697988212,0.054156955,-0.184661746,0.367502689,-0.3308191,-0.263492465,0.13757053,-0.281958967,-0.25123623,-0.087644659,-0.331527472,-0.118739814,0.002672842,0.009000173,-0.159489706,-0.371251732,-0.04777595,-0.163053736,-0.708130538,0.108766906
27.31666667,-0.022728963,0.412071973,-0.537850738,0.162666351,0.372091055,-0.335834205,0.217366099,0.148915455,-0.324720353,0.195248634,-0.075936571,-0.383531272,0.118248709,-0.001943121,-0.008252609,0.106453352,-0.379685193,-0.09919326,0.189244643,-0.698502958,0.060111426,-0.184518173,0.370788604,-0.330366254,-0.263278723,0.138930976,-0.284027249,-0.251221329,-0.087424405,-0.336772472,-0.118710674,0.002599811,0.009126434,-0.158627555,-0.37110424,-0.046354454,-0.162353978,-0.707422197,0.109659091
27.33333333,-0.02219899,0.435761184,-0.521015048,0.162676901,0.380808264,-0.323917747,0.217427507,0.156201348,-0.316024095,0.196097717,-0.069744341,-0.382669717,0.118238136,-0.001563706,-0.008283579,0.107687704,-0.379259467,-0.098587029,0.188564017,-0.695051432,0.064083569,-0.184386909,0.376634479,-0.320661217,-0.262869328,0.143132135,-0.283289135,-0.251112342,-0.084474593,-0.334420651,-0.118700564,0.002188919,0.009158115,-0.157654673,-0.370621562,-0.046918675,-0.16080533,-0.705805898,0.111112095
27.35,-0.016749838,0.436768025,-0.517501295,0.163017318,0.387695849,-0.319262564,0.21786283,0.162485614,-0.310464114,0.199106127,-0.064789906,-0.380738676,0.118212856,-0.001087712,-0.008283129,0.110799924,-0.380013436,-0.095333919,0.188052654,-0.696174085,0.06434533,-0.184199944,0.381805092,-0.319551855,-0.262235343,0.146476269,-0.283126116,-0.248079747,-0.082801498,-0.33503592,-0.118674017,0.001690266,0.009160956,-0.15025565,-0.372329056,-0.032211471,-0.160143912,-0.706301689,0.12375477
27.36666667,-0.015726397,0.451383263,-0.50919944,0.164101735,0.387185544,-0.312893212,0.219416931,0.164166376,-0.304115117,0.200595573,-0.061933894,-0.376222312,0.118204415,-0.000869069,-0.00823721,0.113517992,-0.377638817,-0.096995786,0.188018709,-0.687058091,0.069245785,-0.182826757,0.383358955,-0.315375775,-0.260642558,0.147793636,-0.282115072,-0.243898347,-0.082628749,-0.333412051,-0.118664272,0.001448039,0.009117641,-0.148008138,-0.371592075,-0.03332746,-0.158542678,-0.701199651,0.134559706
27.38333333,-0.013050731,0.467955619,-0.500918746,0.164560229,0.389661312,-0.304165214,0.22015506,0.166414067,-0.293732375,0.201576501,-0.060865868,-0.363939375,0.11816173,-0.00052154,-0.008134048,0.117470361,-0.374527186,-0.103144459,0.187771946,-0.684005141,0.066922843,-0.181767806,0.385722727,-0.31008333,-0.25959751,0.148231074,-0.277987301,-0.239165232,-0.082340129,-0.330655843,-0.11861562,0.001070751,0.009019726,-0.145288676,-0.3719078,-0.022163857,-0.157657802,-0.701154828,0.15356569
27.4,-0.013043498,0.474195421,-0.495325834,0.164610371,0.392089665,-0.29831636,0.220968112,0.169924244,-0.285946429,0.20258981,-0.059019819,-0.352797985,0.118107356,-0.000214509,-0.007764468,0.12230482,-0.373877853,-0.103714302,0.187826872,-0.681896746,0.066566296,-0.180835769,0.388415754,-0.306973875,-0.25881955,0.149877802,-0.27492404,-0.23443222,-0.082337953,-0.327068776,-0.118554555,0.00074101,0.008670954,-0.142102122,-0.372742146,-0.017723607,-0.15641208,-0.701230764,0.161053762
27.41666667,-0.011412181,0.480006427,-0.489453197,0.164649785,0.394540846,-0.294487774,0.221149713,0.173332915,-0.281380892,0.202719823,-0.057147816,-0.345794767,0.11802604,-3.59E-05,-0.007750917,0.125447437,-0.371911049,-0.107402593,0.187885776,-0.678055763,0.066104844,-0.180356786,0.392878592,-0.301847219,-0.258365542,0.154852003,-0.268656611,-0.233936667,-0.080923989,-0.316233605,-0.118461967,0.000544174,0.008660241,-0.140397519,-0.372747034,-0.015669694,-0.154807836,-0.700185239,0.165844753
27.43333333,-0.01167329,0.48548919,-0.486435503,0.164553255,0.394577026,-0.293528765,0.221166909,0.173314124,-0.280412614,0.202431247,-0.057918165,-0.343289286,0.117894858,-1.81E-05,-0.007766597,0.126511902,-0.369429171,-0.11782451,0.187769115,-0.675867677,0.063518986,-0.17997025,0.395888925,-0.297411829,-0.256685525,0.157590181,-0.261638314,-0.234030709,-0.078815967,-0.305706859,-0.11831487,0.000523153,0.008676568,-0.140668616,-0.372257739,-0.014282579,-0.1542743,-0.698179662,0.172674447
27.45,-0.011866309,0.492072612,-0.484479308,0.164555892,0.393048584,-0.293695599,0.221189231,0.171787754,-0.279972464,0.202132255,-0.059126023,-0.340166122,0.117728315,-7.25E-05,-0.007903316,0.126136392,-0.369582623,-0.116993293,0.186838135,-0.676589847,0.063008562,-0.179310501,0.397934318,-0.295759231,-0.254662126,0.159360215,-0.257334173,-0.233421788,-0.077257894,-0.298556507,-0.118133955,0.000570262,0.008820775,-0.140132099,-0.37227723,-0.001756421,-0.153535932,-0.698240459,0.190150648
27.46666667,-0.011708303,0.494141489,-0.486171424,0.164567545,0.393201172,-0.294610262,0.221555218,0.171881899,-0.28050366,0.202127159,-0.059118561,-0.339816302,0.117596343,-6.63E-05,-0.007853444,0.125901222,-0.369730592,-0.109018266,0.186548337,-0.677435338,0.073847175,-0.179011703,0.400081307,-0.297623605,-0.254051268,0.161566824,-0.258170992,-0.232290074,-0.075679824,-0.299563795,-0.117991425,0.000563009,0.008777339,-0.135885254,-0.373441547,0.00989109,-0.15299876,-0.698429048,0.204964474
27.48333333,-0.011813303,0.499415725,-0.486002713,0.164610654,0.395729214,-0.293566048,0.221816167,0.173061565,-0.278867096,0.202284306,-0.058776408,-0.335513622,0.117415853,-5.30E-05,-0.007617461,0.125691831,-0.37473011,-0.068723321,0.186395779,-0.681313038,0.11458385,-0.178856492,0.402525038,-0.298794955,-0.252396345,0.164025515,-0.258794695,-0.230221003,-0.075140119,-0.29999584,-0.117803946,0.000545218,0.008553002,-0.130139232,-0.378203183,0.031430796,-0.153083906,-0.700134337,0.222116083
27.5,-0.011927602,0.499714196,-0.487383097,0.164612994,0.397444844,-0.294210404,0.222108647,0.173679352,-0.27949056,0.20296824,-0.058530796,-0.335377157,0.117259577,5.90E-05,-0.007577655,0.125594556,-0.376658052,-0.05731523,0.185602978,-0.685050666,0.121916227,-0.178844079,0.401976347,-0.299687773,-0.250133336,0.163691357,-0.26016283,-0.22912246,-0.075124323,-0.303885847,-0.11764764,0.000420849,0.008512714,-0.127073139,-0.382712424,0.041160796,-0.153122142,-0.703722596,0.228252128
27.51666667,-0.012016285,0.501707375,-0.48257339,0.164630279,0.401572645,-0.290084749,0.222459629,0.175833672,-0.276906967,0.203288898,-0.056360554,-0.333002985,0.117217094,0.000192424,-0.007492169,0.125469476,-0.376734078,-0.064197198,0.185071811,-0.68484956,0.115822516,-0.178878918,0.403093934,-0.298061848,-0.249279514,0.164420322,-0.26047498,-0.228087574,-0.072769709,-0.304316312,-0.117602728,0.000275005,0.008427015,-0.125651598,-0.383909255,0.037483182,-0.153211683,-0.703867257,0.226706743
27.53333333,-0.013506853,0.504306853,-0.481599003,0.164639652,0.401042283,-0.289181083,0.222561449,0.175536394,-0.275456965,0.203296557,-0.056393173,-0.330385178,0.117196567,0.000235851,-0.007055105,0.125395432,-0.377525747,-0.067913733,0.183395401,-0.684337139,0.11652495,-0.178876624,0.402506083,-0.297726989,-0.249085724,0.164526865,-0.260266632,-0.227881089,-0.071798332,-0.304226458,-0.117582053,0.000225774,0.007990614,-0.124475576,-0.384299755,0.032382015,-0.153576672,-0.703551531,0.222367108
27.55,-0.013555779,0.506810188,-0.480399966,0.164680764,0.401003093,-0.286194891,0.222573429,0.175590679,-0.270908713,0.203299746,-0.056500845,-0.324865311,0.117151015,0.000277208,-0.006141548,0.125562489,-0.380277157,-0.061184477,0.181616604,-0.684394419,0.128926605,-0.178881884,0.402523249,-0.297246009,-0.247820646,0.165430084,-0.259104669,-0.226158082,-0.071007207,-0.302716047,-0.117530651,0.000177692,0.007104301,-0.122677907,-0.385176212,0.034265678,-0.153582171,-0.702911496,0.227176338
27.56666667,-0.013596318,0.512835324,-0.47657001,0.164815515,0.402056098,-0.284602672,0.222596288,0.176669061,-0.269624799,0.203329161,-0.055493955,-0.323439687,0.117112599,0.000302956,-0.005696191,0.125682771,-0.38206026,-0.058880568,0.180927098,-0.684859931,0.132267207,-0.178690612,0.403144658,-0.296070069,-0.247868791,0.167041183,-0.258630395,-0.225935414,-0.069640785,-0.302265197,-0.117490038,0.000147566,0.006670256,-0.122836694,-0.385053694,0.031506926,-0.153325707,-0.701834559,0.223906144
27.58333333,-0.013668439,0.51774919,-0.468669891,0.16480875,0.403511286,-0.279259413,0.222704485,0.178386301,-0.264418542,0.203408957,-0.054176237,-0.319052696,0.117085323,0.000343401,-0.005382994,0.12578617,-0.382165641,-0.061292045,0.180261612,-0.684572875,0.128559455,-0.178799316,0.404125363,-0.290945441,-0.247960642,0.168918952,-0.253083825,-0.225937694,-0.066655643,-0.295901477,-0.117458001,0.000100581,0.006369763,-0.123152874,-0.384801507,0.029790549,-0.152831525,-0.699299991,0.22396946
27.6,-0.013499647,0.518760383,-0.46478793,0.164809689,0.40739736,-0.275665253,0.222689018,0.181571662,-0.262336254,0.203266263,-0.051593896,-0.318925738,0.117064416,0.000381777,-0.005138685,0.12595959,-0.382344246,-0.062762223,0.17893374,-0.683531404,0.130817071,-0.178861067,0.406748563,-0.28752616,-0.24800244,0.171565488,-0.25095275,-0.225903541,-0.06258627,-0.295310378,-0.117435306,5.68E-05,0.006140296,-0.12434566,-0.383801699,0.024384947,-0.152480304,-0.694757104,0.22274293
27.61666667,-0.012454673,0.522435546,-0.457963198,0.165024847,0.411821455,-0.264712632,0.222888708,0.185314,-0.248544559,0.203478739,-0.048811667,-0.309171826,0.117046058,0.000403126,-0.005104954,0.126355633,-0.382471353,-0.062416613,0.178764045,-0.680945158,0.137880132,-0.179120868,0.411330462,-0.277723253,-0.247975171,0.174914062,-0.238000944,-0.225236624,-0.060864866,-0.287879378,-0.117414884,3.18E-05,0.006112627,-0.124883197,-0.383139789,0.025712138,-0.15242818,-0.691785038,0.226673067
27.63333333,-0.010552061,0.529918671,-0.448224872,0.166633546,0.416874617,-0.245355234,0.22349596,0.189553186,-0.222336248,0.204263419,-0.04721079,-0.289305151,0.117138498,0.000412585,-0.005118998,0.128498316,-0.382020175,-0.070185937,0.178364828,-0.668758392,0.137251452,-0.179299891,0.417855382,-0.256632656,-0.24732551,0.179363817,-0.203653589,-0.224309355,-0.059184663,-0.259078234,-0.117490843,1.96E-05,0.006131679,-0.128736064,-0.379642189,0.025270078,-0.151974589,-0.68364805,0.231692433
27.65,-0.00993311,0.532251716,-0.439896554,0.166831389,0.418929905,-0.242613211,0.223368391,0.190233782,-0.223750904,0.203947783,-0.04679019,-0.289737225,0.117152132,0.000427061,-0.005180445,0.12933591,-0.377065003,-0.091951653,0.17797187,-0.6629107,0.126270786,-0.179316804,0.42029953,-0.252172589,-0.247349158,0.181013182,-0.205079108,-0.224198833,-0.056751359,-0.258706778,-0.117496312,4.41E-06,0.006197921,-0.132508218,-0.375550061,0.01843586,-0.14821066,-0.679737985,0.230580658
27.66666667,-0.008162207,0.53962326,-0.432257533,0.168311447,0.421609968,-0.233698785,0.223391667,0.19197689,-0.213012785,0.203951165,-0.045629282,-0.280477375,0.117206626,0.000437681,-0.005185893,0.130759209,-0.374235392,-0.099043094,0.177658796,-0.65776509,0.122461319,-0.179310739,0.423662513,-0.241260618,-0.246810392,0.183885902,-0.188539758,-0.223987505,-0.05560597,-0.242862642,-0.117537916,-8.53E-06,0.006207063,-0.132797942,-0.374022901,0.021295115,-0.144694522,-0.677415371,0.239750475
27.68333333,-0.007328639,0.538481236,-0.43423596,0.168676779,0.420748711,-0.235687196,0.223416224,0.191510618,-0.215475529,0.203965545,-0.04574405,-0.281466216,0.117224522,0.000434859,-0.005141083,0.132313728,-0.373259574,-0.10495992,0.177174225,-0.657565713,0.115871191,-0.179171219,0.423519075,-0.24410601,-0.246135652,0.183906585,-0.193661466,-0.222950697,-0.055778056,-0.246526986,-0.117547676,-9.89E-06,0.00616849,-0.133288786,-0.372519732,0.017576372,-0.140638754,-0.675678432,0.23765254
27.7,-0.007260989,0.541529715,-0.433044136,0.168952882,0.420998216,-0.232792348,0.223227009,0.191537753,-0.209977061,0.204002187,-0.045900743,-0.276415914,0.11725986,0.000422046,-0.005139282,0.133056715,-0.373388976,-0.102957182,0.175416708,-0.658145905,0.116631575,-0.179226965,0.424232244,-0.240414649,-0.245358601,0.184340954,-0.185624912,-0.223046109,-0.055760406,-0.238366112,-0.117575355,-1.67E-06,0.006168813,-0.134005591,-0.371689022,0.017523699,-0.139426664,-0.67399621,0.237389624
27.71666667,-0.007278166,0.545525789,-0.428756654,0.169063896,0.421579778,-0.230306461,0.22258988,0.191641003,-0.207906991,0.203893915,-0.045943093,-0.273948908,0.117272675,0.000406431,-0.005158585,0.133286417,-0.373502195,-0.10227374,0.174589485,-0.658887148,0.115440123,-0.179243654,0.424709916,-0.237194151,-0.244814888,0.184614897,-0.183056548,-0.223079994,-0.055737119,-0.235044077,-0.117583431,9.27E-06,0.006193352,-0.135101333,-0.370606899,0.014649422,-0.138234988,-0.673777044,0.233997777
27.73333333,-0.007307693,0.548061848,-0.429956943,0.169306055,0.42139253,-0.231586725,0.221725211,0.191456586,-0.209778443,0.203471735,-0.046139281,-0.276334405,0.117330156,0.000366401,-0.005316043,0.133319795,-0.37421149,-0.101354823,0.174217582,-0.659247875,0.11903441,-0.179227337,0.424756944,-0.236661121,-0.244060785,0.184600785,-0.181703299,-0.223078907,-0.055860288,-0.234806269,-0.117636539,4.38E-05,0.0063554,-0.135749102,-0.37001431,0.012313636,-0.138405547,-0.67318368,0.23324129
27.75,-0.006792458,0.549623907,-0.429038465,0.170105606,0.421737462,-0.230602473,0.221637681,0.191432953,-0.208384767,0.203466013,-0.046231978,-0.275596976,0.11739517,0.000340788,-0.005367688,0.133565292,-0.374558896,-0.101063713,0.174267724,-0.659443557,0.120718099,-0.178988248,0.425545156,-0.234933943,-0.242681488,0.185203761,-0.178847715,-0.222852647,-0.055754229,-0.232418358,-0.117695317,6.57E-05,0.006412374,-0.136000395,-0.369223356,0.007077704,-0.137952462,-0.673014522,0.226949602
27.76666667,-0.00646065,0.54998666,-0.426378071,0.170305818,0.421952575,-0.231422633,0.221216738,0.191462174,-0.210155845,0.202862725,-0.046036873,-0.276791722,0.117403239,0.000337105,-0.005325626,0.133621737,-0.374816209,-0.100408003,0.174416348,-0.660783052,0.117109656,-0.17814143,0.425355196,-0.236570492,-0.242561847,0.185311109,-0.181726411,-0.222797051,-0.055198468,-0.235126182,-0.117700361,6.75E-05,0.006378028,-0.136778593,-0.369214207,-0.001926968,-0.137495324,-0.673285246,0.205586687
27.78333333,-0.00561078,0.551576257,-0.424583644,0.170897067,0.421848923,-0.232030645,0.221182153,0.191384941,-0.211206004,0.202715769,-0.046080694,-0.277504414,0.117408454,0.000326598,-0.005311756,0.133696184,-0.374881297,-0.100720242,0.174886033,-0.661149859,0.112818576,-0.176968262,0.425204128,-0.237482175,-0.242430046,0.185276523,-0.183853284,-0.22273466,-0.054337408,-0.236747369,-0.117702983,7.49E-05,0.006367984,-0.137254536,-0.369123727,-0.00454268,-0.136555716,-0.673556268,0.201250121
27.8,-0.004524147,0.553769588,-0.42167899,0.171625167,0.422100067,-0.231451616,0.221175,0.191324979,-0.211787209,0.202597305,-0.045957476,-0.277227312,0.117411062,0.000327475,-0.005253011,0.133659601,-0.37536335,-0.099352546,0.17516242,-0.663329363,0.112710245,-0.17629002,0.425043076,-0.237631902,-0.242341846,0.185235918,-0.185488462,-0.222760335,-0.053739596,-0.237034529,-0.117703296,7.19E-05,0.006312224,-0.137231067,-0.369131893,-0.005155467,-0.135555863,-0.673950553,0.198656723
27.81666667,-0.003517725,0.557934999,-0.422536045,0.173487246,0.424686432,-0.230844334,0.221679434,0.193234041,-0.21180737,0.203506604,-0.044829581,-0.280941039,0.117485024,0.000256724,-0.005384045,0.133702189,-0.375589371,-0.093794085,0.176322311,-0.659663796,0.129122078,-0.175995886,0.428857923,-0.234056398,-0.241270408,0.187320381,-0.178994358,-0.222227573,-0.053207763,-0.235992283,-0.117776178,0.000144775,0.006443712,-0.136242732,-0.369132549,0.016575681,-0.135172531,-0.672379494,0.246193826
27.83333333,-0.002537117,0.560458362,-0.423296124,0.175024509,0.426218778,-0.229365587,0.221604168,0.194263786,-0.208400622,0.203544512,-0.044534072,-0.280099392,0.117558472,0.000215793,-0.005375776,0.133683756,-0.377561003,-0.077424608,0.176762298,-0.65989542,0.147761822,-0.175657496,0.430192441,-0.233490333,-0.239785001,0.188677981,-0.177514896,-0.222015321,-0.052975163,-0.234622687,-0.117851168,0.00018736,0.006435615,-0.136255473,-0.369231164,0.021555036,-0.135310918,-0.672279775,0.249282911
27.85,-0.001289141,0.561002612,-0.423491567,0.176012382,0.427103966,-0.227037206,0.221300334,0.194346115,-0.204940647,0.203421339,-0.044557229,-0.278463274,0.117676474,0.000184263,-0.005378801,0.133841872,-0.37930128,-0.071775615,0.177321851,-0.660081565,0.15733546,-0.175312147,0.431556821,-0.232355356,-0.23838912,0.189199373,-0.176314622,-0.221575499,-0.052945081,-0.234025881,-0.117969714,0.000220024,0.006438735,-0.136484697,-0.369107157,0.019526858,-0.135423526,-0.671682,0.246075138
27.86666667,-0.000683775,0.562865078,-0.423808932,0.176536471,0.429114461,-0.225471243,0.221277848,0.19566223,-0.204502687,0.203261167,-0.043104976,-0.280497551,0.117776982,0.000171203,-0.005421092,0.133956432,-0.379271775,-0.072824754,0.178723767,-0.65580368,0.161663309,-0.175136328,0.433614045,-0.231034413,-0.238030046,0.189702496,-0.176366195,-0.22099188,-0.052608918,-0.234492853,-0.118072532,0.000234875,0.006480579,-0.136479825,-0.369101495,0.01938984,-0.135173991,-0.670434594,0.249508575
27.88333333,0.000105986,0.566628754,-0.423596054,0.177345321,0.43125543,-0.223751694,0.221189171,0.19695127,-0.203966632,0.202847317,-0.041842874,-0.28206858,0.11793191,0.000150815,-0.005400335,0.133954853,-0.379481792,-0.072828062,0.179064348,-0.654455483,0.169232413,-0.174777061,0.43446359,-0.230044797,-0.237597317,0.189661622,-0.177014694,-0.220658541,-0.052544724,-0.237355873,-0.118231535,0.000257975,0.006460563,-0.136955738,-0.368645042,0.015793562,-0.134101108,-0.668073297,0.246723861
27.9,0.00101313,0.56749624,-0.423668206,0.177721292,0.432265162,-0.222843483,0.22112672,0.197912425,-0.202753276,0.202688605,-0.040927362,-0.282140464,0.117964901,0.000144821,-0.005286854,0.134002402,-0.379817545,-0.070203923,0.17980884,-0.654690385,0.170706481,-0.174372673,0.435123086,-0.230296016,-0.236781701,0.189682513,-0.177461848,-0.219584301,-0.052762803,-0.239026293,-0.118265241,0.000263885,0.006347672,-0.136944622,-0.368773609,0.018348638,-0.133402184,-0.66777271,0.250919312
27.91666667,0.002014506,0.567363203,-0.423819125,0.178134367,0.432399988,-0.222422838,0.221117377,0.198251858,-0.201813266,0.202473909,-0.040645022,-0.282004774,0.117994338,0.000124997,-0.005049427,0.133824661,-0.38128379,-0.062768966,0.179870576,-0.654937565,0.179099396,-0.173843831,0.435221374,-0.230416209,-0.236247897,0.18967472,-0.178579554,-0.218505725,-0.05289894,-0.242343545,-0.118294939,0.000284498,0.006112249,-0.136940822,-0.368820339,0.020021411,-0.132933542,-0.667163372,0.253964543
27.93333333,0.002296401,0.567632079,-0.425123245,0.178331822,0.432461977,-0.222578824,0.220974624,0.198268831,-0.202066407,0.202365503,-0.040544633,-0.282383054,0.118013062,0.000117269,-0.004899079,0.133446991,-0.38183555,-0.054220155,0.179943398,-0.654873371,0.188568756,-0.173721954,0.43544668,-0.231440857,-0.234918043,0.189650297,-0.179601237,-0.217637867,-0.053011891,-0.244742468,-0.118314296,0.000293767,0.005967138,-0.136039972,-0.369263053,0.036635298,-0.132740021,-0.666939318,0.278400391
27.95,0.002716266,0.567396104,-0.425213516,0.178682372,0.432374835,-0.222540244,0.220901683,0.197884575,-0.201753303,0.202079237,-0.040976956,-0.282209694,0.118060417,0.000106796,-0.004720372,0.133467302,-0.382103682,-0.054209091,0.180176169,-0.654889882,0.189198852,-0.173509583,0.435373455,-0.231530041,-0.234513357,0.189504951,-0.180029869,-0.216829523,-0.053544406,-0.245554805,-0.118361518,0.000304606,0.005789504,-0.136043057,-0.369238526,0.034473691,-0.132389471,-0.665781021,0.272417307
27.96666667,0.003357647,0.5671947,-0.425131381,0.179498389,0.432625711,-0.222478911,0.221289709,0.198479101,-0.201627865,0.202231213,-0.040285233,-0.28211391,0.118076004,7.34E-05,-0.004706094,0.133466914,-0.382291257,-0.053724352,0.180738434,-0.654874623,0.187251657,-0.172891036,0.435987294,-0.231689304,-0.234083951,0.190045744,-0.180748016,-0.21638155,-0.053556278,-0.246802419,-0.118376277,0.000338696,0.005775426,-0.136037678,-0.369304895,0.038043376,-0.13205941,-0.66526252,0.276228756
27.98333333,0.003958913,0.56749922,-0.424799353,0.180309847,0.432686061,-0.222457036,0.222181797,0.198852673,-0.201400653,0.203024,-0.039957598,-0.280892342,0.118073627,5.94E-05,-0.004707102,0.133205816,-0.382309288,-0.049951419,0.181612462,-0.654922724,0.184878141,-0.172717646,0.436107457,-0.231793657,-0.233962506,0.190265581,-0.181216732,-0.216280907,-0.053567193,-0.246871397,-0.118373781,0.000352469,0.005775404,-0.134408623,-0.370151132,0.057644531,-0.132045582,-0.665490985,0.295135766
28,0.00481571,0.568023384,-0.424849659,0.180995151,0.432926506,-0.222523049,0.222417146,0.199359775,-0.20147717,0.203187466,-0.039414637,-0.280811161,0.118081763,5.37E-05,-0.004604594,0.133022904,-0.382338941,-0.04183276,0.18203105,-0.654717565,0.190361843,-0.172657639,0.43639347,-0.232717037,-0.233872861,0.190963432,-0.182532459,-0.216241241,-0.05351248,-0.247660786,-0.118381277,0.000358203,0.005673162,-0.13251096,-0.370952934,0.071782447,-0.133015037,-0.665452957,0.310657591
28.01666667,0.004830748,0.569254398,-0.425816357,0.1810904,0.433044672,-0.223106787,0.222344756,0.199426562,-0.202633157,0.2032132,-0.039055869,-0.283398181,0.118089758,4.67E-05,-0.004569095,0.131816059,-0.382328808,-0.036799032,0.182150707,-0.65289402,0.199413016,-0.172640026,0.436801732,-0.233572826,-0.233948976,0.191279903,-0.183795974,-0.21624434,-0.053582579,-0.249737069,-0.118389085,0.000365814,0.005641915,-0.130622402,-0.371640205,0.08549425,-0.134016767,-0.665285647,0.332493782
28.03333333,0.004868914,0.570221484,-0.426585197,0.181313917,0.433340639,-0.223610878,0.22193861,0.199509829,-0.203637734,0.20292598,-0.038859822,-0.285456181,0.118099123,3.32E-05,-0.004550216,0.130487561,-0.38231042,-0.032272153,0.182164386,-0.650712788,0.206319734,-0.172617197,0.437263012,-0.233897358,-0.233945921,0.191689163,-0.183910608,-0.2162195,-0.053589042,-0.250213981,-0.118398167,0.000383212,0.00562678,-0.129336193,-0.371763915,0.092368014,-0.134161174,-0.664348722,0.34343949
28.05,0.004846804,0.570341766,-0.427559704,0.181338117,0.433395177,-0.22412397,0.22123459,0.199503049,-0.204253569,0.202692479,-0.038872693,-0.286626726,0.118108936,2.31E-05,-0.004502667,0.12910071,-0.382316947,-0.030605126,0.181972355,-0.650074542,0.208051503,-0.17260243,0.437393516,-0.234309927,-0.233986139,0.191810429,-0.184004501,-0.216214582,-0.053949919,-0.25042358,-0.118408196,0.000396768,0.005586233,-0.128181487,-0.372000694,0.095502906,-0.134167328,-0.664126039,0.347975641
28.06666667,0.004860483,0.570608497,-0.428302288,0.181405783,0.433358222,-0.224582851,0.220778555,0.199222296,-0.205363005,0.202154949,-0.039164256,-0.288465858,0.118111901,1.18E-05,-0.004460323,0.127678469,-0.382390529,-0.025847659,0.181941718,-0.650035977,0.21130757,-0.172574922,0.437420189,-0.234452084,-0.234020218,0.191840708,-0.184120119,-0.216168746,-0.054752722,-0.250661165,-0.118410423,0.000411724,0.005551382,-0.126666203,-0.37212196,0.100750908,-0.133990094,-0.664058685,0.355063438
28.08333333,0.004868808,0.57094264,-0.428934008,0.181565821,0.433218837,-0.225425467,0.220775723,0.198814645,-0.206861287,0.202121198,-0.039482944,-0.290066779,0.118117131,5.70E-06,-0.004434905,0.127010912,-0.382465214,-0.0225228,0.181936473,-0.649785161,0.215829492,-0.172522888,0.437406331,-0.234822378,-0.234010562,0.191746965,-0.184273511,-0.216039032,-0.0554992,-0.251018941,-0.118415289,0.000419233,0.005531005,-0.125193313,-0.372256398,0.101669051,-0.133644402,-0.663873672,0.355156362
28.1,0.00485252,0.570791125,-0.431314826,0.181731507,0.431960642,-0.228110671,0.220744446,0.197410762,-0.208717689,0.202129185,-0.040942099,-0.290302575,0.11810711,-4.74E-06,-0.004409637,0.126678184,-0.382813454,-0.017223466,0.181839988,-0.649949253,0.220171094,-0.17234619,0.436771601,-0.237960339,-0.233906746,0.191387042,-0.186800763,-0.215818405,-0.056609776,-0.251885325,-0.118405513,0.000430875,0.005508642,-0.124315925,-0.372380406,0.100635521,-0.13361074,-0.663805425,0.350696713
28.11666667,0.00462708,0.571108758,-0.432112098,0.181762695,0.431246132,-0.229074568,0.220753819,0.196552828,-0.210260525,0.202220947,-0.041882709,-0.291726202,0.118098669,-2.36E-05,-0.004398332,0.12578617,-0.383065313,-0.010898875,0.18173264,-0.649985909,0.226006314,-0.172327295,0.436742306,-0.238070711,-0.233707905,0.191374704,-0.186607495,-0.215810791,-0.057191223,-0.251873404,-0.118396625,0.000453951,0.005499803,-0.122920781,-0.372467726,0.107370906,-0.132939607,-0.663810611,0.361918867
28.13333333,0.004625111,0.572499216,-0.43201682,0.181859702,0.431224048,-0.229006737,0.220770046,0.196357787,-0.210302994,0.202367723,-0.042187165,-0.292004913,0.118103184,-5.12E-05,-0.004374543,0.125308633,-0.383202851,-0.008771963,0.181574926,-0.649899423,0.229678974,-0.172310293,0.43720448,-0.237455562,-0.233251169,0.191669121,-0.18480137,-0.21581392,-0.057194635,-0.251394004,-0.118400045,0.000486524,0.005481541,-0.122347333,-0.372473508,0.109745905,-0.132045567,-0.663336992,0.367462754
28.15,0.004827735,0.574398518,-0.431565136,0.182054445,0.431235284,-0.228749365,0.220769167,0.196286112,-0.210477784,0.202442765,-0.04219345,-0.293089777,0.118106015,-6.71E-05,-0.004345198,0.124933228,-0.383211434,-0.010426019,0.181478471,-0.649787962,0.227160528,-0.172181606,0.437449157,-0.236827403,-0.232851118,0.191681132,-0.184389204,-0.215738118,-0.057707716,-0.251402289,-0.118402146,0.000506152,0.005459111,-0.122041002,-0.372456729,0.11271067,-0.131018564,-0.662889063,0.373123825
28.16666667,0.004858054,0.575556219,-0.431111455,0.182209998,0.431361556,-0.228478998,0.22075583,0.196273848,-0.210480541,0.202339977,-0.042188432,-0.293560177,0.118120126,-7.56E-05,-0.004310589,0.124876037,-0.383173734,-0.010340218,0.181471258,-0.649482727,0.226735845,-0.17216292,0.437963486,-0.235917747,-0.232268989,0.191743791,-0.182829231,-0.215669349,-0.057921685,-0.251053602,-0.11841549,0.000516496,0.005430208,-0.121677458,-0.372447878,0.114389688,-0.130371064,-0.662612319,0.376656741
28.18333333,0.005005924,0.575644732,-0.431168437,0.182478204,0.431371808,-0.228534311,0.220603317,0.196251243,-0.210468739,0.202312306,-0.04238075,-0.293476075,0.118123829,-9.85E-05,-0.004186495,0.124766186,-0.383678317,-0.002927125,0.181277946,-0.649497151,0.240169853,-0.172011673,0.438084602,-0.23595497,-0.232000887,0.192061692,-0.18261151,-0.215658635,-0.057942308,-0.250664949,-0.118418768,0.00054308,0.005312349,-0.121554099,-0.372439146,0.113853812,-0.129998565,-0.662273109,0.375577718
28.2,0.005535991,0.5766294,-0.431565732,0.182823211,0.431910813,-0.229036346,0.22073473,0.196817368,-0.211383879,0.2023222,-0.04203473,-0.294788361,0.118130587,-0.000106507,-0.004047892,0.124638945,-0.384186864,0.006123978,0.181277558,-0.649607003,0.248315096,-0.17188625,0.438711613,-0.236353561,-0.231825069,0.192849457,-0.182915375,-0.215628803,-0.057835579,-0.25175631,-0.118425764,0.000552967,0.00518234,-0.12141183,-0.372487396,0.11807546,-0.129601583,-0.662264407,0.382300049
28.21666667,0.005658401,0.57766223,-0.431554586,0.183002204,0.432151556,-0.229096755,0.220901892,0.197114184,-0.211476564,0.202459529,-0.04171142,-0.294802964,0.118118271,-0.00011594,-0.004019495,0.124332689,-0.384201527,0.005970185,0.181234166,-0.649614215,0.245427951,-0.17186442,0.439005733,-0.236409351,-0.231818303,0.193560302,-0.182941362,-0.21557261,-0.057592835,-0.251772016,-0.118414409,0.000564242,0.005156053,-0.121186115,-0.372487336,0.12474601,-0.129160851,-0.66205436,0.391533226
28.23333333,0.005663376,0.577703357,-0.432121933,0.183060467,0.432178944,-0.229267567,0.221018493,0.197190568,-0.212059468,0.20267123,-0.041528109,-0.295993418,0.118119895,-0.000123473,-0.003842294,0.124224514,-0.384235293,0.009593712,0.181013942,-0.649467289,0.248773217,-0.171843514,0.439144164,-0.236773863,-0.231804669,0.193756148,-0.183914974,-0.215284064,-0.05758331,-0.254641324,-0.118415982,0.000573707,0.004990518,-0.120897345,-0.372414201,0.126292676,-0.128342375,-0.661304235,0.394185305
28.25,0.005972511,0.578473747,-0.432033807,0.1834113,0.433177412,-0.228970677,0.221248001,0.198089555,-0.212052107,0.202802122,-0.03995591,-0.297005683,0.118170395,-0.00012415,-0.003627463,0.124350287,-0.383898497,0.007961044,0.181002483,-0.647870064,0.24717623,-0.171768934,0.439946592,-0.236490309,-0.231546015,0.194163874,-0.183855727,-0.215118974,-0.057214186,-0.255828828,-0.118466944,0.000578797,0.004791563,-0.12084163,-0.371877342,0.126121819,-0.127114266,-0.658642113,0.396778047
28.26666667,0.006274119,0.580012679,-0.431300402,0.183561355,0.435181528,-0.228577465,0.221319348,0.199745059,-0.212093145,0.202798411,-0.037507806,-0.298556745,0.118231252,-0.000114323,-0.003598475,0.124322668,-0.3832964,0.005230244,0.180734396,-0.646042526,0.244261295,-0.171753883,0.440959781,-0.235715538,-0.231483325,0.194465697,-0.183700308,-0.215166628,-0.05660969,-0.256454468,-0.118528791,0.000573999,0.00476681,-0.120870396,-0.371673584,0.125683427,-0.126137629,-0.657390594,0.396313787
28.28333333,0.006550998,0.58101368,-0.430854708,0.183720723,0.435887367,-0.228457987,0.221819878,0.200564012,-0.212125689,0.203096509,-0.036721122,-0.298713684,0.118237674,-0.000118743,-0.003577154,0.123912208,-0.383300722,0.004773338,0.180531591,-0.646048605,0.242951259,-0.171721131,0.441316098,-0.235596851,-0.231146678,0.194550708,-0.183714911,-0.215103313,-0.056518089,-0.256606877,-0.118535504,0.000580225,0.00474761,-0.120756239,-0.371643424,0.127179295,-0.125640228,-0.657279491,0.398392349
28.3,0.006526367,0.581021309,-0.430831909,0.183748096,0.435674936,-0.228425488,0.221765622,0.200330526,-0.212108865,0.203108162,-0.037168812,-0.298486412,0.118216716,-0.000135703,-0.003558559,0.123527393,-0.383322567,0.004046324,0.180319592,-0.646074235,0.24216643,-0.171652853,0.441244572,-0.235665202,-0.230802044,0.194422066,-0.183839127,-0.214768589,-0.05676936,-0.256556511,-0.118514746,0.000599802,0.004730268,-0.120656677,-0.371677667,0.129123479,-0.1256392,-0.657380879,0.400960594
28.31666667,0.006526439,0.581262529,-0.430049717,0.18377316,0.435662776,-0.227875382,0.22190097,0.200291261,-0.211886495,0.203216016,-0.037191581,-0.298407882,0.118196748,-0.000143224,-0.003584315,0.123405777,-0.382943451,0.003401454,0.180292532,-0.645356715,0.241383493,-0.171629608,0.441312104,-0.234907776,-0.230734661,0.19438982,-0.183227107,-0.214477912,-0.056797441,-0.256093204,-0.118495099,0.000608991,0.004758577,-0.120260142,-0.371613771,0.133320898,-0.125566393,-0.657194316,0.407703668
28.33333333,0.006446136,0.581661224,-0.428575844,0.183803618,0.435708076,-0.227340057,0.22260341,0.200354889,-0.211883426,0.203687787,-0.037084501,-0.298410654,0.118161455,-0.000158256,-0.003781067,0.123312578,-0.379631609,-0.017054668,0.180260569,-0.642884672,0.21552375,-0.171559572,0.441372603,-0.233460978,-0.230821148,0.194210291,-0.182739019,-0.214175597,-0.056810118,-0.255336255,-0.118460983,0.000624254,0.004954996,-0.119518906,-0.37135902,0.134673014,-0.124809362,-0.656790376,0.410159528
28.35,0.006287916,0.581901193,-0.428310066,0.183821931,0.435804725,-0.227334097,0.223077223,0.200608596,-0.211953983,0.204030052,-0.036821611,-0.298388124,0.118103169,-0.000170689,-0.003971788,0.122907728,-0.379154801,-0.017226722,0.180126965,-0.642918229,0.213474244,-0.171546608,0.441365749,-0.233259857,-0.230927408,0.194051936,-0.182500765,-0.214122653,-0.056869075,-0.254342139,-0.118405744,0.000637048,0.005139715,-0.119075976,-0.371307075,0.137242272,-0.124828793,-0.656885743,0.412263423
28.36666667,0.005858206,0.581430852,-0.429489493,0.183730021,0.43567276,-0.227870822,0.223091274,0.200589597,-0.212330982,0.204241067,-0.036829326,-0.298457801,0.118063748,-0.000173505,-0.003977575,0.122750647,-0.379319102,-0.010938318,0.18009685,-0.643446088,0.218989193,-0.171549186,0.440987468,-0.234579414,-0.230918854,0.192997888,-0.184433505,-0.213545665,-0.058534697,-0.255819976,-0.118370101,0.000642153,0.005144659,-0.11899823,-0.371474415,0.138509586,-0.124906115,-0.657801867,0.412160128
28.38333333,0.005615532,0.581177533,-0.430451781,0.183524266,0.435657501,-0.228510931,0.223097429,0.200584799,-0.213144526,0.204418793,-0.036685042,-0.299342006,0.118057542,-0.000162554,-0.003980118,0.12250074,-0.379397213,-0.007581545,0.179878756,-0.64340502,0.22594364,-0.171772033,0.440852225,-0.236054957,-0.231032163,0.192374989,-0.187448651,-0.212835163,-0.059279084,-0.259612709,-0.118365027,0.000634974,0.00514826,-0.119210929,-0.371484905,0.139287293,-0.125213221,-0.657775998,0.413484961
28.4,0.005191916,0.580809414,-0.431098968,0.183302253,0.4356291,-0.229111537,0.223269448,0.200624779,-0.213885427,0.204590231,-0.036463026,-0.299671054,0.118033707,-0.000160348,-0.004016638,0.122047372,-0.37943697,-0.005543546,0.179723948,-0.643433392,0.228036627,-0.171948597,0.440612763,-0.237274885,-0.231045067,0.191786915,-0.189775005,-0.212355509,-0.05982662,-0.261676788,-0.118343443,0.000635128,0.005185296,-0.11925862,-0.371471912,0.14032574,-0.125327438,-0.657763481,0.414353698
28.41666667,0.00450954,0.580155075,-0.432916194,0.182998404,0.435414135,-0.230005056,0.223167837,0.200502396,-0.214144573,0.204624444,-0.036512252,-0.299675792,0.118013784,-0.000123099,-0.00400369,0.121962979,-0.379633069,8.11E-05,0.1794561,-0.644334555,0.232102767,-0.172390386,0.439031154,-0.239249676,-0.23106125,0.189693168,-0.19099544,-0.211995497,-0.061600186,-0.262295365,-0.118325971,0.000602625,0.005171918,-0.119234994,-0.371638238,0.142285496,-0.125371337,-0.658090293,0.416377932
28.43333333,0.004453619,0.580008745,-0.433064133,0.182989836,0.435357839,-0.22999613,0.223174289,0.200363055,-0.214006141,0.204759836,-0.036521498,-0.299651623,0.118009239,-6.72E-05,-0.004002435,0.122131273,-0.37944591,-1.82E-05,0.179646775,-0.643972456,0.232209653,-0.172447145,0.438186407,-0.239358619,-0.230976224,0.187684119,-0.191006765,-0.211311787,-0.062781401,-0.262351543,-0.118322603,0.000551554,0.005170621,-0.119159035,-0.371648192,0.142595574,-0.125234172,-0.658097208,0.416829407
28.45,0.004152729,0.579846144,-0.433093935,0.182916462,0.435166806,-0.229957789,0.223275095,0.199808866,-0.213945404,0.204893216,-0.036869656,-0.299699277,0.118004225,-3.55E-05,-0.004087953,0.122392036,-0.378635734,-0.000326369,0.179972067,-0.643737078,0.231141865,-0.172623739,0.437868893,-0.239173114,-0.230622098,0.185974315,-0.190365091,-0.210725993,-0.063518353,-0.262250662,-0.11831829,0.000523611,0.005254433,-0.119074114,-0.371631056,0.143749416,-0.125192374,-0.65810281,0.418221861
28.46666667,0.003835753,0.579665959,-0.433114022,0.182550848,0.435028613,-0.229916304,0.223764986,0.19969596,-0.214142472,0.205415636,-0.036911163,-0.300549358,0.117983617,-7.15E-06,-0.004302796,0.122446254,-0.377341568,-0.003664036,0.180690303,-0.643703878,0.221507803,-0.173065975,0.437871367,-0.238927513,-0.230686739,0.185734704,-0.189984307,-0.210571542,-0.063698247,-0.26217562,-0.118298151,0.000497994,0.005474096,-0.118599743,-0.371644616,0.146255001,-0.125044137,-0.658464313,0.420757055
28.48333333,0.003240352,0.579648137,-0.432719857,0.182272553,0.435022324,-0.22972317,0.224318564,0.199592948,-0.21406509,0.205924228,-0.037065431,-0.300559759,0.117942251,-2.77E-06,-0.004759601,0.122610033,-0.37496987,-0.017829692,0.181291655,-0.643339634,0.203141421,-0.173382297,0.437902361,-0.237663746,-0.231116459,0.18522498,-0.187693819,-0.210343972,-0.063757047,-0.259411991,-0.118260264,0.000493949,0.00591049,-0.118422963,-0.371655136,0.146952167,-0.125021398,-0.659409821,0.421739042
28.5,0.002513565,0.578618109,-0.433321297,0.181277767,0.435027331,-0.229667842,0.223980531,0.199587256,-0.213950425,0.205836087,-0.037094861,-0.300554097,0.117909759,3.13E-05,-0.004825037,0.122660473,-0.375024289,-0.016894601,0.181559056,-0.643657506,0.205740303,-0.174176201,0.437927186,-0.237709835,-0.2313665,0.18520394,-0.187595561,-0.210270926,-0.063852616,-0.259310216,-0.118228495,0.000463109,0.005975541,-0.118483566,-0.371867448,0.147676796,-0.125814527,-0.660482585,0.421465814
28.51666667,0.001547235,0.576231062,-0.434533715,0.180264547,0.434950829,-0.229655266,0.223203138,0.19949457,-0.213281766,0.205584079,-0.037453789,-0.299909025,0.117896646,4.39E-05,-0.004831345,0.12277218,-0.375323802,-0.013956397,0.181777537,-0.644222856,0.206566006,-0.174972892,0.437970847,-0.237816468,-0.231369793,0.185201541,-0.186606914,-0.210248932,-0.064006589,-0.257953852,-0.118215494,0.000452911,0.005982046,-0.119077146,-0.372099876,0.147613406,-0.126850829,-0.661360025,0.421123683
28.53333333,0.001524536,0.572874486,-0.438598543,0.180061787,0.434816808,-0.230954036,0.222772107,0.199491799,-0.213244632,0.205644593,-0.037602182,-0.298707098,0.117839381,3.60E-05,-0.004831612,0.122611701,-0.377532691,0.002181228,0.18166329,-0.647727549,0.21895878,-0.175113469,0.438035071,-0.24117364,-0.231347293,0.18611443,-0.187262133,-0.210228503,-0.063745618,-0.257866919,-0.118161015,0.000464476,0.00598123,-0.119403556,-0.372465044,0.148912907,-0.128413931,-0.663098156,0.420931935
28.55,0.001557312,0.570887804,-0.43983376,0.179857612,0.434522271,-0.231591433,0.222492218,0.199456036,-0.213171884,0.205618307,-0.038021255,-0.29750815,0.117771685,6.55E-06,-0.004995884,0.122316994,-0.378040969,0.001849987,0.181572422,-0.650556028,0.215842903,-0.175277635,0.438036829,-0.241946265,-0.231509894,0.186852187,-0.187168866,-0.2105086,-0.063283123,-0.25554359,-0.118095584,0.000496086,0.00613323,-0.11955408,-0.373139858,0.148795083,-0.128928989,-0.666990936,0.41753909
28.56666667,0.001545379,0.570172668,-0.441734493,0.179779083,0.434336007,-0.232971385,0.222492203,0.199509457,-0.213196397,0.205814943,-0.037873175,-0.296940058,0.11775215,2.54E-05,-0.005012237,0.121993013,-0.379763991,0.007724345,0.181181282,-0.65247184,0.227050409,-0.175399914,0.436913043,-0.245240033,-0.2315474,0.186661199,-0.190038443,-0.210447595,-0.063275121,-0.256337553,-0.118079312,0.000478983,0.006146443,-0.120281465,-0.373662174,0.14851433,-0.13040632,-0.667813838,0.41388005
28.58333333,0.001179929,0.566826522,-0.445199877,0.179408446,0.432014287,-0.236262918,0.222277194,0.198781148,-0.214675233,0.20555611,-0.038265161,-0.296933502,0.117652349,6.76E-05,-0.004969817,0.121979102,-0.380161703,0.008157631,0.18041274,-0.654214859,0.228011444,-0.175411776,0.432986796,-0.251566976,-0.231547087,0.185149163,-0.197640315,-0.209961489,-0.063749731,-0.258727372,-0.117984973,0.000435301,0.006095719,-0.12065623,-0.374063104,0.144483194,-0.131240249,-0.668286026,0.401314259
28.6,0.000795164,0.564823687,-0.44874689,0.179140955,0.431024164,-0.239147797,0.222067013,0.198432311,-0.215599671,0.20545949,-0.038358334,-0.296926677,0.117611587,9.55E-05,-0.004929267,0.121857204,-0.382404417,0.017687526,0.179674506,-0.658243358,0.238839075,-0.175568372,0.430744737,-0.255665123,-0.231549382,0.184026986,-0.200300694,-0.209523991,-0.063892648,-0.259938121,-0.117948152,0.000408292,0.006048639,-0.12095952,-0.374789238,0.143612832,-0.132530689,-0.669550955,0.39825052
28.61666667,-0.000324676,0.562443495,-0.44931218,0.17889975,0.430305898,-0.239705786,0.222097546,0.197603002,-0.215865746,0.205375776,-0.038442522,-0.297003776,0.1175697,9.70E-05,-0.004943328,0.121713832,-0.383181989,0.016837997,0.179472327,-0.659907818,0.238229886,-0.175669491,0.430451632,-0.255354792,-0.231746525,0.183227018,-0.199930489,-0.209457025,-0.063893385,-0.260487974,-0.117910527,0.000407486,0.006058284,-0.121149927,-0.375611931,0.142636448,-0.132897437,-0.67129761,0.397030175
28.63333333,-0.004596541,0.559899032,-0.449691504,0.178314596,0.429394841,-0.241599172,0.222480312,0.197478488,-0.216818541,0.205343053,-0.037619993,-0.297035635,0.117476277,9.51E-05,-0.004943051,0.121765353,-0.383540541,0.014937743,0.17899242,-0.662260771,0.231555566,-0.175845087,0.42945683,-0.255621582,-0.233063191,0.182773054,-0.199936107,-0.209470108,-0.063660167,-0.260472208,-0.117827311,0.00040873,0.006053621,-0.121602997,-0.375890881,0.139016792,-0.134828299,-0.672157526,0.389040321
28.65,-0.006744787,0.549430251,-0.455771953,0.177460745,0.428326815,-0.24436073,0.222473502,0.197019681,-0.2168798,0.205321699,-0.037708845,-0.296432227,0.117450573,7.39E-05,-0.004926187,0.121649757,-0.38533929,0.014089897,0.178081527,-0.666303515,0.230394229,-0.176632553,0.42838484,-0.259431601,-0.233793393,0.18176201,-0.201694146,-0.209456101,-0.063654423,-0.261614949,-0.117805809,0.00043052,0.006032663,-0.12235792,-0.376164347,0.133841813,-0.136161625,-0.673023522,0.377616078
28.66666667,-0.007764979,0.541673899,-0.45677042,0.177349076,0.428002745,-0.244738936,0.222480759,0.19659847,-0.215508908,0.205319807,-0.037794463,-0.291019529,0.117431112,4.72E-05,-0.004912839,0.121599153,-0.385916829,0.012787779,0.177638665,-0.670216799,0.224975348,-0.177100107,0.427332699,-0.25985375,-0.234208167,0.180941477,-0.201458365,-0.209557146,-0.063310392,-0.260773182,-0.117790595,0.000456107,0.006010969,-0.123439834,-0.376452744,0.126093358,-0.138481185,-0.674707353,0.363149285
28.68333333,-0.009475206,0.53595829,-0.461731017,0.176852554,0.423839957,-0.248867482,0.222595885,0.194144487,-0.216063887,0.205751181,-0.039595496,-0.290674835,0.117382959,3.23E-05,-0.004857293,0.121670753,-0.385920733,0.000817349,0.177822351,-0.673497081,0.200481519,-0.177302271,0.423161834,-0.263685703,-0.235051408,0.178570062,-0.202963844,-0.209520757,-0.063929625,-0.260684103,-0.117751554,0.000469441,0.005944041,-0.12368916,-0.376948386,0.119350567,-0.139615014,-0.677949905,0.351071119
28.7,-0.011635926,0.53586489,-0.46106565,0.17657885,0.424070865,-0.24859041,0.224465474,0.19423829,-0.215979129,0.206641957,-0.039479155,-0.290718168,0.117366403,-1.54E-05,-0.00505395,0.121656939,-0.384421825,-0.02978733,0.1786149,-0.672814667,0.16012992,-0.177833825,0.42324844,-0.260495573,-0.235700145,0.178597152,-0.194851145,-0.210258916,-0.063037165,-0.254025787,-0.117735676,0.000514148,0.006117438,-0.123725146,-0.377149105,0.120567933,-0.139644414,-0.680369735,0.357181042
28.71666667,-0.012191616,0.52566278,-0.466880083,0.176135793,0.420505166,-0.253292441,0.224470913,0.191399902,-0.217648342,0.207053274,-0.041398574,-0.290890664,0.117339373,-5.43E-05,-0.004973484,0.121731445,-0.385166168,-0.025437539,0.178633794,-0.675848842,0.172500908,-0.177953988,0.421972245,-0.26366812,-0.237129763,0.178022474,-0.196563289,-0.210381135,-0.063008323,-0.254168808,-0.117711633,0.000553155,0.006028373,-0.124469712,-0.377330601,0.108162597,-0.140046865,-0.682053268,0.332035512
28.73333333,-0.013934568,0.516468227,-0.477830917,0.174145699,0.41659224,-0.262067556,0.224398971,0.189290479,-0.224613354,0.207102403,-0.0426559,-0.294501215,0.11728514,-4.20E-05,-0.004761716,0.121730901,-0.38541165,-0.023182258,0.17855829,-0.679668665,0.178452268,-0.178707972,0.418345571,-0.274310142,-0.237962246,0.174672365,-0.210469559,-0.210260034,-0.064213254,-0.263364345,-0.117664665,0.000542231,0.005797683,-0.125865921,-0.377423853,0.09473113,-0.141531542,-0.68408531,0.304535091
28.75,-0.013724053,0.491932541,-0.502299786,0.173715308,0.409684926,-0.279311568,0.223886639,0.18291308,-0.240847528,0.206871331,-0.04784831,-0.307028711,0.1172456,-1.86E-05,-0.004392404,0.121516123,-0.387552589,-0.014178818,0.178206787,-0.686042368,0.181841597,-0.179026231,0.410429597,-0.294873774,-0.238199875,0.167717621,-0.233837575,-0.210086882,-0.067911588,-0.286868006,-0.117630705,0.00052348,0.00541616,-0.126448587,-0.377612859,0.088384002,-0.1438106,-0.686326265,0.288868099
28.76666667,-0.013705696,0.487957001,-0.50536561,0.173051327,0.40637365,-0.28614378,0.223306283,0.179077283,-0.251402169,0.206447035,-0.049512722,-0.315738857,0.117180586,3.32E-05,-0.004128669,0.121881992,-0.388212621,-0.009556134,0.178590268,-0.688496828,0.183893323,-0.179045767,0.408042699,-0.301282108,-0.238501057,0.165726796,-0.24639456,-0.20968914,-0.068569161,-0.301279426,-0.117572382,0.000477561,0.005141884,-0.126856983,-0.378042549,0.082805395,-0.144987375,-0.688535988,0.280448347
28.78333333,-0.013715344,0.469094306,-0.512135804,0.173096925,0.404708773,-0.288074791,0.222431928,0.17487815,-0.249921203,0.206403777,-0.054619607,-0.314408928,0.117175378,2.75E-05,-0.003186636,0.121914454,-0.394255042,0.016390702,0.178418234,-0.692903101,0.215255067,-0.179758206,0.406797945,-0.303570509,-0.23841317,0.164903164,-0.242415026,-0.209639594,-0.069222994,-0.297640383,-0.11757274,0.000487519,0.004215213,-0.127558216,-0.378061682,0.081659205,-0.14614819,-0.688467026,0.277108431
28.8,-0.012711893,0.458600551,-0.516176164,0.173236251,0.40323472,-0.286049992,0.221073002,0.170629278,-0.24917011,0.206402063,-0.062027406,-0.311442405,0.117237292,2.89E-06,-0.002573122,0.121721424,-0.398831517,0.025162624,0.177918613,-0.694654644,0.226291075,-0.181580201,0.405972779,-0.301953077,-0.238418981,0.164404079,-0.24119626,-0.210342944,-0.069737561,-0.296025634,-0.117639154,0.000520092,0.003618888,-0.128853053,-0.378147662,0.081853405,-0.14719747,-0.688599169,0.278101474
28.81666667,-0.012871481,0.45185262,-0.522546649,0.173073575,0.400522172,-0.287992477,0.220097512,0.168018803,-0.247228533,0.206545323,-0.066234902,-0.311013281,0.117301241,-2.87E-05,-0.002193136,0.12150085,-0.40227443,0.023675691,0.177403212,-0.697535276,0.22412625,-0.183873489,0.404198915,-0.302517325,-0.238917232,0.163779035,-0.240695611,-0.211057097,-0.0711376,-0.291444689,-0.11770913,0.000561164,0.003256074,-0.129665241,-0.378511548,0.078523368,-0.147864893,-0.68982017,0.268921077
28.83333333,-0.013272672,0.444503039,-0.52689141,0.172191441,0.39941898,-0.291311949,0.21889323,0.16703333,-0.24773863,0.2061003,-0.068125479,-0.310583234,0.117314048,-7.22E-05,-0.002062197,0.121026076,-0.405326933,0.016157791,0.17577444,-0.7008304,0.209788084,-0.18511115,0.402821034,-0.30367443,-0.239957571,0.163766399,-0.237764969,-0.215060845,-0.071096793,-0.29076314,-0.117724121,0.000613492,0.003128222,-0.132187173,-0.378855079,0.066877179,-0.15103966,-0.690891266,0.253136605
28.85,-0.013992165,0.415698498,-0.544110835,0.168886721,0.387317121,-0.317554235,0.216926664,0.155934468,-0.281777233,0.203182787,-0.078844003,-0.334079295,0.117197424,-9.00E-05,-0.002098468,0.116672061,-0.407636344,0.001711739,0.172128215,-0.71092087,0.172965467,-0.185481101,0.390538454,-0.322415262,-0.24337323,0.155497447,-0.253015399,-0.220004261,-0.074375108,-0.297680169,-0.117603511,0.000636211,0.003164498,-0.13242349,-0.380537629,0.053707786,-0.152735695,-0.695717871,0.226230592
28.86666667,-0.014987234,0.397740155,-0.548693717,0.166410282,0.379208982,-0.328520864,0.215892717,0.149467722,-0.301219255,0.20082894,-0.084358588,-0.354057699,0.117086813,-0.00013451,-0.002465885,0.115595527,-0.408052295,-0.024040736,0.17206502,-0.719468355,0.12070363,-0.185388893,0.383873999,-0.327215195,-0.245434105,0.148861378,-0.260326713,-0.222452879,-0.076600686,-0.302404135,-0.117486186,0.000693594,0.003524121,-0.133468792,-0.381402671,0.021661004,-0.152692333,-0.704259157,0.176543161
28.88333333,-0.016769568,0.377860487,-0.562943399,0.163679823,0.367036432,-0.345032483,0.214856461,0.137249276,-0.325829059,0.199038535,-0.092259593,-0.382724971,0.117006026,-0.000204783,-0.003433452,0.114239082,-0.40806365,-0.043572519,0.172074258,-0.724182785,0.096747011,-0.185312435,0.373941034,-0.34326449,-0.248441607,0.136098862,-0.291735381,-0.222890988,-0.083648317,-0.34044084,-0.117409661,0.000784087,0.004469475,-0.134024337,-0.383802921,0.016434511,-0.152591348,-0.711202741,0.173376366
28.9,-0.021081854,0.350773871,-0.570069849,0.160807967,0.34780857,-0.354659349,0.214800939,0.121550724,-0.338812888,0.198490009,-0.105298288,-0.397829115,0.11692746,-0.000853349,-0.004253773,0.113039963,-0.410066962,-0.057182409,0.172917455,-0.732373118,0.07618276,-0.184806168,0.364406556,-0.351255417,-0.253537983,0.129407048,-0.303075314,-0.224730372,-0.089459077,-0.353206903,-0.117335394,0.001488813,0.005276157,-0.13504678,-0.385754675,0.001601039,-0.152532265,-0.71809721,0.154075056
28.91666667,-0.024624124,0.3342022,-0.572571814,0.158647299,0.339170605,-0.356647909,0.214800477,0.11655397,-0.336636275,0.197993711,-0.110346928,-0.393849403,0.116862535,-0.001199763,-0.00446659,0.111843884,-0.412965238,-0.057314746,0.173677608,-0.736569822,0.077929601,-0.184923694,0.355332732,-0.352379769,-0.258505255,0.123380609,-0.297075957,-0.227082938,-0.095823459,-0.343466848,-0.117273644,0.001867998,0.005480208,-0.137095436,-0.386389226,-0.010365185,-0.152716517,-0.721877575,0.135668427
28.93333333,-0.027199516,0.32323578,-0.580713272,0.158174843,0.326589167,-0.361706793,0.214878961,0.105815507,-0.339823902,0.196682438,-0.121065095,-0.396051466,0.116845705,-0.001479314,-0.004844468,0.110571392,-0.416872978,-0.057658654,0.174565762,-0.740166187,0.076430388,-0.184924349,0.341393858,-0.354995012,-0.263128847,0.112480074,-0.293608129,-0.229062006,-0.107403539,-0.338208407,-0.117260128,0.002163837,0.005840978,-0.139345676,-0.388147831,-0.005352109,-0.153839096,-0.725461066,0.145027474
28.95,-0.029152995,0.296679378,-0.59272182,0.157215506,0.313752174,-0.373784333,0.214162081,0.092854895,-0.355120808,0.194855481,-0.134009898,-0.412987113,0.116874337,-0.001613049,-0.005746836,0.106424712,-0.421514004,-0.066014327,0.175224468,-0.747252941,0.067975767,-0.18579869,0.322871178,-0.365719169,-0.269100279,0.096696354,-0.305304885,-0.235131189,-0.122297622,-0.351223409,-0.117297873,0.002317801,0.006734221,-0.14394927,-0.39178288,-0.007571628,-0.157052279,-0.732192457,0.139468983
28.96666667,-0.03017523,0.264934421,-0.611066222,0.155870825,0.281831443,-0.384695411,0.212943122,0.06674403,-0.361140758,0.192979723,-0.156198934,-0.418197513,0.116931513,-0.002092422,-0.006267905,0.105429254,-0.425570935,-0.082593292,0.18053773,-0.756589293,0.038781002,-0.185795784,0.297955751,-0.379919499,-0.272945642,0.073698491,-0.31709826,-0.23636955,-0.143363982,-0.361379266,-0.117365256,0.002833162,0.007226554,-0.145821422,-0.394851834,-0.030472184,-0.157127231,-0.742098987,0.098213993
28.98333333,-0.029907458,0.261379451,-0.617673337,0.155946285,0.276730418,-0.384081453,0.2147578,0.067687683,-0.35284549,0.194949239,-0.153657004,-0.408780336,0.117033467,-0.002652558,-0.006256037,0.105218954,-0.432548523,-0.076536939,0.181491807,-0.762803257,0.050108355,-0.18607904,0.290821046,-0.384693116,-0.272963971,0.069371119,-0.312035769,-0.240015194,-0.144057944,-0.354888678,-0.117484204,0.003437405,0.007212265,-0.148455992,-0.394690692,-0.037387401,-0.157923132,-0.740744472,0.092849799
29,-0.029774645,0.24010253,-0.619519114,0.156128228,0.261063963,-0.379267246,0.21732156,0.058960479,-0.341788441,0.199734762,-0.16224432,-0.369546622,0.117132306,-0.003046374,-0.006272275,0.104864985,-0.435427934,-0.071939215,0.181704253,-0.763074338,0.054654483,-0.186728373,0.273082227,-0.38204816,-0.27247256,0.062460281,-0.287097245,-0.243071809,-0.150198445,-0.290040553,-0.117599055,0.003855994,0.007222488,-0.148289114,-0.39437589,-0.036921076,-0.157629192,-0.738891602,0.093602389
29.01666667,-0.029300287,0.190862834,-0.629447758,0.156193465,0.236410275,-0.38569966,0.219211593,0.041605905,-0.339116454,0.203018814,-0.176798254,-0.366027445,0.117137834,-0.003461445,-0.006277309,0.104952067,-0.434039623,-0.07547953,0.182759404,-0.760487437,0.041899551,-0.186379224,0.253195703,-0.394802243,-0.272067934,0.047798783,-0.289604247,-0.242361918,-0.16192852,-0.29328981,-0.117608368,0.00431911,0.007223451,-0.145913228,-0.392645657,-0.046977766,-0.15184328,-0.737478375,0.082359105
29.03333333,-0.029277487,0.159457102,-0.632832348,0.156099945,0.220007956,-0.385050833,0.221448883,0.033197429,-0.325688183,0.205104038,-0.182466283,-0.323103428,0.117297202,-0.003571852,-0.006304087,0.105009384,-0.433228582,-0.073079757,0.185584456,-0.758816481,0.04007706,-0.187070459,0.231360421,-0.398427844,-0.27178213,0.032216839,-0.281229138,-0.240568787,-0.172196925,-0.258985937,-0.117771283,0.004464801,0.007248898,-0.144393459,-0.390518278,-0.048983201,-0.150045618,-0.73650229,0.078736417
29.05,-0.031875566,0.151787475,-0.631248236,0.153781503,0.214762166,-0.383325815,0.222720653,0.03361043,-0.314092129,0.206329316,-0.181126624,-0.30575636,0.117403828,-0.003657409,-0.006307628,0.105453804,-0.432201177,-0.07143829,0.186011136,-0.757631958,0.039538905,-0.190036967,0.22722517,-0.396533966,-0.274202287,0.032956619,-0.268837422,-0.240614042,-0.17132175,-0.240968034,-0.11788515,0.004575102,0.007252146,-0.144826084,-0.387137085,-0.053369749,-0.151239946,-0.735763073,0.070495136
29.06666667,-0.031740323,0.134569854,-0.63654989,0.153999478,0.20233503,-0.385103911,0.226627022,0.030933851,-0.298233509,0.210142046,-0.181978568,-0.26778239,0.117818967,-0.00411815,-0.006626246,0.105515644,-0.43070209,-0.070254229,0.188688681,-0.75266093,0.03805925,-0.190608859,0.217168912,-0.401226938,-0.274347752,0.032652032,-0.253402531,-0.240329266,-0.174579501,-0.204997629,-0.118299842,0.005116058,0.007588672,-0.14535217,-0.384807795,-0.048269615,-0.151463091,-0.735476494,0.077937387
29.08333333,-0.031580247,0.135588035,-0.639309168,0.154070333,0.198277742,-0.383812636,0.226458713,0.027500708,-0.282884896,0.210079208,-0.18231976,-0.250100166,0.118309028,-0.004257631,-0.00712591,0.105570592,-0.427417547,-0.070512213,0.188858032,-0.747032881,0.034376003,-0.193381771,0.21068795,-0.40034017,-0.27511397,0.031061392,-0.241275713,-0.240439028,-0.176091805,-0.191831619,-0.118817344,0.005285004,0.008086203,-0.145865992,-0.381533086,-0.047974251,-0.155378208,-0.734510243,0.077064686
29.1,-0.031564899,0.134625316,-0.638195753,0.154211834,0.197172716,-0.382681966,0.22631675,0.027883833,-0.253439128,0.211642653,-0.182420328,-0.200685933,0.119058035,-0.004417622,-0.007499956,0.105962768,-0.424540341,-0.072008871,0.188765407,-0.743861258,0.032789059,-0.197855204,0.207366273,-0.398016632,-0.275034338,0.031568553,-0.214214593,-0.241886184,-0.179155678,-0.152041078,-0.119606987,0.005465847,0.008478554,-0.150054812,-0.379629046,-0.047924988,-0.159105062,-0.734202147,0.076204106
29.11666667,-0.031921603,0.118786626,-0.641409039,0.154150337,0.183722168,-0.382426828,0.226088271,0.018265065,-0.254477054,0.21171011,-0.191804647,-0.202268451,0.119389355,-0.004761988,-0.008243987,0.10587994,-0.420286566,-0.078426242,0.188760757,-0.741390944,0.020612016,-0.199687764,0.197015479,-0.398652196,-0.274926692,0.024900427,-0.213051572,-0.242773771,-0.188211039,-0.147369772,-0.119952992,0.00584292,0.009224718,-0.154324487,-0.378580153,-0.046562754,-0.16169703,-0.734008074,0.077559024
29.13333333,-0.033046901,0.109692812,-0.651855588,0.154204309,0.176507607,-0.38201794,0.22606355,0.017036293,-0.23821795,0.213725522,-0.193173915,-0.16452229,0.120331049,-0.004921401,-0.008249798,0.105912998,-0.416690111,-0.080582358,0.188786164,-0.734632313,0.022816014,-0.204422846,0.187094614,-0.401420891,-0.275140405,0.023305176,-0.200560749,-0.243908927,-0.195070297,-0.121161282,-0.12091478,0.006031225,0.009234826,-0.154256642,-0.377963275,-0.046303164,-0.164144427,-0.733774126,0.078877814
29.15,-0.033212479,0.101068541,-0.657543957,0.15575476,0.164026037,-0.374648571,0.229305565,0.017143607,-0.195412949,0.223236784,-0.194900483,-0.084751606,0.12124718,-0.004947832,-0.006911262,0.106739461,-0.413392156,-0.082305327,0.188749075,-0.728218973,0.021972893,-0.206738621,0.172646537,-0.400440514,-0.273041785,0.025669575,-0.15829885,-0.248003662,-0.199991047,-0.043168291,-0.121858925,0.006055543,0.008050787,-0.153626189,-0.377140701,-0.055093564,-0.166830599,-0.734117925,0.056727625
29.16666667,-0.033702567,0.09829589,-0.666678786,0.156635255,0.157965586,-0.369918615,0.231651813,0.015677014,-0.183500126,0.227694586,-0.196464464,-0.071700357,0.12200433,-0.004927449,-0.006299018,0.106765904,-0.40841496,-0.08915206,0.188193664,-0.722795486,0.014441022,-0.208284602,0.160926387,-0.399574399,-0.272847831,0.022330843,-0.148634091,-0.250283718,-0.206969291,-0.032081697,-0.122661695,0.006035563,0.007507064,-0.150868893,-0.376762658,-0.060462408,-0.168466359,-0.735254228,0.042869154
29.18333333,-0.03659014,0.075986892,-0.682553172,0.156655535,0.137426496,-0.370675683,0.23203145,0.006590138,-0.188849583,0.22694701,-0.201430872,-0.064641856,0.122162186,-0.004947424,-0.005280624,0.107276127,-0.407972276,-0.087879561,0.185407341,-0.723432839,0.008880219,-0.209246412,0.142602488,-0.404746503,-0.272987872,0.020461218,-0.149414122,-0.255625725,-0.210142091,-0.017122004,-0.122827753,0.006055493,0.006592022,-0.149090648,-0.376865447,-0.059911884,-0.172546923,-0.736948073,0.036849096
29.2,-0.041578088,0.072617978,-0.688717306,0.156634107,0.129834294,-0.371130109,0.23203668,0.002929666,-0.187655866,0.226614341,-0.203007787,-0.058185939,0.122253723,-0.005023487,-0.004595577,0.107185081,-0.406758308,-0.088761754,0.180603519,-0.722829759,0.003542627,-0.209976941,0.13770391,-0.406596929,-0.273020267,0.019370994,-0.146726698,-0.260956824,-0.208518907,-0.011630253,-0.122931138,0.006133508,0.005954693,-0.1488287,-0.375651717,-0.065359503,-0.175827846,-0.736957252,0.028581422
29.21666667,-0.04829454,0.076901525,-0.705098927,0.156172723,0.124061018,-0.37672627,0.232467875,0.004472503,-0.190475583,0.228201807,-0.201595947,-0.05603414,0.122322768,-0.005042329,-0.004162813,0.109716177,-0.399483413,-0.090085179,0.17902796,-0.720078409,-0.006585117,-0.21300672,0.132536709,-0.415089667,-0.283960104,0.020320712,-0.154168919,-0.276739538,-0.20598954,-0.024708265,-0.123016834,0.00615296,0.005536053,-0.150196359,-0.372813344,-0.067602471,-0.181236461,-0.736869097,0.022136619
29.23333333,-0.049256049,0.04687956,-0.703071892,0.15594323,0.104281388,-0.378242224,0.231998861,-0.004553987,-0.186992139,0.229063943,-0.201050043,-0.047828607,0.122333989,-0.004960364,-0.003563851,0.113078877,-0.394259542,-0.090957463,0.179031104,-0.718909025,-0.017811142,-0.214193553,0.111980394,-0.419113666,-0.285732716,0.011975282,-0.156901881,-0.277579904,-0.209515482,-0.019668816,-0.123036914,0.006085873,0.004975549,-0.149917498,-0.372730374,-0.067660592,-0.181011885,-0.740251184,0.014792881
29.25,-0.049306609,0.045865372,-0.700901449,0.155592695,0.103692308,-0.380961478,0.232167676,-0.001727134,-0.188854605,0.236766502,-0.19600676,-0.04769842,0.122436307,-0.004584442,-0.003268739,0.119361892,-0.386839658,-0.093463004,0.179681614,-0.717165887,-0.031048866,-0.216279104,0.110424675,-0.421082616,-0.287126094,0.01339672,-0.158207595,-0.281514615,-0.208083734,-0.017408067,-0.12315426,0.005745283,0.004702874,-0.149780318,-0.372440517,-0.068055823,-0.181165427,-0.743546069,0.006020424
29.26666667,-0.048380435,0.015706435,-0.696965933,0.155594915,0.085821755,-0.3816998,0.232181832,-0.004227262,-0.183528528,0.243066981,-0.195689932,-0.025104366,0.122439601,-0.004462646,-0.002989378,0.12373583,-0.38616997,-0.091105774,0.181634441,-0.717247605,-0.024354791,-0.215968058,0.092686422,-0.421638876,-0.286689252,0.010207852,-0.153038085,-0.282402784,-0.206789896,0.007880226,-0.123159759,0.005653864,0.004470011,-0.145973623,-0.372566849,-0.068277776,-0.180862755,-0.746811807,0.006399365
29.28333333,-0.049475797,0.005924961,-0.695380628,0.154807329,0.076414779,-0.38367337,0.23193562,-0.006134473,-0.186517462,0.24424243,-0.195309192,-0.027337525,0.1224479,-0.004467838,-0.002890534,0.123281859,-0.386581868,-0.089714967,0.180942744,-0.717418253,-0.022128843,-0.21590896,0.087923557,-0.421190709,-0.288586527,0.011269862,-0.152935043,-0.287914723,-0.205943495,0.005946352,-0.123168148,0.005669452,0.004398013,-0.145102724,-0.372618079,-0.068066739,-0.183171183,-0.748626411,0.006448881
29.3,-0.050391279,-0.007951191,-0.690064371,0.154753283,0.068350226,-0.38342467,0.232869565,-0.008594305,-0.180951193,0.248488978,-0.195148245,-0.009719058,0.122450054,-0.004576164,-0.002818176,0.122789539,-0.387393653,-0.088589802,0.179388091,-0.718110085,-0.023649145,-0.215810671,0.079966456,-0.420890391,-0.288192689,0.011186608,-0.145790339,-0.287925363,-0.20539625,0.016314622,-0.123168059,0.0058181,0.004352455,-0.144466326,-0.372831494,-0.063137837,-0.184987232,-0.7497859,0.010222782
29.31666667,-0.053636879,0.007585678,-0.689183354,0.154525653,0.069587968,-0.381999105,0.23584722,-0.011646276,-0.173472121,0.252860874,-0.195492789,0.001619617,0.122503787,-0.00458276,-0.002714208,0.122626781,-0.389024556,-0.087614261,0.179144591,-0.719131649,-0.022346009,-0.215876535,0.074692175,-0.420302302,-0.287558913,0.007969876,-0.142093047,-0.286472976,-0.194168612,0.023318548,-0.12321943,0.005826602,0.004270777,-0.143930301,-0.372953564,-0.06295336,-0.184755504,-0.749352932,0.012563041
29.33333333,-0.053604487,-0.002364333,-0.689067602,0.154181674,0.055765457,-0.381491393,0.236087531,-0.021673882,-0.168785274,0.254933745,-0.198325947,0.011355456,0.122534126,-0.004728287,-0.002369005,0.122752719,-0.392930597,-0.081094556,0.179328874,-0.722352862,-0.020707477,-0.215757355,0.063936725,-0.420063823,-0.285380423,0.002645288,-0.141707242,-0.285456836,-0.194038033,0.024733214,-0.123245969,0.006001088,0.003980046,-0.13950108,-0.374190867,-0.062092606,-0.183423966,-0.749334335,0.013497837
29.35,-0.056797266,0.005106698,-0.69321698,0.151927099,0.066227727,-0.380304486,0.236097559,-0.019490302,-0.16832006,0.254100561,-0.198224723,0.000603376,0.12253426,-0.004741561,-0.0024581,0.122401431,-0.398819953,-0.070450805,0.178625181,-0.726663232,-0.005519712,-0.215667188,0.073344663,-0.419660747,-0.285207063,0.00328212,-0.139530912,-0.284821928,-0.184212044,0.018773943,-0.12324892,0.006014558,0.004070083,-0.140971333,-0.374891669,-0.055641893,-0.184611067,-0.749213278,0.025181878
29.36666667,-0.056941073,-0.0004693,-0.690771818,0.15193978,0.066415809,-0.38004145,0.236410394,-0.01785765,-0.169433713,0.253096551,-0.191951141,-0.001884985,0.122535348,-0.004771273,-0.002488919,0.121680424,-0.40241912,-0.063517757,0.177514657,-0.728458405,0.001929972,-0.21473287,0.067413487,-0.419544548,-0.284553915,-0.001992831,-0.139727995,-0.284400821,-0.184402764,0.016888577,-0.123249896,0.006059992,0.004111029,-0.140960157,-0.37642169,-0.045065165,-0.184289902,-0.74903816,0.037522011
29.38333333,-0.056589238,-0.000395235,-0.694716692,0.152036056,0.063000709,-0.380005866,0.246297881,-0.017126963,-0.168761536,0.263029605,-0.191281959,0.000201178,0.122523889,-0.004689596,-0.002521884,0.123935312,-0.403472155,-0.064301543,0.178051561,-0.733447671,-0.00294811,-0.211687863,0.057520792,-0.419251353,-0.281808078,-0.012261927,-0.140722841,-0.282787234,-0.184193641,0.014236436,-0.123241849,0.005986132,0.004150647,-0.140929148,-0.381006986,-0.04402937,-0.18355228,-0.751837432,0.03728525
29.4,-0.054711077,-0.03739303,-0.652313173,0.152057186,0.055998705,-0.379933596,0.255573958,-0.016785339,-0.169342235,0.270667851,-0.18633005,-0.004487327,0.122525059,-0.004350069,-0.002575291,0.126187086,-0.400574028,-0.064863496,0.182935491,-0.730692446,-0.007390689,-0.210761175,0.045694884,-0.414544314,-0.281294525,-0.026889559,-0.141330391,-0.282468408,-0.19101049,0.012087814,-0.123244457,0.005684448,0.004202052,-0.14005442,-0.381998241,-0.04355783,-0.182028517,-0.752771497,0.035702452
29.41666667,-0.051180754,-0.062631927,-0.653961718,0.154049411,0.038364567,-0.379895598,0.25853923,-0.021087881,-0.16963695,0.272075117,-0.184546351,-0.000713785,0.122442029,-0.004123618,-0.002497649,0.13267009,-0.396183789,-0.073473208,0.19266966,-0.728659689,-0.026635462,-0.207132548,0.028986262,-0.414260179,-0.28003332,-0.040844653,-0.141898334,-0.28033039,-0.200877652,0.014702666,-0.123163782,0.005489483,0.004124609,-0.139591947,-0.383736163,-0.043849159,-0.178387538,-0.75686121,0.025478862
29.43333333,-0.045016933,-0.093452103,-0.65696764,0.15492925,0.012154317,-0.378659546,0.257645518,-0.038153388,-0.164769039,0.27104792,-0.185423508,0.002990145,0.122358076,-0.004097433,-0.002138481,0.132921726,-0.402334362,-0.069683708,0.194191098,-0.731241882,-0.023233281,-0.199989051,-0.001155708,-0.414965421,-0.280074447,-0.063745782,-0.144272432,-0.270893216,-0.210641578,0.01425905,-0.123091318,0.005477099,0.003798069,-0.138888657,-0.388520628,-0.043828476,-0.175170168,-0.760700822,0.026075752
29.45,-0.036759023,-0.123648487,-0.670319915,0.157044441,-0.008280178,-0.379036993,0.259043157,-0.06025577,-0.16468291,0.269935638,-0.200693309,0.000499386,0.121911429,-0.00367467,-0.00148383,0.140085772,-0.402292401,-0.070309043,0.201766446,-0.732201576,-0.024799535,-0.19291766,-0.032774813,-0.423947096,-0.274296105,-0.099455416,-0.153591707,-0.242740616,-0.222554326,0.013510738,-0.122659832,0.005094457,0.003164198,-0.129536882,-0.393692881,-0.044078771,-0.163244456,-0.765282929,0.024669059
29.46666667,-0.035554245,-0.127172291,-0.686692595,0.157176763,-0.015477092,-0.38297379,0.258288801,-0.070351645,-0.165032804,0.268742085,-0.214373872,0.001978403,0.121710606,-0.003411018,-0.001339464,0.140545309,-0.40225184,-0.076184817,0.209274799,-0.735054135,-0.033570614,-0.19034642,-0.035825659,-0.428717107,-0.26974389,-0.105702855,-0.155404359,-0.240487292,-0.236149028,0.012716332,-0.122464478,0.004861503,0.003018197,-0.128843427,-0.399045944,-0.047922436,-0.157777965,-0.778206825,0.01502555
29.48333333,-0.032658007,-0.143511862,-0.694477677,0.157255948,-0.037823424,-0.384135514,0.257892132,-0.084886186,-0.162606686,0.267847389,-0.224852502,0.013503861,0.121201918,-0.003406547,-0.000994166,0.140228733,-0.402840406,-0.085207306,0.210670188,-0.740353942,-0.047150806,-0.184840411,-0.050664246,-0.430396646,-0.262743622,-0.115014359,-0.155471861,-0.237390935,-0.246359587,0.015604258,-0.121967323,0.004862871,0.002667455,-0.127621785,-0.403823018,-0.051371802,-0.153047085,-0.792534888,0.005516713
29.5,-0.033173654,-0.143394649,-0.671207905,0.157353058,-0.034744073,-0.382461011,0.257477164,-0.085541904,-0.163143009,0.252510816,-0.221318692,0.007646637,0.121103778,-0.003405417,-0.001066421,0.138454333,-0.40449658,-0.077861689,0.210114032,-0.739521265,-0.03410928,-0.184217975,-0.04815612,-0.428868115,-0.263543397,-0.110247329,-0.156762034,-0.236853704,-0.240751803,0.008209879,-0.121880911,0.004865905,0.002725562,-0.127908364,-0.40328598,-0.044163682,-0.153613538,-0.788305521,0.017930368
29.51666667,-0.036391743,-0.133901343,-0.665608346,0.157498851,-0.025261253,-0.382469594,0.256685913,-0.078608133,-0.163443983,0.246020973,-0.218387261,0.006226851,0.120980091,-0.003547219,-0.001216006,0.133277908,-0.400130361,-0.07936506,0.204446688,-0.734029591,-0.035420418,-0.185076192,-0.034962296,-0.42721355,-0.265947104,-0.099985808,-0.154843017,-0.237969339,-0.238405913,0.014338184,-0.12175899,0.005025494,0.002838854,-0.130002916,-0.40165928,-0.042820219,-0.157205671,-0.786911905,0.018479474
29.53333333,-0.036539294,-0.137683019,-0.663841546,0.157507792,-0.026903607,-0.381805241,0.256360143,-0.081148505,-0.163667083,0.246205315,-0.220658496,0.007427332,0.120971508,-0.003525893,-0.001201459,0.132753834,-0.400675297,-0.078166544,0.200801492,-0.734386623,-0.03069702,-0.185413957,-0.034928691,-0.424183428,-0.265094221,-0.095581725,-0.153307587,-0.238660589,-0.236584246,0.015712386,-0.121750101,0.005008496,0.002816125,-0.130075276,-0.402898908,-0.040026762,-0.157472759,-0.786054611,0.024053646
29.55,-0.03824513,-0.148955241,-0.601527095,0.155480698,-0.026905062,-0.379149079,0.256166637,-0.078587189,-0.176075593,0.245254159,-0.219187155,-0.025114706,0.12101353,-0.003458427,-0.001269805,0.132613137,-0.400645435,-0.062960982,0.197762713,-0.731164098,-0.002979522,-0.186390325,-0.036233943,-0.411226928,-0.270699203,-0.094692692,-0.159945756,-0.240625471,-0.23979263,-0.016406557,-0.121782407,0.004944949,0.002861654,-0.130163684,-0.402696311,-0.032108828,-0.163488448,-0.784651041,0.033779498
29.56666667,-0.043587558,-0.161482647,-0.618400455,0.155315474,-0.048755098,-0.37756592,0.254928142,-0.099917427,-0.173628837,0.236197069,-0.229434237,-0.018863665,0.120982818,-0.003853639,-0.001293189,0.129391164,-0.400660694,-0.063599803,0.190562814,-0.730812669,0.002914992,-0.186770946,-0.050300475,-0.409797668,-0.271624595,-0.104691803,-0.158628151,-0.243271783,-0.244693711,-0.014165037,-0.121743046,0.00536772,0.002878489,-0.13256003,-0.402364373,-0.027679382,-0.173309237,-0.783537805,0.046204217
29.58333333,-0.047868058,-0.176170945,-0.62355268,0.154608712,-0.065676056,-0.374270469,0.246883914,-0.118905939,-0.172905222,0.210068315,-0.240161568,-0.018347763,0.120974906,-0.004424139,-0.001305259,0.122679457,-0.403393269,-0.063381754,0.179714754,-0.731952429,0.0140193,-0.186994225,-0.065199673,-0.405203253,-0.272252589,-0.121628687,-0.159504697,-0.244033128,-0.257000715,-0.031313442,-0.121731214,0.005970113,0.002888533,-0.134933606,-0.402162254,-0.022618575,-0.18285802,-0.78266108,0.059429046
29.6,-0.048934173,-0.189036936,-0.632509828,0.153510913,-0.078613795,-0.374287456,0.241035521,-0.132531404,-0.170712098,0.203166738,-0.248848826,-0.01540695,0.120729402,-0.004926868,-0.001125678,0.12279281,-0.404952228,-0.065916516,0.17860429,-0.737099826,0.012571749,-0.186835438,-0.07416261,-0.405573934,-0.273323625,-0.126912296,-0.160608962,-0.243172273,-0.256016165,-0.032847986,-0.121467553,0.006500444,0.002708821,-0.135281235,-0.402623922,-0.023348762,-0.187765241,-0.783801377,0.060030457
29.61666667,-0.050303612,-0.185752138,-0.612862408,0.153362021,-0.073351331,-0.371794224,0.241178989,-0.122952878,-0.172385618,0.20709835,-0.245052934,-0.021401642,0.120699674,-0.005532503,-0.001162175,0.115428999,-0.406648785,-0.058552805,0.166764364,-0.737025082,0.027856737,-0.186520666,-0.067681953,-0.399023294,-0.279948473,-0.117001176,-0.164134666,-0.246452868,-0.250288904,-0.04665795,-0.12142463,0.007129411,0.002736089,-0.139426723,-0.402754337,-0.019922886,-0.20062235,-0.783339918,0.065097153
29.63333333,-0.050711062,-0.184841052,-0.645407081,0.149646059,-0.075238697,-0.373500615,0.234163418,-0.11846187,-0.168829754,0.202734232,-0.243596613,-0.007256001,0.12021438,-0.005642836,-0.000989506,0.114072904,-0.407032132,-0.076324746,0.166253299,-0.746161282,0.020316828,-0.186342835,-0.072321579,-0.402266264,-0.279878765,-0.113864638,-0.164682209,-0.232450321,-0.242046818,-0.040949818,-0.120938204,0.007257025,0.002572353,-0.137876153,-0.40266645,-0.023203868,-0.198201671,-0.784718394,0.064078532
29.65,-0.047904141,-0.191885382,-0.65348351,0.149467245,-0.079688244,-0.373838633,0.233212471,-0.120513782,-0.164451584,0.205008015,-0.243281528,0.001076396,0.119805098,-0.005785076,-0.000307115,0.114486508,-0.407024682,-0.079138927,0.166566461,-0.748539567,0.018091148,-0.185192332,-0.07749664,-0.404320776,-0.275126308,-0.11390157,-0.164874867,-0.217880264,-0.234875858,-0.03847494,-0.120500162,0.007425569,0.001931107,-0.13231796,-0.402302504,-0.02706795,-0.197403222,-0.784525335,0.062346708
29.66666667,-0.042957406,-0.196068019,-0.673909545,0.149654403,-0.082122803,-0.376900375,0.234653711,-0.119758725,-0.159923404,0.207010537,-0.241879001,0.014080897,0.119431384,-0.005800129,0.000374853,0.114791013,-0.406936496,-0.082256034,0.167500317,-0.749381304,0.016607629,-0.183664307,-0.084023602,-0.414162815,-0.274327457,-0.11934939,-0.168841854,-0.219811499,-0.239560246,-0.036293071,-0.120138779,0.007447494,0.001273944,-0.131015509,-0.40221262,-0.028278239,-0.194455132,-0.784617186,0.061611153
29.68333333,-0.041154303,-0.198010921,-0.677202821,0.149703145,-0.081181429,-0.377768338,0.237075418,-0.119973801,-0.158384413,0.207812592,-0.243039742,0.015097274,0.119137272,-0.005635644,0.000981161,0.1149453,-0.404405326,-0.089115277,0.168037713,-0.749310732,0.010055046,-0.18327485,-0.08987055,-0.417469949,-0.270718306,-0.129047528,-0.172356635,-0.208922073,-0.24383013,-0.03459302,-0.119855396,0.007299234,0.000685883,-0.127996996,-0.402146339,-0.031152543,-0.188009247,-0.78530407,0.05425315
29.7,-0.036164749,-0.203001261,-0.676327109,0.150816187,-0.082121752,-0.375797749,0.240210056,-0.121663466,-0.15476124,0.21213226,-0.246208534,0.013894966,0.119046465,-0.005549226,0.001960248,0.119809091,-0.401139975,-0.090592913,0.169866934,-0.748959899,0.005933028,-0.18275179,-0.092082851,-0.417381883,-0.269953847,-0.130688295,-0.173874542,-0.203163013,-0.244333521,-0.034064416,-0.119759038,0.007219777,-0.00028603,-0.124840036,-0.402095467,-0.035775408,-0.181680664,-0.785612285,0.046013471
29.71666667,-0.033003412,-0.200349554,-0.674711227,0.151112154,-0.080748759,-0.375256658,0.250184804,-0.118088581,-0.154594585,0.225640371,-0.235172063,0.013420415,0.118852653,-0.005533333,0.002299157,0.122708037,-0.399247646,-0.091372259,0.172096401,-0.74867326,0.003285443,-0.181665227,-0.090486102,-0.417313427,-0.266227603,-0.128436461,-0.175302207,-0.188582346,-0.228658438,-0.037225716,-0.119557545,0.007202738,-0.000620293,-0.123861179,-0.401417851,-0.038982697,-0.17958875,-0.785267234,0.040774707
29.73333333,-0.031906914,-0.200238287,-0.660917342,0.150585815,-0.079268388,-0.371563226,0.250019312,-0.112112582,-0.153916106,0.226075709,-0.230828702,0.012729597,0.118801475,-0.005156118,0.002699709,0.1256264,-0.391021878,-0.096943721,0.174026594,-0.747889996,-0.012240604,-0.181723818,-0.09156058,-0.413510203,-0.2656883,-0.127216175,-0.177230656,-0.187996149,-0.228488594,-0.041422844,-0.119504981,0.006831551,-0.001023414,-0.123127855,-0.400884241,-0.041938052,-0.175726995,-0.785170197,0.03022496
29.75,-0.03222112,-0.199390665,-0.660942495,0.149934724,-0.078373127,-0.374517977,0.249862388,-0.10204564,-0.157923073,0.224359825,-0.219634801,0.010767593,0.118763201,-0.00470136,0.002732102,0.125398234,-0.390567034,-0.104236305,0.174184978,-0.747726142,-0.020329751,-0.182913914,-0.092702441,-0.415107965,-0.266595334,-0.126232162,-0.182613716,-0.191954762,-0.227595553,-0.0445529,-0.119476847,0.006377325,-0.001064037,-0.122416154,-0.400798231,-0.044451758,-0.175345302,-0.785630167,0.025593819
29.76666667,-0.033231564,-0.199706152,-0.619820118,0.145399258,-0.074408874,-0.374426514,0.245775968,-0.093775697,-0.179635793,0.220705375,-0.21699588,-0.039593298,0.118896231,-0.003847063,0.002727379,0.128358662,-0.382166862,-0.112576678,0.176097989,-0.742198467,-0.049666703,-0.186991155,-0.092006937,-0.410599262,-0.260886252,-0.126392394,-0.18767859,-0.188206851,-0.228803098,-0.061389249,-0.119600005,0.005506582,-0.001068744,-0.122095481,-0.400821835,-0.050873794,-0.175040394,-0.786000431,0.005863975
29.78333333,-0.036137052,-0.207052365,-0.575153351,0.142394394,-0.07275603,-0.366380811,0.242175922,-0.093372263,-0.180790856,0.217139065,-0.217716798,-0.04362084,0.119052157,-0.003385707,0.0027494,0.129926309,-0.380349576,-0.110582866,0.176160574,-0.740085125,-0.047630325,-0.190643802,-0.092337467,-0.396944642,-0.261206865,-0.131999746,-0.186970517,-0.190465882,-0.237309307,-0.061080948,-0.119737454,0.005047186,-0.001100099,-0.122153513,-0.401106566,-0.050418016,-0.174999669,-0.785786331,0.008748967
29.8,-0.036313124,-0.21798332,-0.593386471,0.142223045,-0.075186424,-0.367688239,0.241432011,-0.094350725,-0.179376766,0.217280135,-0.218919277,-0.03865198,0.119047239,-0.002900068,0.002894508,0.129507765,-0.380339146,-0.107409619,0.17623724,-0.739648104,-0.042113397,-0.190757871,-0.103208564,-0.397221625,-0.260258317,-0.145260066,-0.189361542,-0.185434595,-0.252253294,-0.059718858,-0.119730599,0.004582738,-0.00124803,-0.1213734,-0.401301205,-0.044500891,-0.173996195,-0.785744071,0.020437744
29.81666667,-0.036617026,-0.218422472,-0.597387314,0.142488077,-0.07532838,-0.365761369,0.239384815,-0.095008381,-0.176390544,0.216901839,-0.219168499,-0.036436554,0.119051658,-0.002867646,0.00294194,0.129425123,-0.380863935,-0.094050825,0.17626527,-0.738943398,-0.017956737,-0.190702662,-0.102519952,-0.395407587,-0.261113405,-0.144440994,-0.189017683,-0.187261701,-0.251491696,-0.058162779,-0.119730048,0.00455401,-0.001299311,-0.121512845,-0.40092802,-0.039035749,-0.174121574,-0.781875253,0.037064191
29.83333333,-0.039340407,-0.216441765,-0.603049457,0.142519906,-0.072459638,-0.36607343,0.237057984,-0.091321066,-0.175912052,0.217470318,-0.214514166,-0.033519171,0.119051114,-0.002831,0.002825627,0.129357502,-0.381345421,-0.087013565,0.175959691,-0.737168252,-0.004528515,-0.190729409,-0.099777579,-0.396305144,-0.261283398,-0.13154076,-0.18721427,-0.188866958,-0.242099687,-0.055474576,-0.119728014,0.00452202,-0.001198572,-0.123304054,-0.399041116,-0.037366997,-0.178313315,-0.777767301,0.043919053
29.85,-0.044623062,-0.208846152,-0.601901352,0.141213864,-0.067100875,-0.365470201,0.231953278,-0.078336455,-0.174804896,0.218120873,-0.193172887,-0.024897438,0.11910715,-0.002823419,0.00264569,0.129217744,-0.381594956,-0.085477345,0.175861686,-0.735695899,-0.002830382,-0.19326815,-0.092880584,-0.392712176,-0.267676413,-0.117129155,-0.181574002,-0.213154182,-0.23214899,-0.051683977,-0.119775876,0.004514566,-0.001043507,-0.124820307,-0.398684531,-0.036173891,-0.18049264,-0.775865912,0.046108749
29.86666667,-0.044610359,-0.216575325,-0.602648735,0.141254544,-0.069314852,-0.363649637,0.2294541,-0.080438815,-0.166391119,0.21489045,-0.196821108,-0.012760169,0.119073465,-0.002896539,0.002671232,0.129157543,-0.385955811,-0.079455242,0.176282018,-0.735705614,0.015237694,-0.19206813,-0.095807299,-0.391530901,-0.256766528,-0.131547049,-0.174132288,-0.200903431,-0.234547913,-0.042327348,-0.119721778,0.004592056,-0.00106552,-0.124713503,-0.398632437,-0.03038289,-0.180555418,-0.773741543,0.066733524
29.88333333,-0.044704806,-0.215448424,-0.625960588,0.141305611,-0.070829421,-0.362993598,0.22707808,-0.083983168,-0.149074584,0.209442288,-0.197204277,0.018719546,0.118776307,-0.003117899,0.002901441,0.127346233,-0.388455451,-0.078917488,0.175729558,-0.735316515,0.024989061,-0.190678641,-0.099324606,-0.3921161,-0.256941468,-0.13747023,-0.164826974,-0.197145715,-0.22958526,-0.023626843,-0.119403228,0.004809926,-0.00128205,-0.125959098,-0.396037668,-0.032950409,-0.182025239,-0.767405987,0.065099515
29.9,-0.046489909,-0.215369105,-0.631029308,0.141283348,-0.079016179,-0.361541241,0.219468519,-0.108846791,-0.140458465,0.197662145,-0.209177077,0.028963678,0.118519738,-0.004171527,0.002939941,0.121781699,-0.397634327,-0.074333809,0.171795607,-0.73724699,0.031514063,-0.189416483,-0.099925324,-0.392373592,-0.257134408,-0.139924586,-0.15729475,-0.190676972,-0.229465663,-0.017571853,-0.119130872,0.005894382,-0.001310445,-0.128804266,-0.395104766,-0.033053465,-0.184846804,-0.766997337,0.067025252
29.91666667,-0.046820138,-0.220705658,-0.632186055,0.141228318,-0.083024442,-0.363749146,0.214578763,-0.112749361,-0.141587272,0.188671127,-0.210313067,0.025356941,0.118342817,-0.004443855,0.002998796,0.118602775,-0.402103692,-0.060738917,0.169827893,-0.737389982,0.046331786,-0.188224539,-0.100994475,-0.395118177,-0.257362545,-0.139540359,-0.160897076,-0.188367069,-0.22970143,-0.026106678,-0.11894203,0.006187944,-0.001359657,-0.128852829,-0.395694554,-0.021744307,-0.185498267,-0.767349184,0.08340764
29.93333333,-0.046838019,-0.221652314,-0.638303936,0.142102852,-0.087480716,-0.365116537,0.220247388,-0.117893837,-0.142366216,0.190402627,-0.217733443,0.022652553,0.118205808,-0.0046774,0.003039394,0.117983922,-0.405913413,-0.057728864,0.169885278,-0.73739332,0.053606682,-0.186404079,-0.104793161,-0.398217857,-0.255798191,-0.141566113,-0.161534071,-0.186071649,-0.231395528,-0.026718188,-0.118801057,0.006422068,-0.001399134,-0.128673017,-0.396695584,-0.022265762,-0.185757965,-0.767605186,0.08609736
29.95,-0.045686647,-0.221891299,-0.626144648,0.144034207,-0.087505631,-0.360819429,0.223448724,-0.12278755,-0.142778516,0.194929883,-0.228222609,0.020580897,0.118191004,-0.005038699,0.003052577,0.117934473,-0.406793058,-0.053328678,0.169985294,-0.736905158,0.057180196,-0.185827568,-0.103755206,-0.394782692,-0.25659135,-0.140537024,-0.156569839,-0.190895796,-0.231532305,-0.016820103,-0.118778147,0.006778041,-0.001415256,-0.126629129,-0.396706253,-0.021526473,-0.18509078,-0.766644418,0.089825362
29.96666667,-0.047564533,-0.221031249,-0.615711272,0.143806681,-0.08696568,-0.357608825,0.214911401,-0.125371203,-0.142003819,0.188209236,-0.227618113,0.022917639,0.118179463,-0.00538492,0.003050317,0.117674008,-0.406404972,-0.051374242,0.170033246,-0.731688499,0.06071547,-0.185845897,-0.102134712,-0.391656101,-0.255699903,-0.140381053,-0.150709093,-0.190210149,-0.228685677,-0.006577137,-0.118763894,0.007124518,-0.001413343,-0.126617029,-0.395853966,-0.017396256,-0.18562454,-0.761092186,0.094523668
29.98333333,-0.045374267,-0.222838387,-0.611306071,0.144096792,-0.086779624,-0.357803673,0.225743368,-0.113374963,-0.143885434,0.206827119,-0.218145207,0.021848779,0.118169412,-0.005343704,0.002949601,0.118614502,-0.393577516,-0.058855001,0.170541525,-0.727014482,0.050046779,-0.185479641,-0.101866618,-0.39127335,-0.257221162,-0.121193096,-0.151881799,-0.20303674,-0.199168608,-0.007137307,-0.118751116,0.007079506,-0.001334737,-0.127813995,-0.39343816,-0.0199984,-0.185785994,-0.760833263,0.091870882
30,-0.043618318,-0.225843787,-0.604473233,0.144234955,-0.0866298,-0.358035058,0.227916554,-0.100344174,-0.144068271,0.209588587,-0.198394015,0.021057772,0.118158877,-0.005264159,0.002833248,0.118956029,-0.389514983,-0.062942952,0.171102777,-0.725521684,0.041981198,-0.18509391,-0.101927318,-0.389009833,-0.259465575,-0.112480178,-0.151648,-0.217269242,-0.180229396,-0.005308194,-0.118738793,0.006991814,-0.001242655,-0.130007893,-0.392867506,-0.020195955,-0.186658695,-0.760783076,0.090709127
30.01666667,-0.043571152,-0.225881711,-0.600579143,0.144250706,-0.086533934,-0.357675761,0.227887869,-0.100754134,-0.144679695,0.207971513,-0.199299306,0.021029333,0.11814259,-0.005298874,0.00271108,0.119301684,-0.387772053,-0.063240558,0.171157435,-0.724396944,0.041432776,-0.185033202,-0.101328753,-0.386877269,-0.261422545,-0.112544589,-0.149887085,-0.219972774,-0.177936256,-0.00401091,-0.118713826,0.007023867,-0.001136678,-0.130541489,-0.392123163,-0.02032434,-0.188568085,-0.759855092,0.088309072
30.03333333,-0.042957675,-0.229209036,-0.593633473,0.14431718,-0.086771213,-0.35715282,0.227847815,-0.100999385,-0.145074114,0.205921248,-0.200453594,0.020330315,0.118128456,-0.005311724,0.002682887,0.120129697,-0.388058215,-0.063521236,0.171205744,-0.724455893,0.040952977,-0.185024753,-0.101234734,-0.384888142,-0.264190823,-0.113730595,-0.149927109,-0.219255194,-0.181145579,-0.005213368,-0.118690535,0.007035044,-0.00111347,-0.13021183,-0.392112553,-0.019944172,-0.189134777,-0.760026157,0.087247171
30.05,-0.042389639,-0.22902599,-0.595430911,0.144550279,-0.087158971,-0.35651058,0.228432879,-0.104722157,-0.145202652,0.204881847,-0.202169254,0.0196511,0.118065812,-0.005343949,0.002679903,0.122157872,-0.38825959,-0.065409176,0.172010824,-0.724585056,0.040231049,-0.184763968,-0.101248398,-0.384788424,-0.26458618,-0.117298655,-0.149987444,-0.218987584,-0.185230091,-0.006035571,-0.118616,0.007063077,-0.001112045,-0.129403651,-0.392131448,-0.020149302,-0.189034224,-0.759989858,0.086437255
30.06666667,-0.0456766,-0.22753717,-0.594032586,0.143230245,-0.085673176,-0.35642013,0.22087875,-0.106862351,-0.146400616,0.192236438,-0.206617847,0.016646512,0.118055426,-0.005411512,0.002660556,0.122218303,-0.389160365,-0.059947986,0.173339128,-0.724224746,0.042877316,-0.185406908,-0.098277636,-0.384970725,-0.263990611,-0.120213479,-0.150856361,-0.218103305,-0.193218485,-0.010086891,-0.118601985,0.007133754,-0.001092788,-0.127756789,-0.392132938,-0.012954547,-0.188115135,-0.759307921,0.093398519
30.08333333,-0.048968066,-0.233012542,-0.559431136,0.141880766,-0.085993856,-0.348527044,0.21632722,-0.114315949,-0.146579877,0.186599791,-0.21764189,0.012037138,0.118209906,-0.005480298,0.002649987,0.122109041,-0.393383831,-0.049087338,0.174265191,-0.72439754,0.044904761,-0.187678978,-0.098311119,-0.378129005,-0.264332056,-0.130800396,-0.150782317,-0.217413455,-0.222349629,-0.013598487,-0.118722945,0.007211679,-0.00107709,-0.126059934,-0.393941551,-0.002804112,-0.1863814,-0.76119411,0.10190019
30.1,-0.0523258,-0.236927077,-0.538541913,0.140834779,-0.085788444,-0.346653193,0.206742167,-0.115566723,-0.146690547,0.17954585,-0.22278975,0.011301274,0.118349619,-0.005592268,0.002622094,0.120953344,-0.39433074,-0.04767438,0.173241451,-0.724492192,0.04422668,-0.189367294,-0.097126469,-0.373948157,-0.268704325,-0.130796358,-0.150799036,-0.220778227,-0.232241496,-0.017241914,-0.118840478,0.00733222,-0.001045071,-0.126064554,-0.394123495,-0.001639761,-0.186361834,-0.761229396,0.10101302
30.11666667,-0.05599951,-0.239295349,-0.550447762,0.138324589,-0.087728009,-0.346897244,0.192945749,-0.127960667,-0.146706164,0.16968821,-0.233522788,0.01190758,0.118359126,-0.005677568,0.002545983,0.120040789,-0.395550847,-0.048238784,0.173066616,-0.724652767,0.045344505,-0.191582024,-0.097985238,-0.374649525,-0.270327002,-0.141291425,-0.150806352,-0.215623662,-0.24073346,-0.017688656,-0.118844904,0.007428962,-0.000962069,-0.127280429,-0.39410606,-0.002263426,-0.186735451,-0.761271298,0.100088574
30.13333333,-0.056740191,-0.243175447,-0.554176569,0.137549013,-0.09090513,-0.34804523,0.188252747,-0.13359046,-0.147083431,0.167062074,-0.238977686,0.011871785,0.118429787,-0.005793123,0.002522702,0.116781063,-0.402102619,-0.040766276,0.172942385,-0.726239443,0.055183306,-0.192632064,-0.099799804,-0.375105828,-0.274594665,-0.145273328,-0.151629224,-0.215224594,-0.249526381,-0.021235781,-0.118906766,0.007559091,-0.000929248,-0.127489075,-0.394723982,-0.000598731,-0.186969131,-0.761353374,0.106042184
30.15,-0.057150703,-0.239728287,-0.554030657,0.136820614,-0.09079057,-0.347786099,0.179886162,-0.135032654,-0.143033728,0.162473112,-0.239934921,0.022723114,0.118482836,-0.006004383,0.002508845,0.117228553,-0.403168201,-0.042139493,0.173708379,-0.727505028,0.054808851,-0.192934334,-0.096717194,-0.374096066,-0.274411231,-0.146969721,-0.148565218,-0.215031266,-0.26012361,-0.01783802,-0.11895033,0.007776957,-0.000907646,-0.128203005,-0.394676596,-0.001493039,-0.187081888,-0.761384189,0.105017185
30.16666667,-0.056952961,-0.233635575,-0.567303717,0.136594966,-0.090781279,-0.347939938,0.182896614,-0.133984506,-0.140569568,0.164901063,-0.237872288,0.028646056,0.118489511,-0.00613866,0.002502542,0.118297942,-0.403048903,-0.050444394,0.175115839,-0.728092432,0.042322248,-0.192883626,-0.095020592,-0.374629945,-0.274264932,-0.146247834,-0.148225799,-0.214745224,-0.258133858,-0.015001808,-0.118956469,0.007914566,-0.000899954,-0.12890932,-0.39369002,-0.008581018,-0.186744004,-0.76178509,0.094705507
30.18333333,-0.057066027,-0.220991179,-0.577249587,0.136369675,-0.08725971,-0.34808436,0.183572024,-0.133086577,-0.139361069,0.165556103,-0.236903444,0.028713478,0.118471235,-0.006156617,0.002489827,0.11967361,-0.401908427,-0.057830576,0.177091599,-0.727476478,0.039112642,-0.192884639,-0.091051385,-0.374919116,-0.271859676,-0.146322206,-0.14829585,-0.212460697,-0.257870466,-0.014346399,-0.11893671,0.007932791,-0.000886585,-0.129385665,-0.392596602,-0.011221924,-0.186413735,-0.761247575,0.093691714
30.2,-0.057143863,-0.221324116,-0.577265203,0.135957956,-0.087272979,-0.347838283,0.184298173,-0.133897468,-0.139155641,0.166060254,-0.238199472,0.027972441,0.118476078,-0.006166118,0.002477142,0.120200671,-0.400209963,-0.060843207,0.177457362,-0.726672173,0.036309648,-0.19325763,-0.091328271,-0.375137806,-0.272282243,-0.147998855,-0.148373276,-0.211903557,-0.25720036,-0.014205737,-0.118939102,0.007942574,-0.000872436,-0.129889175,-0.392171174,-0.013015765,-0.186241612,-0.761270642,0.092931241
30.21666667,-0.058214411,-0.221659184,-0.581604779,0.135103002,-0.087562911,-0.347079396,0.184061795,-0.135012731,-0.136937156,0.164652109,-0.238244534,0.029413903,0.118416205,-0.006177841,0.002446147,0.119666182,-0.400034338,-0.063917957,0.177443966,-0.72667104,0.036010437,-0.193438813,-0.094437055,-0.374878943,-0.273053169,-0.152410433,-0.146782801,-0.207019091,-0.258597702,-0.01197243,-0.118882537,0.007954258,-0.000843259,-0.134336889,-0.390105516,-0.026915163,-0.18670553,-0.761004984,0.087688357
30.23333333,-0.062872857,-0.225957587,-0.585810661,0.132843301,-0.091184385,-0.347671896,0.177969143,-0.138646394,-0.13637808,0.155230179,-0.237815067,0.031163769,0.118401565,-0.006206935,0.002320089,0.118252762,-0.400294572,-0.064370155,0.17726253,-0.726942658,0.036099497,-0.195052326,-0.098714091,-0.3751342,-0.27634418,-0.158006728,-0.146842077,-0.205953687,-0.263844639,-0.012012883,-0.118870229,0.007991345,-0.000710697,-0.139940098,-0.390121579,-0.026623465,-0.190127388,-0.76192224,0.087725893
30.25,-0.068559565,-0.225071639,-0.575972497,0.130533695,-0.090321429,-0.347041875,0.175195649,-0.141653672,-0.135878041,0.156416938,-0.249386445,0.0335471,0.118430845,-0.006219601,0.001796758,0.118317425,-0.399915755,-0.068130955,0.177347124,-0.727102816,0.028368056,-0.197771102,-0.09765289,-0.372465909,-0.275845557,-0.162452638,-0.144208044,-0.205864862,-0.279544622,-0.01096056,-0.118897989,0.008004731,-0.000164192,-0.143031642,-0.389911503,-0.026798956,-0.190105438,-0.763073325,0.084240995
30.26666667,-0.068678208,-0.234008625,-0.553993523,0.130452499,-0.093250148,-0.346191943,0.17447035,-0.146866158,-0.135917857,0.157254741,-0.256533742,0.034523666,0.118486993,-0.006306467,0.001532859,0.114043958,-0.401771128,-0.065587677,0.17679131,-0.729929209,0.028482104,-0.198731214,-0.098486155,-0.369544894,-0.278492749,-0.161387309,-0.143344134,-0.212158427,-0.276229918,-0.010561201,-0.118949853,0.008099914,0.000104106,-0.142704368,-0.390369296,-0.025272693,-0.190062672,-0.765734375,0.085461065
30.28333333,-0.068381049,-0.239911228,-0.50920248,0.131186411,-0.093169875,-0.338175893,0.174991071,-0.148327351,-0.134578884,0.163074076,-0.265699893,0.035298515,0.118744984,-0.00636639,0.001321443,0.114129461,-0.402804255,-0.057169221,0.176767856,-0.730405927,0.034482636,-0.19866766,-0.098813526,-0.358503819,-0.277342081,-0.163841441,-0.138134003,-0.212551221,-0.280186653,-0.00906367,-0.119193807,0.00816118,0.000333095,-0.141874313,-0.392377615,-0.015796375,-0.187995985,-0.766158044,0.093804754
30.3,-0.067156769,-0.239859536,-0.523305237,0.132224292,-0.093880907,-0.3385562,0.176502421,-0.150127381,-0.134674236,0.164455071,-0.265468329,0.034077182,0.118792333,-0.006449604,0.001222776,0.113690987,-0.407686532,-0.051462207,0.177046552,-0.73454392,0.036671206,-0.198386893,-0.099765792,-0.359740496,-0.277217001,-0.167260244,-0.138618037,-0.21243982,-0.285369366,-0.011873085,-0.119241185,0.008243979,0.000434527,-0.139341757,-0.39321503,-0.013409025,-0.185294032,-0.767659843,0.095935069
30.31666667,-0.066857353,-0.241778597,-0.544090688,0.13229993,-0.098992608,-0.340343803,0.18203418,-0.154221192,-0.136592224,0.16674602,-0.267442495,0.026734855,0.118793048,-0.00650783,0.001142706,0.112430289,-0.410591632,-0.050908253,0.177010328,-0.737157702,0.037543818,-0.198392302,-0.102876745,-0.362276584,-0.279868841,-0.166413739,-0.139850512,-0.214887366,-0.284973651,-0.014136215,-0.119241633,0.008301909,0.00050846,-0.139082104,-0.394316643,-0.013495385,-0.185305104,-0.770254433,0.095955119
30.33333333,-0.066752091,-0.241471007,-0.583625615,0.132683367,-0.102492273,-0.345885336,0.180509448,-0.155545056,-0.136583701,0.159609601,-0.260682642,0.028327767,0.118743964,-0.006799311,0.001174714,0.109719709,-0.419115424,-0.043196261,0.17676495,-0.742286921,0.048986666,-0.197334424,-0.103721246,-0.372876197,-0.282148987,-0.165799558,-0.145213902,-0.214444071,-0.28413108,-0.019311322,-0.119200356,0.008602693,0.000479966,-0.138989508,-0.39694646,-0.010682739,-0.185434476,-0.772423744,0.099926732
30.35,-0.066528015,-0.241233543,-0.606901407,0.1326776,-0.105220318,-0.354335397,0.170664981,-0.15775317,-0.137427658,0.146182507,-0.258218527,0.028613999,0.118679166,-0.007090455,0.001239329,0.108578682,-0.426359355,-0.043243423,0.176033914,-0.74972403,0.0486621,-0.195992067,-0.105399288,-0.385489434,-0.28232637,-0.167711616,-0.15475817,-0.212588847,-0.286460042,-0.02968719,-0.11914748,0.008904897,0.000432932,-0.139878944,-0.399712235,-0.009386075,-0.185393333,-0.775692523,0.099737868
30.36666667,-0.067335524,-0.236096442,-0.601803005,0.132129401,-0.101327263,-0.355523139,0.160597339,-0.153954595,-0.137617365,0.133202001,-0.245169461,0.029472616,0.118682355,-0.007172455,0.00124217,0.108192399,-0.426111281,-0.043733418,0.175652578,-0.748939574,0.051499408,-0.19594799,-0.10415943,-0.385831743,-0.278172046,-0.167506084,-0.154644772,-0.206387103,-0.28876102,-0.028825086,-0.119151339,0.008990235,0.000435953,-0.139788806,-0.400554657,-0.00498994,-0.185448498,-0.7754215,0.104153156
30.38333333,-0.072503626,-0.22628592,-0.621179879,0.131578013,-0.098911144,-0.357697606,0.160605252,-0.13355276,-0.136858299,0.128747135,-0.183452502,0.03885008,0.118559815,-0.007241925,0.001289364,0.106985532,-0.425171584,-0.040024988,0.173756823,-0.747899473,0.068017632,-0.196086869,-0.104170687,-0.388008535,-0.278145969,-0.166097909,-0.154463813,-0.206331804,-0.263611227,-0.02703589,-0.119050011,0.009055596,0.000369327,-0.140377507,-0.400479764,-0.004924166,-0.189722523,-0.773697257,0.111585863
30.4,-0.073578708,-0.222897202,-0.629115283,0.131491631,-0.096117847,-0.363018095,0.163423687,-0.115665056,-0.13795051,0.132176906,-0.165706173,0.039887749,0.118479736,-0.007299598,0.001281096,0.106508285,-0.424385428,-0.03914557,0.173228592,-0.745981991,0.068738155,-0.196128473,-0.103703968,-0.393972516,-0.280888081,-0.152982652,-0.159614369,-0.208026722,-0.247253671,-0.028600201,-0.118987262,0.009107314,0.000373638,-0.140319139,-0.400671393,-0.001072088,-0.192339316,-0.772864103,0.115007319
30.41666667,-0.080357738,-0.22271207,-0.623436749,0.12972033,-0.096082017,-0.362956405,0.163650855,-0.119108185,-0.138183475,0.128644347,-0.175786108,0.041053213,0.118409604,-0.007695788,0.001146565,0.101571023,-0.426445812,-0.039507143,0.168518201,-0.745611012,0.067901894,-0.196672633,-0.103981011,-0.393179297,-0.280730695,-0.154356465,-0.158229828,-0.200144112,-0.248852938,-0.028305918,-0.11892274,0.009502232,0.00051815,-0.140701666,-0.400269091,-0.001417974,-0.195025444,-0.771046162,0.114269882
30.43333333,-0.079635441,-0.209432751,-0.64185828,0.129515216,-0.090540141,-0.368522793,0.177408069,-0.115055069,-0.1441928,0.140690744,-0.179975376,0.036710918,0.118354112,-0.007655601,0.001140629,0.104552388,-0.425941855,-0.0415323,0.16963996,-0.74548322,0.06318637,-0.196680322,-0.102458805,-0.403370619,-0.279205233,-0.151115447,-0.166868702,-0.193480417,-0.244134858,-0.034407377,-0.118879803,0.009450262,0.000523495,-0.140565917,-0.400221974,-0.003907483,-0.194488287,-0.769483924,0.107296199
30.45,-0.079303831,-0.193937138,-0.655343592,0.129151478,-0.081857271,-0.374159783,0.193418518,-0.100554414,-0.151824519,0.155931264,-0.169507176,0.027632559,0.11832419,-0.007509207,0.000906136,0.109396748,-0.425511599,-0.052386075,0.173266739,-0.745761216,0.04305163,-0.197493687,-0.097966634,-0.409669995,-0.280824989,-0.141118944,-0.172114819,-0.198149875,-0.235897094,-0.041886572,-0.118863918,0.009279163,0.000746777,-0.140527621,-0.400508732,-0.010599651,-0.192178071,-0.770352542,0.087976396
30.46666667,-0.070816942,-0.188835338,-0.666514814,0.130450532,-0.080505975,-0.374416202,0.216560826,-0.097371362,-0.152285248,0.179118291,-0.167706251,0.026686814,0.11803747,-0.0073153,0.001098138,0.117622219,-0.424652994,-0.057265036,0.182087615,-0.745460808,0.037946209,-0.195008099,-0.09742409,-0.410920709,-0.273855925,-0.136467218,-0.171474174,-0.191787511,-0.214974865,-0.032275055,-0.118600108,0.00904985,0.000531322,-0.136752397,-0.400425136,-0.022073841,-0.190565497,-0.770191967,0.077812634
30.48333333,-0.069882609,-0.190120652,-0.659223914,0.131057382,-0.080302291,-0.373696923,0.216281444,-0.100299455,-0.152025864,0.177803919,-0.169204146,0.026773728,0.117899686,-0.007311977,0.0011885,0.117316134,-0.425029576,-0.057149265,0.181785241,-0.745273709,0.038538285,-0.193621621,-0.097493865,-0.409421593,-0.270618945,-0.137812406,-0.170762151,-0.181391165,-0.215331241,-0.031400915,-0.118469968,0.009041307,0.000442611,-0.13385272,-0.400420696,-0.022336774,-0.18900764,-0.769765496,0.077176951
30.5,-0.069840141,-0.185377389,-0.667848229,0.132272422,-0.076866262,-0.375827819,0.225741103,-0.099886447,-0.159408331,0.180262372,-0.172860712,0.017868027,0.117799766,-0.0072263,0.001232903,0.117418505,-0.425110072,-0.058327969,0.181968123,-0.745151579,0.037340801,-0.192944244,-0.097193584,-0.414539069,-0.266090363,-0.138423145,-0.171762168,-0.179803565,-0.216704473,-0.031663373,-0.118376628,0.008935551,0.000403172,-0.12911576,-0.400632828,-0.023010947,-0.185403794,-0.768980503,0.074931465
30.51666667,-0.069421723,-0.181446403,-0.66600889,0.133086041,-0.075574249,-0.375274211,0.223379403,-0.100478277,-0.15971984,0.178745672,-0.173114747,0.013492057,0.117761552,-0.007239249,0.001254035,0.115929812,-0.42829147,-0.056482319,0.181789622,-0.745502114,0.039499886,-0.192309797,-0.096446931,-0.41419068,-0.264318347,-0.138493463,-0.171795636,-0.177103788,-0.215008989,-0.034325451,-0.118339926,0.008943038,0.000389103,-0.128316909,-0.400803149,-0.022609985,-0.18517454,-0.767962575,0.076031797
30.53333333,-0.069259308,-0.165552571,-0.663845718,0.133096889,-0.062047385,-0.374865115,0.220244929,-0.091457047,-0.161052451,0.177442193,-0.173938155,0.011187072,0.117665611,-0.007240288,0.001246381,0.11423225,-0.422666997,-0.05756947,0.180412441,-0.735739887,0.038978171,-0.192202747,-0.075930789,-0.413267344,-0.262138933,-0.107396223,-0.170614794,-0.178329885,-0.180631042,-0.032087155,-0.118242241,0.008940796,0.000397918,-0.128286391,-0.397161722,-0.022419786,-0.186108708,-0.758371055,0.076779932
30.55,-0.066534244,-0.155865356,-0.670024991,0.134482697,-0.051315159,-0.375124246,0.229845077,-0.093209162,-0.165963247,0.190513879,-0.198303804,-0.007644018,0.11768017,-0.00709689,0.001274389,0.117058404,-0.421288043,-0.05839644,0.183025986,-0.733931184,0.036908269,-0.192070976,-0.066774681,-0.418509901,-0.258274645,-0.108952299,-0.175574943,-0.174230799,-0.189795151,-0.03766764,-0.118262894,0.008773245,0.000372249,-0.12383505,-0.396723449,-0.024646601,-0.180872411,-0.757097065,0.071792677
30.56666667,-0.066025056,-0.134952903,-0.668250799,0.134865507,-0.038972855,-0.373832792,0.227024555,-0.094042614,-0.171980768,0.18371354,-0.198926389,-0.040621642,0.117839299,-0.00702406,0.00128982,0.116772875,-0.421420842,-0.05829696,0.183310151,-0.732199728,0.037028391,-0.192112729,-0.051446486,-0.418165982,-0.25669682,-0.10814134,-0.182054594,-0.164858997,-0.181804135,-0.057663295,-0.118438542,0.008684018,0.0003604,-0.122807309,-0.395534724,-0.024770187,-0.17728129,-0.753917992,0.071913339
30.58333333,-0.063160412,-0.13797538,-0.666348577,0.139212623,-0.029220743,-0.373715907,0.235315695,-0.092875332,-0.176688954,0.190304294,-0.203852937,-0.047433577,0.118064955,-0.006631355,0.001318222,0.122128516,-0.421382725,-0.054146416,0.192218319,-0.729907334,0.042604517,-0.191355214,-0.05052134,-0.419945687,-0.245991349,-0.109352313,-0.182056174,-0.162392378,-0.19207111,-0.0546376,-0.118668221,0.008263408,0.000334363,-0.115060046,-0.395823359,-0.024112748,-0.164259657,-0.753132582,0.073598377
30.6,-0.063201539,-0.126444787,-0.671630144,0.14028503,-0.015816839,-0.375311226,0.244249806,-0.07702186,-0.181302011,0.213691682,-0.203172222,-0.041523237,0.118274741,-0.006011697,0.001312515,0.125123605,-0.418462038,-0.055019613,0.194302857,-0.729448676,0.034774043,-0.191542953,-0.040175389,-0.42315945,-0.246930525,-0.103121333,-0.181801111,-0.167279154,-0.194023713,-0.041655079,-0.118891798,0.007611774,0.000336566,-0.114658505,-0.395384103,-0.026955558,-0.163697436,-0.752375126,0.068429478
30.61666667,-0.057534318,-0.119889438,-0.660858393,0.144877493,-0.010653964,-0.375138342,0.244845673,-0.075218879,-0.184420764,0.215963691,-0.202931091,-0.050511274,0.118398003,-0.005741677,0.00128455,0.125835344,-0.418286681,-0.049206581,0.195435539,-0.728008986,0.035062093,-0.190894589,-0.032991774,-0.42272076,-0.247845009,-0.102159478,-0.181341588,-0.175963655,-0.195836857,-0.041089591,-0.119025238,0.007335203,0.00036496,-0.113675483,-0.39536956,-0.025726067,-0.157777891,-0.751374662,0.069158986
30.63333333,-0.042859327,-0.122471161,-0.660113752,0.153457224,-0.013669345,-0.374061108,0.252327412,-0.076991357,-0.183884174,0.233697578,-0.207584962,-0.046080053,0.118527278,-0.005129597,0.001304837,0.132190973,-0.415765077,-0.049268574,0.204077363,-0.727916241,0.028983524,-0.187723055,-0.038218565,-0.424125373,-0.243489012,-0.110121556,-0.180963203,-0.173903301,-0.200633094,-0.037135992,-0.119171098,0.00670204,0.000344662,-0.108562142,-0.396057039,-0.025822891,-0.143654868,-0.751987636,0.065187141
30.65,-0.03440759,-0.103536114,-0.659900367,0.156737745,-0.003124795,-0.373981416,0.253512293,-0.070538633,-0.183529228,0.234158441,-0.196391314,-0.049469057,0.118747793,-0.004884405,0.001305599,0.135988042,-0.415278316,-0.04995713,0.204988405,-0.727998674,0.029662559,-0.186641529,-0.022483164,-0.424074769,-0.242712855,-0.107377104,-0.182210088,-0.174302384,-0.200273246,-0.046546191,-0.119445302,0.006438302,0.000340367,-0.10774266,-0.396225214,-0.026505364,-0.145288736,-0.752250671,0.065807678
30.66666667,-0.031233545,-0.099754803,-0.667872727,0.160749972,-0.004063995,-0.373569697,0.251238942,-0.072578058,-0.175460532,0.236809999,-0.20295839,-0.042450294,0.118834473,-0.004750651,0.001504146,0.143022999,-0.405863672,-0.05817692,0.203999072,-0.727974117,0.003106029,-0.186689809,-0.018224925,-0.426224828,-0.246964335,-0.095290422,-0.180553019,-0.18807371,-0.201874048,-0.027378486,-0.119552873,0.006301926,0.000140351,-0.108324379,-0.396133602,-0.033765711,-0.145968154,-0.753097475,0.036848504
30.68333333,-0.032909889,-0.092530496,-0.673789501,0.160723343,0.006878041,-0.374797583,0.249455914,-0.064831056,-0.175087363,0.237874568,-0.202704459,-0.040814038,0.118908316,-0.004501447,0.001569462,0.14536573,-0.397558063,-0.064216174,0.203316137,-0.726267874,-0.010424786,-0.187660128,-0.007457846,-0.429339021,-0.250475675,-0.081582747,-0.179468215,-0.200398654,-0.203364164,-0.01632743,-0.119635776,0.006055278,7.47E-05,-0.108456582,-0.395375371,-0.042055063,-0.146480039,-0.753382921,0.017774945
30.7,-0.040815953,-0.076638773,-0.680446565,0.160153896,0.017055148,-0.379269481,0.248363405,-0.057163052,-0.177509412,0.237490401,-0.202612057,-0.039140437,0.119022608,-0.004383236,0.00124955,0.144090876,-0.393958867,-0.077385925,0.201087445,-0.726278722,-0.031927444,-0.193933189,0.010439521,-0.429567128,-0.265240252,-0.059899252,-0.174599811,-0.238697439,-0.204052866,-0.012345838,-0.119771309,0.005941059,0.000380721,-0.117351934,-0.394500673,-0.048292231,-0.149135858,-0.757415116,0.003806634
30.71666667,-0.061076857,-0.019599792,-0.698508799,0.155550659,0.057953969,-0.38460657,0.252205372,-0.021243665,-0.183478951,0.258238137,-0.194553316,-0.037782762,0.119197398,-0.004154197,0.000312258,0.143477097,-0.385977656,-0.091510177,0.20024693,-0.724700272,-0.045074318,-0.204521969,0.055642001,-0.429317057,-0.2792871,-0.016841643,-0.16813457,-0.262021661,-0.192666516,-0.013707849,-0.119969763,0.005690956,0.001257776,-0.12521778,-0.390573144,-0.059069842,-0.154967278,-0.757903993,-0.011069515
30.73333333,-0.073909961,-0.001142161,-0.694146872,0.151186079,0.065913923,-0.384924084,0.250137061,-0.015891554,-0.183995336,0.251952827,-0.194348142,-0.032385305,0.119345516,-0.00474692,-0.000368103,0.140515074,-0.386767894,-0.090973735,0.193004936,-0.71535641,-0.014580165,-0.213274121,0.072776675,-0.427250266,-0.281980932,0.006142484,-0.1562116,-0.274015397,-0.192629874,-0.000270085,-0.120094262,0.006250106,0.001926523,-0.134826466,-0.379062712,-0.061712597,-0.170088753,-0.746565044,-0.000659524
30.75,-0.074398875,-0.001828582,-0.692268789,0.149645135,0.071325287,-0.384579957,0.249599025,-0.013154588,-0.184713095,0.249604791,-0.194478169,-0.033103231,0.119479768,-0.004887119,-0.000777144,0.140161023,-0.38485074,-0.090001062,0.192380756,-0.708230615,-0.01032761,-0.217308298,0.083635978,-0.426053584,-0.285301119,0.012621257,-0.154352307,-0.269611686,-0.193138495,-0.000642595,-0.120203204,0.006381676,0.002339286,-0.140766904,-0.373987079,-0.060062289,-0.173241064,-0.741012454,0.014834137
30.76666667,-0.07310722,-0.00422559,-0.690715611,0.149570599,0.069684841,-0.384346783,0.245626464,-0.018395469,-0.183479875,0.247592226,-0.197778389,-0.029124971,0.119576655,-0.005078324,-0.000996277,0.138560563,-0.387361914,-0.06813363,0.192299783,-0.708979428,0.023210036,-0.215807319,0.084513105,-0.425926924,-0.283548236,0.008304011,-0.151343197,-0.263411433,-0.200519145,0.004055589,-0.120284811,0.006568221,0.002560085,-0.139375284,-0.3751674,-0.058455672,-0.173144564,-0.742040217,0.025694026
30.78333333,-0.072561912,0.017207688,-0.689389944,0.149370998,0.085102491,-0.384017378,0.241887435,-0.01587561,-0.18315433,0.246173114,-0.199064583,-0.033868395,0.119806275,-0.0052783,-0.001394811,0.137517706,-0.39167124,-0.053153966,0.191885889,-0.709841251,0.045707542,-0.215398937,0.104887187,-0.424035132,-0.283276618,0.018052852,-0.151342273,-0.262668043,-0.201406971,0.001680504,-0.120490544,0.006749139,0.002948589,-0.141921729,-0.375812888,-0.05399283,-0.174351335,-0.741937518,0.051273603
30.8,-0.072234981,0.028088642,-0.681910872,0.148753002,0.094399758,-0.383077711,0.241434515,-0.012506707,-0.183970422,0.24485071,-0.200455382,-0.043846391,0.119947381,-0.0056976,-0.001873965,0.134961605,-0.392762452,-0.05353488,0.189934254,-0.710760415,0.041028388,-0.216911912,0.112794809,-0.421113163,-0.283427387,0.020139327,-0.151281148,-0.265149981,-0.202782109,-0.004284168,-0.120610029,0.007138557,0.003418134,-0.145286873,-0.374001384,-0.052861258,-0.174993247,-0.738957882,0.058889031
30.81666667,-0.071545511,0.042536762,-0.684755564,0.148430824,0.099740237,-0.382501155,0.240837812,-0.014888167,-0.185892031,0.24262549,-0.21109426,-0.057709895,0.119966708,-0.00577623,-0.001886904,0.134645566,-0.393123448,-0.057558767,0.189834163,-0.711205125,0.03071036,-0.217169374,0.111112371,-0.421160698,-0.282821864,0.014151635,-0.152744025,-0.263876617,-0.210031226,-0.019712372,-0.120628096,0.007193483,0.003429646,-0.144644082,-0.374317765,-0.052287076,-0.174488083,-0.738999188,0.059006244
30.83333333,-0.07108622,0.060450658,-0.683387637,0.148198873,0.109666206,-0.38075155,0.240331829,-0.015247008,-0.186724603,0.241409019,-0.215638846,-0.066298574,0.12024112,-0.005868708,-0.001972104,0.132212043,-0.393789917,-0.060226817,0.187278628,-0.710672379,0.034202676,-0.217043027,0.117994823,-0.418815434,-0.282391548,0.009204403,-0.153077647,-0.266127318,-0.213941783,-0.034134164,-0.120893821,0.007250596,0.003497675,-0.14422673,-0.372859657,-0.055902887,-0.174311414,-0.733205378,0.058219947
30.85,-0.070874691,0.080985248,-0.674694121,0.147978276,0.122451998,-0.374940455,0.237101093,-0.011892437,-0.187186971,0.23215954,-0.215046763,-0.070648767,0.120538913,-0.006222779,-0.002109489,0.12581259,-0.393934816,-0.060384892,0.185702324,-0.708573699,0.037066225,-0.216936052,0.138513833,-0.41022262,-0.282663643,0.021087093,-0.153403655,-0.267978072,-0.213861197,-0.045327745,-0.12117739,0.007560662,0.003630624,-0.144655466,-0.373027772,-0.039228048,-0.174201488,-0.732020557,0.086214855
30.86666667,-0.071263023,0.099928848,-0.66805172,0.147849917,0.135624528,-0.372481763,0.235538453,-0.00763292,-0.190806225,0.22561121,-0.214491129,-0.079793036,0.120912641,-0.006445237,-0.00225009,0.118109822,-0.395435512,-0.062189993,0.182858646,-0.708463311,0.040129915,-0.217054084,0.150544047,-0.40477097,-0.282464087,0.023640523,-0.154010952,-0.267010421,-0.21374552,-0.056085777,-0.121543027,0.007739453,0.003744093,-0.144374892,-0.371930361,-0.044711228,-0.174194813,-0.729401708,0.081185468
30.88333333,-0.071029484,0.119414762,-0.671614647,0.147536844,0.146817416,-0.374963641,0.231520191,-0.008191686,-0.2113318,0.218658835,-0.217064455,-0.12485376,0.12113218,-0.006454792,-0.002956217,0.113514811,-0.400156856,-0.070708513,0.182764813,-0.709844232,0.038942304,-0.216943353,0.15443407,-0.405440658,-0.271764904,0.022737797,-0.171002746,-0.259645343,-0.219010428,-0.095202088,-0.121765427,0.007741841,0.004346037,-0.144135788,-0.372292697,-0.057648644,-0.173633307,-0.729748547,0.074311353
30.9,-0.070683591,0.126349762,-0.678091228,0.146574348,0.155391425,-0.384011179,0.224242583,-0.006499424,-0.226187751,0.212164894,-0.217547283,-0.146635041,0.121362492,-0.006529495,-0.003671452,0.111299984,-0.405683935,-0.071012862,0.18282935,-0.710065961,0.053357203,-0.216808572,0.162025392,-0.409464002,-0.267976701,0.018945102,-0.187900692,-0.258062154,-0.219835266,-0.121805541,-0.121998146,0.007796405,0.004992651,-0.144489422,-0.372806102,-0.05814337,-0.173533455,-0.729253531,0.074467137
30.91666667,-0.07056468,0.132627532,-0.672630727,0.145899996,0.161778793,-0.386764675,0.220346943,-0.006883027,-0.254593849,0.208875358,-0.221540913,-0.199667305,0.121516749,-0.006499793,-0.00450688,0.109525852,-0.406461179,-0.077684067,0.182142735,-0.713733971,0.04879763,-0.216698319,0.170670062,-0.409094483,-0.268107563,0.018309599,-0.210941941,-0.257842094,-0.221376315,-0.161445916,-0.122140855,0.007746366,0.005715168,-0.14708516,-0.372888058,-0.065240249,-0.17190437,-0.729249418,0.067422643
30.93333333,-0.068223357,0.140553117,-0.666648924,0.145579308,0.177422091,-0.389271051,0.217010647,-0.002827376,-0.269019276,0.204432771,-0.222112715,-0.229560345,0.12152575,-0.006450724,-0.005775875,0.109987289,-0.407460272,-0.093505025,0.182186037,-0.716290057,0.03350208,-0.215895459,0.182742044,-0.408144951,-0.267666072,0.017019127,-0.219992012,-0.255591333,-0.221119896,-0.173605114,-0.122152552,0.007676482,0.00684629,-0.149622887,-0.373575091,-0.064213082,-0.167230576,-0.729410648,0.07479649
30.95,-0.068087146,0.156771928,-0.658074439,0.145550698,0.192996964,-0.389218688,0.216527924,0.006884351,-0.273286551,0.201625228,-0.220387325,-0.235811368,0.121479236,-0.006398614,-0.006559349,0.110299766,-0.408423126,-0.094018005,0.183789119,-0.716503561,0.033392366,-0.21556893,0.196021423,-0.403759807,-0.267865509,0.016233668,-0.219917029,-0.255087912,-0.21858868,-0.179912135,-0.122106895,0.007601869,0.007579305,-0.150957659,-0.374103963,-0.055776451,-0.164521649,-0.729163647,0.09307503
30.96666667,-0.067025438,0.164243907,-0.650783956,0.145555601,0.202436462,-0.394324392,0.215748847,0.011701181,-0.316125631,0.198638514,-0.217757478,-0.314700276,0.121136643,-0.006359668,-0.007074664,0.109942466,-0.408916265,-0.092842445,0.184861183,-0.716765046,0.036142383,-0.212434724,0.208088607,-0.403490931,-0.26850614,0.015841652,-0.251837552,-0.255007982,-0.211055666,-0.235202491,-0.121748105,0.007545137,0.008032305,-0.151562437,-0.373794734,-0.057320088,-0.161918968,-0.727356076,0.089122832
30.98333333,-0.066474259,0.16555883,-0.649425566,0.145027936,0.206689104,-0.404640555,0.215319842,0.01505302,-0.343276292,0.197792873,-0.213531405,-0.358096451,0.120533012,-0.006574406,-0.008248506,0.107790776,-0.40874809,-0.095811196,0.185635492,-0.716736734,0.034542814,-0.208952144,0.219545856,-0.404118836,-0.268873066,0.017130669,-0.280776441,-0.254949272,-0.19999212,-0.284788877,-0.121113211,0.007730602,0.009125434,-0.155789629,-0.372530848,-0.057421383,-0.160256982,-0.724529147,0.089206189
31,-0.066417977,0.185889632,-0.640271902,0.143868685,0.218370155,-0.404273629,0.214530766,0.026624776,-0.341516107,0.195980981,-0.201379389,-0.359114707,0.120207235,-0.006664094,-0.008552376,0.106675953,-0.407633513,-0.103691824,0.184720904,-0.716087818,0.034048289,-0.208607033,0.233405769,-0.402308583,-0.270518512,0.027040416,-0.280523479,-0.25579378,-0.188182846,-0.287111193,-0.120776318,0.007801707,0.009396718,-0.161359042,-0.367288053,-0.06803374,-0.159911096,-0.717140257,0.088853411
31.01666667,-0.066340573,0.201192573,-0.639879823,0.141411513,0.231893167,-0.409262002,0.210238144,0.0325596,-0.358761311,0.190479025,-0.19443509,-0.393877447,0.11957401,-0.006677704,-0.009563043,0.100709349,-0.407538772,-0.105604373,0.183222413,-0.715539277,0.038172755,-0.207115039,0.24608697,-0.402476281,-0.271059066,0.033410192,-0.29271704,-0.25729534,-0.175481379,-0.308955342,-0.120151669,0.007807819,0.010330076,-0.163612247,-0.3675116,-0.067478128,-0.159676865,-0.716265321,0.094550781
31.03333333,-0.063797057,0.216627777,-0.637155473,0.141243234,0.249985039,-0.411652416,0.209903821,0.041957688,-0.377489805,0.188570857,-0.185645834,-0.429295599,0.118970849,-0.006654024,-0.010283649,0.099745095,-0.405794263,-0.108167075,0.183306441,-0.715159476,0.037322052,-0.202591568,0.264482021,-0.401805371,-0.271141768,0.044363644,-0.303551555,-0.257693708,-0.159466743,-0.329062223,-0.119549565,0.007770858,0.011009747,-0.164061293,-0.367630512,-0.066893838,-0.158801034,-0.716800988,0.092808746
31.05,-0.057910994,0.259189099,-0.637495995,0.141641006,0.262668729,-0.411052823,0.209875301,0.050179414,-0.377829999,0.187026352,-0.178211302,-0.433001131,0.118752941,-0.00652549,-0.010898929,0.097063817,-0.405701488,-0.113467276,0.182859182,-0.71517998,0.037150264,-0.199120089,0.271196157,-0.399577081,-0.270874232,0.048098739,-0.306428432,-0.259089053,-0.152839109,-0.338339746,-0.119330011,0.007601017,0.011592252,-0.165250406,-0.367949516,-0.066587374,-0.159114152,-0.717121422,0.092141494
31.06666667,-0.052073691,0.273236394,-0.642358005,0.142677397,0.256465316,-0.411969393,0.209240422,0.05129493,-0.369966447,0.18692404,-0.177470565,-0.408925384,0.118760139,-0.006568844,-0.010759359,0.097482547,-0.409676105,-0.120777272,0.183470234,-0.715675831,0.040008362,-0.195817441,0.264625221,-0.402628779,-0.265008181,0.050925307,-0.314252734,-0.25867939,-0.15312624,-0.331289262,-0.119361982,0.007607416,0.011422035,-0.164854079,-0.367919177,-0.075914033,-0.159905285,-0.717439353,0.090205148
31.08333333,-0.050333083,0.294081122,-0.641813576,0.143564194,0.267504215,-0.412480742,0.209407836,0.058337029,-0.381430626,0.18692717,-0.171193689,-0.4241786,0.118350655,-0.006897959,-0.011030562,0.095061563,-0.409592807,-0.118525855,0.185345411,-0.717920482,0.034012593,-0.19157064,0.283791363,-0.402162015,-0.263900876,0.062581569,-0.322720528,-0.258749545,-0.143373013,-0.340372801,-0.119032934,0.007838533,0.011655572,-0.164590448,-0.367932469,-0.064192452,-0.159872875,-0.722892642,0.090230577
31.1,-0.04584948,0.316687047,-0.625526488,0.148040935,0.288314968,-0.408810437,0.210027903,0.07068371,-0.376132101,0.18645823,-0.15679495,-0.424161255,0.118074059,-0.006911415,-0.011414447,0.093013406,-0.409499675,-0.114560619,0.185719892,-0.716923058,0.045971345,-0.187723309,0.302443683,-0.38937974,-0.261134028,0.076616466,-0.312543243,-0.259118348,-0.125696614,-0.340132147,-0.118737362,0.007843443,0.012049669,-0.164306194,-0.368021667,-0.054942831,-0.159035504,-0.721651852,0.106621981
31.11666667,-0.044902839,0.346597314,-0.596332729,0.152340561,0.314661801,-0.392434835,0.211569175,0.087561816,-0.370580465,0.186788097,-0.141472399,-0.420971721,0.117842339,-0.006825892,-0.011804934,0.093315631,-0.401617318,-0.114694104,0.18637605,-0.708624125,0.045285244,-0.184960827,0.325238436,-0.36796084,-0.258653522,0.091987431,-0.306908876,-0.259089977,-0.111629121,-0.337935358,-0.118514761,0.007719998,0.012434438,-0.163740695,-0.367070794,-0.052773498,-0.157411411,-0.716318846,0.108533606
31.13333333,-0.045191064,0.378011942,-0.570064425,0.154118299,0.33390525,-0.370519191,0.212226257,0.103355512,-0.367092609,0.187154636,-0.1285308,-0.40976274,0.117779687,-0.006578333,-0.012538773,0.093537629,-0.386004388,-0.129953116,0.186767265,-0.68974936,0.042187821,-0.185073689,0.337141037,-0.346113831,-0.258358836,0.100632384,-0.303987861,-0.259179056,-0.106457114,-0.329724491,-0.118464835,0.00740089,0.013149938,-0.163717791,-0.363831192,-0.051880728,-0.156883061,-0.708406627,0.109256826
31.15,-0.045504134,0.390794486,-0.563657045,0.15563044,0.338843852,-0.371603727,0.213268772,0.10721159,-0.364497751,0.187850758,-0.122907504,-0.413019747,0.117114037,-0.006583971,-0.013988669,0.093651511,-0.385272115,-0.122241519,0.186847195,-0.686081886,0.05581237,-0.181012616,0.355521888,-0.342340112,-0.257182986,0.117410123,-0.303123623,-0.259429246,-0.098626047,-0.330801576,-0.117763519,0.007399594,0.014626354,-0.161448702,-0.363826573,-0.027598063,-0.156915396,-0.70536983,0.139919654
31.16666667,-0.044414155,0.399997592,-0.558506966,0.156951457,0.339883685,-0.364186227,0.211526453,0.108060747,-0.359791756,0.187559962,-0.12250831,-0.40715456,0.117061242,-0.006423622,-0.014526013,0.093740053,-0.373738199,-0.130493149,0.186721608,-0.679679871,0.045647319,-0.181261748,0.352030545,-0.339036942,-0.256439567,0.121471092,-0.299314857,-0.259735525,-0.098211706,-0.326242417,-0.117715508,0.007183391,0.015150128,-0.161431953,-0.362559736,-0.027286559,-0.157940924,-0.703045309,0.135564983
31.18333333,-0.044192571,0.406874895,-0.550846279,0.157573447,0.338527232,-0.355472475,0.209948957,0.108720995,-0.349401921,0.187132731,-0.120944306,-0.406101346,0.117050849,-0.006406511,-0.014529311,0.093531534,-0.371236145,-0.143127069,0.184923366,-0.679302394,0.027421538,-0.181589633,0.352046937,-0.332884133,-0.255202919,0.123319872,-0.289821565,-0.261180103,-0.099350862,-0.324446321,-0.117706552,0.007144422,0.015154011,-0.162048236,-0.360451192,-0.031402219,-0.159450382,-0.701640964,0.124258704
31.2,-0.042256821,0.420392573,-0.535371006,0.157459065,0.35300687,-0.343096823,0.20982419,0.120955996,-0.339827955,0.187152311,-0.108315542,-0.405342817,0.117043443,-0.005756743,-0.01448758,0.093659461,-0.365145952,-0.147225335,0.178924561,-0.670164227,0.028053079,-0.181802839,0.358337045,-0.322956681,-0.255367219,0.13023445,-0.282571167,-0.263083071,-0.09609668,-0.322032124,-0.11769779,0.006437683,0.015122368,-0.162346825,-0.358593434,-0.035833724,-0.159800291,-0.692299664,0.122142285
31.21666667,-0.039114576,0.424689978,-0.532131433,0.157592669,0.358016819,-0.341911435,0.209370926,0.122862093,-0.337973803,0.187053591,-0.107706383,-0.402794749,0.117009312,-0.005341541,-0.014480241,0.09413176,-0.367194921,-0.146219164,0.1762674,-0.669133782,0.042324111,-0.182089284,0.36230877,-0.321144253,-0.255432487,0.130561635,-0.280661374,-0.264590055,-0.092219941,-0.321930856,-0.117640309,0.006000639,0.015121037,-0.162287742,-0.358602077,-0.03692637,-0.160216048,-0.688907444,0.128539294
31.23333333,-0.037653517,0.434126705,-0.530077457,0.157531619,0.360102445,-0.341332793,0.209217593,0.127339676,-0.335891217,0.187101394,-0.103542462,-0.401418686,0.116952203,-0.00522867,-0.014478822,0.094196133,-0.368792862,-0.137292475,0.174662217,-0.668461561,0.059833247,-0.182207674,0.36775133,-0.321158379,-0.256674767,0.133992046,-0.279811978,-0.265408605,-0.088853359,-0.322059244,-0.117557585,0.00587753,0.015125601,-0.162353158,-0.358544141,-0.037164882,-0.161030948,-0.683842421,0.138478905
31.25,-0.036476005,0.450880259,-0.520633996,0.157814816,0.363733351,-0.334720612,0.208996609,0.13152951,-0.326455444,0.187150478,-0.099046372,-0.390060902,0.11692635,-0.005178061,-0.014484526,0.095121533,-0.369862944,-0.128038213,0.173289075,-0.665807843,0.073493324,-0.182409734,0.373765409,-0.315177083,-0.257861704,0.13876693,-0.272409499,-0.265669674,-0.084828407,-0.318296641,-0.117517211,0.005818253,0.015140144,-0.162527055,-0.357830435,-0.036006659,-0.161795646,-0.677839339,0.147341713
31.26666667,-0.034352221,0.454203993,-0.518838584,0.158345982,0.368445963,-0.333788872,0.209042996,0.135586426,-0.325657487,0.187344536,-0.095219091,-0.388742864,0.11687158,-0.005058147,-0.014480642,0.098176174,-0.370177627,-0.107382298,0.172703102,-0.667041421,0.091148093,-0.182288989,0.378975034,-0.314892113,-0.258561879,0.142603531,-0.272059113,-0.265987277,-0.082614683,-0.318436682,-0.117445506,0.005686158,0.0151411,-0.161088452,-0.358076125,-0.030438477,-0.163049385,-0.678834438,0.155848786
31.28333333,-0.030061001,0.465147287,-0.510081351,0.158683494,0.374982536,-0.325755626,0.209509,0.142652944,-0.316680312,0.190337762,-0.089535266,-0.378309309,0.116794914,-0.004789893,-0.014523287,0.10020335,-0.370583832,-0.095917486,0.172793567,-0.668058753,0.094772473,-0.182384193,0.382802933,-0.310198009,-0.259106457,0.14361164,-0.268361181,-0.265977651,-0.083545096,-0.315328389,-0.117351219,0.005396878,0.015200376,-0.159064576,-0.359517336,-0.024614144,-0.163432643,-0.680024624,0.157566234
31.3,-0.026974691,0.475072056,-0.499350697,0.159252927,0.380012065,-0.310864538,0.209914446,0.147128865,-0.302631229,0.191986427,-0.087845378,-0.362153769,0.116787307,-0.004292976,-0.014242013,0.10362187,-0.370529711,-0.099985108,0.171876431,-0.666386306,0.088778175,-0.182308659,0.382456094,-0.302620977,-0.259030551,0.142621458,-0.26368475,-0.265970081,-0.084854446,-0.311285526,-0.117337711,0.00486018,0.014946643,-0.159024909,-0.359122694,-0.03287451,-0.163086787,-0.677740932,0.155527413
31.31666667,-0.023651512,0.474362195,-0.50118959,0.160658926,0.379681617,-0.311876774,0.209953442,0.146520942,-0.302068472,0.192650363,-0.089051276,-0.360170066,0.116777249,-0.00401929,-0.013826397,0.10686481,-0.370998114,-0.10151346,0.171858609,-0.667024195,0.086412154,-0.181583777,0.382461578,-0.304038197,-0.25904572,0.142645955,-0.263632387,-0.26595968,-0.085641958,-0.309920996,-0.11732395,0.004566778,0.014561389,-0.158743978,-0.359234273,-0.033149503,-0.162614793,-0.678286433,0.152447924
31.33333333,-0.02217314,0.488542885,-0.491180271,0.161074683,0.383214235,-0.301459014,0.209974542,0.149153069,-0.289789915,0.192866474,-0.088648424,-0.346186638,0.116765082,-0.003783446,-0.013306752,0.10910812,-0.370507389,-0.102819785,0.170285061,-0.666597784,0.085786179,-0.181446522,0.385077208,-0.298236281,-0.258576721,0.143691227,-0.257813632,-0.265641928,-0.086096227,-0.299775749,-0.117301688,0.004305612,0.014065818,-0.158487126,-0.359039098,-0.033369768,-0.16269049,-0.676570594,0.15126045
31.35,-0.02171246,0.495087862,-0.48881954,0.161608934,0.382728994,-0.302144438,0.210194752,0.151516885,-0.29007569,0.193282455,-0.086110041,-0.346004754,0.116678096,-0.003765057,-0.01316617,0.110241853,-0.370930761,-0.096209578,0.170066208,-0.666868269,0.097452648,-0.180536613,0.387182027,-0.297789812,-0.258694917,0.146038279,-0.256484151,-0.265569717,-0.085956603,-0.295566797,-0.117197126,0.004284712,0.013938906,-0.158425391,-0.358891696,-0.030665917,-0.162647963,-0.675533175,0.157280713
31.36666667,-0.020241661,0.495322257,-0.49065271,0.162194461,0.38424927,-0.303381026,0.210342109,0.153647497,-0.292003602,0.193280876,-0.084712319,-0.348260373,0.116670385,-0.003629789,-0.012858084,0.112046681,-0.371058524,-0.096126154,0.169412583,-0.66512239,0.103445135,-0.180170283,0.388477296,-0.299506575,-0.258367896,0.147424892,-0.257687658,-0.262396246,-0.085894458,-0.297950983,-0.117183551,0.004136006,0.013652136,-0.157874182,-0.358654141,-0.029515168,-0.161933303,-0.672907948,0.161924094
31.38333333,-0.018230785,0.502681375,-0.4794375,0.163446307,0.387355268,-0.29355821,0.21180436,0.156404972,-0.285045892,0.194239989,-0.081449285,-0.343897074,0.116674118,-0.003549756,-0.012411803,0.115752086,-0.370345443,-0.097049229,0.169038475,-0.663028479,0.102774195,-0.178722247,0.394919246,-0.292965472,-0.257199079,0.152855486,-0.255728036,-0.259437084,-0.082983837,-0.297992706,-0.117177345,0.004043671,0.0132241,-0.15780808,-0.35758099,-0.029730419,-0.161336347,-0.669818819,0.162486777
31.4,-0.017236106,0.504300714,-0.47856006,0.163817048,0.390350878,-0.29227829,0.212527797,0.159137458,-0.28425318,0.194783181,-0.078743316,-0.34344396,0.116675399,-0.003311574,-0.011701109,0.118936017,-0.370490611,-0.094181642,0.169111744,-0.66325587,0.111756422,-0.17831938,0.397349477,-0.29315576,-0.256753266,0.155514956,-0.256181359,-0.257435977,-0.081106916,-0.299275011,-0.117171027,0.003789981,0.012537205,-0.156170323,-0.357864022,-0.028501848,-0.1607939,-0.670318544,0.165660918
31.41666667,-0.016474916,0.500058472,-0.480071932,0.164440781,0.390595555,-0.293228418,0.212551787,0.158335179,-0.285131395,0.194825992,-0.079739839,-0.343761712,0.116701201,-0.003221135,-0.010960207,0.12023773,-0.372344643,-0.087486617,0.168774188,-0.664148748,0.120076992,-0.177551597,0.398178548,-0.293987483,-0.255375266,0.157092184,-0.256299734,-0.255503863,-0.08080864,-0.300866932,-0.117185459,0.003692524,0.011828222,-0.15618293,-0.357930034,-0.029455697,-0.160223499,-0.670416236,0.164564058
31.43333333,-0.01647648,0.511304796,-0.46934846,0.1644779,0.393298566,-0.284526974,0.212580383,0.160575032,-0.277016968,0.195386946,-0.078017741,-0.334181756,0.116703704,-0.003000674,-0.010153094,0.123199612,-0.372401714,-0.088310465,0.168697909,-0.664313853,0.119195886,-0.177473366,0.400023133,-0.287762672,-0.25450471,0.16002889,-0.25233987,-0.25393343,-0.079040848,-0.297149301,-0.117180966,0.003452325,0.011050801,-0.155843094,-0.357969105,-0.029591149,-0.159833625,-0.669884741,0.164371029
31.45,-0.016464058,0.520243585,-0.459920853,0.16459091,0.398914635,-0.274310976,0.212797329,0.1651216,-0.264620811,0.196285442,-0.074449904,-0.321039885,0.116703026,-0.002807124,-0.00917849,0.126438722,-0.372542053,-0.076616339,0.168717161,-0.664196491,0.136857048,-0.177480221,0.405658722,-0.279372394,-0.253120273,0.167018726,-0.24153091,-0.251899034,-0.074687891,-0.287568778,-0.117175102,0.003241677,0.010105094,-0.15446043,-0.358061105,-0.023979161,-0.159817249,-0.669005215,0.17391476
31.46666667,-0.01630633,0.534272492,-0.451319039,0.165065959,0.40373221,-0.263114035,0.213279933,0.169961423,-0.247035027,0.198164254,-0.069577619,-0.300730288,0.116700746,-0.0025004,-0.007717472,0.128334343,-0.375143021,-0.045154054,0.168706626,-0.666443348,0.166164428,-0.177605629,0.407657593,-0.272998661,-0.251923978,0.169961661,-0.232256502,-0.250874132,-0.072428912,-0.27756837,-0.117168948,0.002916877,0.008675968,-0.147841737,-0.360856235,-0.000416543,-0.159953728,-0.669166684,0.19654654
31.48333333,-0.015430853,0.529931188,-0.454352885,0.165376335,0.404195517,-0.266621202,0.213627115,0.170894399,-0.252084672,0.199218929,-0.068245247,-0.305524737,0.11664822,-0.002287135,-0.007011459,0.128748462,-0.37570703,-0.040654235,0.168680802,-0.669150352,0.164430708,-0.177388936,0.40861389,-0.275333852,-0.249837995,0.170613796,-0.234738067,-0.249052241,-0.072039299,-0.279515028,-0.117103793,0.002695579,0.007970129,-0.14424935,-0.3621867,0.004324364,-0.159943283,-0.669607162,0.198575974
31.5,-0.0148461,0.5359478,-0.444921434,0.166338831,0.409133703,-0.253208458,0.215162516,0.175818041,-0.234039485,0.201662421,-0.064225025,-0.289598942,0.11664363,-0.002119964,-0.006437118,0.128972217,-0.375789523,-0.036939178,0.168597057,-0.668968499,0.169513568,-0.17756705,0.413589478,-0.263592869,-0.247366115,0.175406456,-0.217594907,-0.247671425,-0.069195345,-0.26476422,-0.117094696,0.002519494,0.007406042,-0.140399471,-0.363280386,0.023698928,-0.159940273,-0.669726193,0.222430274
31.51666667,-0.013646158,0.542886555,-0.442284822,0.168142065,0.414114147,-0.249367937,0.218531325,0.182654098,-0.228842393,0.20522657,-0.058620095,-0.287061721,0.116639763,-0.002013806,-0.006193016,0.128719702,-0.377657682,-0.013764002,0.168650389,-0.669168293,0.192192271,-0.177640647,0.42002368,-0.259006739,-0.245373711,0.183017492,-0.210689992,-0.244587898,-0.065346926,-0.262794435,-0.117087126,0.002408388,0.007172009,-0.136796147,-0.365639597,0.057037335,-0.159716636,-0.670315683,0.264966905
31.53333333,-0.011696862,0.541371942,-0.443030328,0.168927789,0.415737301,-0.252773285,0.220989183,0.184626475,-0.234335765,0.207189396,-0.055629522,-0.291220576,0.116612829,-0.001956421,-0.005993775,0.128532216,-0.380270213,-0.017215021,0.168761849,-0.67375648,0.186395019,-0.177383915,0.422205716,-0.261272818,-0.243830264,0.185297087,-0.214750633,-0.241787553,-0.06075241,-0.265373856,-0.117050715,0.002347269,0.00698329,-0.134738997,-0.367677063,0.051985241,-0.157221586,-0.671810925,0.256662726
31.55,-0.009578063,0.547412813,-0.439246893,0.170231745,0.419032812,-0.24432452,0.224144295,0.189852014,-0.221372306,0.211459085,-0.051593535,-0.282361388,0.116641253,-0.001894659,-0.005815675,0.128789648,-0.382688671,-0.014492202,0.168973953,-0.674222708,0.192351505,-0.177615255,0.425475776,-0.254019558,-0.242644608,0.18790327,-0.201685205,-0.239163041,-0.059793107,-0.255918056,-0.117069729,0.002283534,0.00681537,-0.132796675,-0.369018555,0.061272036,-0.155599862,-0.671897948,0.273536533
31.56666667,-0.006793144,0.550091922,-0.439845383,0.17196767,0.420125782,-0.242644608,0.226032659,0.191656366,-0.218789577,0.213701233,-0.049981028,-0.282267302,0.116661772,-0.001858765,-0.005703038,0.128716856,-0.383413464,-0.015261569,0.169213817,-0.673758328,0.194589615,-0.177602932,0.427223444,-0.253052831,-0.240226135,0.188897729,-0.199747682,-0.235942945,-0.059894398,-0.254736632,-0.117081866,0.002247639,0.006709369,-0.130839407,-0.370236903,0.078277893,-0.154046521,-0.671525717,0.302435458
31.58333333,-0.006501175,0.553721905,-0.43923831,0.172394007,0.420594484,-0.241606355,0.226633579,0.191833004,-0.218171597,0.213966951,-0.049746748,-0.282552361,0.116689242,-0.001773502,-0.005692696,0.128850967,-0.383372933,-0.018569699,0.169253334,-0.671069503,0.19431898,-0.177743942,0.42705664,-0.251219571,-0.238637343,0.188101694,-0.197392046,-0.235610753,-0.059745107,-0.252704293,-0.117101029,0.002160045,0.006698795,-0.130586833,-0.370250583,0.080189131,-0.153167397,-0.669188738,0.308231711
31.6,-0.006534411,0.557245195,-0.437600464,0.172751755,0.421194255,-0.239730448,0.226643965,0.191758409,-0.217380866,0.213728219,-0.049841702,-0.283206701,0.116729453,-0.001713881,-0.005701655,0.128929436,-0.383185416,-0.021153305,0.169526458,-0.666632235,0.193152681,-0.177809149,0.426820457,-0.247989371,-0.23763743,0.187357396,-0.19385685,-0.235780597,-0.059767049,-0.250223577,-0.117131576,0.002098406,0.00670734,-0.130817056,-0.370278895,0.080438338,-0.153074443,-0.667341769,0.31272915
31.61666667,-0.005831792,0.557652712,-0.438638955,0.173732936,0.420750797,-0.240655348,0.226568282,0.190970883,-0.218511,0.213540405,-0.050236996,-0.284691542,0.116765514,-0.001679649,-0.005703512,0.1290344,-0.383146405,-0.02263107,0.170639828,-0.663126349,0.19405964,-0.177420467,0.426741004,-0.247983262,-0.235016152,0.186776459,-0.191369176,-0.235558718,-0.05996462,-0.247878656,-0.117158033,0.002063252,0.006708862,-0.130127996,-0.370861888,0.083768941,-0.152501553,-0.666718364,0.321356744
31.63333333,-0.005239056,0.558627665,-0.439079911,0.175039887,0.421104997,-0.240531981,0.226558864,0.190454975,-0.21891506,0.213394627,-0.050573021,-0.28505078,0.116861038,-0.001652073,-0.005679803,0.129294857,-0.382964462,-0.02484468,0.172046483,-0.658751667,0.192869231,-0.177020818,0.427107811,-0.246815339,-0.233510613,0.186347559,-0.187135682,-0.234395817,-0.060117807,-0.245553628,-0.117242061,0.002037441,0.006684652,-0.128592804,-0.371312529,0.088641189,-0.151165888,-0.666199446,0.334754467
31.65,-0.005052273,0.560032666,-0.439641237,0.176069811,0.422062665,-0.240249172,0.226515517,0.190252006,-0.218998894,0.213311166,-0.050965883,-0.285540283,0.116954647,-0.001625501,-0.005649611,0.129313499,-0.382870525,-0.025400063,0.173318088,-0.655227304,0.193739638,-0.176729426,0.428691953,-0.244966149,-0.232281372,0.186229184,-0.182515502,-0.233684331,-0.060306251,-0.243162438,-0.117326237,0.002011389,0.006657381,-0.128272802,-0.371315777,0.099367477,-0.150467068,-0.66375339,0.355104655
31.66666667,-0.004255145,0.559476674,-0.440680325,0.176887542,0.421820045,-0.24076654,0.226475537,0.189983279,-0.218179047,0.213668361,-0.051655576,-0.285724074,0.11697574,-0.001608182,-0.005603661,0.129297122,-0.383756548,-0.017214568,0.174231112,-0.655614257,0.204809517,-0.176344439,0.428804487,-0.245758459,-0.230692342,0.186212167,-0.183473945,-0.232600495,-0.06041453,-0.242713243,-0.117343448,0.001994961,0.006613628,-0.127807036,-0.371396393,0.103889331,-0.150372669,-0.663270116,0.356396347
31.68333333,-0.004069471,0.559403658,-0.44167313,0.17750369,0.42181471,-0.241028547,0.226439521,0.189753264,-0.218594164,0.213872582,-0.052018855,-0.286313355,0.117007703,-0.001590776,-0.005541755,0.12922205,-0.383814961,-0.015918605,0.174537987,-0.65395999,0.213248923,-0.175889477,0.429142416,-0.246218562,-0.230109677,0.18608506,-0.184438571,-0.232153013,-0.060571816,-0.243501306,-0.117370851,0.001978982,0.006554623,-0.127675578,-0.371373653,0.106440045,-0.150242299,-0.660833299,0.362718791
31.7,-0.002973556,0.561546803,-0.44199121,0.178504393,0.422927707,-0.240861908,0.226702034,0.190523222,-0.217310518,0.215519935,-0.052186072,-0.286777735,0.117063403,-0.001569813,-0.005472261,0.129231036,-0.384221464,-0.010420074,0.175505698,-0.654109299,0.222007185,-0.17569077,0.429576099,-0.246617898,-0.229733512,0.186381593,-0.184857786,-0.231581107,-0.060484566,-0.243539423,-0.117424056,0.001960234,0.006487562,-0.127255276,-0.371393323,0.107586421,-0.149321616,-0.66024363,0.362917125
31.71666667,-0.002197298,0.562085092,-0.442472965,0.178823277,0.42337352,-0.241101265,0.226662412,0.19103615,-0.217307523,0.215702415,-0.052389823,-0.28701067,0.117077261,-0.001527024,-0.005322567,0.129226312,-0.385238975,-0.002171031,0.175909519,-0.654397428,0.229246229,-0.175607011,0.429581702,-0.247530684,-0.229713455,0.186802432,-0.185146093,-0.231556803,-0.060535409,-0.243912056,-0.117436625,0.001919021,0.006339696,-0.127236769,-0.37151292,0.107431136,-0.149208471,-0.660292208,0.359829515
31.73333333,-0.0015883,0.566356122,-0.440818936,0.179676637,0.425585687,-0.238641694,0.227053747,0.192629591,-0.214967027,0.216799349,-0.05215022,-0.286602557,0.117108673,-0.001511324,-0.005301629,0.129234567,-0.384904206,-0.005128691,0.177069783,-0.6536538,0.221780539,-0.175342768,0.431448281,-0.244859472,-0.229499102,0.188217178,-0.181696326,-0.23159565,-0.060257088,-0.240508795,-0.117466502,0.001904175,0.006319127,-0.127021998,-0.371516645,0.111575164,-0.148156136,-0.660264671,0.369921714
31.75,-0.001322692,0.569311619,-0.43923822,0.180325001,0.426218718,-0.237337202,0.227809608,0.193050161,-0.214174137,0.218046561,-0.051985841,-0.286485225,0.117119953,-0.001504096,-0.005330773,0.12913999,-0.384705931,-0.007006485,0.178356841,-0.653816998,0.216567844,-0.175095171,0.431992143,-0.242997125,-0.22926268,0.188775495,-0.179960221,-0.231576443,-0.0600635,-0.238464534,-0.117475666,0.001898087,0.006349873,-0.126948208,-0.371522278,0.118753418,-0.146953374,-0.660316348,0.378102839
31.76666667,-0.001078546,0.572471201,-0.436067104,0.180518582,0.428508759,-0.234206989,0.22793062,0.194114089,-0.21191144,0.21886459,-0.051625673,-0.286248833,0.117145248,-0.001534584,-0.005643042,0.128857851,-0.384611517,-0.008017575,0.179350495,-0.653635859,0.215319946,-0.175045013,0.435600996,-0.237490892,-0.229031906,0.190863669,-0.17315425,-0.232050493,-0.058235489,-0.233657852,-0.1174981,0.001933809,0.006669121,-0.127046093,-0.371658266,0.122321188,-0.146234229,-0.660883904,0.381973803
31.78333333,-0.000601982,0.573907435,-0.435406327,0.181022242,0.429049671,-0.233333066,0.228063092,0.194341689,-0.210339338,0.219661221,-0.051596813,-0.285534233,0.117177531,-0.001534228,-0.005675524,0.128702581,-0.384659559,-0.008605042,0.179556221,-0.653691113,0.215446621,-0.174822122,0.435894787,-0.237366349,-0.228728205,0.190853834,-0.173191547,-0.232077211,-0.058262177,-0.232850134,-0.117529079,0.001935402,0.006702702,-0.127070025,-0.37181294,0.120534852,-0.14523907,-0.66106987,0.377867848
31.8,0.00031397,0.573794067,-0.43562004,0.181696698,0.428943664,-0.233190462,0.228158638,0.194275618,-0.208906591,0.221626177,-0.051657561,-0.284435213,0.117227532,-0.001534584,-0.005659117,0.128395751,-0.385893762,0.003699797,0.179929838,-0.65419662,0.233455718,-0.174350053,0.435857922,-0.237810612,-0.226678923,0.190791398,-0.173644364,-0.231696486,-0.058537241,-0.233007759,-0.117576472,0.001939214,0.006689141,-0.126976699,-0.371883541,0.122538038,-0.144272864,-0.661105037,0.380930632
31.81666667,0.000429367,0.573851943,-0.435872912,0.182096109,0.429398954,-0.23322618,0.228513196,0.194780394,-0.208311141,0.222472548,-0.051313672,-0.283811003,0.117276512,-0.001532899,-0.005626568,0.12828137,-0.386490971,0.007861004,0.179922983,-0.654284358,0.242367536,-0.174295604,0.436168551,-0.238093659,-0.226021096,0.190769494,-0.174246982,-0.231655121,-0.058580481,-0.233272254,-0.117625348,0.001939742,0.006658892,-0.127000198,-0.371732831,0.122767337,-0.144220933,-0.660161674,0.381754726
31.83333333,0.00046173,0.574550569,-0.434336334,0.182581052,0.430421054,-0.231533185,0.22906217,0.195349112,-0.206964806,0.223319292,-0.050927229,-0.283272564,0.117290549,-0.001598679,-0.005730629,0.128158927,-0.386191219,0.000912103,0.17996192,-0.653939426,0.22836262,-0.174001738,0.437737882,-0.235810593,-0.225711361,0.19115907,-0.171675727,-0.231696993,-0.058405135,-0.232004672,-0.117637835,0.002011924,0.006765395,-0.126544252,-0.371566117,0.125922307,-0.142573819,-0.659950793,0.388531804
31.85,0.000758644,0.576037347,-0.432049155,0.183465824,0.431239277,-0.229546741,0.229452863,0.195733011,-0.205697492,0.223375276,-0.050111879,-0.283167005,0.117322177,-0.001654249,-0.005804588,0.128159225,-0.38569814,-0.005597908,0.180407211,-0.653066278,0.218897134,-0.173429787,0.439029813,-0.232583925,-0.225483552,0.191373602,-0.168581367,-0.231128424,-0.058219202,-0.230712086,-0.117668889,0.002073939,0.006841972,-0.125524417,-0.371204764,0.128688604,-0.139013693,-0.659078598,0.394882172
31.86666667,0.000783308,0.576044142,-0.432208389,0.183669016,0.432328314,-0.229700655,0.229500428,0.197283968,-0.205822736,0.223016784,-0.047424484,-0.284267068,0.117361918,-0.001654516,-0.005794391,0.128150508,-0.385421604,-0.005895959,0.180739895,-0.650386393,0.21935457,-0.173269376,0.43998906,-0.232892275,-0.225407347,0.192396671,-0.16914396,-0.230921909,-0.057350166,-0.231567353,-0.117708288,0.00207592,0.006833907,-0.125133514,-0.370895714,0.129232049,-0.137054697,-0.657155335,0.397012621
31.88333333,0.000764536,0.5774405,-0.431130439,0.184639752,0.432299465,-0.229595765,0.229528651,0.197253779,-0.205972359,0.222984746,-0.047259476,-0.284398913,0.11737486,-0.001692708,-0.005834925,0.127747715,-0.385059297,-0.004987045,0.18072243,-0.647778809,0.224767774,-0.172112614,0.440160304,-0.232162714,-0.22482951,0.192443267,-0.169255525,-0.230874106,-0.057366926,-0.231752396,-0.117719784,0.002118846,0.006876105,-0.12407846,-0.370269924,0.130989239,-0.135184467,-0.655698359,0.401140451
31.9,0.000530171,0.578607023,-0.431041777,0.184995383,0.43226254,-0.229655579,0.229485184,0.197076887,-0.207146764,0.221768454,-0.047242094,-0.287499607,0.117393501,-0.001716502,-0.005820952,0.127212152,-0.384932131,0.000648215,0.180812821,-0.646170676,0.23217687,-0.171562895,0.440492988,-0.231388107,-0.223933458,0.192552805,-0.16899848,-0.230797157,-0.057461068,-0.232582867,-0.11773672,0.002150841,0.006868317,-0.123328403,-0.369589806,0.13860631,-0.133666709,-0.653865039,0.414122671
31.91666667,0.000500365,0.579274237,-0.431103587,0.185637563,0.432337046,-0.229924962,0.229473084,0.197230548,-0.207590178,0.221747965,-0.046579331,-0.287807018,0.117404379,-0.001734031,-0.005817275,0.12670593,-0.385109931,0.013542853,0.180584013,-0.646327734,0.250032187,-0.171070114,0.440453321,-0.231594726,-0.22330676,0.192354918,-0.169663221,-0.230497301,-0.058662165,-0.23409158,-0.117747024,0.002174355,0.006865791,-0.123083465,-0.369046569,0.143727735,-0.132996395,-0.652565956,0.420557082
31.93333333,2.09E-05,0.580141008,-0.430701464,0.185670361,0.432443619,-0.229647413,0.229477614,0.197238088,-0.207674026,0.221087679,-0.046503093,-0.288580894,0.117419384,-0.001753503,-0.005855434,0.126334935,-0.384710938,0.01164633,0.180538133,-0.64631176,0.249445781,-0.171136975,0.440644532,-0.230518743,-0.223289371,0.192341909,-0.167965204,-0.230436862,-0.058805913,-0.234013408,-0.117761165,0.002199738,0.006912709,-0.122876532,-0.368221283,0.151535422,-0.131371751,-0.650427759,0.43173629
31.95,-0.000352072,0.580649197,-0.430655867,0.185677975,0.432474494,-0.229695469,0.229243279,0.197187409,-0.207743883,0.219835207,-0.046541419,-0.288778096,0.117430471,-0.00178125,-0.005996904,0.125921145,-0.384834677,0.018230466,0.180527613,-0.647721708,0.247331798,-0.171170294,0.440898627,-0.229984939,-0.22324042,0.192580417,-0.165320128,-0.230406329,-0.058813918,-0.232349679,-0.117771357,0.002233301,0.007062626,-0.122789852,-0.368213952,0.155538738,-0.130642176,-0.650776327,0.432861298
31.96666667,-0.000354683,0.58152318,-0.429660529,0.185804546,0.432419002,-0.229479566,0.229308203,0.196718201,-0.20811516,0.218664974,-0.046590351,-0.290300697,0.11746271,-0.001792239,-0.006136677,0.125904933,-0.383969486,0.010133684,0.181089416,-0.647429109,0.23399809,-0.171152666,0.440972269,-0.228434637,-0.223239571,0.192428023,-0.164159819,-0.229857206,-0.058836274,-0.232177004,-0.117801115,0.002246587,0.007213144,-0.122351795,-0.368212074,0.153424814,-0.128079131,-0.650857806,0.429109186
31.98333333,-0.000253589,0.583276927,-0.428413898,0.186053038,0.432541788,-0.229331642,0.229256511,0.196665272,-0.208854049,0.216270298,-0.046502754,-0.292458147,0.11749465,-0.001785109,-0.00620952,0.125877887,-0.383737862,0.01062028,0.18161729,-0.647469938,0.233731717,-0.171025649,0.441157818,-0.226909116,-0.223109499,0.192472041,-0.162806064,-0.229681298,-0.058837861,-0.232207999,-0.1178317,0.002242686,0.007296463,-0.122084983,-0.36832419,0.153956547,-0.126734555,-0.65122366,0.429255605
32,-0.000252633,0.583982885,-0.427532822,0.186184064,0.432722539,-0.229276985,0.229215622,0.196647659,-0.209036216,0.215134203,-0.046464588,-0.292722583,0.117515482,-0.001794733,-0.006300168,0.125769317,-0.383639544,0.010216051,0.181714639,-0.647506654,0.233456433,-0.170880884,0.441459656,-0.226074189,-0.222924501,0.192756504,-0.161581233,-0.229399353,-0.058237687,-0.231483698,-0.117850937,0.002254271,0.007395289,-0.1218182,-0.368433684,0.153554887,-0.125259817,-0.651687264,0.428133905
32.01666667,-0.000268713,0.584307194,-0.427300364,0.186305493,0.432778478,-0.229424164,0.229276821,0.196625724,-0.209883451,0.214318976,-0.046466652,-0.293217212,0.117529325,-0.001804529,-0.00645391,0.125727996,-0.383679599,0.012195277,0.182201698,-0.647807598,0.233657509,-0.170802251,0.44168964,-0.225712284,-0.222893178,0.193127304,-0.160890013,-0.229378775,-0.057919346,-0.231042728,-0.117864221,0.002265948,0.007555047,-0.121514991,-0.368765503,0.15354009,-0.124390066,-0.653474331,0.427443922
32.03333333,-0.000281402,0.584441006,-0.426935047,0.186337769,0.432783157,-0.229169443,0.229279816,0.196442798,-0.209909081,0.213714272,-0.046548065,-0.293227375,0.117555439,-0.001809338,-0.006519259,0.12582314,-0.383648574,0.01481008,0.183208227,-0.647826672,0.236502215,-0.170752585,0.442123592,-0.224545613,-0.222797021,0.19332467,-0.158964217,-0.229194596,-0.05763942,-0.230424941,-0.117888369,0.002272305,0.007623953,-0.121416129,-0.368986636,0.153763071,-0.123973422,-0.654287994,0.427766323
32.05,-0.000520383,0.584713459,-0.426864088,0.186314777,0.432760507,-0.229203165,0.2290961,0.196285382,-0.210660502,0.213190749,-0.046633795,-0.29390797,0.117567286,-0.001811619,-0.006543284,0.125739753,-0.383771956,0.019485544,0.183766186,-0.648269117,0.240026996,-0.170695081,0.442227185,-0.224547431,-0.222768992,0.193664819,-0.159116194,-0.229041323,-0.05739655,-0.230824977,-0.117899224,0.002276751,0.007651259,-0.121524677,-0.369325161,0.154408962,-0.123999797,-0.655479848,0.427873939
32.06666667,-0.000741391,0.584653437,-0.428785354,0.186324418,0.432644486,-0.230857924,0.229084581,0.196228445,-0.212852493,0.21314238,-0.04665662,-0.295395315,0.117578886,-0.001818493,-0.006551905,0.125626653,-0.384833962,0.030948123,0.183775708,-0.648626983,0.257516444,-0.170678437,0.442199588,-0.226328507,-0.222612262,0.193662912,-0.161522374,-0.228923693,-0.057513364,-0.233645022,-0.117910095,0.002286882,0.007662047,-0.121535771,-0.369329333,0.154823661,-0.124047972,-0.655492306,0.428258687
32.08333333,-0.001094207,0.584626913,-0.4297328,0.186333358,0.432664305,-0.231361136,0.229046702,0.196349829,-0.212949887,0.213130817,-0.046279207,-0.295387954,0.117608994,-0.001834777,-0.006493538,0.125521719,-0.385525286,0.037362706,0.183670923,-0.648691893,0.269694895,-0.170676351,0.442300171,-0.227711588,-0.222579032,0.19369714,-0.163301483,-0.228669927,-0.057520267,-0.235298172,-0.117941298,0.002308734,0.007608941,-0.122247793,-0.36892429,0.154845044,-0.124795854,-0.654241025,0.428704947
32.1,-0.002361496,0.584443271,-0.430978298,0.186053082,0.432640791,-0.231871948,0.228943497,0.196337506,-0.213063285,0.213024199,-0.04627087,-0.295374691,0.11762508,-0.001857268,-0.006405704,0.125417963,-0.386553526,0.042756025,0.183382943,-0.649706602,0.274974436,-0.170787707,0.442594618,-0.228876561,-0.222553775,0.19388327,-0.164550185,-0.22863093,-0.057430871,-0.236662209,-0.117957801,0.002337466,0.007526856,-0.123002142,-0.368906677,0.154905885,-0.126126885,-0.654254198,0.428753316
32.11666667,-0.003001032,0.584548831,-0.431275517,0.186038747,0.432721347,-0.23216632,0.228930384,0.196413234,-0.213250518,0.212809309,-0.045890082,-0.295517892,0.117658444,-0.001869395,-0.006374619,0.125244483,-0.38677302,0.04552412,0.182872891,-0.64967674,0.280717373,-0.170845166,0.442770869,-0.229163513,-0.222530738,0.193940803,-0.165172875,-0.228594989,-0.057238635,-0.238213778,-0.11799264,0.00235439,0.007499744,-0.123796396,-0.368366063,0.155700371,-0.127368182,-0.652837157,0.43046394
32.13333333,-0.003287729,0.584596872,-0.432044774,0.186048806,0.432767838,-0.233754531,0.22892724,0.196506172,-0.215305731,0.212447837,-0.045404244,-0.298590392,0.117702,-0.001875683,-0.006349245,0.125071108,-0.387155324,0.052481785,0.182207212,-0.649650753,0.291534841,-0.170842379,0.443144739,-0.229519621,-0.222517028,0.19416216,-0.165606067,-0.228566512,-0.056868989,-0.240129292,-0.118036762,0.00236427,0.007478803,-0.124670073,-0.368147016,0.156911284,-0.127942666,-0.652237177,0.431563973
32.15,-0.003345187,0.585708201,-0.43147558,0.186048523,0.433777153,-0.233677477,0.228941232,0.197218299,-0.215692654,0.211966828,-0.043781124,-0.301661819,0.117763966,-0.001885073,-0.006357688,0.125019789,-0.387190402,0.055723004,0.182212248,-0.648990273,0.295274168,-0.170839638,0.446030468,-0.227847904,-0.222517654,0.195921406,-0.164240643,-0.228630066,-0.05477573,-0.240720108,-0.118096381,0.002378993,0.007491812,-0.124996528,-0.368072748,0.157536641,-0.127955839,-0.652164876,0.431922466
32.16666667,-0.003487785,0.586474836,-0.430507571,0.186036363,0.435134709,-0.233117476,0.228893742,0.198268667,-0.215648293,0.211200923,-0.041510701,-0.303076446,0.117838822,-0.001884975,-0.006253221,0.124996558,-0.387194067,0.059751358,0.182171628,-0.647130609,0.302443773,-0.170889094,0.447717875,-0.22571741,-0.222775325,0.197086632,-0.161900729,-0.229042679,-0.052277237,-0.240860224,-0.118169345,0.0023837,0.007397611,-0.125120535,-0.367826939,0.157602832,-0.128096402,-0.651855528,0.432010114
32.18333333,-0.003359323,0.586987853,-0.429875821,0.186058089,0.436343729,-0.232517004,0.228812158,0.19899942,-0.215253457,0.210730568,-0.040330544,-0.302999556,0.117883153,-0.00188165,-0.006204533,0.124974519,-0.387216866,0.05955936,0.182118535,-0.64699018,0.301984489,-0.170910656,0.448388785,-0.225165814,-0.222741276,0.197387889,-0.161504015,-0.229031876,-0.051112134,-0.241010278,-0.118214101,0.00238508,0.007352103,-0.125566676,-0.367561877,0.158719242,-0.129001945,-0.65162164,0.433963388
32.2,-0.003331634,0.586995542,-0.429899454,0.186136499,0.437285006,-0.232536688,0.228560269,0.199864224,-0.215110302,0.21046488,-0.039296318,-0.302957535,0.117978245,-0.001883555,-0.005990957,0.12498007,-0.387462407,0.061274182,0.182036087,-0.646925151,0.307028353,-0.170884058,0.448850006,-0.225203574,-0.222570598,0.19766897,-0.16143769,-0.229090303,-0.050387353,-0.24109602,-0.118310809,0.002390259,0.007144596,-0.126432881,-0.367527395,0.157947302,-0.129868314,-0.651647031,0.431962013
32.21666667,-0.003347788,0.587040961,-0.429714769,0.186259449,0.437773138,-0.232112795,0.228328496,0.200459152,-0.213925436,0.210326523,-0.038480904,-0.302792877,0.11807099,-0.001885362,-0.005609311,0.125022665,-0.387601614,0.063563727,0.181997329,-0.646637917,0.310994357,-0.1708249,0.449086815,-0.224922746,-0.222474128,0.197961688,-0.160455987,-0.229083389,-0.04978146,-0.240904048,-0.118405655,0.002395413,0.006772605,-0.126614004,-0.36746037,0.157506198,-0.130076304,-0.651637912,0.431352258
32.23333333,-0.003332104,0.587361813,-0.429549694,0.186337143,0.438480496,-0.231704921,0.228195935,0.201326698,-0.213288248,0.210314065,-0.037106957,-0.302770406,0.118129402,-0.001880926,-0.005465062,0.124910466,-0.387634516,0.065033063,0.181744248,-0.646596313,0.311232001,-0.170887306,0.449209094,-0.224835441,-0.222670555,0.198079586,-0.16038014,-0.22909911,-0.049563397,-0.241202876,-0.118467838,0.002396035,0.006631339,-0.126711458,-0.367372245,0.1577546,-0.130468577,-0.651656449,0.43145898
32.25,-0.003229782,0.587377012,-0.429497987,0.186389342,0.439472944,-0.231043383,0.227604195,0.202546477,-0.211337328,0.210360438,-0.036360566,-0.301911414,0.118186213,-0.001880141,-0.005144206,0.124789871,-0.387731671,0.067296311,0.181266859,-0.646624327,0.312933058,-0.170872286,0.449573427,-0.224777251,-0.222722262,0.198486745,-0.160081461,-0.229366884,-0.049377527,-0.24113369,-0.118528433,0.002399327,0.006312739,-0.12688528,-0.367358536,0.157758698,-0.131220117,-0.65200603,0.431418896
32.26666667,-0.001720815,0.586583674,-0.431226164,0.186815172,0.439556479,-0.231055126,0.227549896,0.202723056,-0.210243419,0.210600421,-0.03650054,-0.300963342,0.118244871,-0.001869466,-0.004741301,0.12472932,-0.388361961,0.071557745,0.180971861,-0.647015393,0.319239885,-0.170844644,0.449470282,-0.226843983,-0.222656086,0.198466629,-0.161145061,-0.229256749,-0.049383055,-0.241952151,-0.118589565,0.002394303,0.005908116,-0.126892254,-0.367420137,0.15773429,-0.131695315,-0.652528405,0.430793881
32.28333333,-0.00106772,0.585264504,-0.432557672,0.186916128,0.43956387,-0.23100777,0.226928696,0.202715099,-0.208855987,0.210405454,-0.036926769,-0.300021946,0.11831414,-0.001867708,-0.004314138,0.124488488,-0.388679087,0.072473288,0.18001543,-0.647049844,0.321342915,-0.1708588,0.449330568,-0.228106901,-0.22269401,0.198306888,-0.161852553,-0.229373902,-0.049469981,-0.242660627,-0.11866013,0.002396311,0.005483279,-0.126979604,-0.367397398,0.157305539,-0.132246539,-0.652581751,0.429828346
32.3,-0.001269801,0.584566414,-0.43338266,0.186872095,0.439221025,-0.231383562,0.226404473,0.202467442,-0.20887731,0.21033971,-0.03779462,-0.299891591,0.118337609,-0.001871125,-0.004194268,0.12420252,-0.389022648,0.074653126,0.179565415,-0.647432208,0.322444379,-0.170897603,0.449100375,-0.22878404,-0.223044544,0.198309705,-0.162280574,-0.229514763,-0.049480416,-0.242890775,-0.118683547,0.002403242,0.005361617,-0.127045751,-0.367432058,0.157488152,-0.132791236,-0.653042614,0.429636002
32.31666667,-0.001483683,0.583814204,-0.434072465,0.186842158,0.438603699,-0.232137322,0.226193294,0.202275202,-0.209026113,0.210472077,-0.038213354,-0.299735188,0.118354306,-0.001876759,-0.004177321,0.124078311,-0.38920483,0.074676111,0.179341435,-0.648027778,0.321729302,-0.170892239,0.448721349,-0.229694143,-0.223255798,0.198341563,-0.163046733,-0.229451567,-0.049476452,-0.242967963,-0.118701316,0.002411674,0.005345549,-0.127017826,-0.367543519,0.157726407,-0.133077756,-0.653873801,0.429443002
32.33333333,-0.001432852,0.583369076,-0.434138268,0.186845586,0.438945115,-0.232094973,0.226081684,0.202544287,-0.208605468,0.210774034,-0.038166653,-0.299192518,0.118371971,-0.001870738,-0.004196574,0.123947397,-0.389199764,0.07456816,0.179077163,-0.648272932,0.320702523,-0.171038538,0.44872871,-0.229722872,-0.223645777,0.198421463,-0.163056239,-0.229467809,-0.049410488,-0.242999792,-0.118719541,0.00240962,0.005361704,-0.127016678,-0.36756891,0.160253659,-0.133473486,-0.654418051,0.430994064
32.35,-0.001544904,0.582112134,-0.435394198,0.186847463,0.439113915,-0.232461855,0.22600472,0.203205079,-0.208403349,0.211566657,-0.037494484,-0.298300296,0.118386582,-0.001871344,-0.004184191,0.123832889,-0.389682293,0.074986011,0.178448111,-0.649055243,0.324002773,-0.171090052,0.448542356,-0.232163846,-0.224104553,0.198409081,-0.165890634,-0.229545966,-0.04935772,-0.243760571,-0.11873541,0.002412451,0.005346351,-0.127954915,-0.367565393,0.1597974,-0.134870306,-0.65441817,0.427936971
32.36666667,-0.001606471,0.579887509,-0.43712154,0.186748445,0.43911913,-0.232986778,0.225696146,0.203228623,-0.208166823,0.211803451,-0.03771596,-0.296985567,0.11840111,-0.001875366,-0.004174057,0.123771064,-0.390048265,0.074855931,0.177985504,-0.650209248,0.323478103,-0.171344787,0.448472023,-0.233986735,-0.224232033,0.198417678,-0.166939259,-0.229589432,-0.049360558,-0.24380964,-0.118750319,0.002419677,0.005335194,-0.128815353,-0.367563695,0.159614176,-0.136173144,-0.6545645,0.426016212
32.38333333,-0.002227976,0.577441156,-0.44053337,0.186238974,0.43905893,-0.23521927,0.225474119,0.203236982,-0.210014701,0.212166771,-0.037804,-0.297844768,0.118411437,-0.001894186,-0.004171858,0.123482168,-0.390272021,0.075808175,0.177491561,-0.651060343,0.323099077,-0.171655089,0.44843182,-0.236317441,-0.224486783,0.198453873,-0.170084491,-0.229696795,-0.049400896,-0.246912375,-0.118761778,0.002444361,0.005333513,-0.129708648,-0.367208064,0.161130294,-0.138048977,-0.654313564,0.426410884
32.4,-0.002450724,0.575027466,-0.442091942,0.185607508,0.439373821,-0.235414237,0.225037009,0.204192638,-0.209345713,0.213232473,-0.037283622,-0.295900404,0.118422806,-0.001913696,-0.004151621,0.122835152,-0.390476763,0.075668223,0.176739782,-0.652130127,0.322408289,-0.172096342,0.448513538,-0.237925798,-0.224650353,0.198719501,-0.171613529,-0.229726717,-0.049231142,-0.247730613,-0.118774243,0.002469702,0.005313171,-0.131571606,-0.366559625,0.161643595,-0.14036043,-0.653538644,0.426548183
32.41666667,-0.002554266,0.573394775,-0.443311483,0.18492642,0.43942681,-0.23553735,0.224531949,0.204711765,-0.208622262,0.213819757,-0.037150156,-0.294546753,0.118424557,-0.001918999,-0.00407507,0.122357421,-0.390778124,0.076979429,0.176231623,-0.653223395,0.322045356,-0.172549948,0.448504001,-0.239463985,-0.225364089,0.198865026,-0.173075601,-0.229989484,-0.049288079,-0.248385787,-0.118778683,0.002478192,0.005234151,-0.132217631,-0.366463333,0.161927566,-0.142580003,-0.653531313,0.426558644
32.43333333,-0.003365251,0.572271526,-0.443454653,0.183951229,0.43959415,-0.235464752,0.224053249,0.205426902,-0.206731588,0.214281917,-0.036986373,-0.292234689,0.118431032,-0.001943165,-0.003945284,0.122135662,-0.390980065,0.07798326,0.175705463,-0.653844953,0.321766883,-0.173292398,0.449177921,-0.239365175,-0.225927785,0.200244069,-0.17248024,-0.230487466,-0.049012177,-0.247782558,-0.118786857,0.002508746,0.005101361,-0.132737428,-0.366228998,0.162122607,-0.143995956,-0.653522909,0.42658034
32.45,-0.007081548,0.572095633,-0.44420746,0.182250977,0.438682526,-0.235692248,0.222847015,0.205365524,-0.205941111,0.214375392,-0.037054177,-0.290374994,0.118434101,-0.001952916,-0.003732592,0.121652,-0.391623408,0.082342304,0.174555048,-0.654293776,0.329782009,-0.174498379,0.448314458,-0.240142897,-0.226998001,0.200158507,-0.172531381,-0.230864316,-0.049033482,-0.246985614,-0.118792146,0.002521739,0.004878876,-0.134250015,-0.366061836,0.1617174,-0.146322772,-0.653202951,0.424975663
32.46666667,-0.007646895,0.569426715,-0.447282016,0.181450158,0.438412964,-0.236088663,0.222105101,0.205389246,-0.204537079,0.214678213,-0.037099574,-0.287944198,0.118441008,-0.001951985,-0.003209128,0.120719299,-0.391703844,0.085341692,0.172261,-0.654292464,0.338435382,-0.175618842,0.447376221,-0.244220868,-0.22724615,0.199841633,-0.175683096,-0.230949536,-0.049241424,-0.248083353,-0.118800186,0.002524226,0.004341597,-0.135187671,-0.36520654,0.16112867,-0.148791984,-0.651482701,0.424446195
32.48333333,-0.010874101,0.565015137,-0.449121952,0.180636883,0.43801856,-0.236542612,0.221803561,0.204934597,-0.204004511,0.215280026,-0.037468575,-0.287408561,0.118453957,-0.001965922,-0.00302141,0.120474011,-0.391820669,0.08506383,0.171351373,-0.654377282,0.338448703,-0.176470339,0.447141826,-0.244836122,-0.227644116,0.19955188,-0.175610244,-0.23130706,-0.049153522,-0.247984365,-0.118816473,0.002541812,0.004142202,-0.136230618,-0.365192771,0.158007786,-0.150084689,-0.651682734,0.420007676
32.5,-0.01191794,0.555684924,-0.454664767,0.180373028,0.435944647,-0.238765106,0.221398517,0.203119263,-0.203404471,0.217005864,-0.039388418,-0.283896446,0.118458897,-0.001966226,-0.002550318,0.120435283,-0.39328751,0.084901839,0.170073733,-0.657229483,0.340366185,-0.176671788,0.444242328,-0.251585901,-0.227995157,0.198114663,-0.180793062,-0.231454089,-0.049217951,-0.248191848,-0.118823662,0.002544127,0.003647211,-0.137735024,-0.365643948,0.14184244,-0.152044192,-0.652760804,0.390881985
32.51666667,-0.01244325,0.546653867,-0.462948591,0.179200992,0.429882795,-0.242540076,0.220364317,0.19812201,-0.20361279,0.218992472,-0.044137109,-0.283367962,0.11845731,-0.001968132,-0.002268948,0.120661765,-0.394257605,0.080737025,0.170051813,-0.663791358,0.330379605,-0.1767921,0.43757847,-0.25981003,-0.229231954,0.193319231,-0.188998654,-0.231942043,-0.050846398,-0.249909908,-0.118824862,0.002547776,0.003358034,-0.13869752,-0.367314279,0.127359957,-0.153881624,-0.657828033,0.364462465
32.53333333,-0.01263774,0.536123514,-0.472303987,0.178026974,0.424850225,-0.248506606,0.219244123,0.192873374,-0.20626761,0.21915558,-0.049516547,-0.283516884,0.118453398,-0.001947356,-0.002142322,0.120669894,-0.394629151,0.071950912,0.169998527,-0.666836262,0.316023797,-0.177024618,0.428364098,-0.267597616,-0.231761754,0.185075387,-0.197012767,-0.232736155,-0.053450886,-0.253195763,-0.118823782,0.0025275,0.003223584,-0.13957417,-0.369197667,0.117500812,-0.156039715,-0.662184477,0.351337254
32.55,-0.011078594,0.526045978,-0.487487704,0.177561328,0.418435812,-0.260676771,0.218143001,0.185313702,-0.218432248,0.219178215,-0.058030721,-0.290857792,0.118419729,-0.001915953,-0.002077642,0.120345511,-0.396118194,0.071674816,0.16995804,-0.67386049,0.308257252,-0.177027494,0.421168685,-0.281229675,-0.232726082,0.179228306,-0.213818714,-0.233056501,-0.055803686,-0.268520117,-0.118793987,0.00249623,0.00315299,-0.140141025,-0.373100311,0.115485772,-0.158499926,-0.670875251,0.342780471
32.56666667,-0.01118646,0.514556348,-0.49099499,0.177397296,0.416424394,-0.266107231,0.218126997,0.18221873,-0.225285426,0.219254136,-0.060354073,-0.297130823,0.118406385,-0.001922944,-0.002142659,0.11951299,-0.396792173,0.069140352,0.169831917,-0.676985681,0.302609444,-0.177147731,0.419211745,-0.282109141,-0.234187782,0.177466527,-0.213725999,-0.233506501,-0.056622989,-0.27025649,-0.11878404,0.002503437,0.003209163,-0.141030043,-0.374498844,0.115184247,-0.160734683,-0.674299002,0.341313213
32.58333333,-0.013939231,0.496337473,-0.502724171,0.176429644,0.407305419,-0.2814596,0.218095854,0.173018008,-0.243606269,0.219228417,-0.066398129,-0.311923862,0.118339822,-0.001936157,-0.002363214,0.118650138,-0.3971304,0.066307612,0.169610947,-0.680793345,0.289421767,-0.178302661,0.414693683,-0.289018005,-0.236677885,0.175494716,-0.219246089,-0.234553859,-0.058381122,-0.275572926,-0.118725434,0.002516392,0.003419893,-0.141324565,-0.375714093,0.115140557,-0.163404897,-0.679090023,0.334239632
32.6,-0.013923823,0.480654091,-0.515467823,0.176266313,0.403121948,-0.290646881,0.217518017,0.167537928,-0.250746489,0.218254298,-0.070972584,-0.316886425,0.118333399,-0.001936641,-0.002469651,0.115391262,-0.39800784,0.059063833,0.168450728,-0.68323642,0.278082371,-0.18017824,0.40864107,-0.297031701,-0.239570513,0.171634853,-0.223706186,-0.237354353,-0.061148234,-0.279296249,-0.118721604,0.002517779,0.003522536,-0.141845644,-0.37650463,0.1130068,-0.164573506,-0.681078434,0.327254325
32.61666667,-0.013561839,0.454149276,-0.519280016,0.175613329,0.398050398,-0.306555599,0.217406377,0.160090998,-0.278679609,0.215136915,-0.075539581,-0.337642133,0.118120775,-0.001899146,-0.002857591,0.113788478,-0.399063081,0.025110554,0.168561906,-0.692536354,0.218885466,-0.180082679,0.400503665,-0.311211079,-0.246141344,0.164313942,-0.255132735,-0.241796568,-0.063127905,-0.3051669,-0.118512325,0.002478841,0.003902724,-0.142384917,-0.378703088,0.083060689,-0.164713115,-0.686533213,0.271777183
32.63333333,-0.013639894,0.433164716,-0.538971245,0.174745798,0.383696765,-0.334547073,0.217433661,0.149849445,-0.314365953,0.212375924,-0.083391681,-0.369574249,0.117681958,-0.001968071,-0.004485134,0.111949138,-0.399953902,0.003131747,0.168679491,-0.701513112,0.178508237,-0.178429544,0.393431872,-0.32995984,-0.248017475,0.160235524,-0.280711591,-0.24286443,-0.06623897,-0.330508947,-0.118083656,0.00255636,0.005525995,-0.142340109,-0.38128233,0.072029702,-0.164531827,-0.694858253,0.254805803
32.65,-0.013611198,0.41149804,-0.559626698,0.17368041,0.375140309,-0.349535912,0.217090666,0.13974987,-0.330121994,0.209047958,-0.094480567,-0.38274163,0.117523238,-0.001923441,-0.005207198,0.106596284,-0.40059498,-0.002094398,0.168498412,-0.703440487,0.175496534,-0.178470418,0.379456729,-0.346797645,-0.247610703,0.146327183,-0.298483253,-0.243125781,-0.076357432,-0.350438952,-0.117926896,0.002519575,0.006243354,-0.142480865,-0.38207531,0.068391666,-0.164417565,-0.696010292,0.251008689
32.66666667,-0.016699534,0.403130233,-0.568660975,0.172274515,0.368942499,-0.359471917,0.217089593,0.134770185,-0.343894929,0.207820117,-0.099395074,-0.397412688,0.11733263,-0.001938285,-0.005820164,0.104778625,-0.401964992,-0.007265837,0.168031111,-0.708744466,0.17281276,-0.1786118,0.371946394,-0.353020996,-0.250489622,0.139581636,-0.309490412,-0.245763913,-0.083275616,-0.364773124,-0.117748216,0.002539883,0.00684305,-0.143600583,-0.382787585,0.058850829,-0.165967584,-0.698807895,0.234114781
32.68333333,-0.017422421,0.381448954,-0.579092085,0.171837434,0.355926454,-0.369895935,0.217531547,0.120059587,-0.360118777,0.205981895,-0.113365933,-0.418211699,0.117165789,-0.002065087,-0.007792534,0.103673972,-0.404310107,-0.029202962,0.16849418,-0.717112601,0.137698412,-0.178349808,0.365125269,-0.35924232,-0.252420396,0.131704569,-0.318255156,-0.246788487,-0.08940807,-0.377423555,-0.11759346,0.00268606,0.00878049,-0.143584579,-0.385857344,0.051409926,-0.164913133,-0.706454754,0.226327881
32.7,-0.025606407,0.345368654,-0.587773681,0.169820487,0.334708035,-0.380194277,0.218885317,0.103521377,-0.374526203,0.20607993,-0.126478389,-0.433022827,0.11695607,-0.003151905,-0.010357342,0.103311755,-0.407412112,-0.056838028,0.171242684,-0.724959731,0.09208566,-0.178258985,0.356921107,-0.365424871,-0.255901754,0.126429543,-0.326193005,-0.248971567,-0.093861461,-0.386692762,-0.117392868,0.003829015,0.011309688,-0.143508524,-0.388427854,0.040164892,-0.16333288,-0.712813437,0.211751744
32.71666667,-0.027742581,0.324875891,-0.601061702,0.168901652,0.31603384,-0.388201892,0.221384391,0.085755542,-0.381434828,0.206198782,-0.142466664,-0.440858454,0.116898373,-0.003646631,-0.011611197,0.100487895,-0.410569876,-0.063021779,0.172214925,-0.729734957,0.087785237,-0.178229451,0.338999957,-0.37556383,-0.259599268,0.110471137,-0.335244715,-0.251107156,-0.107079171,-0.396000654,-0.117344849,0.004350259,0.012515549,-0.144666716,-0.389790565,0.031863935,-0.163835481,-0.71690011,0.200676337
32.73333333,-0.033677101,0.311951429,-0.606383026,0.165378898,0.297310293,-0.395248413,0.221403584,0.072041027,-0.388468683,0.206144124,-0.155558065,-0.446496934,0.116872773,-0.004329294,-0.012196141,0.098145962,-0.414719254,-0.075452857,0.172998771,-0.738661766,0.06945952,-0.17844893,0.327048451,-0.380801618,-0.264808476,0.101889588,-0.338817179,-0.25478825,-0.116381578,-0.399029315,-0.117322668,0.005059964,0.013090458,-0.148098126,-0.391946584,0.016536696,-0.165913492,-0.724816024,0.178251997
32.75,-0.033995684,0.281261295,-0.638451934,0.16319415,0.268775105,-0.416775525,0.2221701,0.051910065,-0.406810611,0.205913931,-0.171498537,-0.463954926,0.116861813,-0.004506885,-0.012288073,0.093824185,-0.419943035,-0.07950969,0.173943743,-0.743277788,0.070017643,-0.179331064,0.291077822,-0.406489253,-0.268706381,0.071426235,-0.358890831,-0.25702402,-0.142055675,-0.417709917,-0.117315538,0.005257719,0.013180286,-0.150969625,-0.39367795,0.004974764,-0.168805629,-0.73039645,0.167876258
32.76666667,-0.034182161,0.246656388,-0.662455022,0.161699027,0.246204808,-0.428132236,0.222779468,0.035937153,-0.409949809,0.2052055,-0.184803635,-0.460419983,0.11688371,-0.004584953,-0.012108626,0.091034621,-0.422245979,-0.086827882,0.174313545,-0.747301877,0.053813621,-0.18139407,0.262974679,-0.425142676,-0.269979239,0.050088622,-0.366536409,-0.259241313,-0.161771744,-0.409494877,-0.117363751,0.005333129,0.012959522,-0.151072919,-0.393299043,-0.023910789,-0.168868646,-0.731623471,0.11928945
32.78333333,-0.033711553,0.218061313,-0.666849315,0.160488516,0.237008542,-0.426624715,0.224154592,0.032333609,-0.400490671,0.206574872,-0.186353311,-0.45322293,0.117043905,-0.004637315,-0.011972998,0.091290109,-0.421759874,-0.091843449,0.174349457,-0.744164944,0.044913422,-0.184883296,0.248842299,-0.427083224,-0.269312203,0.043138366,-0.35424155,-0.263965815,-0.163042948,-0.397455245,-0.117561422,0.005393916,0.012793516,-0.155206397,-0.387995452,-0.051766291,-0.168683678,-0.729258478,0.092386656
32.8,-0.033520862,0.200721487,-0.655628324,0.1606071,0.236044645,-0.422477573,0.228616431,0.032006789,-0.395901769,0.210520342,-0.186694339,-0.449752122,0.117063589,-0.004665852,-0.011865804,0.09169703,-0.417943597,-0.094716474,0.176274911,-0.741925776,0.033559211,-0.185130373,0.253400862,-0.421334535,-0.269062936,0.047455948,-0.347556621,-0.265389651,-0.158080027,-0.385776162,-0.117582254,0.005441531,0.012676898,-0.156293258,-0.386422932,-0.054179728,-0.167767093,-0.727415919,0.087224022
32.81666667,-0.033022627,0.175411493,-0.651980162,0.160689995,0.225689724,-0.418255001,0.229530439,0.022570845,-0.391087711,0.210841075,-0.1982916,-0.448690683,0.117064975,-0.004698465,-0.011915221,0.092437997,-0.409995437,-0.112463161,0.17823936,-0.741320491,0.012236669,-0.185081825,0.23889485,-0.41742456,-0.269768953,0.029362896,-0.335423887,-0.266721606,-0.169291034,-0.345247716,-0.11758697,0.005488039,0.012701881,-0.155985042,-0.382685751,-0.055533309,-0.16642873,-0.726343811,0.076288521
32.83333333,-0.031862631,0.163120776,-0.654818118,0.160784155,0.220789507,-0.416114777,0.231619403,0.024415342,-0.370119035,0.216345146,-0.199499309,-0.403363883,0.117162645,-0.004998439,-0.011661598,0.097705439,-0.411341935,-0.106827572,0.180504367,-0.738409579,0.035727348,-0.185031265,0.23290424,-0.420534641,-0.269441336,0.028919719,-0.318957776,-0.266293019,-0.170947269,-0.318396598,-0.117689498,0.00583555,0.012436465,-0.15617314,-0.380016834,-0.053762298,-0.164254487,-0.724072933,0.099873923
32.85,-0.031653427,0.134881943,-0.656974971,0.159942538,0.201725617,-0.413467824,0.233681381,0.019295452,-0.3256993,0.22145845,-0.207041606,-0.316811264,0.117441252,-0.005208594,-0.011628681,0.098388262,-0.412224859,-0.103557132,0.181658253,-0.737327278,0.036476828,-0.189591467,0.210708961,-0.417829514,-0.269589812,0.023741147,-0.259925723,-0.268314511,-0.182996199,-0.210191667,-0.117967784,0.006089872,0.012404944,-0.159234926,-0.379601657,-0.046392895,-0.165641263,-0.723670244,0.106378406
32.86666667,-0.030559409,0.116613053,-0.660534382,0.15906705,0.188380733,-0.413035959,0.233527407,0.011574852,-0.316576242,0.222357482,-0.21435219,-0.295243859,0.11774461,-0.005596082,-0.011625275,0.098378554,-0.41209498,-0.101233535,0.181604758,-0.735474467,0.036586422,-0.192985386,0.199789822,-0.422629446,-0.272017717,0.017991774,-0.259294778,-0.269527614,-0.189416096,-0.204917878,-0.11826387,0.006553718,0.012406542,-0.164253592,-0.378006548,-0.046027638,-0.166842565,-0.723236382,0.100970343
32.88333333,-0.030428395,0.108812176,-0.657898426,0.159576014,0.172555789,-0.397078723,0.233746812,0.004364398,-0.252405345,0.224767298,-0.226943955,-0.191620976,0.118447199,-0.006276732,-0.011604838,0.099124998,-0.410045207,-0.10051883,0.181348473,-0.729019582,0.033188503,-0.195805788,0.18273066,-0.417682052,-0.272093296,0.017472081,-0.196438268,-0.272754818,-0.198718384,-0.108456977,-0.118950129,0.007279706,0.012394046,-0.166267753,-0.376703113,-0.04496301,-0.169976905,-0.722662866,0.097758003
32.9,-0.030271556,0.103653274,-0.660985529,0.160423949,0.163920954,-0.389914423,0.234812066,0.000279512,-0.233907431,0.229642838,-0.233764321,-0.164895415,0.119340152,-0.006868987,-0.011403757,0.103070915,-0.409551144,-0.098706074,0.181326494,-0.723530293,0.038069703,-0.19895421,0.17757608,-0.416772842,-0.27274248,0.020351624,-0.185408443,-0.273612052,-0.203821421,-0.097863689,-0.119833685,0.007910118,0.012243772,-0.168574423,-0.375993103,-0.046237551,-0.172505096,-0.722148836,0.096911453
32.91666667,-0.030148258,0.104409114,-0.672072172,0.162655666,0.153801605,-0.387005597,0.23472245,-0.009336082,-0.225083187,0.22904259,-0.240791157,-0.147577792,0.120596275,-0.007172443,-0.01085467,0.103740692,-0.409061819,-0.099284761,0.18111138,-0.71810168,0.037689239,-0.201587811,0.169047907,-0.415278822,-0.27403,0.019299367,-0.183022439,-0.274694979,-0.211762294,-0.095473886,-0.121112175,0.008232847,0.011805947,-0.170982525,-0.374152213,-0.059941318,-0.177219197,-0.720892131,0.076181486
32.93333333,-0.030097947,0.093097322,-0.673468292,0.1627855,0.146178335,-0.38218531,0.234472454,-0.011190627,-0.214308098,0.227911457,-0.238200113,-0.132474512,0.12161424,-0.007278515,-0.009683558,0.104018375,-0.408156902,-0.09818992,0.179914266,-0.709681869,0.03965804,-0.205449119,0.159737766,-0.414587557,-0.277022004,0.018263204,-0.17363821,-0.277509749,-0.21680297,-0.080420531,-0.122159466,0.008348618,0.010801444,-0.171385646,-0.372163296,-0.067701355,-0.183237091,-0.719698727,0.063057616
32.95,-0.028426025,0.081498057,-0.671900094,0.163364306,0.141317457,-0.377335519,0.235289812,-0.011464009,-0.210863918,0.227588892,-0.234571412,-0.130061671,0.122296914,-0.007246619,-0.008432935,0.105708152,-0.403375328,-0.099918664,0.179879472,-0.70105052,0.036311422,-0.206338271,0.15147762,-0.413938165,-0.280624509,0.012892567,-0.173429176,-0.277967453,-0.22184594,-0.078408375,-0.122872338,0.008323578,0.009679012,-0.171019524,-0.37099877,-0.068140291,-0.184085593,-0.71952939,0.057607282
32.96666667,-0.028333046,0.061334677,-0.670060456,0.163610741,0.130180255,-0.369101644,0.236689627,-0.013228491,-0.189989254,0.228075728,-0.2337109,-0.091487303,0.122477286,-0.007333937,-0.00780118,0.105755851,-0.400147885,-0.100229919,0.179882973,-0.697795331,0.030362478,-0.205903381,0.14138563,-0.408178538,-0.281477869,0.010476463,-0.15606463,-0.279377759,-0.228515059,-0.046445079,-0.123063967,0.008421955,0.009127147,-0.169951037,-0.370246798,-0.065031663,-0.18457672,-0.719449341,0.056845162
32.98333333,-0.030921759,0.040758807,-0.673406541,0.162660331,0.123270787,-0.368242651,0.237803251,-0.010585422,-0.177976638,0.232328057,-0.231632799,-0.064472593,0.122482017,-0.00736467,-0.007304687,0.113073356,-0.393433511,-0.100195229,0.181038946,-0.695358396,0.019500652,-0.205835193,0.137192935,-0.40689835,-0.282230645,0.012411057,-0.142395377,-0.282894492,-0.230360031,-0.020778568,-0.123073027,0.008460146,0.008672003,-0.169051558,-0.369843543,-0.063264057,-0.184730589,-0.721606135,0.050865099
33,-0.031318258,0.019816589,-0.678604484,0.162661389,0.103098728,-0.369438142,0.246195138,-0.016960388,-0.183611795,0.244605392,-0.233048454,-0.070962548,0.122485295,-0.007487839,-0.006627474,0.12338154,-0.393435925,-0.091632828,0.184498429,-0.696298063,0.019258127,-0.205631003,0.120039359,-0.407874674,-0.282333463,0.007121076,-0.143404663,-0.288041413,-0.234655395,-0.017227009,-0.12307775,0.008598998,0.008039426,-0.168229476,-0.369202852,-0.062396966,-0.185057133,-0.724278629,0.046965212
33.01666667,-0.033052649,0.012057246,-0.689243972,0.162673995,0.096618354,-0.371296197,0.254366398,-0.015885776,-0.18605262,0.256041318,-0.231984615,-0.063387372,0.122462898,-0.007529963,-0.006630908,0.123736329,-0.390272349,-0.090995096,0.186720565,-0.697010696,0.002946597,-0.205611303,0.112515949,-0.411185235,-0.283471286,0.008488998,-0.141363233,-0.294230521,-0.230852947,-0.003945337,-0.123059943,0.008653483,0.008043305,-0.168035984,-0.369059622,-0.061567597,-0.186003625,-0.72897774,0.039868481
33.03333333,-0.03368428,0.012760692,-0.666235924,0.162681952,0.097667128,-0.366005898,0.259542972,-0.014371936,-0.176365852,0.261351228,-0.228945807,-0.055644363,0.122656219,-0.007959905,-0.006745287,0.123260945,-0.387053907,-0.092409708,0.185607582,-0.695789874,-0.007053988,-0.205931187,0.119362384,-0.399794906,-0.290152222,0.010306248,-0.128275469,-0.300612032,-0.228342563,-0.001578183,-0.123245999,0.009132046,0.008171106,-0.169194832,-0.365163386,-0.061032053,-0.190674037,-0.728671193,0.039113674
33.05,-0.040607527,-0.006538982,-0.680192292,0.162456766,0.080221891,-0.370882392,0.258262843,-0.020218411,-0.17973344,0.261172503,-0.229320601,-0.045743022,0.122654125,-0.007969623,-0.006385792,0.126565278,-0.384698659,-0.092407003,0.185890451,-0.696181953,-0.015976455,-0.206209779,0.09986531,-0.40729773,-0.292796075,0.007667434,-0.136726201,-0.307172239,-0.231978714,-0.005578594,-0.123248443,0.009147856,0.007843065,-0.169059142,-0.365013331,-0.061190613,-0.19240585,-0.734073639,0.025184888
33.06666667,-0.044662487,-0.014073717,-0.698406696,0.161877811,0.069609784,-0.377206951,0.259126693,-0.025120996,-0.18216674,0.266206324,-0.232075453,-0.042187788,0.122650459,-0.007948257,-0.006007347,0.12966226,-0.386660367,-0.085927069,0.185820356,-0.712224364,-0.011512338,-0.206167415,0.08256045,-0.414575338,-0.292407542,-0.001642963,-0.142208546,-0.308389962,-0.235312909,-0.013329452,-0.123251133,0.009138113,0.007486539,-0.167742342,-0.367243767,-0.06082695,-0.193210244,-0.744622648,0.02430442
33.08333333,-0.043335665,-0.041142534,-0.694390535,0.162057772,0.053593487,-0.377816647,0.260402143,-0.030064678,-0.174450263,0.275497884,-0.234531879,-0.012799877,0.122635119,-0.0079151,-0.005274421,0.129938141,-0.390355587,-0.077394277,0.185639679,-0.723158717,-0.007776611,-0.202451468,0.064216904,-0.414374888,-0.291033596,-0.013368951,-0.142768517,-0.30686751,-0.238553986,-0.00131175,-0.123245344,0.009126506,0.006804168,-0.160495102,-0.374014825,-0.054501973,-0.192097276,-0.757056117,0.02799283
33.1,-0.041984998,-0.055952709,-0.678486764,0.162190229,0.05158839,-0.377957284,0.263181031,-0.030405229,-0.175787076,0.282107294,-0.234115779,-0.019525062,0.122635692,-0.007404062,-0.005011667,0.132188186,-0.389519781,-0.077539891,0.186274499,-0.722550035,-0.010568257,-0.201631531,0.055336677,-0.414178759,-0.290844709,-0.021488398,-0.144215584,-0.305164576,-0.237435371,-0.005606249,-0.123250723,0.008679483,0.006559135,-0.155429721,-0.37643072,-0.050495561,-0.189856291,-0.759176135,0.026291985
33.11666667,-0.036269959,-0.069760755,-0.670806825,0.164468497,0.040843323,-0.375999123,0.266163796,-0.034936361,-0.16633004,0.287336141,-0.234073117,-0.004610716,0.122655973,-0.007141817,-0.004077074,0.133893922,-0.389638782,-0.077034034,0.190675735,-0.721788585,-0.011893244,-0.199203476,0.041683774,-0.413764805,-0.289760441,-0.028957998,-0.13923499,-0.300770611,-0.236693695,0.014105406,-0.123270839,0.008445454,0.005687414,-0.147499576,-0.378532648,-0.048746575,-0.185713693,-0.758132517,0.024231434
33.13333333,-0.030372338,-0.077626675,-0.670841038,0.16567716,0.034901828,-0.376069516,0.267939478,-0.03966542,-0.16856049,0.286544055,-0.234872058,-0.018094644,0.122626185,-0.006493163,-0.002997399,0.13898167,-0.390056998,-0.07297086,0.192040235,-0.722236097,-0.010203222,-0.195695192,0.028229591,-0.416052788,-0.288121074,-0.04392872,-0.142785877,-0.284700781,-0.237124637,0.003529055,-0.123248957,0.007835587,0.004644732,-0.141092539,-0.384369016,-0.043489046,-0.180396348,-0.759866655,0.026219144
33.15,-0.025819102,-0.121838212,-0.670333147,0.165649116,-0.002501048,-0.376096129,0.26866582,-0.066837445,-0.166218653,0.285434872,-0.25413847,-0.008035943,0.122591965,-0.005976787,-0.001690742,0.139109105,-0.396414459,-0.070339374,0.19927597,-0.728934765,-0.009189716,-0.19149515,-0.012733283,-0.418596476,-0.282741487,-0.076467879,-0.14359042,-0.269836932,-0.258348048,0.010492667,-0.123218715,0.007360678,0.00337659,-0.136866257,-0.396152079,-0.043075271,-0.172865421,-0.774941802,0.02733314
33.16666667,-0.0259177,-0.145321622,-0.647408366,0.165597513,-0.018816058,-0.369379044,0.268173903,-0.082913376,-0.15404284,0.285201162,-0.262824833,0.013629594,0.122473858,-0.005665625,-0.001583368,0.137143359,-0.396520644,-0.07067389,0.1997426,-0.728824079,-0.017669562,-0.190642655,-0.031818427,-0.412739694,-0.276786655,-0.103797123,-0.136952698,-0.269452661,-0.274470896,0.033855777,-0.123102196,0.007088819,0.003278829,-0.135616645,-0.397753894,-0.042409476,-0.164935216,-0.778829157,0.026877366
33.18333333,-0.024565909,-0.15770182,-0.619367898,0.165733173,-0.025449332,-0.364343464,0.268517435,-0.085739531,-0.152677566,0.284772426,-0.260138243,0.013636062,0.122342795,-0.005207988,-0.001425393,0.132901534,-0.39592129,-0.069403052,0.199986473,-0.727003515,-0.016174866,-0.18843177,-0.038692281,-0.406821907,-0.270211101,-0.104934461,-0.134854421,-0.269235969,-0.271166563,0.041944936,-0.122966051,0.006666935,0.003107117,-0.135460779,-0.397701621,-0.037801247,-0.159782186,-0.776082933,0.031957675
33.2,-0.022633623,-0.178866819,-0.552624047,0.16602163,-0.031473197,-0.350350887,0.268740535,-0.099915177,-0.151500046,0.283954471,-0.266735524,0.005319454,0.122324139,-0.00506456,-0.001326069,0.133157194,-0.396235764,-0.060341615,0.199706167,-0.72670728,-2.62E-05,-0.187995687,-0.047289312,-0.384762526,-0.266382635,-0.129549056,-0.127126694,-0.267762929,-0.288791835,0.039759263,-0.12293274,0.006542066,0.003012421,-0.134846851,-0.398819059,-0.029895859,-0.153977975,-0.774013698,0.051931731
33.21666667,-0.022779657,-0.171745911,-0.556267798,0.164429381,-0.021057285,-0.351068377,0.270224601,-0.0903809,-0.153377116,0.283374012,-0.264750987,0.001316159,0.122200072,-0.004742146,-0.001292192,0.135703549,-0.393550873,-0.054964736,0.199462965,-0.716176152,0.015664041,-0.188065276,-0.036708198,-0.383625925,-0.263433158,-0.116308503,-0.12895678,-0.266700983,-0.282016903,0.032993358,-0.122784577,0.006230537,0.00296067,-0.134310842,-0.398028076,-0.02570061,-0.15567781,-0.770936906,0.066097945
33.23333333,-0.02790603,-0.192412168,-0.546408772,0.162506655,-0.035876773,-0.349177241,0.270038813,-0.098638505,-0.155097753,0.276234031,-0.267297208,-0.000974906,0.122161202,-0.004806692,-0.000981472,0.135500714,-0.395706922,-0.054129999,0.196198955,-0.716318846,0.015660191,-0.188191399,-0.041749451,-0.378230989,-0.271775156,-0.119769782,-0.129572392,-0.268437594,-0.290113211,0.016988086,-0.122729622,0.006298614,0.002633837,-0.134703502,-0.39782691,-0.0206971,-0.156830996,-0.770586789,0.069099464
33.25,-0.037681583,-0.19723253,-0.509304106,0.154827833,-0.032985698,-0.33628431,0.265451223,-0.095841363,-0.155336589,0.268452138,-0.266405106,-0.002380535,0.122053526,-0.004833906,-0.000969264,0.131661281,-0.396620035,-0.047679432,0.183938473,-0.716580212,0.025108073,-0.191002011,-0.036722373,-0.358786076,-0.285162538,-0.113026068,-0.129882276,-0.277494222,-0.290134221,0.002966321,-0.12260174,0.00632724,0.002613517,-0.135138586,-0.398209959,-0.011775553,-0.160334259,-0.770467401,0.077480823
33.26666667,-0.037297633,-0.222181022,-0.469442248,0.155095547,-0.04970026,-0.310592502,0.265356183,-0.113999628,-0.138906643,0.267732561,-0.280142635,-0.0001454,0.122041114,-0.005163557,-0.000792013,0.129279524,-0.401837677,-0.043155629,0.181586325,-0.721905231,0.031512424,-0.190990835,-0.052587472,-0.335040867,-0.284977734,-0.127162099,-0.118234217,-0.278167039,-0.307348907,0.002520543,-0.122589074,0.006659149,0.002436641,-0.135318473,-0.400757223,-0.004064846,-0.160537839,-0.772527695,0.089724079
33.28333333,-0.037408665,-0.216748118,-0.424599826,0.155335918,-0.044614676,-0.293117464,0.266635358,-0.110472478,-0.130599841,0.265206903,-0.277124286,-0.000644243,0.122018941,-0.005364746,-0.000784168,0.128752783,-0.402847141,-0.041647941,0.176186159,-0.726449251,0.029932322,-0.190749511,-0.047483772,-0.314086229,-0.293575913,-0.120822459,-0.111695878,-0.287114978,-0.301270753,-0.006353764,-0.122565955,0.006859185,0.002424842,-0.138427958,-0.402703792,-0.003355718,-0.169754729,-0.775926352,0.08485052
33.3,-0.042799942,-0.215646148,-0.427934885,0.154023901,-0.043715175,-0.291680217,0.266655445,-0.109095782,-0.130765349,0.259286046,-0.275998414,-0.00212409,0.122016348,-0.005422114,-0.000796816,0.128526747,-0.397864342,-0.047380824,0.171558559,-0.726252019,0.008302079,-0.192660064,-0.045690626,-0.309948981,-0.311162591,-0.116977461,-0.108110987,-0.299471676,-0.299505681,-0.008088552,-0.122558847,0.006916707,0.00242973,-0.14580062,-0.401184291,-0.005243768,-0.176525891,-0.775606096,0.063364401
33.31666667,-0.042535502,-0.219352275,-0.453003287,0.154049292,-0.051757887,-0.297375023,0.269901454,-0.112231344,-0.133432522,0.259122252,-0.274292469,-0.003229052,0.121978551,-0.005555815,-0.000714258,0.130718261,-0.383240044,-0.065853372,0.170925841,-0.724181235,-0.015262641,-0.193055451,-0.052331757,-0.318901092,-0.307967603,-0.120068714,-0.110215813,-0.298279107,-0.296615988,-0.010633542,-0.122513801,0.00704709,0.002328862,-0.148754269,-0.397066742,-0.026314057,-0.181153238,-0.774980068,0.032871466
33.33333333,-0.043078624,-0.22948128,-0.470949918,0.152913034,-0.063796304,-0.301172733,0.270465702,-0.115904577,-0.134739041,0.258978039,-0.275185466,-0.002725254,0.121923514,-0.005553365,-0.00061642,0.133102491,-0.374365002,-0.082309276,0.171111107,-0.722983956,-0.025154274,-0.194866449,-0.069399618,-0.324747413,-0.304836392,-0.135479912,-0.111064799,-0.294866741,-0.300293416,-0.007727599,-0.122449972,0.00704527,0.002208456,-0.148813963,-0.396163881,-0.040326681,-0.182406992,-0.774618328,0.022536959
33.35,-0.043029428,-0.224222958,-0.515662193,0.152039051,-0.066199265,-0.322754204,0.270309538,-0.115039475,-0.144419104,0.258490264,-0.274591237,-0.004091607,0.12186987,-0.005537005,-0.000576577,0.134942234,-0.370712548,-0.091053791,0.171493173,-0.722546697,-0.035569299,-0.195678085,-0.072255954,-0.346435994,-0.301936537,-0.136658564,-0.127470642,-0.286769211,-0.299649954,-0.007793419,-0.122397788,0.007031604,0.002149549,-0.148762733,-0.395919859,-0.048823748,-0.182117105,-0.774976611,0.01342326
33.36666667,-0.032753259,-0.228888333,-0.486357003,0.1531353,-0.062674984,-0.316586465,0.27122429,-0.115779489,-0.141162038,0.259580314,-0.274071842,-0.002255215,0.121735789,-0.005443981,0.000171307,0.1458316,-0.366521299,-0.088196054,0.173150793,-0.720542908,-0.031869363,-0.192589492,-0.0746217,-0.342554659,-0.282353133,-0.150001809,-0.127874643,-0.266024143,-0.304764509,-0.010323048,-0.122253321,0.006940303,0.00141268,-0.144343466,-0.396284163,-0.046909235,-0.177652061,-0.774667621,0.017360039
33.38333333,-0.033314925,-0.234050661,-0.4355914,0.152435601,-0.060924545,-0.300200999,0.26921469,-0.11810711,-0.130184069,0.258885056,-0.274197489,0.005697065,0.12162514,-0.005387581,0.000224786,0.145102367,-0.365902662,-0.087928139,0.171899781,-0.720513463,-0.031235443,-0.192432657,-0.07684198,-0.323300391,-0.281559497,-0.157562405,-0.119599372,-0.265857369,-0.310424179,-0.010111384,-0.122142948,0.006887164,0.001360013,-0.144210935,-0.396657109,-0.048056062,-0.178335696,-0.776009381,0.009961423
33.4,-0.024278527,-0.248852745,-0.403903544,0.1572873,-0.065496564,-0.286055803,0.270633429,-0.125282943,-0.104404643,0.260077506,-0.276809573,0.038083456,0.121607862,-0.005131234,0.000983233,0.144568786,-0.363020867,-0.094880864,0.172141582,-0.720453024,-0.033656362,-0.187205538,-0.091937944,-0.313135624,-0.2766186,-0.174671903,-0.109018445,-0.263033032,-0.320741862,-0.002239104,-0.122124948,0.006638691,0.000620708,-0.143216819,-0.39868325,-0.048637107,-0.178206608,-0.776980162,0.007529096
33.41666667,-0.016823148,-0.250526369,-0.392660588,0.159548014,-0.065617286,-0.278371155,0.271276116,-0.126666829,-0.096165605,0.260161817,-0.277007431,0.044317335,0.121507727,-0.005063096,0.001700099,0.146177217,-0.362164319,-0.093827873,0.172615245,-0.720165193,-0.035245802,-0.183391258,-0.091021672,-0.30639255,-0.2766518,-0.169223964,-0.105559573,-0.258930206,-0.318435192,-0.001596926,-0.122024991,0.006571631,-8.38E-05,-0.142531633,-0.39893055,-0.049259972,-0.177315697,-0.777164459,0.001918321
33.43333333,-0.028333629,-0.256633133,-0.31393224,0.154004574,-0.064096689,-0.261136115,0.265988499,-0.127457455,-0.088911526,0.255090088,-0.277952641,0.050053641,0.120970741,-0.004760027,0.001654836,0.145812243,-0.362245262,-0.095716171,0.170228422,-0.722143114,-0.050028719,-0.183587283,-0.087653071,-0.280840904,-0.285078734,-0.16427426,-0.087714568,-0.261339903,-0.316445142,0.013426702,-0.121504053,0.006270084,-4.51E-05,-0.143304154,-0.400472462,-0.049484976,-0.182455584,-0.782801092,-0.010094638
33.45,-0.028286383,-0.265076071,-0.280899763,0.153887197,-0.064784676,-0.243351996,0.266047627,-0.132895991,-0.070390135,0.255317241,-0.278597474,0.071908444,0.120474577,-0.004647503,0.001665804,0.145076528,-0.360161811,-0.101619296,0.170699701,-0.72210741,-0.060126554,-0.181088328,-0.089276932,-0.264532387,-0.285244226,-0.164320633,-0.068577908,-0.262281895,-0.315794617,0.040473416,-0.121023461,0.006159682,-5.71E-05,-0.143284857,-0.400818646,-0.056342758,-0.182909206,-0.782935321,-0.019749071
33.46666667,-0.031298835,-0.272243023,-0.258922011,0.152735174,-0.067993596,-0.235773236,0.265959918,-0.141213879,-0.063506626,0.255159944,-0.283182502,0.081869766,0.120178424,-0.004639773,0.001535717,0.144487515,-0.360575676,-0.103296191,0.169945925,-0.724179268,-0.063598,-0.181174994,-0.092829548,-0.253617346,-0.287804842,-0.167882577,-0.054173578,-0.266407013,-0.314629942,0.057057258,-0.120734744,0.006151814,6.80E-05,-0.145118788,-0.401203245,-0.0584074,-0.183913186,-0.784990013,-0.02240729
33.48333333,-0.03044981,-0.278680444,-0.222742289,0.153187752,-0.069788188,-0.22016643,0.270241141,-0.149313137,-0.05708275,0.255613685,-0.289979428,0.073399082,0.120032094,-0.004649387,0.001359489,0.143976986,-0.361782789,-0.102573983,0.169996783,-0.724728942,-0.061254852,-0.179850817,-0.094032213,-0.236722961,-0.288433701,-0.168706909,-0.039902732,-0.267066628,-0.313710958,0.058154657,-0.120582886,0.006159777,0.000260399,-0.149444699,-0.40044567,-0.057871543,-0.183315486,-0.784130454,-0.02023015
33.5,-0.036598042,-0.276545346,-0.231236652,0.151902303,-0.074103378,-0.220586017,0.267027587,-0.154821888,-0.060774509,0.248964921,-0.290088981,0.069328122,0.119918019,-0.004800429,0.001028338,0.135409683,-0.363955438,-0.101844884,0.166864291,-0.724978149,-0.065761045,-0.180025697,-0.095419936,-0.233442008,-0.289198011,-0.169280484,-0.036362525,-0.268184066,-0.311997473,0.062152959,-0.120455176,0.006315127,0.000621989,-0.1515387,-0.399403602,-0.057341192,-0.183491439,-0.782295227,-0.018742038
33.51666667,-0.026727105,-0.27293849,-0.328922868,0.155212983,-0.088057451,-0.227848351,0.269788653,-0.162597016,-0.063448787,0.24923645,-0.29546243,0.05608305,0.12059503,-0.006896005,0.001794681,0.135013029,-0.365032107,-0.099623688,0.169516817,-0.724582195,-0.061501294,-0.180234715,-0.097300515,-0.240158871,-0.283996284,-0.17248188,-0.038785316,-0.254685163,-0.316747367,0.048083097,-0.121044211,0.008470628,-6.59E-05,-0.151183337,-0.395361245,-0.055998363,-0.179603174,-0.775880456,-0.009894936
33.53333333,-0.025566034,-0.283747017,-0.28931123,0.155595303,-0.095660277,-0.224012926,0.26885438,-0.173405826,-0.063094407,0.246815234,-0.30187282,0.056563225,0.120576836,-0.007211952,0.001844225,0.131403044,-0.374036819,-0.096843183,0.169018999,-0.72644639,-0.059973646,-0.179246113,-0.10464634,-0.243162513,-0.282755136,-0.180542082,-0.044321738,-0.254451573,-0.319912255,0.048902199,-0.121019132,0.008799703,-0.000102304,-0.150832847,-0.397067279,-0.048925798,-0.178108484,-0.776671112,-0.009597519
33.55,-0.025445657,-0.304067105,-0.215855733,0.155635625,-0.096848615,-0.207355306,0.268374801,-0.177337423,-0.051831432,0.245509282,-0.303627193,0.063486464,0.12021558,-0.007121788,0.001816545,0.12823005,-0.378376514,-0.0939622,0.169091418,-0.728371084,-0.060123738,-0.17797564,-0.114235587,-0.22827296,-0.285364449,-0.189628333,-0.035015386,-0.255560398,-0.32396853,0.062353108,-0.120660268,0.00870321,-7.03E-05,-0.153062046,-0.398669749,-0.048783362,-0.176671326,-0.77689302,-0.009032774
33.56666667,-0.034080788,-0.3151474,-0.196948409,0.153223976,-0.098586619,-0.211054638,0.263232023,-0.17623499,-0.051789306,0.240407646,-0.30355525,0.071869977,0.119664453,-0.006590236,0.001632258,0.121413745,-0.384933412,-0.088415824,0.162974805,-0.734159589,-0.054829132,-0.178088441,-0.120953761,-0.228264943,-0.299897105,-0.187992588,-0.035289649,-0.264566362,-0.323574692,0.064166866,-0.120113671,0.008173871,0.000123275,-0.158464,-0.400772005,-0.047178056,-0.178130805,-0.778990686,-0.001748414
33.58333333,-0.036996979,-0.313547015,-0.220919043,0.152435184,-0.102896713,-0.211901903,0.262946397,-0.175134033,-0.054698125,0.24132207,-0.30326277,0.072612785,0.119350798,-0.006105625,0.001234465,0.114085391,-0.395043403,-0.074148461,0.162328139,-0.745473087,-0.039925694,-0.17811355,-0.129310176,-0.233581096,-0.300933063,-0.191218048,-0.03937272,-0.265166283,-0.322836608,0.063604392,-0.119818866,0.0077057,0.00052455,-0.158098996,-0.410733968,-0.035813913,-0.179695815,-0.788633168,0.018686084
33.6,-0.03635332,-0.309599429,-0.237897247,0.152818531,-0.105121084,-0.214406222,0.262777358,-0.175228998,-0.056177299,0.241763338,-0.303003013,0.082435109,0.119123362,-0.005966374,0.001229575,0.114740275,-0.394288123,-0.074553624,0.162276179,-0.746087074,-0.038295209,-0.176849946,-0.131923199,-0.236443743,-0.300294787,-0.194591627,-0.040786434,-0.26468882,-0.32236743,0.062193371,-0.119597115,0.007569906,0.000528145,-0.157491148,-0.411710292,-0.033569805,-0.179255918,-0.789457619,0.024000181
33.61666667,-0.040163614,-0.316300064,-0.207038924,0.150001094,-0.105109714,-0.215536788,0.253764808,-0.174014568,-0.052174959,0.239897564,-0.302101344,0.090803064,0.118671171,-0.005078588,0.00111792,0.115524754,-0.393751174,-0.07485646,0.16076386,-0.745048463,-0.04020793,-0.176915243,-0.135472074,-0.233337492,-0.299974084,-0.196423635,-0.035095211,-0.26307112,-0.321735084,0.077994116,-0.119157985,0.006685236,0.000629739,-0.157215372,-0.415841699,-0.031208314,-0.179822043,-0.793584526,0.022284562
33.63333333,-0.03989071,-0.313171238,-0.218734935,0.149405837,-0.101859212,-0.217310131,0.25003925,-0.162015587,-0.052562159,0.240291998,-0.272434056,0.10244263,0.11792662,-0.004880864,0.001077728,0.115856156,-0.391853839,-0.074638054,0.160262972,-0.743527591,-0.037883621,-0.175258145,-0.134574637,-0.235835284,-0.297687352,-0.181914106,-0.036171604,-0.263763875,-0.281727314,0.09523537,-0.118439257,0.006489429,0.000662384,-0.157031938,-0.41547507,-0.030438527,-0.180019423,-0.792079091,0.022882007
33.65,-0.041059118,-0.310447454,-0.225323126,0.146501765,-0.102894567,-0.2315889,0.245131299,-0.16192092,-0.056659818,0.23968716,-0.271291047,0.099931084,0.117434159,-0.004850307,0.001030822,0.114908509,-0.391367584,-0.073027268,0.158132821,-0.742936254,-0.036120657,-0.175309435,-0.132485822,-0.246117383,-0.296898067,-0.181620881,-0.039432202,-0.265829742,-0.279329836,0.089791261,-0.117943406,0.006464364,0.000706766,-0.155824795,-0.415066302,-0.02902166,-0.180023044,-0.791243792,0.025467629
33.66666667,-0.041782107,-0.30894199,-0.274669558,0.144973084,-0.104572147,-0.243932262,0.23932682,-0.161917135,-0.060973909,0.233738542,-0.272856236,0.09756057,0.117308192,-0.004870388,0.00108446,0.113977171,-0.393179744,-0.068225689,0.157745957,-0.742475808,-0.014411291,-0.175433606,-0.133122146,-0.260785103,-0.28875953,-0.184957087,-0.053504124,-0.25544247,-0.283093274,0.082717367,-0.117803313,0.006496421,0.000660676,-0.154044703,-0.41507104,-0.02413621,-0.180147082,-0.791014671,0.045004856
33.68333333,-0.041003555,-0.306653619,-0.410630018,0.145249993,-0.111227259,-0.261232942,0.240457535,-0.162247315,-0.071291648,0.231891885,-0.27388984,0.093152493,0.118042484,-0.005065199,0.001847291,0.114167757,-0.392934054,-0.068753824,0.159799099,-0.739118159,-0.00649883,-0.179698974,-0.138297081,-0.287917584,-0.279136539,-0.196284696,-0.069248378,-0.239040509,-0.285108328,0.072784498,-0.11845237,0.006714339,-7.96E-05,-0.15393348,-0.41378668,-0.03622672,-0.180058822,-0.787507892,0.042798884
33.7,-0.040125109,-0.306022614,-0.360079288,0.145669937,-0.114617214,-0.260689706,0.240164787,-0.164605215,-0.072724372,0.230886936,-0.27426663,0.092780314,0.117992245,-0.005113681,0.002004371,0.112491667,-0.401493758,-0.045671862,0.159782916,-0.740863085,0.021883367,-0.178384662,-0.139117926,-0.285818994,-0.276550651,-0.197003886,-0.074916273,-0.238531739,-0.286470801,0.059869703,-0.118399397,0.006774702,-0.000225216,-0.151646808,-0.415848672,-0.028965445,-0.180172011,-0.788376093,0.055355009
33.71666667,-0.040982213,-0.305673659,-0.355971634,0.145326212,-0.116909124,-0.261058092,0.240719527,-0.165490448,-0.077478021,0.231320247,-0.274509281,0.084004596,0.117973767,-0.005227858,0.002076531,0.110936284,-0.406124383,-0.045270488,0.159961089,-0.743877828,0.01852675,-0.178849906,-0.138285726,-0.285066843,-0.277014375,-0.196204305,-0.076202914,-0.239516333,-0.286448419,0.054670237,-0.11837998,0.006898974,-0.000293109,-0.149842262,-0.417070925,-0.028344093,-0.180563539,-0.790576339,0.056610513
33.73333333,-0.042342935,-0.309057623,-0.34386763,0.145171046,-0.122962937,-0.260363191,0.241127208,-0.173557073,-0.077675745,0.233598515,-0.283115536,0.083820105,0.117955796,-0.005261144,0.002076675,0.109279923,-0.412326843,-0.035570376,0.161305949,-0.749286771,0.025050847,-0.17888388,-0.141228914,-0.283647388,-0.277379006,-0.19666861,-0.075577974,-0.237700075,-0.292579383,0.053545561,-0.118361868,0.006940858,-0.00029147,-0.145782098,-0.421465755,-0.020924762,-0.181456178,-0.795555532,0.068093628
33.75,-0.045879383,-0.308423221,-0.380064219,0.143590569,-0.123830982,-0.269321859,0.237768948,-0.173306704,-0.089279294,0.233384728,-0.283984423,0.069475345,0.117964141,-0.005159533,0.002040948,0.104404919,-0.416161686,-0.021845972,0.160433367,-0.751429975,0.044745632,-0.180967107,-0.145115122,-0.290440798,-0.277598649,-0.198074818,-0.082532696,-0.235907018,-0.292738318,0.047471076,-0.118363596,0.006855374,-0.000250069,-0.145814762,-0.422901988,-0.017105723,-0.185273916,-0.797556758,0.078130253
33.76666667,-0.058483876,-0.309022307,-0.363947988,0.142453253,-0.126775563,-0.273357064,0.236654744,-0.175886109,-0.094105937,0.233494252,-0.284311175,0.067895882,0.117968567,-0.0050266,0.001323303,0.103749961,-0.414870739,-0.027259758,0.160379842,-0.750917971,0.036178567,-0.183548436,-0.146818236,-0.289175808,-0.287974507,-0.197900608,-0.081266686,-0.256057769,-0.298400372,0.047912695,-0.118365623,0.00674033,0.000475034,-0.145826563,-0.423579514,-0.010990966,-0.188207939,-0.798912048,0.077435285
33.78333333,-0.061609384,-0.304457307,-0.389418989,0.141335234,-0.126440883,-0.286629885,0.232919633,-0.169517905,-0.10651844,0.231967032,-0.279333234,0.059574246,0.117968485,-0.004962312,0.001111572,0.103508279,-0.414081633,-0.030641789,0.158233464,-0.749412835,0.036107812,-0.184629127,-0.146420747,-0.298915744,-0.289025694,-0.190623388,-0.085733183,-0.26068902,-0.29261747,0.047783129,-0.118362397,0.006685087,0.000679235,-0.146052718,-0.423452199,-0.01108006,-0.190813273,-0.798696756,0.075481385
33.8,-0.062909357,-0.301969498,-0.391831189,0.140237987,-0.125884309,-0.28897509,0.233336762,-0.169512674,-0.109576762,0.232072011,-0.279447883,0.055369366,0.11799109,-0.00492197,0.000986149,0.104717031,-0.407515883,-0.041508254,0.158269688,-0.745369613,0.029640418,-0.186927825,-0.145843372,-0.300060928,-0.292080045,-0.190657869,-0.086521983,-0.265697062,-0.292831928,0.047060125,-0.118380331,0.006649081,0.000790604,-0.147949889,-0.419826925,-0.019536572,-0.191223785,-0.797797143,0.066257186
33.81666667,-0.062986091,-0.296999991,-0.411116034,0.140070632,-0.125280276,-0.290295869,0.233611554,-0.168188587,-0.11283458,0.231309786,-0.278967589,0.047641721,0.118112303,-0.004913328,0.000970071,0.10486351,-0.404546678,-0.042087238,0.158314213,-0.741496623,0.027758583,-0.188631117,-0.145360291,-0.302463114,-0.292454243,-0.187869266,-0.088985562,-0.265454978,-0.286438137,0.043959308,-0.11848601,0.006641371,0.000802068,-0.149750322,-0.414391637,-0.028758369,-0.192352444,-0.793391287,0.063273773
33.83333333,-0.065996706,-0.295716286,-0.397861868,0.139452755,-0.12500155,-0.288507015,0.232970297,-0.166814208,-0.111102819,0.231349587,-0.277224511,0.049237479,0.118146002,-0.004831205,0.000795943,0.104726925,-0.4032166,-0.042543326,0.157215282,-0.739652932,0.02690056,-0.189600527,-0.145026386,-0.30095464,-0.295458436,-0.185121298,-0.088103212,-0.265137702,-0.280856937,0.044284105,-0.118515491,0.006565327,0.000967129,-0.151038066,-0.412906379,-0.031305853,-0.194215938,-0.792338371,0.05995087
33.85,-0.06487681,-0.292615086,-0.430258334,0.140174016,-0.124819882,-0.28763321,0.233590499,-0.167380795,-0.109560043,0.231288552,-0.277371287,0.049005311,0.118442558,-0.004884752,0.000938706,0.104998991,-0.403161556,-0.042342681,0.15823926,-0.739034534,0.030058792,-0.190333724,-0.144567892,-0.302614003,-0.295262098,-0.184827179,-0.092083909,-0.253591388,-0.281753093,0.035992488,-0.118788376,0.006622541,0.000819665,-0.152161732,-0.4112674,-0.038251903,-0.195712507,-0.790319383,0.058950365
33.86666667,-0.060230177,-0.292442918,-0.428260148,0.141904518,-0.124469981,-0.286689043,0.233806998,-0.167507246,-0.10777843,0.230286732,-0.277704298,0.050256211,0.118551902,-0.004879152,0.001152794,0.104525909,-0.403822184,-0.042337354,0.15821974,-0.739916861,0.029372117,-0.190281928,-0.144257456,-0.30230394,-0.29513374,-0.18619518,-0.093993261,-0.245509416,-0.282760203,0.032281712,-0.118894249,0.00661759,0.00060896,-0.152153343,-0.411537707,-0.037930403,-0.196245387,-0.790194929,0.062702589
33.88333333,-0.06122848,-0.295165241,-0.424779952,0.141896039,-0.128159419,-0.285972387,0.229396626,-0.173418134,-0.106435336,0.225478083,-0.285032153,0.057240944,0.118555091,-0.005018956,0.00091963,0.099361517,-0.405249149,-0.036876392,0.154752359,-0.742339969,0.03018805,-0.190001354,-0.144196421,-0.301824331,-0.295628518,-0.18622236,-0.093275614,-0.248552144,-0.285296857,0.032324906,-0.118896998,0.006770874,0.000848719,-0.153314605,-0.411704183,-0.033803098,-0.200324297,-0.790989041,0.062384695
33.9,-0.062104028,-0.294848293,-0.403400391,0.141907796,-0.127745748,-0.285729736,0.229776695,-0.17331183,-0.105730847,0.22564736,-0.285133839,0.059395779,0.118570983,-0.005089467,0.000556511,0.098305404,-0.405856282,-0.037080068,0.153942794,-0.742945671,0.030843647,-0.189939305,-0.143020183,-0.301581234,-0.29656142,-0.182357848,-0.093114011,-0.253673315,-0.283777595,0.033531159,-0.118916109,0.006841239,0.001199791,-0.15501681,-0.410901904,-0.035539843,-0.200156152,-0.790840447,0.059553772
33.91666667,-0.060943935,-0.298140645,-0.383249789,0.142674237,-0.128255546,-0.285577297,0.230006397,-0.177404493,-0.10541489,0.225901604,-0.289691597,0.061608221,0.118566006,-0.005157932,0.000552452,0.098426498,-0.408679754,-0.029854462,0.153894246,-0.744418561,0.046517286,-0.188699841,-0.143919036,-0.301202267,-0.295546025,-0.188222736,-0.092738576,-0.25327751,-0.290625155,0.034236588,-0.118913442,0.006910195,0.001203109,-0.154746696,-0.411113709,-0.035264764,-0.196062952,-0.790209532,0.05949451
33.93333333,-0.057853974,-0.298078388,-0.426543862,0.143468067,-0.130185008,-0.289911985,0.227513686,-0.180248931,-0.107104816,0.215904355,-0.289776772,0.055917859,0.118864417,-0.005335839,0.000661142,0.10039679,-0.406146109,-0.034828242,0.153949335,-0.739838243,0.045703866,-0.188838661,-0.146120191,-0.306947708,-0.294396341,-0.196520105,-0.097174585,-0.242020056,-0.292896032,0.0310505,-0.119188473,0.007091003,0.001092852,-0.158576146,-0.402267307,-0.053854302,-0.19603236,-0.779429078,0.051210631
33.95,-0.056850359,-0.299170434,-0.421591461,0.144213662,-0.130626112,-0.289007455,0.227626398,-0.180067942,-0.106735282,0.216783717,-0.289680511,0.055474639,0.118943326,-0.00560817,0.000639842,0.100194715,-0.406194359,-0.033823285,0.153996065,-0.739604414,0.045702931,-0.188813344,-0.145935073,-0.306443751,-0.294607311,-0.195220932,-0.096618056,-0.241940767,-0.290397167,0.03096904,-0.119262129,0.007369498,0.001114097,-0.158562794,-0.401896387,-0.052445844,-0.195828438,-0.778036594,0.046916395
33.96666667,-0.059899326,-0.297862589,-0.418198168,0.14352335,-0.130742908,-0.292114884,0.22528477,-0.178526357,-0.108711779,0.215253249,-0.286659241,0.055653308,0.119107984,-0.005800626,0.000615559,0.100254551,-0.405766696,-0.041257739,0.153625444,-0.739431918,0.038043607,-0.190839946,-0.145786494,-0.307005137,-0.300045639,-0.192202985,-0.096813038,-0.253752619,-0.285656989,0.031374291,-0.11942336,0.00756107,0.001133597,-0.159056485,-0.401057988,-0.054340493,-0.19606179,-0.777929544,0.035779353
33.98333333,-0.05989676,-0.297508121,-0.410843879,0.143528968,-0.131501913,-0.289690852,0.226675004,-0.1785191,-0.105452672,0.217035651,-0.286854029,0.059004135,0.119247496,-0.006277637,0.000611969,0.100186318,-0.401737511,-0.056540109,0.15383479,-0.738291383,0.007835639,-0.19155845,-0.144661218,-0.30458501,-0.305138797,-0.185828954,-0.096460357,-0.262553155,-0.283356756,0.031393662,-0.119561493,0.008045916,0.001136593,-0.158998892,-0.397338778,-0.060886685,-0.196137041,-0.777011395,0.016157018
34,-0.058773629,-0.295398444,-0.376254052,0.145438299,-0.130985126,-0.287842304,0.228505507,-0.177525252,-0.101630934,0.217448428,-0.283387601,0.064480819,0.119226918,-0.006438382,0.000636053,0.100419872,-0.399582297,-0.057527166,0.153650999,-0.736619592,0.008837057,-0.189800918,-0.139174864,-0.303242147,-0.312206149,-0.175918847,-0.096778199,-0.272448659,-0.278488278,0.026605988,-0.119548194,0.008202148,0.001107227,-0.159048066,-0.396681458,-0.057445679,-0.196139067,-0.775102675,0.019504098
34.01666667,-0.057388149,-0.290242076,-0.353089839,0.147218257,-0.126063138,-0.283323318,0.228503078,-0.175439969,-0.096996978,0.207935408,-0.278894961,0.068703458,0.119206809,-0.006559204,0.000684122,0.100010797,-0.398890942,-0.060390215,0.150444508,-0.736519992,0.006121524,-0.187265992,-0.130386636,-0.298308939,-0.315928191,-0.169109017,-0.096660957,-0.27627781,-0.275036603,0.02292501,-0.119535834,0.008315841,0.001055482,-0.160054043,-0.395681471,-0.053634442,-0.196453765,-0.773207843,0.021409027
34.03333333,-0.056353193,-0.290313423,-0.321620852,0.149731129,-0.125994235,-0.265820682,0.232447267,-0.177510008,-0.088284329,0.208987981,-0.279266477,0.068536431,0.119226113,-0.00739497,0.000701373,0.100040771,-0.398779482,-0.064731106,0.14872025,-0.736504972,-0.010607668,-0.186033309,-0.128480673,-0.283435673,-0.318179399,-0.169894218,-0.092183024,-0.275372058,-0.27865237,0.018098779,-0.119558901,0.009137047,0.001041488,-0.161132708,-0.392876089,-0.051824167,-0.196469948,-0.769155085,0.020340243
34.05,-0.057716645,-0.287745476,-0.40317592,0.150423065,-0.126689747,-0.286862671,0.231969893,-0.179574087,-0.104286686,0.206166312,-0.285494924,0.04987292,0.119774297,-0.008082594,0.00095815,0.101265073,-0.39946726,-0.063713945,0.148600101,-0.736503661,0.000685387,-0.188955948,-0.128739923,-0.306797832,-0.323450953,-0.17069532,-0.112866186,-0.276205838,-0.290787697,-0.010210858,-0.120107539,0.009814049,0.000781887,-0.161889523,-0.393216401,-0.047465101,-0.201149628,-0.769228458,0.027935162
34.06666667,-0.057671078,-0.275779665,-0.42931065,0.151597843,-0.116817117,-0.287795961,0.235140264,-0.173816457,-0.108422391,0.205128551,-0.285485744,0.042698909,0.120090328,-0.008208954,0.001279683,0.102499336,-0.394004583,-0.06853307,0.150443152,-0.731255651,0.0024198,-0.189468905,-0.120718323,-0.308657557,-0.318072677,-0.169444978,-0.112591006,-0.269019514,-0.290166199,-0.005845481,-0.120411344,0.009928,0.000442857,-0.160030946,-0.393495291,-0.045712724,-0.201747552,-0.768257976,0.039602589
34.08333333,-0.057014745,-0.27692911,-0.425536871,0.150447026,-0.114669748,-0.285010368,0.233316541,-0.173835307,-0.108587109,0.200467855,-0.294184506,0.029235436,0.120163396,-0.008217981,0.001475259,0.106371209,-0.394194037,-0.067611247,0.153305754,-0.73140645,0.003605725,-0.189505637,-0.121423647,-0.307944328,-0.296872437,-0.18494451,-0.111030556,-0.22138232,-0.30976668,-0.003276937,-0.120475613,0.009936603,0.000273374,-0.154691368,-0.401002049,-0.041357577,-0.201666221,-0.773611546,0.040452234
34.1,-0.054861058,-0.272683114,-0.419300854,0.148892835,-0.107772224,-0.284811199,0.239060402,-0.167413726,-0.111571647,0.211538985,-0.293804169,0.021555392,0.120096974,-0.008315596,0.001501968,0.111561887,-0.394715965,-0.066562578,0.157130018,-0.731505036,0.00444335,-0.189382166,-0.117528193,-0.307861924,-0.28303203,-0.184315786,-0.110111021,-0.222431898,-0.308030903,-0.001326025,-0.120413095,0.01002244,0.000243219,-0.149191335,-0.402413577,-0.037236992,-0.201048523,-0.774577498,0.040670775
34.11666667,-0.054950103,-0.268523246,-0.403855771,0.147178233,-0.091323681,-0.279718488,0.2429813,-0.15624778,-0.112944946,0.21479851,-0.293597043,0.006904301,0.120070271,-0.008255403,0.001454144,0.114433721,-0.394790113,-0.066224203,0.159535885,-0.730655909,0.004626491,-0.189481884,-0.104992047,-0.303875715,-0.275867313,-0.176826134,-0.109313898,-0.208609909,-0.307669699,-0.001898926,-0.120392002,0.009949579,0.000282477,-0.146714643,-0.403459758,-0.035120875,-0.198069304,-0.774908483,0.042906318
34.13333333,-0.052748118,-0.264952451,-0.428984523,0.147095382,-0.092550464,-0.282843977,0.24598071,-0.154115826,-0.115734868,0.219650239,-0.293471098,0.006083594,0.120077208,-0.008192928,0.001434327,0.116134942,-0.393589318,-0.065818019,0.159565657,-0.730743706,0.002601571,-0.189979747,-0.106850304,-0.308122545,-0.278763562,-0.176191628,-0.113722503,-0.214276075,-0.306350023,-0.010897652,-0.120401822,0.009871114,0.000292824,-0.146591187,-0.403529644,-0.032202572,-0.198626354,-0.775593579,0.044274446
34.15,-0.048287403,-0.262610883,-0.436218381,0.148963109,-0.094348624,-0.286576748,0.249519467,-0.154639319,-0.117124245,0.22390607,-0.293306589,0.007758682,0.12016277,-0.008197716,0.001473705,0.117493734,-0.394062012,-0.063320436,0.160395622,-0.730810761,0.00417289,-0.189644068,-0.108067393,-0.313471287,-0.279522359,-0.176239535,-0.118404113,-0.218129575,-0.309113085,-0.019307498,-0.120501086,0.009874602,0.000248681,-0.14626123,-0.404646903,-0.024626397,-0.19868499,-0.776724517,0.051202212
34.16666667,-0.045173522,-0.257381648,-0.367423743,0.149757445,-0.085277773,-0.278100044,0.255658209,-0.150162488,-0.113610879,0.235210121,-0.290544301,0.010707085,0.120107085,-0.008230468,0.00155223,0.121473968,-0.394066244,-0.061956238,0.160496995,-0.730887949,0.002892131,-0.188577846,-0.092935398,-0.303201884,-0.280279607,-0.160979062,-0.117456466,-0.227840483,-0.30397895,-0.022164153,-0.120464958,0.009898278,0.000166701,-0.145894751,-0.404635489,-0.023796773,-0.194705814,-0.776693761,0.042265844
34.18333333,-0.041500751,-0.249798432,-0.521881819,0.151098549,-0.08836025,-0.31867668,0.246693969,-0.150829807,-0.128205329,0.225561023,-0.290683478,0.012241806,0.120102055,-0.008262503,0.001765933,0.121618941,-0.392282933,-0.069347031,0.161379188,-0.730014563,-0.001276321,-0.18761301,-0.095587954,-0.347082645,-0.281059265,-0.161563531,-0.142876804,-0.228528559,-0.309280813,-0.028716585,-0.120461784,0.00992851,-6.35E-05,-0.145368233,-0.403101742,-0.024106391,-0.194577321,-0.77594018,0.042761482
34.2,-0.040983446,-0.238062054,-0.577583432,0.151084021,-0.089751512,-0.347790509,0.246770099,-0.146440029,-0.150208414,0.22535795,-0.288245201,-0.005611403,0.120073207,-0.008080716,0.002177766,0.123964913,-0.39185214,-0.068807453,0.164111242,-0.728186905,0.003719342,-0.187794298,-0.097127803,-0.381944805,-0.280293822,-0.160711452,-0.169385061,-0.228730336,-0.308570504,-0.042730208,-0.120441973,0.009737223,-0.000522496,-0.142332613,-0.403090537,-0.024446361,-0.193792716,-0.77590853,0.047435809
34.21666667,-0.034590118,-0.234558165,-0.571763337,0.151688293,-0.090029061,-0.346837878,0.246687084,-0.143619299,-0.155253544,0.225183606,-0.283360302,-0.0153118,0.120072268,-0.008016782,0.002725819,0.128571376,-0.391430646,-0.068643689,0.16595225,-0.726976931,0.004272655,-0.187400475,-0.098368071,-0.382509738,-0.277893633,-0.16067104,-0.174067318,-0.218993127,-0.291736931,-0.051539041,-0.120441079,0.009666758,-0.001071595,-0.13418071,-0.403259456,-0.024420176,-0.191515282,-0.775819421,0.047286838
34.23333333,-0.031871106,-0.230934113,-0.622473001,0.153644949,-0.089628614,-0.360192418,0.247638687,-0.141149029,-0.155245095,0.224114776,-0.280156046,-0.012435233,0.120002404,-0.00780991,0.003595497,0.130078375,-0.391479015,-0.073038332,0.170779914,-0.727032721,0.003971214,-0.18629615,-0.099259391,-0.406053334,-0.271270663,-0.161177829,-0.182908729,-0.217335328,-0.294597656,-0.050705813,-0.120390207,0.009456085,-0.001966109,-0.131534621,-0.403619409,-0.02655852,-0.186058357,-0.776137412,0.047016874
34.25,-0.031935312,-0.231707141,-0.594558537,0.153639689,-0.090216056,-0.354870617,0.250094205,-0.140237734,-0.153024241,0.22560817,-0.279686332,-0.009447532,0.120009124,-0.007482104,0.003686128,0.130162522,-0.385985881,-0.082253233,0.176405445,-0.726497233,-0.016132303,-0.187529817,-0.099818259,-0.398156017,-0.271905899,-0.162460059,-0.175322846,-0.221787959,-0.305261582,-0.046480428,-0.120402314,0.009121562,-0.002072514,-0.13174735,-0.403506249,-0.031280518,-0.177293733,-0.776632607,0.037742004
34.26666667,-0.032251563,-0.222153708,-0.571686387,0.153908789,-0.078966156,-0.353541791,0.249608099,-0.129925579,-0.158415958,0.225259617,-0.277370483,-0.014146438,0.120120749,-0.007004565,0.003684953,0.129343852,-0.386182755,-0.080995172,0.176592499,-0.726828575,-0.013804682,-0.188329697,-0.093161903,-0.392157793,-0.272620887,-0.162293211,-0.174085528,-0.231913373,-0.311219871,-0.046649028,-0.120532535,0.008649793,-0.002071211,-0.131008118,-0.404206365,-0.030472513,-0.17241773,-0.779683352,0.037970349
34.28333333,-0.03241137,-0.199630171,-0.633312404,0.156299442,-0.068757638,-0.368704796,0.250487626,-0.121199876,-0.161105007,0.229603589,-0.274391472,-0.012084139,0.120159835,-0.006767693,0.003703927,0.124005713,-0.386652589,-0.081271961,0.176187947,-0.727413237,-0.013657752,-0.188582391,-0.082958706,-0.41407308,-0.272890002,-0.149654314,-0.17723763,-0.238211662,-0.310202479,-0.043840397,-0.120593943,0.00841794,-0.002090133,-0.129818857,-0.403454214,-0.030775718,-0.170177445,-0.779587507,0.037395939
34.3,-0.03464869,-0.182027504,-0.621568382,0.156664848,-0.049120694,-0.369246006,0.251556844,-0.1040847,-0.16218701,0.236667275,-0.268526882,-0.010767964,0.120209932,-0.006434177,0.003627382,0.123881876,-0.382843167,-0.085118599,0.175968394,-0.726742327,-0.02476453,-0.190634742,-0.060782809,-0.412126511,-0.274958313,-0.125702411,-0.174338177,-0.248762727,-0.300949901,-0.031847753,-0.120664172,0.008068693,-0.002033953,-0.130280077,-0.402062953,-0.03190095,-0.170143321,-0.778983772,0.031602144
34.31666667,-0.034806922,-0.174880385,-0.606728137,0.156616837,-0.031166309,-0.364418238,0.246451095,-0.092875086,-0.160945237,0.236011699,-0.261118114,-0.010750559,0.120216191,-0.006302768,0.003617477,0.126615107,-0.383105248,-0.080932796,0.177711919,-0.726019323,-0.011198744,-0.191170394,-0.044317342,-0.404968172,-0.271975309,-0.121942446,-0.173348203,-0.248039126,-0.292883217,-0.029043211,-0.120672219,0.007932927,-0.002029829,-0.127786994,-0.401551485,-0.030523349,-0.167979181,-0.776421607,0.041457012
34.33333333,-0.034931961,-0.182548448,-0.602388859,0.156644449,-0.040074535,-0.362692595,0.246470734,-0.099478148,-0.15999496,0.235637486,-0.267762572,-0.010603203,0.120211892,-0.006352643,0.00360905,0.126764834,-0.388143152,-0.078568146,0.177523032,-0.727292597,-0.009845312,-0.190973431,-0.04664949,-0.402343512,-0.272189379,-0.118612796,-0.172007158,-0.254971445,-0.294452548,-0.026146978,-0.120668881,0.007982245,-0.002027646,-0.128108725,-0.401577711,-0.029315451,-0.168472007,-0.776878893,0.048496842
34.35,-0.034400471,-0.153201222,-0.65563339,0.16071707,-0.022402024,-0.373481899,0.247088343,-0.08932092,-0.159525231,0.236953288,-0.263206661,-0.006034166,0.120221265,-0.00624066,0.003606096,0.128361493,-0.388254106,-0.077466197,0.183541745,-0.727040708,-0.009054321,-0.190643698,-0.031380497,-0.42356506,-0.266723037,-0.108688235,-0.170663446,-0.25375241,-0.290456951,-0.00861665,-0.120693095,0.00787959,-0.002025426,-0.125973433,-0.398579746,-0.031386293,-0.15717636,-0.773846745,0.045498341
34.36666667,-0.033001807,-0.160656855,-0.677406669,0.162504986,-0.028361155,-0.376974434,0.24824363,-0.094151497,-0.157659814,0.239367083,-0.271462351,0.007947641,0.120209016,-0.006138451,0.003855347,0.132958323,-0.388536751,-0.083390608,0.189473197,-0.728737414,-0.01599429,-0.189476609,-0.038337223,-0.431929708,-0.258923531,-0.113837957,-0.170247674,-0.253163815,-0.298921674,0.008590402,-0.120691255,0.007784808,-0.002264821,-0.125080943,-0.398980051,-0.035106234,-0.152135313,-0.775062799,0.037704878
34.38333333,-0.03310743,-0.126204208,-0.674653172,0.162772596,-0.008292329,-0.382746458,0.245723143,-0.078206159,-0.159232751,0.235546947,-0.246382669,0.007586472,0.120219544,-0.00616617,0.00373131,0.133126631,-0.391432166,-0.074912734,0.189044729,-0.728729784,-0.001808289,-0.189528853,-0.015048944,-0.435003161,-0.259211272,-0.095966719,-0.169567153,-0.260922819,-0.277853638,0.005934043,-0.120716669,0.007820893,-0.002144609,-0.125000715,-0.395953417,-0.035014462,-0.153788492,-0.764023721,0.040864825
34.4,-0.032176331,-0.101778127,-0.672029614,0.165050954,0.010186389,-0.380734652,0.24646315,-0.062545106,-0.157499999,0.24107039,-0.237453997,0.015868763,0.120225437,-0.006156423,0.003550703,0.134456232,-0.38810569,-0.083356671,0.189293891,-0.726269722,-0.013980333,-0.189340308,0.004483328,-0.430651098,-0.259978831,-0.080628894,-0.163607746,-0.265286267,-0.268836558,0.013881512,-0.120733313,0.007811607,-0.001967404,-0.126831457,-0.391069382,-0.041732416,-0.153640807,-0.760095596,0.030939609
34.41666667,-0.027730057,-0.070908614,-0.678634167,0.16689913,0.023844579,-0.379043788,0.247252256,-0.056900255,-0.150552571,0.251519352,-0.240563929,0.022091446,0.120249093,-0.006194802,0.003469046,0.137167051,-0.386875927,-0.089597411,0.192246899,-0.726251304,-0.021939417,-0.189161137,0.024942981,-0.427359819,-0.260484278,-0.06587702,-0.157455534,-0.26990968,-0.267519325,0.01553672,-0.120773286,0.007846918,-0.001884128,-0.128928035,-0.386124879,-0.055102769,-0.151392207,-0.759430587,0.01550492
34.43333333,-0.026754759,-0.06599994,-0.675504446,0.167581558,0.034582365,-0.378748596,0.247068167,-0.053915214,-0.155440629,0.250500858,-0.242939174,0.004422655,0.120325387,-0.006218023,0.003420791,0.138237387,-0.384735793,-0.091653422,0.191624403,-0.722230256,-0.021017481,-0.189618349,0.036867216,-0.427880645,-0.263634652,-0.060183477,-0.159089461,-0.274667829,-0.268711507,0.009354248,-0.120871812,0.007867349,-0.001836486,-0.130194411,-0.38167724,-0.057467062,-0.15192987,-0.75373143,0.015085036
34.45,-0.026892865,-0.054943997,-0.667378485,0.167644635,0.047891524,-0.377770334,0.247020885,-0.039468154,-0.159789741,0.249477446,-0.235740542,-0.00580663,0.120339483,-0.006265136,0.003060615,0.138055071,-0.374574065,-0.094801851,0.191445559,-0.713971496,-0.023183858,-0.189744994,0.056062009,-0.426557094,-0.266355008,-0.043724861,-0.159503594,-0.283828735,-0.263450116,0.005645347,-0.120894141,0.007915333,-0.001485473,-0.13642773,-0.375637114,-0.057833284,-0.155147463,-0.747757673,0.014805302
34.46666667,-0.036119398,-0.037397075,-0.663211048,0.166538119,0.064631365,-0.377110958,0.242548287,-0.03082178,-0.16556406,0.244764417,-0.231123284,-0.022079397,0.120382339,-0.006382292,0.002343979,0.137983292,-0.368261367,-0.0973446,0.19014436,-0.704899192,-0.022525288,-0.193274066,0.069711231,-0.425964266,-0.268211126,-0.037786145,-0.159256816,-0.287781417,-0.260825992,-0.002534786,-0.120950319,0.0080342,-0.000782422,-0.142451182,-0.369740278,-0.056856416,-0.166845039,-0.73760432,0.015983444
34.48333333,-0.038650364,-0.016736569,-0.681122422,0.166176811,0.071635924,-0.376677245,0.240335107,-0.03564778,-0.168611303,0.242821366,-0.231706247,-0.037339259,0.120383725,-0.006643005,0.001707617,0.13642925,-0.369374871,-0.100275062,0.189802736,-0.706200302,-0.029047284,-0.194489956,0.080744289,-0.424835384,-0.270237446,-0.037027113,-0.159587026,-0.287010521,-0.26226902,-0.020985147,-0.120959356,0.008273069,-0.000158367,-0.144269958,-0.369438559,-0.059712339,-0.169806153,-0.739536405,0.01193266
34.5,-0.037138801,0.001700244,-0.672356248,0.166467145,0.08817777,-0.363309473,0.240187228,-0.031852935,-0.165446639,0.242026508,-0.232570246,-0.042377528,0.120529942,-0.00700001,0.001637739,0.136492133,-0.370194614,-0.100648046,0.189589337,-0.706636131,-0.018097028,-0.194443613,0.098066851,-0.411255866,-0.267699391,-0.029472686,-0.152799308,-0.28460744,-0.259688586,-0.020672593,-0.121102989,0.008582383,-9.32E-05,-0.14634712,-0.367917836,-0.06562569,-0.170972854,-0.734714508,0.013348881
34.51666667,-0.03537143,0.001544045,-0.672509551,0.166110948,0.089787014,-0.362348318,0.239776105,-0.027375512,-0.162474126,0.242395118,-0.233345851,-0.037812028,0.120619923,-0.007100044,0.001649112,0.136979297,-0.37893638,-0.096995667,0.191574112,-0.707173526,-0.000903248,-0.195107058,0.097084567,-0.411358982,-0.261222541,-0.028583903,-0.150301009,-0.273472667,-0.259903848,-0.011517815,-0.121199913,0.008660054,-0.000107604,-0.145386189,-0.368652016,-0.073100843,-0.170853257,-0.734416962,0.014266722
34.53333333,-0.030468209,-0.001577876,-0.671132565,0.165617317,0.08665482,-0.360483468,0.239386156,-0.030566422,-0.159152329,0.24227035,-0.237012178,-0.035149653,0.120663539,-0.007096619,0.001788534,0.137478396,-0.387575895,-0.083896339,0.193765625,-0.709157348,0.018350367,-0.196089834,0.089570925,-0.411387056,-0.257239729,-0.034206796,-0.146827206,-0.269870162,-0.260310233,0.00052874,-0.121243604,0.008643614,-0.000251266,-0.142492637,-0.369241297,-0.071719453,-0.169121861,-0.73550719,0.022643896
34.55,-0.030589914,0.013999263,-0.670359731,0.163333252,0.091027513,-0.35877353,0.238103032,-0.032741062,-0.1592343,0.238863781,-0.243118361,-0.041400488,0.120736681,-0.007210283,0.001794899,0.137301043,-0.390411973,-0.083898693,0.193489343,-0.709641457,0.016737139,-0.198063999,0.100296922,-0.410054445,-0.257775307,-0.032590218,-0.14582397,-0.271075726,-0.262136012,-0.001231442,-0.121317796,0.008722574,-0.000261081,-0.142670497,-0.369807869,-0.071606301,-0.169094443,-0.735875428,0.024200557
34.56666667,-0.031180516,0.023720318,-0.677308738,0.16302599,0.092588119,-0.358860672,0.237979963,-0.033989761,-0.160129905,0.237134486,-0.255081385,-0.043871049,0.120750211,-0.007370796,0.001191606,0.13281329,-0.390194356,-0.089567199,0.193101212,-0.710199654,0.004549933,-0.198322862,0.101973087,-0.409699976,-0.257661045,-0.034681346,-0.142162725,-0.271053255,-0.264869899,0.003337998,-0.121334255,0.008833179,0.000292168,-0.142596394,-0.370223403,-0.070908777,-0.168550268,-0.736105323,0.024283301
34.58333333,-0.031194201,0.034772146,-0.698776364,0.162562534,0.098305866,-0.379206121,0.238125086,-0.035160627,-0.20167014,0.235622525,-0.259226173,-0.105093397,0.120894618,-0.007409802,0.000846769,0.130975574,-0.394777685,-0.090777978,0.190534905,-0.715711713,0.005177499,-0.198445499,0.111436807,-0.425709516,-0.262376696,-0.035258874,-0.175827339,-0.272847861,-0.269708037,-0.053531423,-0.121481895,0.00884972,0.000559808,-0.142501339,-0.370382398,-0.07564047,-0.168492854,-0.735980749,0.02481113
34.6,-0.030671561,0.060292657,-0.699913621,0.162867174,0.109661587,-0.379432142,0.238136321,-0.036039714,-0.204933062,0.229714066,-0.259801924,-0.112543724,0.120983005,-0.007478677,0.000175361,0.126820385,-0.39732796,-0.091198049,0.186767161,-0.717160761,0.009296972,-0.198616311,0.120519198,-0.424845725,-0.264231622,-0.034042824,-0.176767647,-0.273962021,-0.269799054,-0.06150623,-0.121577062,0.008886731,0.00117696,-0.143974364,-0.370877653,-0.073422521,-0.169641748,-0.734657884,0.037449867
34.61666667,-0.03067123,0.075566739,-0.707371652,0.16300945,0.121925145,-0.395197541,0.237214968,-0.036514889,-0.244206727,0.219868407,-0.259993404,-0.178690985,0.121266738,-0.007532477,-0.000218127,0.125349462,-0.406675845,-0.084448501,0.182128891,-0.720076442,0.031056918,-0.199078351,0.131892234,-0.436800033,-0.265010625,-0.033777259,-0.217716321,-0.273916662,-0.271358371,-0.139710769,-0.121869668,0.008917788,0.001515854,-0.146596283,-0.371949553,-0.073261037,-0.171154872,-0.733502984,0.047233962
34.63333333,-0.031964697,0.083753392,-0.706800878,0.161771894,0.134045914,-0.404942811,0.234691635,-0.03528421,-0.273351699,0.212079614,-0.259746701,-0.222012311,0.1213018,-0.007407818,-0.000553585,0.12412753,-0.413130522,-0.07043872,0.179270118,-0.7231341,0.054809362,-0.199417323,0.137291685,-0.442995191,-0.264942467,-0.034175407,-0.245058641,-0.272765845,-0.271821618,-0.174884766,-0.12190526,0.008747312,0.001779969,-0.146759883,-0.372897297,-0.074032716,-0.171082601,-0.732096255,0.046656922
34.65,-0.032698151,0.089702822,-0.703856528,0.160209104,0.138911158,-0.407315135,0.231152609,-0.035655651,-0.288034767,0.20523037,-0.260414094,-0.246844724,0.121253498,-0.007349158,-0.002329882,0.122707866,-0.413187236,-0.074458666,0.17938666,-0.725355268,0.049384322,-0.199188486,0.139970288,-0.441538274,-0.261099249,-0.040770248,-0.252551287,-0.265378386,-0.2735838,-0.187371522,-0.12186107,0.008654035,0.003399435,-0.146670505,-0.376738697,-0.070688151,-0.168866664,-0.732578397,0.055114653
34.66666667,-0.032561127,0.097763114,-0.701863468,0.160168156,0.145711675,-0.407519698,0.229445145,-0.035648618,-0.291836053,0.203343377,-0.26054427,-0.255710334,0.121229187,-0.007339354,-0.003399895,0.119297966,-0.415821522,-0.076582365,0.179487184,-0.727053225,0.044035342,-0.198654205,0.14855729,-0.440231562,-0.261198342,-0.040487282,-0.258589625,-0.262362987,-0.272810131,-0.205308393,-0.121839747,0.008627404,0.004404312,-0.146594882,-0.381367922,-0.050576389,-0.167748809,-0.732944489,0.085000329
34.68333333,-0.032567292,0.100214742,-0.70057112,0.160023779,0.158710882,-0.422375172,0.229551062,-0.029159717,-0.340489864,0.202705353,-0.255609244,-0.33784762,0.120887861,-0.007343297,-0.003793142,0.116690457,-0.421937644,-0.066265896,0.17917265,-0.731879592,0.055205006,-0.195256367,0.165416703,-0.449166924,-0.262655079,-0.033328779,-0.311127573,-0.260332078,-0.262211174,-0.293810099,-0.121482201,0.008626472,0.004762979,-0.146538138,-0.383287609,-0.03596729,-0.166616619,-0.732410491,0.105600856
34.7,-0.033199903,0.125357613,-0.700182617,0.159960091,0.179678053,-0.429694891,0.228952795,-0.019645547,-0.370429724,0.196500197,-0.245750397,-0.397667199,0.12033461,-0.007411037,-0.004923537,0.111432739,-0.425639659,-0.067660555,0.178256854,-0.737916887,0.050677702,-0.191119358,0.187496558,-0.449379414,-0.262940615,-0.026222425,-0.335426956,-0.260358065,-0.245093733,-0.346010596,-0.120922811,0.008672672,0.00580603,-0.147940576,-0.38562572,-0.033188615,-0.166323915,-0.732649028,0.110847108
34.71666667,-0.033309288,0.141104192,-0.691598296,0.16016905,0.196336046,-0.431247145,0.229036421,-0.01020988,-0.389273077,0.195019111,-0.238059923,-0.439025283,0.119848043,-0.007439989,-0.006210301,0.106714346,-0.429202348,-0.078365877,0.179217502,-0.746988356,0.047741268,-0.184115678,0.205233485,-0.448061764,-0.262837976,-0.019353168,-0.345232278,-0.259925038,-0.235793799,-0.367820561,-0.120445423,0.0086859,0.006978807,-0.147859067,-0.388641506,-0.033723198,-0.164250329,-0.736333847,0.101273216
34.73333333,-0.033643868,0.168470055,-0.680238605,0.160148159,0.222710595,-0.427958071,0.229900435,0.015574458,-0.382318377,0.196226984,-0.214520559,-0.431752473,0.1195127,-0.007571233,-0.006556424,0.107303858,-0.430638075,-0.087476082,0.179199129,-0.746117413,0.051410027,-0.181191534,0.225632548,-0.446064055,-0.263052255,-0.003469322,-0.3529917,-0.259517908,-0.216248006,-0.395679355,-0.120121397,0.008780841,0.007300658,-0.153696418,-0.388505757,-0.042104121,-0.160167471,-0.733371377,0.100076318
34.75,-0.032479554,0.191239864,-0.675314546,0.160005152,0.241357237,-0.42929551,0.229995623,0.030734366,-0.400761098,0.195983708,-0.196806297,-0.46220082,0.118993141,-0.007424918,-0.007287168,0.104565635,-0.429374039,-0.094270714,0.177308813,-0.745430231,0.04874555,-0.179698989,0.235344052,-0.444447726,-0.264357746,0.005365011,-0.368340254,-0.260014683,-0.19852002,-0.420776635,-0.119617939,0.008597566,0.007987061,-0.160806209,-0.387170374,-0.059006199,-0.159937948,-0.732710004,0.097654343
34.76666667,-0.032215774,0.209711626,-0.666076601,0.160066545,0.253382117,-0.428253442,0.230063468,0.039897002,-0.403531998,0.19639875,-0.187314793,-0.464747936,0.118420102,-0.007406211,-0.007479504,0.104635999,-0.428885281,-0.093886428,0.178494453,-0.744945586,0.054238699,-0.176978499,0.251119435,-0.439363688,-0.263145834,0.019692453,-0.366888195,-0.258742154,-0.184371382,-0.41725421,-0.119044557,0.008561505,0.008164624,-0.161878452,-0.386444062,-0.064749874,-0.159269184,-0.731410623,0.094927065
34.78333333,-0.035282183,0.254018903,-0.659784317,0.159433916,0.267774522,-0.426085144,0.225481272,0.048951771,-0.39631325,0.19076699,-0.174317986,-0.460932493,0.118275456,-0.007393391,-0.007581937,0.101805739,-0.428276122,-0.103955179,0.176613584,-0.737166107,0.059133161,-0.177444637,0.263018876,-0.425979048,-0.262432158,0.032634664,-0.361259222,-0.260708541,-0.164721176,-0.423411787,-0.118895024,0.008530488,0.008261014,-0.168102488,-0.380199641,-0.08209125,-0.162600592,-0.716174901,0.092778437
34.8,-0.035631344,0.286251038,-0.649799883,0.158952937,0.281376034,-0.422783136,0.223113641,0.06006952,-0.395234734,0.186112046,-0.165659949,-0.459789991,0.118175209,-0.007237704,-0.008124161,0.094632745,-0.423238009,-0.10646382,0.173272491,-0.730145097,0.057115253,-0.17766656,0.277195305,-0.411719114,-0.263485998,0.047379322,-0.352909893,-0.269367337,-0.149848327,-0.409858406,-0.118784182,0.008333429,0.008794212,-0.175780967,-0.376756161,-0.082315303,-0.167842925,-0.714523494,0.092458084
34.81666667,-0.035338543,0.281983286,-0.646384776,0.158899352,0.284033298,-0.423718214,0.221942216,0.061372686,-0.409098625,0.186208829,-0.163610369,-0.470883846,0.117781602,-0.007038673,-0.010413225,0.091632731,-0.421414405,-0.098998509,0.173834711,-0.729432881,0.067728564,-0.177798912,0.285429955,-0.411823541,-0.263659984,0.053460684,-0.361503214,-0.271522641,-0.147606567,-0.419815361,-0.118384831,0.008095328,0.011049387,-0.174690828,-0.380983651,-0.049623091,-0.168434873,-0.719027281,0.121595658
34.83333333,-0.033519771,0.300714135,-0.640787244,0.158979431,0.293914378,-0.422330022,0.221004784,0.064556055,-0.408685625,0.184493169,-0.162666783,-0.468863308,0.117575012,-0.006240512,-0.012542157,0.08928895,-0.411390066,-0.101276912,0.174351707,-0.725297332,0.066527955,-0.177597821,0.28516382,-0.40710485,-0.263535082,0.049886893,-0.365571409,-0.273171455,-0.15012157,-0.426037729,-0.118194811,0.007188013,0.013101893,-0.173288554,-0.38141343,-0.045436386,-0.17019172,-0.721517563,0.116834901
34.85,-0.027931042,0.310556412,-0.635967195,0.159949735,0.301464677,-0.420842826,0.220710501,0.06742958,-0.411229372,0.183658436,-0.159402177,-0.47315377,0.117327735,-0.005605095,-0.015347707,0.088728197,-0.398675859,-0.10747917,0.175507158,-0.719940901,0.058046218,-0.177270591,0.291984886,-0.404723555,-0.261942238,0.052936025,-0.3711119,-0.272995889,-0.147821888,-0.429340184,-0.11798878,0.006438088,0.015830306,-0.171915442,-0.381857246,-0.031692706,-0.170308828,-0.723965406,0.12225274
34.86666667,-0.025688529,0.333610237,-0.631292045,0.160868317,0.311266959,-0.4149203,0.219328433,0.07429608,-0.40644896,0.183599129,-0.156434655,-0.464120448,0.117312685,-0.005117453,-0.015870461,0.088066787,-0.38935715,-0.120511308,0.17559211,-0.715654373,0.038523506,-0.177295446,0.296483278,-0.401266277,-0.258410245,0.05777723,-0.371003211,-0.272830784,-0.141472295,-0.420162261,-0.117981814,0.005820217,0.016316546,-0.171195775,-0.380563676,-0.0308528,-0.171632856,-0.725175798,0.118318692
34.88333333,-0.025278637,0.356957704,-0.596809149,0.162351787,0.330908537,-0.394239515,0.219787106,0.090638205,-0.403861612,0.183901802,-0.141624495,-0.457624495,0.117193177,-0.004833999,-0.016781472,0.088477127,-0.382659256,-0.122296594,0.175640985,-0.699882507,0.0387353,-0.176589429,0.323393762,-0.373360425,-0.258202583,0.079966955,-0.35193646,-0.272696465,-0.119747385,-0.411738336,-0.117838606,0.005522304,0.017269958,-0.170867696,-0.377242893,-0.031217333,-0.171704322,-0.718968511,0.120506525
34.9,-0.025345335,0.379951149,-0.579051197,0.163726509,0.340144753,-0.377451867,0.219862133,0.100930765,-0.386656195,0.184140399,-0.132173881,-0.455826581,0.117197372,-0.004511639,-0.016806699,0.089188427,-0.367783904,-0.137652844,0.175680161,-0.681135058,0.033088014,-0.176249981,0.333540499,-0.358852476,-0.256984115,0.094131805,-0.333808392,-0.272179037,-0.109916389,-0.394358099,-0.117848717,0.005147293,0.017305583,-0.170335636,-0.370132923,-0.032706335,-0.171882525,-0.708465517,0.121211924
34.91666667,-0.025182379,0.391230881,-0.56327337,0.164762214,0.347878605,-0.364790946,0.219974756,0.106458649,-0.373840243,0.18385227,-0.125982061,-0.454027385,0.117214546,-0.003999495,-0.017028453,0.088583253,-0.34580192,-0.162352577,0.171592176,-0.662268698,0.017104052,-0.176249266,0.342777103,-0.343891233,-0.255496174,0.103720315,-0.314825326,-0.270965844,-0.100376859,-0.380429745,-0.11785838,0.004604559,0.017551523,-0.169875711,-0.362071633,-0.033439685,-0.171696454,-0.695138335,0.119571917
34.93333333,-0.02371441,0.417954177,-0.530228794,0.165653288,0.36365962,-0.339612216,0.220059037,0.123262443,-0.346439302,0.184425175,-0.110383011,-0.428570181,0.117279232,-0.003278652,-0.016899602,0.08900249,-0.338279814,-0.173958436,0.168968663,-0.650713384,0.011993566,-0.176266104,0.357234508,-0.318106472,-0.255517691,0.119176634,-0.286469549,-0.270589948,-0.090745382,-0.351210445,-0.117903136,0.003851046,0.017448839,-0.170384139,-0.355064243,-0.046945147,-0.171559691,-0.684333026,0.112353742
34.95,-0.021706473,0.427366316,-0.533262551,0.165816993,0.365813673,-0.341262907,0.219814986,0.129343212,-0.342762679,0.184677348,-0.103485093,-0.421145439,0.117290936,-0.002999989,-0.016829306,0.090516306,-0.34239319,-0.164528042,0.167856067,-0.649897814,0.020608634,-0.176287636,0.362504572,-0.323405743,-0.255518615,0.124141484,-0.288965315,-0.269089192,-0.087618589,-0.348909676,-0.117905162,0.003556984,0.01739539,-0.169899493,-0.354820043,-0.046736762,-0.170221895,-0.681128383,0.118743584
34.96666667,-0.020745648,0.439492524,-0.523578107,0.166471347,0.373290569,-0.334132195,0.219530478,0.134021208,-0.335857868,0.185082003,-0.098037265,-0.411414504,0.117288977,-0.00285543,-0.016588733,0.097159676,-0.347133875,-0.161364987,0.16614148,-0.65043962,0.048397072,-0.176035464,0.373584807,-0.320058107,-0.25474605,0.133649468,-0.287844956,-0.267052233,-0.083071493,-0.34718284,-0.117897719,0.00339835,0.017186059,-0.16629824,-0.354908049,-0.040170278,-0.169961706,-0.676151335,0.138142899
34.98333333,-0.016926659,0.446124434,-0.516575396,0.166799754,0.377986848,-0.328371316,0.219255611,0.137332484,-0.331516415,0.185447574,-0.095112599,-0.408076972,0.117322408,-0.002730612,-0.015828939,0.10042125,-0.35038498,-0.159632385,0.162490353,-0.65368408,0.057682183,-0.176058784,0.379365444,-0.317508399,-0.254827231,0.13736333,-0.287954777,-0.266951889,-0.08022023,-0.347653687,-0.117914349,0.003264662,0.016495023,-0.164516732,-0.355431825,-0.039860025,-0.16988349,-0.675647557,0.138521135
35,-0.015622388,0.457384229,-0.504515529,0.167073026,0.381498039,-0.316455901,0.219355538,0.141050398,-0.319078833,0.188043654,-0.09194237,-0.394642532,0.117344394,-0.002542817,-0.014963374,0.103290714,-0.349806994,-0.155611396,0.159079298,-0.652198195,0.055972569,-0.176077694,0.383271873,-0.309945524,-0.254665315,0.139544487,-0.282541782,-0.266806901,-0.080173515,-0.342554778,-0.117921688,0.00305945,0.015686832,-0.163205683,-0.354964674,-0.039975591,-0.169610187,-0.671859741,0.137491375
35.01666667,-0.015041943,0.473961413,-0.497125268,0.167054176,0.384284556,-0.307361424,0.219387934,0.147336513,-0.304792762,0.18971245,-0.089756757,-0.37386173,0.117344238,-0.002284283,-0.01319879,0.107583947,-0.350181848,-0.154823363,0.156434596,-0.652929008,0.056070197,-0.176094204,0.385104984,-0.305538714,-0.254721552,0.143688664,-0.27603066,-0.266901404,-0.079601072,-0.329409152,-0.117912903,0.002778381,0.013987137,-0.162878886,-0.355065644,-0.040081527,-0.169582292,-0.67218107,0.136713058
35.03333333,-0.014509687,0.490259707,-0.486900955,0.167045549,0.388253748,-0.297337204,0.219414383,0.154937014,-0.290778756,0.191473022,-0.085901529,-0.355556905,0.117343441,-0.002113882,-0.01134546,0.111773483,-0.351192027,-0.153044492,0.155451491,-0.653007984,0.059948202,-0.176115006,0.388222247,-0.298395097,-0.255370051,0.150632292,-0.265642881,-0.267614454,-0.077650636,-0.311515242,-0.117902465,0.002589127,0.012191026,-0.162406757,-0.355081767,-0.040157486,-0.169589669,-0.671313882,0.138995171
35.05,-0.013951332,0.498442829,-0.484311819,0.167290539,0.389417082,-0.297201365,0.219544426,0.157739744,-0.289973319,0.194198415,-0.083323866,-0.352191061,0.117319904,-0.002086438,-0.010425052,0.116304033,-0.353248686,-0.133270472,0.155935034,-0.654360056,0.077440143,-0.175181985,0.393274933,-0.297396749,-0.255625159,0.157790244,-0.26413402,-0.268198967,-0.073520452,-0.308707952,-0.117861032,0.002553659,0.011292413,-0.15838477,-0.355307817,-0.035366084,-0.16891627,-0.671742916,0.152486473
35.06666667,-0.013465373,0.495347053,-0.48279956,0.16754438,0.390625268,-0.294044584,0.220208555,0.159978822,-0.285482287,0.198539838,-0.081910186,-0.345669091,0.117288575,-0.00206001,-0.009069297,0.120469965,-0.357273906,-0.122098923,0.157106444,-0.654610753,0.087624818,-0.174265385,0.39537558,-0.296246916,-0.255344629,0.160439968,-0.262417257,-0.268180817,-0.072247311,-0.306490213,-0.117810898,0.002520397,0.009951752,-0.154989794,-0.355809063,-0.035403281,-0.167563647,-0.671878099,0.153839797
35.08333333,-0.013403929,0.495081782,-0.48527959,0.167491958,0.390752196,-0.296848059,0.220259935,0.161052689,-0.289080411,0.200162321,-0.081211388,-0.348239243,0.117247649,-0.00199617,-0.008620929,0.120955952,-0.36087501,-0.111161627,0.157582283,-0.657932222,0.091835991,-0.174280256,0.396062255,-0.298626184,-0.255192816,0.16105625,-0.265013874,-0.268095583,-0.073092222,-0.309744239,-0.117751546,0.002447732,0.009513577,-0.150991186,-0.357960969,-0.026541235,-0.167265326,-0.672604203,0.164854124
35.1,-0.013457236,0.492014974,-0.484864503,0.16739735,0.389808059,-0.297475517,0.220285386,0.159997255,-0.290430456,0.200851172,-0.081908859,-0.349531025,0.117236681,-0.001975474,-0.007929154,0.122417286,-0.364536852,-0.10923779,0.1578338,-0.659511507,0.095418073,-0.174304143,0.39645043,-0.298745245,-0.254909664,0.16178146,-0.265621483,-0.267485499,-0.072872929,-0.311109453,-0.117729239,0.002423126,0.008844734,-0.149894744,-0.358387738,-0.027001135,-0.165615514,-0.672046185,0.162268311
35.11666667,-0.013501863,0.501153529,-0.478606939,0.167268738,0.391323954,-0.289778113,0.2203096,0.160701916,-0.280099988,0.202998474,-0.081451617,-0.335036188,0.117188171,-0.001932899,-0.007343296,0.123653568,-0.365467787,-0.106242716,0.1580562,-0.661733508,0.094014853,-0.174605593,0.398086995,-0.294508427,-0.254919827,0.163109839,-0.259114653,-0.267821461,-0.071876727,-0.30011341,-0.117660075,0.002372089,0.008268546,-0.146760583,-0.359521002,-0.021758543,-0.163345486,-0.672124922,0.169447869
35.13333333,-0.01354194,0.508759201,-0.472145021,0.167108238,0.393853903,-0.282607436,0.220398813,0.163260192,-0.270303279,0.205532417,-0.07928694,-0.323275894,0.117158443,-0.00186845,-0.006746634,0.123842768,-0.366278797,-0.099445947,0.158225968,-0.662319064,0.101416297,-0.174870446,0.399292082,-0.290731907,-0.255011827,0.164931729,-0.253831714,-0.26792559,-0.069876097,-0.292151928,-0.117616855,0.002298268,0.007674579,-0.145191401,-0.360263228,-0.019667638,-0.162079588,-0.67205292,0.173836574
35.15,-0.01269067,0.512535155,-0.470908642,0.167411923,0.395216584,-0.281016082,0.221485391,0.165128902,-0.267643422,0.210588261,-0.077368028,-0.320564479,0.117145389,-0.001816479,-0.006026049,0.125749975,-0.368270487,-0.09571524,0.159335852,-0.666897178,0.102155067,-0.174394667,0.399794757,-0.291005641,-0.254886031,0.165636778,-0.254912734,-0.267767996,-0.069624774,-0.293485075,-0.117596216,0.002239925,0.006955352,-0.143999666,-0.361302137,-0.019986644,-0.159134641,-0.672170877,0.171716332
35.16666667,-0.010367157,0.51915592,-0.464423835,0.168450281,0.399975717,-0.273853093,0.222778782,0.16971384,-0.25891003,0.215090811,-0.073595762,-0.311829895,0.11713662,-0.001756375,-0.004730579,0.13028954,-0.370729774,-0.081044331,0.160191178,-0.668801129,0.121647157,-0.173341587,0.403456271,-0.287605494,-0.253212452,0.16891484,-0.250261992,-0.266617537,-0.067924827,-0.288434714,-0.11758066,0.002172974,0.005693486,-0.141422227,-0.362327367,-0.020192022,-0.156218514,-0.671944201,0.171360299
35.18333333,-0.009577339,0.521220922,-0.462457418,0.168496266,0.402026892,-0.273144752,0.223083705,0.171424001,-0.258738339,0.217758,-0.071690403,-0.311966151,0.117121927,-0.001732048,-0.004511521,0.131203562,-0.37417534,-0.071962938,0.160309672,-0.671494365,0.131781265,-0.172934219,0.408584923,-0.285625875,-0.250887692,0.172982052,-0.247595713,-0.264033914,-0.065198772,-0.287562221,-0.117557496,0.002148239,0.00548891,-0.141192406,-0.364197969,-0.014205761,-0.156083941,-0.67204392,0.179898992
35.2,-0.00760407,0.5284639,-0.456105441,0.168927565,0.406410396,-0.263320655,0.223857835,0.176238209,-0.243612662,0.222684398,-0.066901684,-0.299057692,0.117115773,-0.001713524,-0.003895238,0.13286905,-0.377370596,-0.06508024,0.160586208,-0.672395408,0.142482892,-0.172189444,0.415597647,-0.278714627,-0.246849447,0.178570673,-0.237096146,-0.260037154,-0.061855573,-0.280878693,-0.11754594,0.002127653,0.004907195,-0.140968084,-0.365213186,-0.007908826,-0.155786335,-0.672139049,0.190609813
35.21666667,-0.00620801,0.543152153,-0.443199307,0.169652641,0.415466905,-0.240481392,0.226066217,0.18642731,-0.211271137,0.229065865,-0.060253959,-0.274565369,0.117132783,-0.001710893,-0.003858167,0.132806271,-0.38014251,-0.049139138,0.160670429,-0.672401667,0.16138716,-0.172632709,0.426602006,-0.254699945,-0.243945599,0.187982187,-0.197699919,-0.258663297,-0.057030354,-0.249606967,-0.117552616,0.002122352,0.004875435,-0.139615148,-0.366844773,0.027524391,-0.155843258,-0.672233701,0.237722889
35.23333333,-0.005114376,0.544370294,-0.443850636,0.170026392,0.416824728,-0.238578364,0.226644501,0.188552901,-0.207245708,0.230676264,-0.059410378,-0.270787328,0.117153339,-0.001722929,-0.003772735,0.132886484,-0.381589234,-0.047479954,0.160726398,-0.672398329,0.162616029,-0.172829494,0.429007828,-0.251600325,-0.243289828,0.19196333,-0.191586554,-0.258575857,-0.054647341,-0.242863566,-0.117563345,0.002131855,0.004800214,-0.138450786,-0.369155318,0.042411305,-0.155901596,-0.672615111,0.254386246
35.25,-0.004952227,0.549032092,-0.440077692,0.170546129,0.417768538,-0.238223776,0.226689622,0.188447163,-0.208596677,0.232213825,-0.05855545,-0.270902514,0.117162332,-0.001724143,-0.003738924,0.13338922,-0.381638706,-0.045487035,0.160778075,-0.672272801,0.163742483,-0.172853827,0.428993911,-0.250651181,-0.241953447,0.192261487,-0.193863437,-0.258260876,-0.052768636,-0.243679881,-0.117565833,0.002129862,0.004771852,-0.137550876,-0.3703565,0.047171276,-0.155946776,-0.672704816,0.257164568
35.26666667,-0.004964909,0.550222218,-0.442456543,0.171202168,0.417640954,-0.241130844,0.226872116,0.188934177,-0.211336732,0.234565541,-0.057567958,-0.273168325,0.117164381,-0.001730066,-0.003671796,0.133231863,-0.383037716,-0.030708492,0.16084905,-0.672275066,0.182668626,-0.172786057,0.428120911,-0.253083974,-0.240041539,0.191603854,-0.196043953,-0.257110268,-0.052762102,-0.244749516,-0.117564,0.002133298,0.00470979,-0.136380345,-0.371852547,0.058483757,-0.155990809,-0.672776043,0.273469061
35.28333333,-0.004564265,0.552408814,-0.441769719,0.171597704,0.418571979,-0.240129501,0.226900175,0.189179093,-0.21168898,0.234188393,-0.057285964,-0.275073647,0.117174365,-0.00172583,-0.003639986,0.133143604,-0.382987738,-0.031371132,0.161133289,-0.670804381,0.182973266,-0.172816232,0.429389328,-0.252578706,-0.23772949,0.192092344,-0.195900425,-0.254873812,-0.052060317,-0.246369198,-0.117567085,0.00212776,0.004681007,-0.1364429,-0.372077525,0.059079394,-0.156024992,-0.672258198,0.2758497
35.3,-0.004554692,0.554350734,-0.439807206,0.171913832,0.420058042,-0.239711702,0.227089927,0.190731034,-0.211538464,0.23567377,-0.054953996,-0.274347335,0.117172725,-0.001720041,-0.003619417,0.131214976,-0.383549154,-0.02093762,0.161178753,-0.670806348,0.191695809,-0.172983542,0.429201305,-0.252795577,-0.236670882,0.192344084,-0.196645349,-0.254073977,-0.051210079,-0.246346489,-0.117562085,0.002120708,0.004663011,-0.135764882,-0.372781754,0.070352934,-0.156064838,-0.672123849,0.288369626
35.31666667,-0.004578865,0.555885553,-0.439918041,0.172052652,0.421113133,-0.238571092,0.227168664,0.192823216,-0.207960442,0.238145068,-0.053067431,-0.272196829,0.117189072,-0.001721158,-0.00344274,0.129694134,-0.385169894,-0.01317586,0.16113168,-0.670841038,0.2052131,-0.173132434,0.429511011,-0.252678603,-0.236075282,0.192885876,-0.194876,-0.254018217,-0.050990067,-0.2446886,-0.117573366,0.002121076,0.004492512,-0.135677442,-0.373072177,0.072401859,-0.156097442,-0.671523869,0.295199424
35.33333333,-0.004589858,0.555648029,-0.44082725,0.172291756,0.422251135,-0.239245296,0.227222413,0.195455164,-0.207055598,0.240822777,-0.050769825,-0.270491809,0.117196985,-0.001719688,-0.003037002,0.128232107,-0.388344198,0.00686805,0.160270557,-0.67194587,0.22970888,-0.173213333,0.429283738,-0.253625929,-0.23576507,0.193450689,-0.196257859,-0.254009753,-0.050440762,-0.245234698,-0.117578439,0.002119452,0.004094643,-0.135729671,-0.373061508,0.072946087,-0.156075656,-0.670278192,0.295885116
35.35,-0.004607899,0.555827379,-0.441190004,0.172363982,0.422169387,-0.240087613,0.226958081,0.195958659,-0.206892848,0.241174906,-0.050124306,-0.270025641,0.117203169,-0.001726108,-0.002706429,0.126275674,-0.390509725,0.016618334,0.158698857,-0.671928525,0.248102039,-0.173337847,0.428877383,-0.254107207,-0.235614255,0.193300977,-0.196986035,-0.253940761,-0.050614584,-0.24489516,-0.117581792,0.002126664,0.003767857,-0.136264637,-0.372413456,0.073527604,-0.156091467,-0.665965438,0.300909758
35.36666667,-0.004022431,0.556174576,-0.442237675,0.172491699,0.422349155,-0.240537137,0.226498798,0.196778938,-0.205898806,0.240751699,-0.04951264,-0.270434976,0.117227875,-0.001737998,-0.002360854,0.124972969,-0.39262116,0.02529089,0.157870993,-0.671956778,0.261267036,-0.173547804,0.428651899,-0.254588962,-0.235628814,0.193358034,-0.196019873,-0.253963351,-0.050761059,-0.243616879,-0.117600672,0.002140421,0.003428771,-0.136390373,-0.372137934,0.07912115,-0.156137109,-0.663094699,0.312416404
35.38333333,-0.003986165,0.558299303,-0.442688823,0.172592744,0.422418565,-0.239691958,0.22616908,0.196968615,-0.203422487,0.240425646,-0.049507014,-0.269878626,0.117293,-0.001775475,-0.002347087,0.123707458,-0.393081725,0.020523176,0.157528028,-0.670625031,0.260389298,-0.173887447,0.428692997,-0.253610224,-0.235667244,0.193369433,-0.18965295,-0.254160762,-0.050808199,-0.238001764,-0.11765819,0.002179678,0.003414926,-0.13700828,-0.371682525,0.079484493,-0.156155244,-0.660414696,0.31826207
35.4,-0.004013748,0.557569027,-0.444389284,0.172588944,0.422248781,-0.239963517,0.225774467,0.196770191,-0.204089597,0.240235478,-0.049723003,-0.27002424,0.117311612,-0.001793068,-0.002270755,0.122406133,-0.394602209,0.024486208,0.157249272,-0.670693159,0.264905095,-0.174264655,0.428585947,-0.253779799,-0.23562257,0.193207517,-0.190272167,-0.254421592,-0.050896782,-0.238239571,-0.117673151,0.002198177,0.003339782,-0.137983128,-0.371308982,0.078111321,-0.156301275,-0.659673691,0.31490764
35.41666667,-0.004260527,0.55795449,-0.444623083,0.172495678,0.422254711,-0.240221009,0.22569935,0.196986258,-0.204085246,0.240328878,-0.049442772,-0.270090848,0.117337368,-0.001812879,-0.002216532,0.121663593,-0.395879775,0.023945607,0.157260656,-0.672354817,0.259442747,-0.17475234,0.428426892,-0.25413692,-0.235521868,0.193101525,-0.190887913,-0.25446105,-0.050933894,-0.238880128,-0.1176963,0.002218623,0.00328667,-0.139162645,-0.371351451,0.077425502,-0.157606736,-0.659774482,0.311361015
35.43333333,-0.004550399,0.561375558,-0.443512946,0.172501355,0.423674941,-0.239004403,0.225703925,0.198797971,-0.202579498,0.241630912,-0.047209587,-0.27025336,0.11739932,-0.001825008,-0.002182514,0.121493608,-0.39644143,0.027393198,0.157292098,-0.672433197,0.264431894,-0.175065339,0.42900762,-0.253034145,-0.235390753,0.193644464,-0.188676238,-0.254620373,-0.050206423,-0.238092333,-0.117753983,0.002231637,0.003253148,-0.139740199,-0.371477157,0.079525545,-0.158718601,-0.659897566,0.314523637
35.45,-0.004701064,0.562463641,-0.443621159,0.172662467,0.42357564,-0.239220858,0.225761518,0.198662132,-0.20303987,0.243474588,-0.047383826,-0.270127594,0.117420703,-0.001841143,-0.002142925,0.121232063,-0.397707373,0.033124264,0.157478735,-0.675282836,0.265103012,-0.17509,0.428862423,-0.253143787,-0.234890476,0.193581507,-0.189166456,-0.25464946,-0.050190028,-0.238368824,-0.117775492,0.002246944,0.003214618,-0.139754355,-0.371647328,0.080328204,-0.158963755,-0.66052711,0.312427342
35.46666667,-0.004936563,0.562912107,-0.442526221,0.172665566,0.423523486,-0.239523605,0.225741982,0.198583826,-0.204264447,0.243869469,-0.047530774,-0.270297855,0.117416434,-0.001860144,-0.002158744,0.120583117,-0.398656368,0.033526119,0.157728061,-0.679669797,0.260657042,-0.175111771,0.428782821,-0.2534132,-0.234052151,0.193527937,-0.191381395,-0.25451237,-0.050149459,-0.239502251,-0.1177691,0.002263397,0.003232092,-0.139976755,-0.371969551,0.079504214,-0.159952417,-0.663379073,0.308905095
35.48333333,-0.00482321,0.562630415,-0.442856461,0.172933564,0.42341882,-0.241092458,0.225742534,0.198450372,-0.205560938,0.244978979,-0.047672536,-0.270416588,0.117423154,-0.00187383,-0.002089348,0.120103039,-0.400146633,0.034461934,0.157949552,-0.683020055,0.258870721,-0.175032109,0.428270996,-0.255894721,-0.233429477,0.193469509,-0.195591494,-0.254529506,-0.050194107,-0.242013767,-0.117774524,0.002275665,0.003165931,-0.139950067,-0.372584432,0.078893848,-0.159969375,-0.665976048,0.304621696
35.5,-0.004782491,0.562977076,-0.442467391,0.173258886,0.423621207,-0.241220534,0.225992665,0.198331073,-0.205694929,0.245908767,-0.047786314,-0.270507872,0.117451884,-0.001910753,-0.002114422,0.120042697,-0.400336355,0.032825228,0.158142984,-0.683003724,0.257124603,-0.17500475,0.428454727,-0.255851775,-0.233145028,0.193638548,-0.195615947,-0.254706413,-0.049839675,-0.242128864,-0.117802493,0.002310361,0.003191315,-0.140860036,-0.372634619,0.075867891,-0.159897983,-0.666346192,0.301265419
35.51666667,-0.004427444,0.563276052,-0.44161737,0.173549235,0.423576832,-0.241304055,0.226088285,0.197995692,-0.20585911,0.247240275,-0.047872279,-0.270453006,0.117464595,-0.001940444,-0.002154927,0.119364567,-0.400379151,0.032233745,0.158194408,-0.68300426,0.255196333,-0.174854785,0.42839545,-0.255875349,-0.23282899,0.193610162,-0.195677057,-0.25472337,-0.049769361,-0.242235348,-0.11781355,0.002338229,0.003235941,-0.140671238,-0.373217016,0.07560987,-0.15966706,-0.667286873,0.301048368
35.53333333,-0.003251796,0.565825343,-0.440681964,0.174682349,0.423650891,-0.240597099,0.226374999,0.197913527,-0.204637557,0.248014495,-0.047955558,-0.269130945,0.117480107,-0.001947786,-0.002141023,0.119354635,-0.400326639,0.030777832,0.158641413,-0.682890594,0.254313499,-0.174380109,0.428401262,-0.25557667,-0.232090637,0.193583816,-0.195025802,-0.25456515,-0.049841449,-0.241165802,-0.117828541,0.002345198,0.003222293,-0.13838017,-0.373521715,0.076725595,-0.158590615,-0.667535305,0.303132057
35.55,-0.002599857,0.566353559,-0.440588564,0.175207704,0.42370981,-0.240630284,0.226760164,0.197845027,-0.204785869,0.24812907,-0.048026863,-0.269196123,0.117490143,-0.001974968,-0.002212811,0.119182892,-0.400330037,0.029848376,0.158913746,-0.682807922,0.254117697,-0.174104691,0.428703427,-0.255436808,-0.23190783,0.193879738,-0.194725379,-0.254341006,-0.049714748,-0.241122112,-0.11783763,0.00237179,0.003294969,-0.138275445,-0.373762131,0.077493511,-0.157566264,-0.667849898,0.304209918
35.56666667,-0.001701129,0.568080246,-0.438703567,0.176034957,0.424568057,-0.23863326,0.227025703,0.198318213,-0.202167839,0.248080522,-0.047830071,-0.26813069,0.117497995,-0.002016679,-0.002348607,0.119182646,-0.400294572,0.02924264,0.159326464,-0.682721972,0.253639609,-0.173575372,0.43081063,-0.252020091,-0.231473222,0.195380017,-0.188450292,-0.253675133,-0.049364548,-0.236115217,-0.117844313,0.002415593,0.003427735,-0.137535483,-0.374041706,0.081808925,-0.157058835,-0.668700278,0.310323685
35.58333333,-0.001377526,0.571103275,-0.436508775,0.176479697,0.425589204,-0.235291198,0.227015033,0.198273271,-0.200207517,0.245711103,-0.047869641,-0.268391699,0.117536262,-0.002072617,-0.002802593,0.11885979,-0.399500906,0.021154111,0.159797594,-0.679368973,0.24552694,-0.173568204,0.433420092,-0.245326385,-0.231457323,0.195795745,-0.17884247,-0.253539741,-0.04932354,-0.23166959,-0.117879361,0.002474476,0.003878287,-0.137404591,-0.374055833,0.092471704,-0.156123847,-0.668594062,0.332515925
35.6,-0.001210619,0.574348509,-0.43208608,0.17681019,0.427323431,-0.231561691,0.226898119,0.1983082,-0.198674202,0.241602793,-0.047748074,-0.269104719,0.117564335,-0.002131179,-0.003339139,0.118697837,-0.398112357,0.018161472,0.159979045,-0.675082147,0.242943421,-0.173566446,0.437927932,-0.237406239,-0.231403202,0.197486803,-0.169268787,-0.25347662,-0.048654787,-0.226577699,-0.117902964,0.002535962,0.0044117,-0.137296006,-0.374027282,0.099568106,-0.155237049,-0.6680969,0.343779176
35.61666667,-0.001124015,0.575596988,-0.431464881,0.176955208,0.429279894,-0.230367318,0.226498678,0.199291185,-0.197359249,0.239109978,-0.046747271,-0.269162416,0.11758405,-0.002193945,-0.003428411,0.118322201,-0.398316413,0.028462952,0.159895509,-0.674909472,0.256720215,-0.173590884,0.440695465,-0.235635221,-0.231317252,0.199317783,-0.165817946,-0.253478616,-0.048290178,-0.224323079,-0.117919855,0.00260492,0.004501352,-0.13733162,-0.37380746,0.105958082,-0.155110866,-0.667310238,0.353158027
35.63333333,-0.001091862,0.578696072,-0.429695249,0.177167401,0.431553304,-0.228516996,0.225557312,0.200121045,-0.196789488,0.234935552,-0.045643043,-0.270007521,0.1176247,-0.002276969,-0.003514117,0.118017256,-0.398419499,0.032976564,0.159901008,-0.674625814,0.262204885,-0.173641995,0.443648905,-0.232248843,-0.231109366,0.201236844,-0.162162125,-0.253485739,-0.047794323,-0.223236412,-0.117957167,0.002698279,0.004591668,-0.137645975,-0.373126775,0.1162799,-0.155018866,-0.665457785,0.369757652
35.65,-0.000817949,0.581248522,-0.426741838,0.177948385,0.433964819,-0.22612685,0.225170657,0.200467706,-0.196587548,0.231840804,-0.045194339,-0.272500455,0.117687412,-0.002381126,-0.003595139,0.117858514,-0.398201406,0.031456448,0.159959763,-0.673423469,0.259714812,-0.173615396,0.446983993,-0.226899669,-0.231013164,0.202948987,-0.156469271,-0.253429234,-0.047216624,-0.221245214,-0.118014336,0.002815741,0.00468423,-0.137601346,-0.37190181,0.120952345,-0.154134318,-0.663063526,0.377483457
35.66666667,-0.000592759,0.582403302,-0.425526619,0.178371131,0.435590059,-0.224853903,0.224565938,0.201035902,-0.196385205,0.230332106,-0.044265769,-0.273986459,0.117722638,-0.002471152,-0.003707286,0.116856366,-0.398221016,0.03239863,0.15991883,-0.672543764,0.262283891,-0.173563406,0.448866397,-0.225228801,-0.230988666,0.203711927,-0.15588133,-0.253355771,-0.046981063,-0.221448213,-0.118046969,0.002917904,0.00480648,-0.137750581,-0.371093512,0.124436669,-0.154036179,-0.661409497,0.383237809
35.68333333,-0.000536081,0.582967937,-0.42347452,0.178540722,0.4372105,-0.222516179,0.223528177,0.201604679,-0.194711357,0.229110569,-0.04333847,-0.274030328,0.117755301,-0.002533487,-0.003733055,0.116624661,-0.398089945,0.032116245,0.160399869,-0.672106087,0.261379033,-0.173553973,0.450532347,-0.222500652,-0.230851188,0.204190463,-0.152015299,-0.253207445,-0.046930127,-0.218908086,-0.118077107,0.002991611,0.004840239,-0.13753517,-0.370817304,0.127183035,-0.153335869,-0.661364138,0.385266721
35.7,-0.001197921,0.584275663,-0.41978395,0.178416133,0.438842654,-0.219556481,0.222349897,0.201910615,-0.193286717,0.227415934,-0.042270787,-0.274142623,0.117761783,-0.002607667,-0.004159789,0.115872882,-0.397247285,0.031404,0.160562024,-0.672007799,0.248568982,-0.17369096,0.452396154,-0.217326269,-0.230816066,0.20435077,-0.146987393,-0.253132999,-0.046868332,-0.216676533,-0.118081674,0.003076123,0.005287943,-0.13668035,-0.370767713,0.135730937,-0.152967826,-0.661939681,0.394268483
35.71666667,-0.001017293,0.58546102,-0.418621063,0.178468138,0.440115243,-0.21858725,0.22178185,0.202355951,-0.193007722,0.227347121,-0.040877402,-0.274810553,0.117768764,-0.002648945,-0.004550829,0.115564913,-0.397082865,0.033164676,0.160957471,-0.672155797,0.248080224,-0.173594296,0.453500897,-0.21568729,-0.230461881,0.204349741,-0.146235868,-0.252463728,-0.047030065,-0.216806784,-0.118087031,0.003126386,0.005701239,-0.135689855,-0.370769471,0.14168644,-0.151683435,-0.662959814,0.399469405
35.73333333,-0.000861913,0.586202919,-0.418005288,0.178630739,0.440127701,-0.217888936,0.221203461,0.202218339,-0.193038493,0.226587132,-0.040879913,-0.276356637,0.117776714,-0.002692444,-0.004731257,0.11552085,-0.396709055,0.035271119,0.162108123,-0.671831787,0.248312384,-0.173306197,0.453969628,-0.214755997,-0.230362654,0.204388782,-0.145958766,-0.251789659,-0.047095101,-0.217085063,-0.118093215,0.003178935,0.005898629,-0.134677649,-0.370761096,0.144628003,-0.150148645,-0.663129628,0.404633433
35.75,0.000386648,0.586241126,-0.417803288,0.178839281,0.440751493,-0.216514513,0.22082755,0.202613384,-0.192087784,0.226726964,-0.039919447,-0.276481509,0.117775418,-0.002732318,-0.00477489,0.115277827,-0.39667815,0.03862923,0.162792847,-0.671856165,0.249510735,-0.172910661,0.454979479,-0.214359179,-0.230213389,0.205167949,-0.145376146,-0.251610279,-0.046971992,-0.217167139,-0.118088961,0.003227934,0.005951002,-0.133824214,-0.370731235,0.148667991,-0.149444014,-0.663239121,0.411480248
35.76666667,0.000680419,0.586158216,-0.417639643,0.179062188,0.440680981,-0.215925425,0.219995081,0.202198789,-0.191154867,0.226422876,-0.040088799,-0.275934726,0.117776409,-0.002815716,-0.004792811,0.11511869,-0.396607608,0.037321009,0.163220584,-0.67188257,0.245515779,-0.172341779,0.454882294,-0.214683697,-0.229898974,0.205169633,-0.145784214,-0.251228362,-0.046991646,-0.216960266,-0.118087791,0.003318553,0.005973039,-0.132998198,-0.370737553,0.145974442,-0.148292407,-0.663459361,0.406344593
35.78333333,0.000724423,0.586926937,-0.416675299,0.179084599,0.440609038,-0.215218604,0.219024986,0.201820105,-0.191013217,0.225076362,-0.040112372,-0.276312888,0.11777591,-0.002867721,-0.004865366,0.114754081,-0.396370888,0.035132311,0.163275823,-0.671786964,0.243090793,-0.172242537,0.454737782,-0.21409741,-0.229878098,0.204813331,-0.145801499,-0.251003057,-0.047179434,-0.217060313,-0.11808566,0.003375529,0.006051255,-0.132662565,-0.370683461,0.145354465,-0.147628665,-0.663477182,0.40611124
35.8,0.000899367,0.587455928,-0.415573597,0.179128498,0.440557241,-0.213954493,0.218480483,0.201757401,-0.190488979,0.224211022,-0.039785948,-0.276595235,0.117778964,-0.002889602,-0.004969895,0.114538468,-0.395212471,0.024472736,0.163754642,-0.671204984,0.229005322,-0.172216222,0.454619348,-0.21346578,-0.229884177,0.204121143,-0.145723745,-0.250637531,-0.04762971,-0.217123985,-0.118087731,0.003398078,0.006160679,-0.132465482,-0.370620191,0.145628199,-0.1467444,-0.663426042,0.407022178
35.81666667,0.001155929,0.586284995,-0.41698432,0.179412231,0.439528793,-0.214141265,0.218283921,0.200321496,-0.190613627,0.223728672,-0.040732797,-0.276820809,0.117786393,-0.002927821,-0.004986522,0.114302382,-0.39494133,0.021898232,0.163882479,-0.671069622,0.226796255,-0.172020197,0.453952998,-0.214461699,-0.229721114,0.203126848,-0.146578267,-0.249968961,-0.048577353,-0.218467832,-0.118094318,0.003439873,0.006179008,-0.132015273,-0.370544612,0.144697472,-0.145464659,-0.663213193,0.405234277
35.83333333,0.001220842,0.585939169,-0.417428076,0.179552406,0.439262986,-0.21435079,0.218282759,0.200129658,-0.190886438,0.223404661,-0.040721234,-0.277375787,0.117789358,-0.002948549,-0.005023391,0.114212736,-0.394467443,0.018582486,0.164286882,-0.670310915,0.225375369,-0.171956182,0.453642309,-0.214780599,-0.229746714,0.202539265,-0.146955222,-0.249487922,-0.049170993,-0.219004035,-0.118096434,0.003461413,0.006217547,-0.131690189,-0.370497733,0.144410282,-0.144722328,-0.662922919,0.405803651
35.85,0.001234988,0.584719121,-0.418813199,0.17964904,0.438896805,-0.21511513,0.218171343,0.199498191,-0.191641539,0.221991882,-0.04102191,-0.278295666,0.117805891,-0.002973131,-0.005098893,0.114187688,-0.393764615,0.012636174,0.164829835,-0.66926378,0.218395829,-0.171949908,0.453579098,-0.215321898,-0.229692653,0.20232299,-0.147093803,-0.249145389,-0.049547035,-0.219292447,-0.118111849,0.003489216,0.006297812,-0.131300211,-0.370469332,0.14394246,-0.143620566,-0.662867188,0.40491423
35.86666667,0.001467409,0.58439523,-0.418966025,0.179694176,0.438902438,-0.214960486,0.218128815,0.199488699,-0.191388741,0.221246228,-0.040968206,-0.278298616,0.117818877,-0.002994187,-0.00515203,0.114165209,-0.392841548,0.005941019,0.165246174,-0.668267787,0.21050477,-0.17201817,0.453510076,-0.215507761,-0.229689449,0.202049956,-0.147306427,-0.249027625,-0.04971401,-0.219548211,-0.118123814,0.003512186,0.006354079,-0.131251708,-0.370423764,0.143756822,-0.143301204,-0.662773728,0.404912263
35.88333333,0.001483226,0.584660828,-0.418774426,0.179718196,0.439093709,-0.214760989,0.217928648,0.199448898,-0.191212714,0.219484776,-0.041000992,-0.278330475,0.117826737,-0.003013481,-0.005179325,0.114225708,-0.392572075,0.006255896,0.165826127,-0.668091953,0.212120801,-0.172200188,0.453866154,-0.215243861,-0.229675785,0.202111855,-0.146700934,-0.248724729,-0.049697962,-0.219485939,-0.11813058,0.003532927,0.00638293,-0.131067142,-0.370414674,0.144695088,-0.143146306,-0.663041651,0.406841606
35.9,0.00134373,0.584692001,-0.418784827,0.179740265,0.43907243,-0.214824453,0.217786968,0.199106157,-0.191683888,0.21851173,-0.041125003,-0.279479563,0.117837563,-0.003060967,-0.005357124,0.114223175,-0.392241389,0.006785028,0.166336775,-0.667809904,0.212217063,-0.172210753,0.454069614,-0.214949861,-0.229672834,0.202141777,-0.146210879,-0.248583734,-0.049660511,-0.219505057,-0.118139915,0.003584777,0.006568484,-0.131023079,-0.370264143,0.145887464,-0.142542601,-0.662781596,0.408850968
35.91666667,0.001349735,0.5845927,-0.418652207,0.179781482,0.438895971,-0.214563474,0.217666179,0.198477969,-0.191632092,0.217817262,-0.041436661,-0.27967301,0.117847875,-0.003098781,-0.005413448,0.11427509,-0.391593844,0.004356305,0.1663737,-0.666751921,0.212183818,-0.17216152,0.454157084,-0.214266568,-0.229663596,0.202143788,-0.14532502,-0.248504654,-0.04960141,-0.21939458,-0.118148133,0.003625304,0.006628931,-0.130717188,-0.370104522,0.145796686,-0.141719535,-0.662217975,0.408491343
35.93333333,0.001369477,0.584467351,-0.418570817,0.179923683,0.438844621,-0.214124098,0.217660129,0.198170215,-0.191589892,0.217648938,-0.0414952,-0.280102402,0.117860928,-0.003136798,-0.005459192,0.114380002,-0.390707016,0.001063346,0.16673097,-0.666060209,0.20618929,-0.17196162,0.454491585,-0.21366103,-0.229599983,0.202162325,-0.144941419,-0.248011693,-0.049611222,-0.219412461,-0.118159346,0.003667541,0.0066803,-0.130461723,-0.369879067,0.145623714,-0.140488058,-0.661703467,0.408195138
35.95,0.001939019,0.584516823,-0.418574035,0.180290654,0.438958168,-0.214032397,0.217681944,0.19817771,-0.191612855,0.217497841,-0.041400187,-0.281195521,0.117879987,-0.00315613,-0.005481127,0.114406921,-0.390389621,-0.000610957,0.16706726,-0.665976107,0.203355893,-0.171748355,0.45451659,-0.213700533,-0.229702041,0.20213379,-0.145141155,-0.24788858,-0.049606811,-0.220419243,-0.118178561,0.003688452,0.006703381,-0.130270958,-0.369854659,0.145267323,-0.140181392,-0.661687791,0.407893926
35.96666667,0.002162278,0.585425794,-0.418108493,0.180463105,0.438991129,-0.213350549,0.217638254,0.198169887,-0.191295668,0.217484027,-0.041346271,-0.281318694,0.117909893,-0.003173682,-0.005462301,0.114644423,-0.390098065,8.37E-05,0.167813271,-0.665609121,0.20450823,-0.171704233,0.454650015,-0.21347338,-0.229768232,0.202310666,-0.145207778,-0.247714311,-0.049542304,-0.220828369,-0.118208088,0.003707948,0.006688704,-0.130125552,-0.369751006,0.145134792,-0.139660358,-0.661558568,0.407698035
35.98333333,0.002228656,0.586709976,-0.416980147,0.18090561,0.438912213,-0.213104948,0.217709467,0.198035166,-0.191234648,0.217470393,-0.041377503,-0.281341285,0.117924243,-0.003198869,-0.005462515,0.114925347,-0.389975399,0.000459051,0.168165043,-0.665581226,0.205104738,-0.171403632,0.454649597,-0.2129215,-0.229888156,0.202494666,-0.145174563,-0.247412413,-0.049202692,-0.220809966,-0.118222587,0.00373545,0.00669066,-0.129988313,-0.369679451,0.144589335,-0.139137655,-0.661535621,0.407169044
36,0.00252842,0.586997867,-0.416877747,0.181229413,0.438640237,-0.213002563,0.217704296,0.197451904,-0.191223741,0.217467263,-0.041692056,-0.281502217,0.117947996,-0.003215237,-0.005466955,0.115110271,-0.389724135,-0.001623068,0.168712795,-0.665432334,0.203553125,-0.171182752,0.454359651,-0.212947071,-0.230168924,0.202317372,-0.145682022,-0.247382954,-0.049218208,-0.221162066,-0.118246585,0.003753441,0.006695712,-0.129967734,-0.369671673,0.143663958,-0.138998345,-0.661532581,0.406426966
36.01666667,0.002876357,0.588145614,-0.415975243,0.181515753,0.439117551,-0.212648705,0.217878282,0.197759375,-0.19119285,0.217495754,-0.04124251,-0.282079101,0.117969938,-0.003227236,-0.005473989,0.115242399,-0.389703304,0.002147587,0.169497237,-0.665436149,0.20678243,-0.171160057,0.454596817,-0.212626815,-0.230314746,0.202481017,-0.145718127,-0.246936277,-0.04901246,-0.221440896,-0.118269123,0.003767986,0.006703581,-0.12990728,-0.369588017,0.143975228,-0.138704196,-0.661489666,0.407026738
36.03333333,0.002837977,0.590754569,-0.414066672,0.181544095,0.439320594,-0.212202996,0.217984289,0.197893783,-0.191109627,0.217713743,-0.040786065,-0.28227818,0.118002705,-0.003237406,-0.005487049,0.115655117,-0.389695257,0.0052405,0.170195043,-0.665434837,0.212931246,-0.171198353,0.454792231,-0.211671129,-0.230463311,0.202520609,-0.1454788,-0.246751994,-0.048831966,-0.221378312,-0.118303202,0.003780557,0.006717325,-0.129901513,-0.369570136,0.143612266,-0.138535768,-0.661508441,0.406320244
36.05,0.002843209,0.591561913,-0.413609475,0.181624174,0.43931818,-0.212261662,0.218596295,0.197954699,-0.191659853,0.218348473,-0.040665373,-0.283302665,0.118011728,-0.003244811,-0.005495746,0.116503417,-0.389783084,0.010540385,0.171520188,-0.665982306,0.219608366,-0.171089634,0.45497635,-0.211528182,-0.2304748,0.202837005,-0.145502582,-0.246026739,-0.048663881,-0.221367061,-0.118312009,0.003790193,0.006726306,-0.129809186,-0.36988467,0.143359885,-0.138469711,-0.66325736,0.405344009
36.06666667,0.002871438,0.591174722,-0.414035946,0.181523785,0.439201117,-0.212298974,0.218891904,0.197920769,-0.191882074,0.219216973,-0.040681448,-0.284188241,0.11801929,-0.00323783,-0.005499296,0.116792209,-0.389487475,0.00726775,0.172260299,-0.665673375,0.215494797,-0.17123802,0.45497492,-0.21215491,-0.231220514,0.202827379,-0.147095978,-0.245783627,-0.048723664,-0.222343743,-0.118319191,0.003785228,0.006729476,-0.129737213,-0.370141685,0.143294141,-0.138523355,-0.663861096,0.405423969
36.08333333,0.003041485,0.590886474,-0.414108992,0.181517467,0.439256221,-0.212009862,0.219152361,0.198024184,-0.191561118,0.220129848,-0.040668175,-0.284183294,0.118028902,-0.003233912,-0.005469219,0.11704611,-0.389161229,0.001218036,0.172573999,-0.665477157,0.206743658,-0.171327889,0.455054939,-0.212676764,-0.231669322,0.202852115,-0.148768947,-0.245140865,-0.048704874,-0.223267972,-0.118329123,0.003782479,0.006697871,-0.129722372,-0.370311409,0.142979562,-0.138681039,-0.664240181,0.405235708
36.1,0.003286328,0.590852857,-0.413826346,0.181448758,0.440741867,-0.210561782,0.219186202,0.199658707,-0.189415455,0.222062334,-0.039251883,-0.283431798,0.118055351,-0.003220206,-0.005464028,0.117510006,-0.389147609,0.002853147,0.172637284,-0.665473521,0.210650697,-0.171608403,0.456389993,-0.212453678,-0.231736585,0.203326032,-0.148555636,-0.244977221,-0.048529238,-0.223166093,-0.118355699,0.003772796,0.006692907,-0.129979163,-0.370375037,0.142924517,-0.138824329,-0.664590478,0.405195981
36.11666667,0.003898703,0.590259075,-0.41409573,0.181449428,0.441060513,-0.210431352,0.219329983,0.200314254,-0.188957036,0.223661214,-0.038665619,-0.283284456,0.118081227,-0.003217904,-0.005458414,0.117542751,-0.389135748,0.002117506,0.172682598,-0.665543914,0.209149808,-0.171699882,0.456627667,-0.21288994,-0.232074767,0.203459159,-0.149275601,-0.244765162,-0.048512045,-0.223587498,-0.118381836,0.003772333,0.006687891,-0.130364791,-0.37060526,0.142372772,-0.138887048,-0.665229499,0.403404206
36.13333333,0.004179946,0.589290798,-0.414512217,0.181417331,0.441144407,-0.210169613,0.219996691,0.200401798,-0.188852876,0.224581942,-0.038667612,-0.283420235,0.118119165,-0.003217132,-0.005451686,0.11802949,-0.388757348,-0.004433012,0.173501894,-0.665437996,0.195840329,-0.17197533,0.45713371,-0.212930337,-0.23222129,0.203749359,-0.149275944,-0.244676635,-0.048353553,-0.223857671,-0.118417569,0.003773295,0.006682771,-0.130365074,-0.370661467,0.142329141,-0.138689652,-0.665431976,0.403331548
36.15,0.004007216,0.584389329,-0.41816327,0.181038007,0.440824866,-0.211004049,0.22031191,0.200224295,-0.189264849,0.225793153,-0.038798925,-0.283691436,0.118132919,-0.00322741,-0.005458395,0.118044689,-0.388762027,-0.006118672,0.173587069,-0.665562749,0.193824947,-0.172335774,0.457137644,-0.215042591,-0.232415512,0.203729481,-0.150807291,-0.244617611,-0.048451107,-0.225347981,-0.118430458,0.003785679,0.00669024,-0.130668312,-0.370839119,0.141614184,-0.138677031,-0.665903091,0.401327938
36.16666667,0.004061186,0.57883817,-0.421956003,0.18104659,0.439889938,-0.212882057,0.221574664,0.199345872,-0.191675037,0.227035582,-0.039494816,-0.285854518,0.118162721,-0.003249009,-0.005499921,0.118123822,-0.388424426,-0.022223225,0.174054757,-0.664557219,0.176900461,-0.172361434,0.456930369,-0.21787858,-0.23267591,0.203571215,-0.154779539,-0.244478062,-0.048529007,-0.229321837,-0.118458688,0.003807139,0.006732689,-0.130698442,-0.370871484,0.138994306,-0.13768211,-0.665854692,0.398270398
36.18333333,0.004041575,0.574638903,-0.425714493,0.181056499,0.43910259,-0.214524955,0.222900748,0.198949218,-0.192325458,0.228535339,-0.039817352,-0.285944611,0.118176095,-0.003275577,-0.005497776,0.11813809,-0.388369948,-0.028005159,0.174128219,-0.664390862,0.172238708,-0.172476634,0.456088662,-0.222476721,-0.233421057,0.202957362,-0.160220936,-0.244406313,-0.048959371,-0.232635319,-0.118473157,0.003832717,0.006729091,-0.13092649,-0.370926827,0.137362912,-0.137658447,-0.665767252,0.396777451
36.2,0.004060506,0.573292971,-0.425727814,0.181550056,0.438562989,-0.215015605,0.224784613,0.198420733,-0.192792282,0.230005175,-0.04024899,-0.285926491,0.118187219,-0.003286163,-0.005566292,0.118225858,-0.387177974,-0.047671027,0.174787581,-0.663664699,0.148679256,-0.172398075,0.454813778,-0.222758666,-0.234356537,0.202573761,-0.160305887,-0.244563758,-0.048955299,-0.23250556,-0.118485309,0.003841007,0.006793533,-0.130956382,-0.371031731,0.13452968,-0.136874706,-0.665759742,0.393581957
36.21666667,0.00449161,0.567163706,-0.427160889,0.182449728,0.436799318,-0.215625197,0.226544976,0.196538597,-0.192788526,0.234210297,-0.042589966,-0.284090847,0.118187971,-0.003344204,-0.005634952,0.118752919,-0.386244088,-0.062755726,0.176415011,-0.663648486,0.126535594,-0.171779633,0.453246742,-0.224212646,-0.234510273,0.201754421,-0.161326393,-0.244523346,-0.049195126,-0.232073203,-0.118487209,0.003895146,0.006854134,-0.13082239,-0.371525168,0.129923955,-0.135341421,-0.667007804,0.386523187
36.23333333,0.004473143,0.561371982,-0.430114299,0.182461783,0.434344739,-0.217777237,0.226782158,0.194771931,-0.193006873,0.235082015,-0.044472735,-0.282544225,0.118140921,-0.003400474,-0.005678405,0.11889033,-0.385787666,-0.065476052,0.176860094,-0.665148199,0.115240507,-0.171712637,0.45006904,-0.228653699,-0.234951168,0.200063989,-0.165447861,-0.24445571,-0.049645584,-0.231984988,-0.118443348,0.003946132,0.006890343,-0.130815536,-0.372176141,0.128129095,-0.135280892,-0.66908735,0.381661057
36.25,0.004452574,0.559017837,-0.431619942,0.182537585,0.432395548,-0.219099358,0.227262691,0.193406552,-0.193104625,0.236333936,-0.046022899,-0.28072691,0.118064739,-0.003446719,-0.005807498,0.118912794,-0.385707349,-0.061884779,0.177371144,-0.667291284,0.116817564,-0.171495602,0.446985155,-0.230347559,-0.235490963,0.198499024,-0.166577503,-0.244430706,-0.049860418,-0.231507823,-0.118371166,0.003987839,0.00700575,-0.130707756,-0.372840792,0.12768811,-0.135253951,-0.671688497,0.378877938
36.26666667,0.002948378,0.557636082,-0.432047457,0.18255657,0.430982769,-0.219927415,0.22840488,0.192154989,-0.194061711,0.237383172,-0.046942167,-0.280753911,0.117938772,-0.003536897,-0.006063963,0.119000711,-0.385034919,-0.058901139,0.17850925,-0.667851508,0.118950449,-0.171328768,0.446782023,-0.230064988,-0.235858217,0.198073983,-0.166300535,-0.243955001,-0.049801461,-0.231218755,-0.1182523,0.004074274,0.007244605,-0.129637435,-0.373140544,0.130423516,-0.134746224,-0.6732651,0.382011235
36.28333333,0.002737826,0.554281473,-0.434333414,0.182554618,0.430464596,-0.221547872,0.22901994,0.191876978,-0.19558306,0.237683818,-0.047200918,-0.281474322,0.117898099,-0.003613496,-0.006294251,0.118949302,-0.3844271,-0.061171204,0.178982899,-0.66796279,0.114598423,-0.171414956,0.446779609,-0.230327561,-0.236829221,0.19804585,-0.166051969,-0.243748903,-0.049654394,-0.231143951,-0.118213981,0.004148871,0.007472233,-0.129375041,-0.373204172,0.132303715,-0.134284288,-0.673232615,0.38538298
36.3,0.000341337,0.545528531,-0.439576447,0.182557866,0.428710848,-0.22800234,0.229891345,0.191036716,-0.200792715,0.238703445,-0.047787741,-0.283340752,0.117826432,-0.003696131,-0.006367502,0.119095512,-0.384399354,-0.061580844,0.179993927,-0.669425368,0.108687058,-0.17125012,0.445418954,-0.233303353,-0.237060994,0.197581127,-0.166967303,-0.243388057,-0.049815819,-0.231060952,-0.118148856,0.00422818,0.007543177,-0.129416421,-0.373510063,0.131946668,-0.134272009,-0.674745083,0.382139802
36.31666667,-0.003349636,0.545197368,-0.441462368,0.18257837,0.427010804,-0.230662644,0.232282698,0.190811008,-0.203322187,0.242309064,-0.047938112,-0.284983307,0.117750749,-0.003782606,-0.006383732,0.119603686,-0.384385705,-0.060162023,0.180741385,-0.669913113,0.113746174,-0.171110541,0.443941027,-0.233845502,-0.237771556,0.19671154,-0.166907564,-0.243521973,-0.050048713,-0.230439782,-0.118082754,0.004313453,0.007558674,-0.129477173,-0.373583972,0.131752357,-0.134723693,-0.675659835,0.38100037
36.33333333,-0.007459985,0.541155577,-0.443148106,0.182134047,0.425486565,-0.233292699,0.232740998,0.190351695,-0.204753801,0.242569283,-0.04868187,-0.286175996,0.117716007,-0.003928856,-0.00641288,0.119742952,-0.384411573,-0.059346437,0.180752754,-0.670393825,0.116654798,-0.1712026,0.443733215,-0.234271169,-0.240496412,0.196749002,-0.166816294,-0.244692326,-0.04956606,-0.229689509,-0.118053339,0.00445915,0.007580836,-0.130104944,-0.373665124,0.121129192,-0.136858732,-0.677771866,0.358406037
36.35,-0.010817692,0.536842585,-0.453196287,0.180294216,0.418350816,-0.243810833,0.232714459,0.186995849,-0.210904315,0.242598101,-0.051535975,-0.287519872,0.117688388,-0.003922174,-0.006089182,0.120117985,-0.386521101,-0.050248727,0.180745617,-0.676927209,0.132183805,-0.171573028,0.43739897,-0.247390926,-0.243988246,0.195469737,-0.181368768,-0.246343881,-0.049568467,-0.237424865,-0.118031256,0.004450247,0.007242077,-0.13059409,-0.375409186,0.101026788,-0.13985765,-0.683360279,0.31771034
36.36666667,-0.010456089,0.513290048,-0.471885473,0.179026693,0.412856698,-0.262007058,0.232573226,0.182215467,-0.229217738,0.24212043,-0.055412866,-0.29777348,0.117657162,-0.003762294,-0.005842133,0.120329775,-0.387815654,-0.05024391,0.180555269,-0.685873985,0.132159904,-0.17159383,0.429936111,-0.271285504,-0.245933205,0.19183068,-0.216189414,-0.246672004,-0.049546681,-0.270458728,-0.118003316,0.004286951,0.00698251,-0.130978972,-0.378953815,0.068666771,-0.141250312,-0.690656424,0.26371339
36.38333333,-0.010209489,0.491792947,-0.489715904,0.178264901,0.405036032,-0.274885923,0.232037306,0.175942525,-0.238153696,0.241355672,-0.061903272,-0.305093557,0.117653802,-0.003640062,-0.005364867,0.120426424,-0.39324975,-0.045518059,0.179531828,-0.692107618,0.14118892,-0.172266945,0.422520518,-0.282764733,-0.247289255,0.187665164,-0.221295863,-0.246903971,-0.050409105,-0.27413255,-0.118002132,0.004166542,0.006502981,-0.131755322,-0.380183578,0.057306416,-0.14275375,-0.692326367,0.251559436
36.4,-0.010669575,0.472656131,-0.492228508,0.177775517,0.403082758,-0.283175617,0.23136729,0.171332732,-0.251315624,0.240193278,-0.064050153,-0.313881427,0.117646031,-0.003553393,-0.004927644,0.120423615,-0.395242155,-0.04235037,0.179324597,-0.692089736,0.156352207,-0.172275126,0.418687731,-0.291136026,-0.247479692,0.184301943,-0.238612697,-0.246844545,-0.050397858,-0.292046726,-0.117995493,0.004079765,0.006048453,-0.133883074,-0.380142152,0.043213133,-0.143848836,-0.691878378,0.241652325
36.41666667,-0.010482722,0.465122491,-0.494131356,0.177078605,0.402721673,-0.288873196,0.231195942,0.170069769,-0.262854099,0.237965927,-0.065563343,-0.324742615,0.117638379,-0.00342119,-0.004619436,0.120497622,-0.397928864,-0.042411815,0.179329842,-0.695454895,0.155222923,-0.172286376,0.415264428,-0.295803249,-0.250416785,0.182010889,-0.248481154,-0.247228086,-0.050386719,-0.30095619,-0.117988653,0.003946733,0.00572438,-0.137512594,-0.380372941,0.02434396,-0.1452889,-0.692207515,0.216039672
36.43333333,-0.010576979,0.452001661,-0.50146544,0.176969767,0.398942828,-0.298995614,0.230607152,0.164208725,-0.276637107,0.234496668,-0.069997557,-0.336352468,0.117620647,-0.003315774,-0.00452943,0.120193996,-0.401296467,-0.039490674,0.179387704,-0.701533318,0.154107094,-0.17223914,0.40892148,-0.302339166,-0.251737684,0.176726922,-0.254960388,-0.247410029,-0.050977256,-0.30565384,-0.117973693,0.003846144,0.005623506,-0.139063925,-0.381021947,0.023440987,-0.147630796,-0.694838583,0.208050445
36.45,-0.01147766,0.447975844,-0.507889569,0.17656742,0.399054825,-0.298527151,0.229016632,0.162816107,-0.273431361,0.229022995,-0.071850836,-0.334763646,0.117617384,-0.00311762,-0.004479584,0.120216995,-0.402106285,-0.04013478,0.179406121,-0.700210989,0.153793618,-0.173060805,0.404915005,-0.302882731,-0.252413362,0.172409326,-0.250451893,-0.24819532,-0.053247936,-0.301781356,-0.11797224,0.003652033,0.005567796,-0.142801195,-0.381087631,0.022305977,-0.150485754,-0.694342136,0.21233137
36.46666667,-0.012082396,0.440842748,-0.517036796,0.174678966,0.394916296,-0.306204438,0.227768987,0.160893187,-0.28012839,0.225362271,-0.074139774,-0.339273334,0.117617048,-0.002849624,-0.004590602,0.120365217,-0.402413368,-0.046644293,0.18025741,-0.700224638,0.141951457,-0.174158022,0.3960464,-0.305925161,-0.253136218,0.163987741,-0.249601707,-0.250408262,-0.057105813,-0.298486084,-0.117973313,0.003391575,0.005669084,-0.145622104,-0.381346166,0.018331356,-0.151950255,-0.695819736,0.204639658
36.48333333,-0.012177491,0.410837054,-0.533237219,0.174289942,0.38131845,-0.322995305,0.227477089,0.148719087,-0.299308509,0.223119348,-0.083714336,-0.356453419,0.117616333,-0.002828667,-0.004765318,0.119255736,-0.404473573,-0.047063667,0.180913374,-0.704407156,0.134180337,-0.174309075,0.38569206,-0.319667041,-0.253517151,0.153038561,-0.264250904,-0.250720888,-0.064388953,-0.311866999,-0.117974333,0.003376284,0.005827473,-0.147955522,-0.381225318,0.00481255,-0.152442619,-0.696702302,0.182295203
36.5,-0.014809202,0.374167621,-0.556682944,0.174060196,0.361899436,-0.341484874,0.227180198,0.130594298,-0.320972741,0.220632508,-0.099805683,-0.377329439,0.117611408,-0.002823965,-0.005153529,0.116321191,-0.404622823,-0.054665025,0.18085514,-0.709629595,0.10496252,-0.174517974,0.366245329,-0.337717503,-0.253847182,0.136063263,-0.284846663,-0.251521766,-0.082257777,-0.333510786,-0.117972165,0.003376642,0.006173109,-0.15095453,-0.380457699,-0.008068853,-0.153783068,-0.698700786,0.157497644
36.51666667,-0.022790942,0.345037401,-0.577929139,0.17136243,0.33719781,-0.364127517,0.226692975,0.110041134,-0.350248426,0.214952514,-0.119319163,-0.406954676,0.11748375,-0.003014553,-0.006469876,0.110233478,-0.4048765,-0.069581933,0.180710331,-0.720417798,0.065737166,-0.175220832,0.35041523,-0.354777306,-0.257308453,0.121351093,-0.30509156,-0.253307283,-0.100764781,-0.354343265,-0.117862761,0.003602773,0.007416231,-0.150741145,-0.381964505,-0.003989303,-0.157088354,-0.713449299,0.151238367
36.53333333,-0.02322528,0.324682623,-0.584281862,0.170467362,0.321383446,-0.370231837,0.22668384,0.095408395,-0.357315809,0.212599546,-0.134537041,-0.414534241,0.11747168,-0.003228715,-0.006667668,0.108420536,-0.410035908,-0.079622738,0.180701092,-0.73637414,0.047387611,-0.175401196,0.340033829,-0.359840184,-0.259873748,0.115351237,-0.306297928,-0.254340321,-0.106481567,-0.354334384,-0.117851704,0.003848001,0.007608638,-0.150391176,-0.384014875,-0.023841554,-0.156953394,-0.723345697,0.112776518
36.55,-0.02531255,0.291219383,-0.599506497,0.168971226,0.302454978,-0.385760665,0.226916656,0.078170918,-0.375648469,0.211372271,-0.146984115,-0.436133921,0.117482476,-0.003346857,-0.007117952,0.107110128,-0.412549585,-0.093465649,0.180659488,-0.741857588,0.033859316,-0.176694602,0.320773214,-0.374162227,-0.262842596,0.098317742,-0.321706504,-0.256100386,-0.117707089,-0.375647217,-0.117868461,0.004000245,0.008048995,-0.15061295,-0.384696335,-0.040081587,-0.157173246,-0.727595568,0.092195325
36.56666667,-0.030175161,0.26684159,-0.625122905,0.16472578,0.277027607,-0.408605158,0.2268852,0.060800325,-0.397813588,0.207607701,-0.158399165,-0.454606712,0.11750266,-0.003682336,-0.007632019,0.103440136,-0.415679038,-0.096726552,0.180944264,-0.745748997,0.034503181,-0.17923744,0.30305934,-0.395984739,-0.271409273,0.087227568,-0.343329757,-0.262723565,-0.128227532,-0.397592485,-0.11789424,0.004397147,0.008567984,-0.150972858,-0.388454407,-0.040259838,-0.157791272,-0.735316634,0.092021152
36.58333333,-0.0320317,0.257117629,-0.631470799,0.162762508,0.267684877,-0.409140497,0.227908075,0.055931885,-0.390789449,0.208292425,-0.163918123,-0.446256101,0.117512986,-0.004053596,-0.007984126,0.100766458,-0.419292599,-0.094593912,0.180907205,-0.746784329,0.040228907,-0.182435974,0.286990821,-0.399362892,-0.274606556,0.07370168,-0.338101029,-0.267333835,-0.137061104,-0.38840282,-0.117908835,0.004816761,0.008916094,-0.156683922,-0.388382703,-0.047539558,-0.159352526,-0.7330814,0.091392919
36.6,-0.033183131,0.225006521,-0.628728867,0.15894483,0.25359267,-0.400762737,0.228237137,0.045027293,-0.376353383,0.210011572,-0.175438717,-0.43403089,0.117514744,-0.004078301,-0.008000619,0.100783467,-0.420751393,-0.091748051,0.18194142,-0.74581331,0.041955762,-0.186593994,0.266896635,-0.395393044,-0.27402854,0.054286968,-0.332127959,-0.267988592,-0.153076321,-0.352204412,-0.117913619,0.004854324,0.008928501,-0.15662837,-0.388269246,-0.06019982,-0.159227356,-0.732691646,0.080014519
36.61666667,-0.03304052,0.187680528,-0.638955176,0.15887858,0.23252514,-0.404079974,0.232463688,0.034011368,-0.369466245,0.21268326,-0.18337366,-0.430555999,0.117505714,-0.004273033,-0.008282777,0.099664725,-0.420319945,-0.090788409,0.187218606,-0.743995309,0.040617876,-0.186448157,0.247208238,-0.40458703,-0.273235261,0.038484622,-0.324449509,-0.266974866,-0.163872868,-0.334333926,-0.1179092,0.005081794,0.009174685,-0.156355232,-0.386306137,-0.063624434,-0.15900062,-0.731349111,0.076545395
36.63333333,-0.032646466,0.166523308,-0.646994174,0.15789412,0.219829232,-0.410640389,0.232416391,0.024469845,-0.365499645,0.212872565,-0.194816425,-0.417360187,0.11749541,-0.004730572,-0.008495934,0.099931113,-0.420912474,-0.089593939,0.190675676,-0.74234134,0.04349361,-0.186716914,0.237220541,-0.413663626,-0.272798628,0.032370016,-0.320195168,-0.264203638,-0.172030911,-0.319820523,-0.117903374,0.00558637,0.00937136,-0.156878978,-0.38592127,-0.061001714,-0.158639878,-0.731405258,0.085420989
36.65,-0.033340514,0.151611388,-0.645006359,0.155663952,0.210281864,-0.407031894,0.232390672,0.018736672,-0.359372407,0.213056579,-0.205701903,-0.384995311,0.117491364,-0.004866527,-0.008646722,0.102178119,-0.420685768,-0.092519194,0.192032054,-0.741360068,0.038167033,-0.188611478,0.226370931,-0.408528209,-0.274223775,0.024668626,-0.291656911,-0.264010042,-0.182697728,-0.272761017,-0.117902517,0.005735011,0.009502285,-0.158318311,-0.384944618,-0.056514278,-0.159010842,-0.73109448,0.09037254
36.66666667,-0.036331259,0.14295435,-0.644199908,0.151043981,0.202042535,-0.402986646,0.231070921,0.014345213,-0.333465785,0.213154048,-0.212040186,-0.337607414,0.1175436,-0.004892507,-0.009001317,0.104134306,-0.420250028,-0.091684148,0.192293853,-0.738512754,0.035810545,-0.196779743,0.213645741,-0.403590351,-0.278839737,0.02036283,-0.249736637,-0.265586048,-0.189147726,-0.209772512,-0.117970727,0.005766631,0.009847773,-0.160457417,-0.384478241,-0.055305757,-0.162221491,-0.732255101,0.094055608
36.68333333,-0.036535941,0.127726316,-0.646045566,0.150390267,0.19015865,-0.40076533,0.23090671,0.013774942,-0.300498962,0.214138195,-0.214297101,-0.27089566,0.118031539,-0.004951347,-0.009125652,0.105516203,-0.419566631,-0.09116184,0.192470163,-0.729622424,0.037075505,-0.201955989,0.199911907,-0.402845562,-0.283346713,0.019700462,-0.228560224,-0.266561061,-0.196257502,-0.172010526,-0.118486427,0.005849641,0.009995013,-0.160593837,-0.384265363,-0.047333177,-0.162075713,-0.731830537,0.100169748
36.7,-0.037166845,0.100642808,-0.658931017,0.147227898,0.177296922,-0.418002397,0.230418533,0.003274949,-0.309351861,0.218110412,-0.224558279,-0.303975105,0.118102022,-0.005166708,-0.009854913,0.104558498,-0.416135252,-0.095159344,0.192389891,-0.726783395,0.034222886,-0.202849746,0.190626115,-0.425020456,-0.284278363,0.007862217,-0.243522823,-0.266563922,-0.205067977,-0.21367836,-0.118568704,0.006117432,0.01071112,-0.162135437,-0.383800566,-0.046630092,-0.162171796,-0.731981695,0.101653837
36.71666667,-0.037297782,0.094303161,-0.657326639,0.146514371,0.173566088,-0.419885844,0.230832845,0.001562827,-0.315845788,0.228311628,-0.230918214,-0.316547275,0.118108101,-0.00526332,-0.010245057,0.104310304,-0.41106078,-0.098643117,0.192117691,-0.726061046,0.023691583,-0.202349722,0.190143973,-0.425967693,-0.28441,0.009048418,-0.246683598,-0.266484857,-0.208454341,-0.220216855,-0.118577696,0.006241968,0.011085234,-0.161106572,-0.383783013,-0.038655803,-0.16275081,-0.733448446,0.102959476
36.73333333,-0.03833735,0.077375174,-0.677307069,0.146559611,0.154436067,-0.430998743,0.231185913,-0.00886792,-0.326612383,0.230080992,-0.238068148,-0.32088387,0.118363537,-0.005667985,-0.0105785,0.099402048,-0.40673089,-0.097825758,0.189091176,-0.722186089,0.025658583,-0.202654988,0.174597383,-0.441267371,-0.287371218,-0.001939244,-0.269351602,-0.267067492,-0.224942461,-0.229882225,-0.118834063,0.006718546,0.011429708,-0.161283791,-0.382891715,-0.031930432,-0.166750595,-0.733237088,0.104297958
36.75,-0.038736325,0.06808567,-0.670828581,0.146735817,0.138097644,-0.42715174,0.233093798,-0.015198488,-0.297494859,0.236330122,-0.238814831,-0.225599676,0.119145393,-0.005923944,-0.010596276,0.099295497,-0.40125373,-0.10530743,0.184364066,-0.713553131,0.004922306,-0.2047223,0.157747969,-0.435411245,-0.289369345,-0.000913447,-0.246184826,-0.271384358,-0.232609361,-0.164853618,-0.119630657,0.007002953,0.011458197,-0.161606535,-0.379470259,-0.03332394,-0.169825658,-0.731294572,0.101918764
36.76666667,-0.038627759,0.050782926,-0.666526437,0.147209853,0.121765412,-0.414182782,0.234729588,-0.017157393,-0.249833092,0.240616649,-0.237070099,-0.142461851,0.119754225,-0.00622519,-0.010435213,0.099619634,-0.390964299,-0.118969709,0.183772802,-0.699394882,-0.02313444,-0.204733461,0.143294916,-0.431689352,-0.289031714,0.000682496,-0.204409927,-0.273847699,-0.235795274,-0.081908375,-0.120247908,0.007329252,0.011336586,-0.16058971,-0.377713144,-0.032688823,-0.170911878,-0.728032291,0.102582231
36.78333333,-0.038861345,0.044868376,-0.664280295,0.147347853,0.109584287,-0.405731797,0.237492353,-0.022093905,-0.242566943,0.246938065,-0.238195881,-0.136015549,0.120529607,-0.006334385,-0.010411552,0.102612942,-0.381973207,-0.131750539,0.183774561,-0.695008576,-0.048498366,-0.205411389,0.133127064,-0.43080312,-0.289741129,0.000512237,-0.188951373,-0.277851641,-0.239317521,-0.063909583,-0.121024348,0.007450659,0.01132776,-0.159705922,-0.375892967,-0.033171412,-0.172796041,-0.727693796,0.096852638
36.8,-0.03970721,0.024189804,-0.658135593,0.147054181,0.101940759,-0.402845949,0.243340477,-0.019533448,-0.240845621,0.257531583,-0.235120207,-0.121131279,0.12105649,-0.006395266,-0.010223659,0.107797921,-0.375903666,-0.130782008,0.183931828,-0.693377733,-0.048280664,-0.207070038,0.128818631,-0.428928941,-0.291801453,0.00196556,-0.183484778,-0.281380653,-0.238007143,-0.04754376,-0.121523723,0.007534782,0.011185431,-0.159154743,-0.372882843,-0.035615839,-0.174766749,-0.727002025,0.089169793
36.81666667,-0.040290345,0.013353522,-0.651126564,0.147268251,0.096842572,-0.389531344,0.248328105,-0.018108305,-0.214338869,0.265801489,-0.233370051,-0.084489323,0.121366709,-0.00641871,-0.009795811,0.112880044,-0.371327907,-0.130301148,0.184568614,-0.690877378,-0.053492226,-0.207062528,0.121142335,-0.41953212,-0.29278779,0.003132667,-0.157940492,-0.284124225,-0.238488153,-0.011210998,-0.121822886,0.007559387,0.010819193,-0.15684092,-0.371359348,-0.03788124,-0.176646233,-0.726990521,0.07995031
36.83333333,-0.042161141,0.011422466,-0.643052757,0.147831574,0.093277708,-0.383713275,0.250002265,-0.018665362,-0.205939934,0.267216653,-0.232356936,-0.075105555,0.122029535,-0.00647511,-0.009262526,0.112797648,-0.368282855,-0.129644006,0.183422789,-0.684895039,-0.04876427,-0.207722485,0.117544085,-0.41401872,-0.295815825,0.003952248,-0.154006764,-0.289489329,-0.240709528,-0.0190673,-0.122494668,0.007630007,0.010372513,-0.155986875,-0.367025018,-0.039645955,-0.181306869,-0.725419104,0.069841936
36.85,-0.042867076,0.001704071,-0.62148571,0.149757206,0.087246083,-0.362340331,0.25500676,-0.019572815,-0.179175094,0.271839529,-0.231942907,-0.04688165,0.122256845,-0.006585555,-0.007981039,0.114740998,-0.368529677,-0.12292482,0.181856781,-0.684893668,-0.045651615,-0.208123237,0.110699549,-0.393421918,-0.297040075,0.004634961,-0.126815274,-0.293953478,-0.243299097,0.008456169,-0.122718707,0.007754375,0.00926756,-0.152423844,-0.365538657,-0.039553765,-0.184091628,-0.725596726,0.058730178
36.86666667,-0.045296621,0.002576945,-0.637923479,0.150649369,0.077027164,-0.36385861,0.254331231,-0.026297763,-0.174804658,0.272014856,-0.234340936,-0.033124745,0.122357659,-0.006602827,-0.006069413,0.120087452,-0.369950652,-0.106024683,0.181033999,-0.686118662,-0.0410931,-0.208887145,0.093431026,-0.394577742,-0.293969125,-0.001383706,-0.129582748,-0.292917132,-0.242745116,0.013079911,-0.122826405,0.007776869,0.007567588,-0.149338543,-0.365732878,-0.04004918,-0.185330033,-0.728002369,0.048732176
36.88333333,-0.038304925,-0.022881255,-0.630547464,0.151734248,0.071136788,-0.364424586,0.254536659,-0.02456793,-0.162782624,0.280304968,-0.233686104,-0.005535422,0.122368537,-0.005858376,-0.004113895,0.133378968,-0.367104769,-0.095301107,0.180817977,-0.687966824,-0.038500786,-0.206295848,0.074570507,-0.394875258,-0.285468459,-0.021213233,-0.131608263,-0.28998068,-0.247769371,0.017276704,-0.122840181,0.007092475,0.005689596,-0.13946712,-0.367575377,-0.041005991,-0.184952006,-0.737794578,0.028489124
36.9,-0.027953837,-0.056839496,-0.567085385,0.153280735,0.061153829,-0.346363246,0.260045677,-0.024925703,-0.158622473,0.285505563,-0.233148366,-0.014049198,0.122384861,-0.005156043,-0.002557083,0.141649276,-0.354352325,-0.086210527,0.18713136,-0.687461317,-0.036389485,-0.204057083,0.063405223,-0.377628565,-0.278613955,-0.02922347,-0.126192823,-0.283350736,-0.247409642,0.012531788,-0.122857213,0.006421174,0.004147952,-0.133749276,-0.367796212,-0.041652974,-0.184463307,-0.738261044,0.020515382
36.91666667,-0.023333672,-0.071549073,-0.607581675,0.156741038,0.052416205,-0.346952558,0.263359994,-0.03085343,-0.163415715,0.289419711,-0.235013217,-0.015853563,0.122332774,-0.003877247,-0.002061229,0.14632149,-0.356728733,-0.086751148,0.191833884,-0.688334525,-0.034590825,-0.200351328,0.035433155,-0.389828742,-0.272589833,-0.053721752,-0.134716883,-0.275826812,-0.251572549,0.007337065,-0.122832768,0.005224215,0.003693798,-0.129955441,-0.372631341,-0.041611381,-0.179706857,-0.74595803,0.016522203
36.93333333,-0.019634506,-0.110067211,-0.60601896,0.157901794,0.019613666,-0.351170599,0.265518814,-0.055840105,-0.154935792,0.294014663,-0.251496077,0.004632894,0.122323811,-0.003372544,-0.001217141,0.149946392,-0.36640653,-0.071086779,0.200595111,-0.696269691,-0.010621523,-0.198391125,-0.000668598,-0.390635073,-0.261643857,-0.091389418,-0.130223826,-0.268856108,-0.270658284,0.02954735,-0.122827597,0.004765348,0.002921152,-0.119766176,-0.380093157,-0.040559426,-0.165330634,-0.75499934,0.024337215
36.95,-0.020647708,-0.12438269,-0.633036077,0.158201292,-0.002960254,-0.353700608,0.265125304,-0.073351078,-0.147504747,0.294302434,-0.262414724,0.021288531,0.122288145,-0.003000377,-0.000908147,0.150191233,-0.372009993,-0.074106008,0.204779938,-0.70639044,-0.011335364,-0.197015718,-0.025498759,-0.395012558,-0.256632507,-0.108435631,-0.124845326,-0.265529245,-0.276406497,0.049390823,-0.122798964,0.004428668,0.002644655,-0.121011578,-0.388405055,-0.041002817,-0.16304329,-0.770454645,0.02321849
36.96666667,-0.02202905,-0.136471227,-0.58460331,0.156598657,-0.001063178,-0.353796959,0.26466608,-0.072615698,-0.151417792,0.294586718,-0.259730518,0.012329035,0.122306056,-0.002552419,-0.000967009,0.148412675,-0.373808682,-0.070757188,0.203920811,-0.708557904,-0.007222194,-0.197172284,-0.02439088,-0.383637577,-0.258723646,-0.118812144,-0.122154154,-0.270218641,-0.278827578,0.03628929,-0.12282072,0.004012517,0.00270123,-0.121965222,-0.389027596,-0.038791124,-0.163603917,-0.768611729,0.024447681
36.98333333,-0.031436522,-0.156544432,-0.563868761,0.152733862,-0.013714745,-0.352870673,0.263605267,-0.078939691,-0.154035971,0.293173134,-0.260089874,0.010443134,0.122355409,-0.002252148,-0.001119055,0.146338969,-0.377093107,-0.070569597,0.203058437,-0.710727632,-0.007852023,-0.199649215,-0.034354504,-0.376246095,-0.259556204,-0.125096202,-0.120046079,-0.276123524,-0.283429772,0.033932209,-0.122869849,0.003745717,0.002854927,-0.122650862,-0.391540259,-0.035681512,-0.163279012,-0.772212803,0.026026107
37,-0.030241765,-0.180408359,-0.529477537,0.15511322,-0.026670888,-0.342651814,0.266048521,-0.097404495,-0.153123766,0.292318135,-0.268755674,0.002649811,0.122362159,-0.002077176,-0.001121257,0.14549017,-0.381319612,-0.065967798,0.202831775,-0.71190244,-0.003245916,-0.196492508,-0.054572146,-0.366211057,-0.258982003,-0.152018413,-0.119491741,-0.272172987,-0.298057318,0.028474675,-0.122877017,0.003579103,0.002854558,-0.123449802,-0.397303611,-0.031054623,-0.159617007,-0.774124205,0.032673679
37.01666667,-0.029778728,-0.215895727,-0.495888531,0.157302484,-0.046327915,-0.332354456,0.271107763,-0.113895789,-0.152658105,0.291561127,-0.282917947,-0.002448714,0.122475646,-0.002082673,-0.001119707,0.142639294,-0.38978681,-0.057423044,0.19900395,-0.721232235,0.006219378,-0.19189477,-0.071782492,-0.356556624,-0.259123534,-0.161687821,-0.120622829,-0.270876706,-0.315619171,0.022073133,-0.122990958,0.003586574,0.002851971,-0.124100618,-0.404140115,-0.024435401,-0.160058677,-0.782120466,0.044669658
37.03333333,-0.032350209,-0.228459269,-0.40006429,0.157281384,-0.042410742,-0.30423215,0.271801353,-0.114107944,-0.14306134,0.284803092,-0.283946395,-0.005638327,0.122479968,-0.002056662,-0.001194592,0.142099038,-0.38992396,-0.056908537,0.193062857,-0.724755406,0.005770659,-0.190030769,-0.064616926,-0.323023319,-0.269765884,-0.149164557,-0.112179853,-0.270953923,-0.312250376,0.007302656,-0.122998022,0.003560277,0.002924738,-0.130044773,-0.408097625,-0.021690084,-0.164210051,-0.787074983,0.045411408
37.05,-0.035049688,-0.235535622,-0.417621046,0.158859,-0.051516026,-0.302736193,0.272136956,-0.120508246,-0.14084959,0.280938417,-0.287295073,-0.004756633,0.122615062,-0.002143417,-0.001214265,0.134157702,-0.394070119,-0.055865996,0.178892091,-0.731432021,0.005776331,-0.18883805,-0.070201598,-0.321050197,-0.278266668,-0.15025495,-0.111247785,-0.277011007,-0.320149392,-0.001869455,-0.123137042,0.003654144,0.002948968,-0.132984295,-0.410630584,-0.017381001,-0.169766977,-0.789924443,0.049668457
37.06666667,-0.034986634,-0.235849321,-0.391463012,0.160514608,-0.05381405,-0.291555911,0.276590407,-0.120170429,-0.126879692,0.280374676,-0.284819871,0.01384517,0.122666761,-0.002246602,-0.001262913,0.124567382,-0.396597385,-0.05623677,0.175038114,-0.731274188,0.005138579,-0.186647773,-0.073384866,-0.308242977,-0.285211265,-0.148778766,-0.100857146,-0.279357433,-0.314243466,0.000835704,-0.123191543,0.003761374,0.00299801,-0.137733325,-0.409232676,-0.017702825,-0.172388986,-0.787474155,0.049937546
37.08333333,-0.039402444,-0.225687385,-0.407902628,0.1595871,-0.05045503,-0.299035251,0.27603212,-0.116583101,-0.131510347,0.276774853,-0.281815797,0.010816343,0.122665055,-0.002286761,-0.001346258,0.124810725,-0.392850369,-0.062597387,0.174006775,-0.730153084,-0.011500816,-0.186801463,-0.068005502,-0.315022945,-0.289364398,-0.143726051,-0.102800854,-0.281828851,-0.311982125,0.001092726,-0.123192482,0.00380166,0.003066176,-0.140917674,-0.407354295,-0.021296609,-0.176898435,-0.786292195,0.038876198
37.1,-0.039284028,-0.231033921,-0.334837317,0.15918766,-0.048891161,-0.270200759,0.27609393,-0.119570695,-0.112336934,0.276808918,-0.280023396,0.023168083,0.122449629,-0.002321847,-0.001488001,0.125008821,-0.384333253,-0.073005915,0.174400553,-0.729033172,-0.028024334,-0.18624194,-0.06686759,-0.285350859,-0.287544638,-0.145686552,-0.083636671,-0.282124251,-0.30894503,0.010722511,-0.122996844,0.003836052,0.003191948,-0.143446282,-0.405292779,-0.027685694,-0.176616758,-0.785704374,0.023504077
37.11666667,-0.036510643,-0.248860225,-0.381399482,0.160782695,-0.070235252,-0.280544937,0.278559953,-0.132252365,-0.116431594,0.276867509,-0.282175243,0.023926301,0.122455925,-0.002461026,-0.001482525,0.125070095,-0.382309794,-0.075784914,0.174243927,-0.728025377,-0.025977731,-0.185245052,-0.090687014,-0.297621548,-0.281966299,-0.167498291,-0.088344909,-0.279817313,-0.31747058,0.010673929,-0.12300314,0.003984885,0.003181818,-0.143602371,-0.404384553,-0.029429041,-0.176425889,-0.784856677,0.02602352
37.13333333,-0.038521763,-0.246238574,-0.402254373,0.160311192,-0.073194109,-0.286108017,0.278767854,-0.133555382,-0.119887024,0.277020067,-0.284010321,0.025002724,0.122459352,-0.002442496,-0.001494244,0.125216424,-0.381284863,-0.079165459,0.173597574,-0.727658331,-0.025555115,-0.185324475,-0.093313463,-0.304292649,-0.281271756,-0.171241879,-0.091302499,-0.279364884,-0.318590432,0.01039446,-0.123007983,0.003969067,0.003188453,-0.14274396,-0.40392524,-0.031034704,-0.176319048,-0.788212657,0.025827274
37.15,-0.037058774,-0.249049574,-0.437601626,0.161859483,-0.081707925,-0.288066804,0.278584599,-0.137678504,-0.120546147,0.275829881,-0.283622682,0.033366602,0.122457094,-0.003102554,-0.001348895,0.125319242,-0.382241458,-0.078999825,0.173351616,-0.727400422,-0.020637712,-0.184614316,-0.094921261,-0.307912081,-0.280792683,-0.168238565,-0.093769565,-0.279982537,-0.319969267,0.010306533,-0.123005509,0.004646259,0.003025753,-0.142673746,-0.402454257,-0.033614326,-0.176436439,-0.787800968,0.027065521
37.16666667,-0.039454073,-0.265483707,-0.318371117,0.16182223,-0.079002835,-0.268491983,0.275686562,-0.144203648,-0.096858516,0.271463037,-0.283809006,0.057206351,0.121957578,-0.003276902,-0.001443362,0.125228986,-0.386211634,-0.073231272,0.171492308,-0.730747819,-0.016723897,-0.180904508,-0.094968691,-0.284016848,-0.280663311,-0.171858177,-0.082276575,-0.281404704,-0.319998056,0.014828081,-0.122545838,0.004826808,0.003118661,-0.144200712,-0.40436551,-0.029869504,-0.176189542,-0.787113726,0.02813223
37.18333333,-0.039710902,-0.263713956,-0.264006287,0.161878332,-0.0740631,-0.250804812,0.27363354,-0.141126975,-0.083340347,0.26982525,-0.274044365,0.065546252,0.121076539,-0.003279874,-0.001492824,0.125399366,-0.386347264,-0.06801147,0.170679629,-0.730435431,-0.010473411,-0.176329061,-0.092432804,-0.263255179,-0.283729374,-0.171370149,-0.069232069,-0.285088986,-0.3143408,0.027270768,-0.121715426,0.004828291,0.003161398,-0.144180328,-0.406101882,-0.02740581,-0.175805748,-0.786638737,0.030093288
37.2,-0.039464746,-0.281738967,-0.21591115,0.161831513,-0.071423508,-0.221667305,0.272253364,-0.145870358,-0.063502356,0.26916495,-0.283646345,0.073492557,0.120241128,-0.003328408,-0.001449871,0.123988532,-0.389805555,-0.062361192,0.167363048,-0.733797252,-0.006742636,-0.172098339,-0.090565167,-0.240135893,-0.283536166,-0.168464273,-0.05066172,-0.282944769,-0.315798223,0.050365958,-0.12092296,0.004870681,0.003116231,-0.142941281,-0.419008672,-0.018283473,-0.174964502,-0.792606056,0.030447628
37.21666667,-0.043095633,-0.288681328,-0.204241112,0.161589712,-0.073076986,-0.223620176,0.269034326,-0.149816364,-0.062966771,0.265411168,-0.284821004,0.076658197,0.119610764,-0.003351417,-0.00153411,0.120785788,-0.393846422,-0.058672689,0.16241163,-0.738885224,-0.003319023,-0.170633703,-0.094058864,-0.237833172,-0.287875891,-0.167944014,-0.046400156,-0.284284681,-0.316349745,0.054691173,-0.120322779,0.00489103,0.003199016,-0.143936858,-0.422306627,-0.01270055,-0.177039966,-0.794590771,0.03549096
37.23333333,-0.048224442,-0.295447916,-0.174958691,0.159978822,-0.07351841,-0.214593574,0.25199911,-0.151786178,-0.050115407,0.257893652,-0.288088322,0.103416048,0.118836664,-0.003355052,-0.001796042,0.11189156,-0.398230374,-0.04997531,0.15272069,-0.742221057,0.015397331,-0.168953359,-0.095952496,-0.22533828,-0.287511021,-0.166850016,-0.030914728,-0.287592232,-0.315982163,0.076956831,-0.119576745,0.004893396,0.0034598,-0.143902913,-0.427121639,-0.007564243,-0.177965447,-0.79514873,0.041077156
37.25,-0.051502664,-0.302442193,-0.157594994,0.15826793,-0.085744649,-0.217646226,0.24009867,-0.170759797,-0.049627319,0.25015536,-0.296501607,0.1044036,0.118267119,-0.003265519,-0.002060205,0.107794672,-0.402615309,-0.046451472,0.150244862,-0.743124425,0.02096826,-0.168169513,-0.11080306,-0.225298107,-0.290204525,-0.182957724,-0.026455795,-0.291786671,-0.325415462,0.081652753,-0.119021803,0.004801125,0.003741205,-0.148828238,-0.427196175,-0.004417824,-0.181084231,-0.794505239,0.047845144
37.26666667,-0.050492313,-0.305107266,-0.180210963,0.159977391,-0.094692864,-0.222571433,0.240852356,-0.176233843,-0.051381908,0.251430511,-0.29743582,0.102296606,0.117884345,-0.003081387,-0.002340921,0.10781426,-0.402167976,-0.047625039,0.151501209,-0.742534697,0.018490542,-0.165908098,-0.124684267,-0.232698038,-0.289877623,-0.200044081,-0.031996328,-0.291116595,-0.332560599,0.077404082,-0.118660845,0.004610479,0.004009191,-0.152253434,-0.42662248,-0.005621564,-0.181327894,-0.791862547,0.047955576
37.28333333,-0.045063101,-0.302725673,-0.205343127,0.161774322,-0.101771444,-0.224673882,0.242661789,-0.180886045,-0.055563807,0.249836996,-0.297837555,0.10468208,0.117729381,-0.003060356,-0.002356907,0.106103942,-0.404280543,-0.048295077,0.15223524,-0.743462622,0.017019199,-0.162650317,-0.12827912,-0.235403284,-0.289660394,-0.200226009,-0.036055967,-0.288522303,-0.331786424,0.074289702,-0.118503742,0.004592706,0.004024661,-0.154184535,-0.425783575,-0.006517129,-0.181566283,-0.791366875,0.051223196
37.3,-0.045069668,-0.303172648,-0.215010867,0.159944922,-0.097937442,-0.243527174,0.235701844,-0.177250504,-0.064754866,0.245196521,-0.290415168,0.09941417,0.117386743,-0.003028797,-0.002436538,0.098921381,-0.413010836,-0.024721975,0.148061007,-0.745750666,0.066138148,-0.161768541,-0.124208242,-0.251460612,-0.288560063,-0.199603498,-0.040382959,-0.287068069,-0.317873269,0.074503116,-0.118149646,0.004567745,0.004124941,-0.152712345,-0.4255808,-0.004717009,-0.182801098,-0.79099685,0.057514988
37.31666667,-0.042234477,-0.300218642,-0.222116724,0.160162047,-0.098919429,-0.249393523,0.237409249,-0.175339222,-0.065432534,0.245416582,-0.291948497,0.108187594,0.117385201,-0.002998898,-0.00199734,0.098652817,-0.412049472,-0.028863095,0.146630824,-0.746152103,0.057884984,-0.161783114,-0.123286761,-0.261382729,-0.289421022,-0.195675313,-0.054945596,-0.286693752,-0.321638167,0.06099464,-0.118146673,0.004545913,0.003736418,-0.152507126,-0.424998343,-0.005004421,-0.184485555,-0.790807366,0.057013519
37.33333333,-0.05226554,-0.297418863,-0.201833144,0.152726442,-0.097767748,-0.243015006,0.231682897,-0.174907774,-0.064231202,0.236971587,-0.289257824,0.10498742,0.117024131,-0.002756349,-0.002102466,0.099130288,-0.406043679,-0.033608653,0.145576656,-0.745537281,0.039190106,-0.164084494,-0.121423796,-0.251167864,-0.289618343,-0.193448961,-0.05007844,-0.287980199,-0.316196233,0.064113259,-0.11778672,0.004318216,0.003851955,-0.150914505,-0.424916148,-0.00529024,-0.184428751,-0.792975426,0.044246748
37.35,-0.059423361,-0.297462463,-0.18683967,0.146404669,-0.097528815,-0.239203066,0.230477706,-0.173312619,-0.064920686,0.233488128,-0.289493978,0.103031009,0.116613142,-0.002746392,-0.002637557,0.098571822,-0.405764461,-0.038996659,0.144144997,-0.74577266,0.018810129,-0.165942878,-0.120150141,-0.244525284,-0.291777968,-0.190896526,-0.042327356,-0.288551837,-0.307165444,0.075872801,-0.117377438,0.004309291,0.004377515,-0.150900558,-0.42459929,-0.009876915,-0.184683412,-0.793496311,0.029693022
37.36666667,-0.067450069,-0.291888893,-0.19269681,0.141732678,-0.096687093,-0.231626526,0.227331996,-0.173018187,-0.062178191,0.224644303,-0.285732001,0.105234005,0.116430305,-0.002772437,-0.003028664,0.096867613,-0.399150789,-0.059211407,0.144137263,-0.741844654,-0.024879394,-0.169448525,-0.118212454,-0.234075874,-0.294461071,-0.190259755,-0.034027208,-0.293133944,-0.300959617,0.081201196,-0.117187046,0.004337798,0.004774204,-0.15100652,-0.419013768,-0.018850815,-0.187100723,-0.791190147,0.007791895
37.38333333,-0.066941261,-0.29031831,-0.195576191,0.142041758,-0.095932722,-0.232587695,0.228484586,-0.172492936,-0.063321628,0.223592982,-0.280734003,0.100718819,0.11620526,-0.002761082,-0.003226715,0.094833195,-0.401788741,-0.058656137,0.144359797,-0.744258285,-0.019701535,-0.169338807,-0.117482573,-0.236649856,-0.295786083,-0.189568222,-0.035899051,-0.292941749,-0.296385497,0.079308651,-0.116966181,0.004327443,0.004982698,-0.150965095,-0.420534164,-0.017835019,-0.188136548,-0.792234778,0.012836755
37.4,-0.066277325,-0.288013399,-0.229937091,0.142607421,-0.097145587,-0.239099473,0.229270786,-0.172116667,-0.068288654,0.220651299,-0.272843271,0.09227109,0.116190724,-0.002841646,-0.003197613,0.096583508,-0.398247778,-0.066000648,0.144876942,-0.743257642,-0.030409867,-0.169867709,-0.116998978,-0.244157657,-0.300543368,-0.189136997,-0.047099274,-0.289118111,-0.293183029,0.062533803,-0.116948575,0.004416954,0.004949942,-0.151699051,-0.411500841,-0.026929131,-0.187735558,-0.786532462,0.015399581
37.41666667,-0.065518856,-0.28352499,-0.272176087,0.141422719,-0.098279543,-0.253713757,0.222757056,-0.165022984,-0.075950213,0.197502553,-0.252031475,0.087836422,0.116146125,-0.003145919,-0.003114654,0.09696617,-0.398221642,-0.065468341,0.145139128,-0.74302274,-0.025972113,-0.17107664,-0.116558693,-0.259869576,-0.307954758,-0.187787548,-0.069357738,-0.285437316,-0.288428694,0.031179596,-0.116893835,0.004736597,0.004863134,-0.152436256,-0.407297343,-0.026585914,-0.188965246,-0.782786667,0.020152902
37.43333333,-0.063155584,-0.283055246,-0.275497615,0.141490266,-0.10137856,-0.257189035,0.220947251,-0.164866075,-0.077840172,0.188492835,-0.253514588,0.085258462,0.116060935,-0.003284842,-0.002893914,0.09698046,-0.398252636,-0.064930871,0.145008922,-0.74302727,-0.023154363,-0.17116271,-0.117675319,-0.265728116,-0.309152007,-0.186885789,-0.076759107,-0.280037433,-0.288533658,0.024303585,-0.116795726,0.004884688,0.004642736,-0.152424246,-0.40635559,-0.02645321,-0.190024555,-0.782077074,0.020429226
37.45,-0.050685063,-0.28327167,-0.325894952,0.14160198,-0.113950484,-0.267494321,0.224391207,-0.166260034,-0.079871707,0.192849383,-0.255898684,0.085258089,0.116047144,-0.003344781,-0.002066312,0.099932753,-0.398146033,-0.06183859,0.150676861,-0.742872417,-0.014810884,-0.171835303,-0.130365893,-0.283509135,-0.308749616,-0.191731825,-0.086674809,-0.271127135,-0.28949061,0.026148941,-0.116778336,0.004953911,0.003811636,-0.152375922,-0.40600884,-0.030934503,-0.189011917,-0.78189677,0.027601659
37.46666667,-0.047649093,-0.290439546,-0.356733173,0.141827628,-0.128975868,-0.284787804,0.224362522,-0.174084142,-0.087147824,0.197307423,-0.261521667,0.084748484,0.116046987,-0.003477563,-0.001419684,0.101002559,-0.39997074,-0.047842287,0.150850683,-0.744476795,0.01419421,-0.172646657,-0.143944472,-0.302654445,-0.308692366,-0.200393498,-0.101527818,-0.269561917,-0.297813147,0.022242865,-0.116769761,0.005106242,0.003154423,-0.153318301,-0.406040519,-0.031823847,-0.188988164,-0.781951785,0.048592266
37.48333333,-0.042370848,-0.290215611,-0.371603251,0.142166406,-0.129524678,-0.294326633,0.224724501,-0.173237413,-0.089937381,0.200048119,-0.26215142,0.086377442,0.116051666,-0.003543799,-0.00073373,0.102999344,-0.399709255,-0.046820454,0.151930004,-0.744415462,0.013489615,-0.172769219,-0.144553781,-0.312530994,-0.308412343,-0.198667347,-0.108167872,-0.269290537,-0.297870517,0.02086523,-0.116766952,0.005183801,0.002448646,-0.154231757,-0.404918075,-0.033252209,-0.188945457,-0.781898558,0.051553711
37.5,-0.042084076,-0.291280717,-0.344888806,0.142806932,-0.131852001,-0.291221827,0.223945037,-0.174011841,-0.088948034,0.200171381,-0.262661576,0.102350824,0.116045997,-0.003689073,-0.000347146,0.10496226,-0.400601834,-0.043061603,0.151936397,-0.744623542,0.022428645,-0.172225535,-0.145382211,-0.307619572,-0.308621794,-0.198609889,-0.105627254,-0.273783624,-0.3029522,0.021215985,-0.116758727,0.00534413,0.002065643,-0.155049339,-0.405031234,-0.030994963,-0.190593451,-0.781935155,0.061676115
37.51666667,-0.044158567,-0.295904219,-0.284178466,0.143661469,-0.129698798,-0.28236264,0.22010985,-0.175347924,-0.078044064,0.19452107,-0.263164073,0.115431264,0.116041176,-0.003688175,-0.000415678,0.105119765,-0.400895715,-0.043428067,0.151938856,-0.744847834,0.020791674,-0.17095086,-0.145783395,-0.293554157,-0.308336526,-0.20209074,-0.096006319,-0.278203875,-0.308686674,0.027328365,-0.116753705,0.005347721,0.002142324,-0.157849595,-0.405278325,-0.028226007,-0.191358447,-0.782544851,0.061199982
37.53333333,-0.0490475,-0.296912283,-0.322975099,0.143711224,-0.128068343,-0.293043435,0.216517568,-0.174933776,-0.085315675,0.194191307,-0.263523102,0.11265558,0.116109945,-0.003695648,-0.000414171,0.104824871,-0.400708109,-0.041729357,0.151937366,-0.742987394,0.023746559,-0.172094643,-0.144404888,-0.305271268,-0.308454543,-0.201819077,-0.10228347,-0.278280318,-0.308240563,0.023908978,-0.116815284,0.005357929,0.002140617,-0.157972947,-0.40539971,-0.026299801,-0.194842875,-0.783141077,0.061965335
37.55,-0.055543929,-0.298564583,-0.34187907,0.143784001,-0.127155975,-0.300145537,0.211339176,-0.174658492,-0.092190638,0.191974729,-0.262657523,0.108106121,0.116273426,-0.003709125,-0.000429092,0.104441792,-0.400749922,-0.035894208,0.151309714,-0.742158115,0.035511479,-0.175056204,-0.143410802,-0.311611801,-0.310313165,-0.200993031,-0.104626,-0.28195259,-0.305887312,0.024042552,-0.116963916,0.005378472,0.002152366,-0.159324154,-0.405520767,-0.021967471,-0.197020993,-0.782996774,0.072470136
37.56666667,-0.055638004,-0.301254183,-0.333722979,0.145252824,-0.126692951,-0.298347712,0.213539198,-0.174821317,-0.091092035,0.193100378,-0.262753367,0.106571272,0.116375297,-0.003687668,-0.000467217,0.104410365,-0.40047285,-0.036349121,0.151230097,-0.740359604,0.032574162,-0.17504549,-0.142790675,-0.309636265,-0.310422122,-0.198923603,-0.103754938,-0.283535212,-0.304306507,0.02465436,-0.117058307,0.005364215,0.00218874,-0.159760684,-0.405590594,-0.020681022,-0.197133869,-0.783016324,0.070280112
37.58333333,-0.052276272,-0.302151501,-0.336018473,0.148932829,-0.127691284,-0.296951473,0.214202195,-0.177064225,-0.090819359,0.193656027,-0.263219297,0.103757605,0.116519921,-0.003749693,-0.000298385,0.104780793,-0.401172519,-0.027111782,0.151279822,-0.739254951,0.051741805,-0.174617201,-0.142618239,-0.310325056,-0.309949577,-0.198487088,-0.105668806,-0.283532619,-0.3036111,0.018111896,-0.117186137,0.005434406,0.002018609,-0.160094544,-0.405684769,-0.02029931,-0.197012037,-0.78128314,0.06879811
37.6,-0.0510142,-0.302534431,-0.336522996,0.149663508,-0.128430873,-0.296456397,0.215310648,-0.179294437,-0.090629384,0.194521695,-0.268481106,0.099460348,0.116553374,-0.004084626,1.27E-06,0.10491623,-0.401093811,-0.028539475,0.15131478,-0.738181472,0.046585489,-0.174473003,-0.142467856,-0.308656663,-0.305176914,-0.197796702,-0.104747765,-0.280153096,-0.303034306,0.016518215,-0.117210791,0.005785254,0.001719396,-0.159429669,-0.405790418,-0.020312821,-0.196923181,-0.781120896,0.064670905
37.61666667,-0.044283587,-0.302282184,-0.337109894,0.151730612,-0.128995329,-0.293487489,0.222819746,-0.179674998,-0.08809375,0.200003311,-0.269079745,0.098368429,0.116615094,-0.004896838,0.000515696,0.105929501,-0.401799709,-0.025164243,0.152979553,-0.737614512,0.049456589,-0.174049884,-0.141654223,-0.307537258,-0.299248427,-0.195833907,-0.103851974,-0.274264276,-0.301669657,0.01620153,-0.117256187,0.006618503,0.001215921,-0.153815418,-0.40621841,-0.019176302,-0.19533667,-0.780902386,0.064112671
37.63333333,-0.03701314,-0.301895559,-0.343979567,0.154640079,-0.128966168,-0.292962253,0.225795716,-0.179893896,-0.087979235,0.200742587,-0.269181341,0.091705479,0.116683848,-0.005178762,0.001193645,0.107272178,-0.402418882,-0.018828502,0.154083416,-0.737608612,0.056967508,-0.172999382,-0.141499966,-0.308277458,-0.29464525,-0.195618182,-0.105203591,-0.266412705,-0.301296353,0.012432998,-0.117311843,0.006905998,0.000537155,-0.150196984,-0.407558531,-0.018919704,-0.193277314,-0.781243622,0.063718356
37.65,-0.036933228,-0.300417244,-0.344524473,0.15581134,-0.128561884,-0.29195869,0.226158708,-0.179752395,-0.087868176,0.200856775,-0.269122541,0.091714345,0.116742171,-0.005209117,0.001435739,0.107423745,-0.402389854,-0.020302646,0.154071331,-0.737321675,0.054204918,-0.172687456,-0.140264362,-0.308163881,-0.294955581,-0.19447735,-0.105459809,-0.266738713,-0.300821334,0.011680562,-0.117363691,0.00693664,0.000288977,-0.1503575,-0.40791136,-0.017507367,-0.192998514,-0.781262398,0.065370113
37.66666667,-0.039000966,-0.301500201,-0.34557274,0.156034738,-0.129531994,-0.294842541,0.223477632,-0.181434378,-0.088829577,0.200485095,-0.270661086,0.09189976,0.11686442,-0.005222287,0.001481308,0.10701035,-0.403846592,-0.0179458,0.152740911,-0.737615347,0.064416647,-0.172706351,-0.140706539,-0.311603934,-0.295251697,-0.194716051,-0.106244989,-0.270258605,-0.301890761,0.012189297,-0.117479667,0.006952171,0.000243131,-0.150577456,-0.409209758,-0.015802974,-0.193608567,-0.781585038,0.066144459
37.68333333,-0.043022871,-0.304296255,-0.323248416,0.155894801,-0.130949184,-0.294837415,0.221990019,-0.185329735,-0.088702761,0.200585991,-0.273403019,0.094618455,0.116885476,-0.005246602,0.001493872,0.107090607,-0.406529039,-0.011515857,0.152320445,-0.739574671,0.077436656,-0.17257005,-0.141085818,-0.311082542,-0.296001762,-0.194593117,-0.105332792,-0.274263322,-0.301972657,0.019963386,-0.117505394,0.006979889,0.000232956,-0.15059647,-0.411330909,-0.014897457,-0.193706423,-0.782702684,0.06893041
37.7,-0.043872297,-0.305808723,-0.322946399,0.155223817,-0.130989984,-0.288945973,0.222029492,-0.185141504,-0.085631743,0.201666072,-0.274680436,0.095015794,0.116899818,-0.00537709,0.001558376,0.106395744,-0.407834113,-0.010695779,0.1520399,-0.740939081,0.073104531,-0.173003018,-0.141033024,-0.307128966,-0.296174586,-0.194478855,-0.101159915,-0.273739696,-0.301953733,0.02545354,-0.117517196,0.007122756,0.000170788,-0.149876237,-0.412404478,-0.014687641,-0.193319336,-0.783784509,0.068652041
37.71666667,-0.048743226,-0.304501712,-0.320809245,0.153426737,-0.129472107,-0.288860679,0.220021024,-0.183204055,-0.086184986,0.201620787,-0.270425767,0.094103806,0.116903685,-0.005513,0.001568176,0.106462739,-0.407258779,-0.013036055,0.150619715,-0.739402056,0.070422567,-0.173560381,-0.138569191,-0.306414664,-0.297714144,-0.190569073,-0.099070735,-0.277158022,-0.293895185,0.028153492,-0.117515065,0.007257168,0.000160313,-0.150427222,-0.41146791,-0.014873284,-0.193289638,-0.780442178,0.068284661
37.73333333,-0.052048132,-0.304370552,-0.304000646,0.152342871,-0.129507497,-0.286494136,0.218533695,-0.184237719,-0.08643654,0.201398775,-0.270427257,0.092898987,0.116891272,-0.005672478,0.001519314,0.106443152,-0.407303721,-0.01376122,0.150455371,-0.739410818,0.068748549,-0.173596397,-0.138522059,-0.3020069,-0.297771782,-0.190560102,-0.09146852,-0.281173289,-0.290555507,0.039805636,-0.117497616,0.007411487,0.000207052,-0.151289463,-0.410379738,-0.01727565,-0.193058521,-0.778214395,0.063781656
37.75,-0.057192337,-0.302431852,-0.320613742,0.150516391,-0.129105285,-0.286076516,0.219514683,-0.182737559,-0.088188276,0.202943936,-0.269747376,0.086181596,0.117022827,-0.006329096,0.001524927,0.10492029,-0.408318639,-0.0115973,0.150192246,-0.739395976,0.070441477,-0.177541986,-0.135458246,-0.301827997,-0.300191075,-0.186649278,-0.091215231,-0.284171104,-0.284715384,0.03922068,-0.117605001,0.008081664,0.000202059,-0.151620954,-0.409680486,-0.016516864,-0.193829224,-0.777081728,0.06533087
37.76666667,-0.056861408,-0.301591843,-0.293042988,0.150662675,-0.124885678,-0.275857031,0.230587408,-0.177989498,-0.086106561,0.210444033,-0.268826038,0.08488293,0.116981,-0.006746164,0.001532478,0.103507392,-0.410940498,-0.01205999,0.149092197,-0.741692662,0.065177552,-0.176191226,-0.128251463,-0.294321001,-0.298548043,-0.172905311,-0.085076913,-0.282824695,-0.276950389,0.040629905,-0.11755389,0.008492931,0.000196753,-0.151130199,-0.411216974,-0.011618215,-0.193797618,-0.779260576,0.064662389
37.78333333,-0.056851797,-0.302100301,-0.277520925,0.150637373,-0.124579012,-0.271883428,0.231536001,-0.177999347,-0.083009392,0.217253894,-0.268948734,0.087262675,0.116959684,-0.006763914,0.001539042,0.102729008,-0.411280572,-0.013173939,0.148352653,-0.743513823,0.054525077,-0.176112711,-0.127787754,-0.289962709,-0.302536726,-0.172372252,-0.081874795,-0.290006876,-0.278164744,0.042643186,-0.117530756,0.008510817,0.000191671,-0.151677623,-0.41365245,-0.010953242,-0.194018319,-0.783627748,0.058269002
37.8,-0.056679629,-0.306236625,-0.282742202,0.150373518,-0.128699511,-0.268870145,0.229852885,-0.182118654,-0.082036898,0.217093542,-0.271102399,0.085841238,0.117003329,-0.007096658,0.001619678,0.102258012,-0.411225528,-0.013634445,0.148384288,-0.744468808,0.050224815,-0.176895872,-0.130320042,-0.288406163,-0.305082947,-0.174441665,-0.081450425,-0.288634539,-0.280853182,0.042216871,-0.117564946,0.008850434,0.000112473,-0.151728466,-0.413650244,-0.014923301,-0.194070771,-0.785581112,0.044756565
37.81666667,-0.050906122,-0.30088073,-0.292565614,0.150300801,-0.127826989,-0.267109424,0.230374917,-0.175611943,-0.081973068,0.216611087,-0.265265524,0.077192895,0.117043264,-0.007263987,0.002275162,0.103710912,-0.406229943,-0.016088611,0.150878936,-0.743357778,0.041676771,-0.177447692,-0.130044356,-0.288502663,-0.305147827,-0.174056828,-0.08364594,-0.283813357,-0.278236151,0.03109679,-0.117596336,0.009010185,-0.000550193,-0.15177457,-0.412308633,-0.018671436,-0.193937078,-0.783677757,0.037200786
37.83333333,-0.050028868,-0.298182309,-0.261452854,0.150117204,-0.121088609,-0.260636896,0.232562259,-0.174842745,-0.08094012,0.21617955,-0.269278675,0.07366658,0.11700689,-0.007284186,0.002339042,0.103732653,-0.405091822,-0.035195265,0.15049614,-0.743937612,0.013794895,-0.176803797,-0.125327751,-0.281730711,-0.305169314,-0.173941225,-0.083525047,-0.280498624,-0.281062156,0.02633089,-0.11756552,0.009031639,-0.000604896,-0.151813447,-0.412416697,-0.018725546,-0.193942502,-0.784655869,0.024266057
37.85,-0.048030641,-0.298199922,-0.262679994,0.150148571,-0.123172633,-0.261128604,0.233171135,-0.179623932,-0.080573425,0.216027483,-0.28037706,0.071987517,0.11703036,-0.007518799,0.002845151,0.105077282,-0.40512082,-0.035603605,0.150917202,-0.744925618,0.01652237,-0.176870555,-0.125987723,-0.282198995,-0.305149734,-0.180020332,-0.089156166,-0.272926003,-0.294765413,0.008044948,-0.117586151,0.009263655,-0.001079754,-0.151285663,-0.412617564,-0.018688489,-0.193970874,-0.784913182,0.026457941
37.86666667,-0.048037045,-0.285477251,-0.28533408,0.147605181,-0.121273212,-0.263762027,0.2276261,-0.179617018,-0.086588554,0.206163585,-0.280396432,0.061307415,0.117035337,-0.007975418,0.003084473,0.108761616,-0.404275507,-0.044720851,0.153133646,-0.744784355,0.009413476,-0.177651837,-0.121268503,-0.285069853,-0.304491252,-0.18005015,-0.094824322,-0.271031171,-0.29456687,0.002986579,-0.11758858,0.009711732,-0.001290588,-0.150925457,-0.411998272,-0.019811954,-0.190211341,-0.784575701,0.022173431
37.88333333,-0.048726577,-0.284739971,-0.287241548,0.14758721,-0.118791111,-0.263919085,0.223139524,-0.179210708,-0.087039381,0.19718276,-0.280137926,0.061656225,0.117049016,-0.00809575,0.003226487,0.107014589,-0.405203193,-0.043195169,0.151650041,-0.744765997,0.013247689,-0.177632824,-0.118059777,-0.285337478,-0.304482728,-0.176820055,-0.095622152,-0.265571147,-0.294330567,0.001865744,-0.117597163,0.00983337,-0.001409781,-0.150940254,-0.411920816,-0.01409079,-0.190248489,-0.784105539,0.026521234
37.9,-0.048284419,-0.284613967,-0.28254658,0.148153633,-0.118780263,-0.259470224,0.227786437,-0.181086496,-0.082621813,0.203025535,-0.284691513,0.063243762,0.117134407,-0.008577882,0.003266855,0.10623838,-0.406806886,-0.044461504,0.15163067,-0.74693197,0.009243762,-0.177833691,-0.118202671,-0.281578571,-0.304866642,-0.178430185,-0.093663871,-0.265750706,-0.301473707,0.002446337,-0.117679596,0.010297454,-0.001441233,-0.151062325,-0.411940783,-0.014084237,-0.190114111,-0.784486055,0.027341669
37.91666667,-0.05663868,-0.28509596,-0.283964097,0.144721195,-0.118305095,-0.259021968,0.222715676,-0.182213649,-0.082136527,0.201833785,-0.289298058,0.063593499,0.117272481,-0.008634873,0.003262725,0.104033485,-0.407976508,-0.043556381,0.150428757,-0.74669373,0.011261955,-0.18393974,-0.118147425,-0.279760808,-0.307639211,-0.179859176,-0.0901362,-0.272084177,-0.304099888,0.002897607,-0.117800757,0.010354851,-0.001430322,-0.151654184,-0.411891699,-0.01091079,-0.190496266,-0.784130812,0.030094095
37.93333333,-0.05950981,-0.268490672,-0.308090597,0.143831313,-0.103437543,-0.262121439,0.225848481,-0.169579551,-0.087357745,0.207033649,-0.284086913,0.060223795,0.117366508,-0.008727557,0.003230251,0.106478825,-0.403808832,-0.047894474,0.151031703,-0.740664899,0.010405721,-0.186704412,-0.101654276,-0.281120986,-0.307391375,-0.168948486,-0.090702005,-0.273175985,-0.300981849,0.001755392,-0.117889062,0.010443194,-0.001396288,-0.151673928,-0.41062054,-0.00782811,-0.191221297,-0.782128394,0.043438714
37.95,-0.072702996,-0.253311276,-0.351400226,0.139805436,-0.093815841,-0.287031054,0.221195236,-0.161419883,-0.116527058,0.198936015,-0.278381407,0.032524526,0.117471755,-0.008992864,0.002961287,0.107157663,-0.405025035,-0.045530599,0.146801099,-0.74072057,0.018450817,-0.191354915,-0.086082093,-0.299073339,-0.309982032,-0.15517579,-0.10875921,-0.28265661,-0.299784064,-0.024360731,-0.117988646,0.010709541,-0.001116044,-0.15399158,-0.410388529,-0.003042293,-0.19429034,-0.780892968,0.050590292
37.96666667,-0.070082195,-0.257764757,-0.337988943,0.141214132,-0.089994662,-0.282773674,0.236405954,-0.159750611,-0.114496805,0.216508031,-0.279360116,0.037521511,0.117503874,-0.009020528,0.002965099,0.11441689,-0.405075222,-0.044951312,0.151013747,-0.741205812,0.018430181,-0.190617263,-0.086603552,-0.297883451,-0.302735031,-0.157494396,-0.107347123,-0.274936169,-0.306158096,-0.022377955,-0.118025802,0.010736991,-0.001118447,-0.153068095,-0.41257298,-0.003354182,-0.193065211,-0.785628378,0.047006287
37.98333333,-0.058298007,-0.247934982,-0.468602538,0.145033732,-0.088625289,-0.3063775,0.248273224,-0.150555909,-0.122754268,0.227635399,-0.279393673,0.028202659,0.117942803,-0.00869,0.003167974,0.120241478,-0.396398693,-0.061537091,0.156618193,-0.737468958,0.004837964,-0.190731645,-0.089530319,-0.333871573,-0.294571102,-0.158540919,-0.128180251,-0.26690346,-0.311411887,-0.023859827,-0.118456647,0.010392236,-0.001356854,-0.151907355,-0.4106296,-0.02117314,-0.191916928,-0.786621273,0.042897698
38,-0.045663171,-0.243685782,-0.495129436,0.149758637,-0.087757498,-0.318492293,0.255625218,-0.141598895,-0.123480685,0.235085338,-0.278700203,0.031496558,0.118377239,-0.008117344,0.003809544,0.12802422,-0.378912419,-0.08110591,0.16400145,-0.731816411,-0.010454266,-0.190462887,-0.091069713,-0.351702154,-0.2860744,-0.159499347,-0.135247201,-0.262372881,-0.313371569,-0.021166509,-0.118880711,0.009805217,-0.002062516,-0.150027633,-0.408846051,-0.032226358,-0.188729137,-0.786371946,0.036945093
38.01666667,-0.035716355,-0.247109756,-0.498791516,0.154794291,-0.088009991,-0.31905216,0.259671926,-0.13840434,-0.122702956,0.240056068,-0.278685212,0.03023921,0.118758887,-0.007606674,0.004184084,0.129054144,-0.374293774,-0.090578184,0.169597924,-0.731208682,-0.019133776,-0.190182194,-0.091637962,-0.355288833,-0.276423424,-0.16407606,-0.137962118,-0.25529775,-0.324584514,-0.019212076,-0.119254448,0.00928982,-0.002464857,-0.144199923,-0.409242392,-0.034771319,-0.184330955,-0.787441671,0.034840818
38.03333333,-0.037015229,-0.247021571,-0.548812747,0.15470235,-0.090525635,-0.342416286,0.256704926,-0.140985712,-0.143353999,0.232521236,-0.283595681,0.007009529,0.118993722,-0.007562827,0.004193329,0.12823613,-0.374793977,-0.090910316,0.169110417,-0.730970681,-0.019610643,-0.190742344,-0.092098154,-0.378083348,-0.278594822,-0.164249957,-0.155766979,-0.255780637,-0.32607922,-0.024528993,-0.119480602,0.009250008,-0.002476964,-0.145016775,-0.407467395,-0.033791274,-0.184482172,-0.786907494,0.036180887
38.05,-0.037047256,-0.248358801,-0.502941966,0.156827688,-0.090378858,-0.332685977,0.255047351,-0.141434595,-0.141680449,0.231301233,-0.29450646,-0.006809793,0.11936532,-0.007469984,0.004201137,0.12741375,-0.381364048,-0.086146563,0.170904368,-0.738395333,-0.018809598,-0.190582439,-0.093193941,-0.366309643,-0.279525638,-0.17629464,-0.154356018,-0.256279111,-0.344879359,-0.038540274,-0.119848572,0.009157891,-0.002483624,-0.145044282,-0.409843445,-0.033357758,-0.179045439,-0.795143425,0.036232125
38.06666667,-0.037378944,-0.239479274,-0.492267847,0.157388076,-0.079509191,-0.327456743,0.25386405,-0.136195481,-0.13892889,0.230991498,-0.29147613,-0.004075808,0.119554661,-0.007469969,0.004184618,0.123596117,-0.389526665,-0.082901843,0.170646146,-0.740373969,-0.016552592,-0.190457568,-0.082865953,-0.360210896,-0.280369341,-0.168955073,-0.151229173,-0.260829687,-0.340172052,-0.037046809,-0.120030701,0.00915703,-0.002469576,-0.145122021,-0.409910917,-0.03072761,-0.177304178,-0.795046151,0.040450267
38.08333333,-0.037781745,-0.222082898,-0.545570195,0.157280385,-0.076961651,-0.34231177,0.253719568,-0.131666943,-0.15055944,0.234366536,-0.287735343,-0.011602431,0.119670823,-0.007385527,0.004239273,0.12419723,-0.392916471,-0.080843732,0.173127979,-0.740436852,-0.015004316,-0.191375583,-0.076725148,-0.381104231,-0.282997787,-0.156312212,-0.162607282,-0.267286301,-0.337603718,-0.040258348,-0.120151855,0.009067052,-0.002535723,-0.143233806,-0.409913093,-0.030077141,-0.174352884,-0.794721901,0.040415429
38.1,-0.040792219,-0.210817948,-0.584023416,0.155409023,-0.075663731,-0.357067108,0.253468782,-0.125975773,-0.155857056,0.236105099,-0.287063807,-0.007386532,0.119694009,-0.007368839,0.004158617,0.12338201,-0.396130145,-0.080532357,0.174578667,-0.740333974,-0.013943672,-0.193695322,-0.069946818,-0.396902084,-0.28318122,-0.137879133,-0.163387015,-0.268810809,-0.326785892,-0.02733849,-0.120174766,0.009052096,-0.002469685,-0.140339568,-0.409839869,-0.028640388,-0.170745373,-0.794536591,0.045814469
38.11666667,-0.040583797,-0.17950508,-0.607100725,0.155365139,-0.048265066,-0.365110248,0.25276202,-0.099917479,-0.155080751,0.239675418,-0.272118181,-0.003996236,0.119735889,-0.007161955,0.004151927,0.126121849,-0.392884195,-0.07863836,0.17661038,-0.734152734,-0.012636811,-0.193715602,-0.048008867,-0.408522159,-0.270872414,-0.119749427,-0.16103889,-0.264488429,-0.305908293,-0.00641914,-0.120224088,0.008857088,-0.002467662,-0.132030755,-0.40597865,-0.028296562,-0.163632229,-0.785576582,0.046489704
38.13333333,-0.038808968,-0.179568872,-0.636923492,0.155681148,-0.037457723,-0.369665861,0.25238505,-0.092370272,-0.152855933,0.243178725,-0.268384099,0.001671118,0.119660705,-0.006724739,0.00418098,0.128157035,-0.393053919,-0.07747747,0.182196245,-0.734257281,-0.01216067,-0.192632273,-0.043305632,-0.418923974,-0.265350759,-0.114842236,-0.161585018,-0.260727346,-0.302678138,0.005660571,-0.120159961,0.008440836,-0.002499236,-0.128456071,-0.405954689,-0.028452819,-0.155864716,-0.785484254,0.045654424
38.15,-0.037098818,-0.149415299,-0.672832489,0.157999396,-0.01504361,-0.377683312,0.25209558,-0.07364618,-0.152367786,0.245249346,-0.249065414,0.013823611,0.119569592,-0.006316423,0.004193247,0.128844604,-0.392900169,-0.076482251,0.186583847,-0.731657565,-0.011494865,-0.19105494,-0.02968516,-0.43199569,-0.257334948,-0.105206177,-0.16235669,-0.260331541,-0.292703003,0.015702106,-0.120090082,0.008042337,-0.002512238,-0.128036112,-0.403636128,-0.028492184,-0.153770104,-0.776026249,0.045627698
38.16666667,-0.026614146,-0.115011178,-0.678194582,0.161680639,0.008959982,-0.378754258,0.253474146,-0.057515025,-0.151718915,0.248914212,-0.239915952,0.014481762,0.119579755,-0.006046847,0.004321343,0.131555736,-0.392407566,-0.077047333,0.188566968,-0.727856576,-0.007722589,-0.187737048,-0.009035011,-0.43507567,-0.251307458,-0.094645746,-0.163200751,-0.253108025,-0.282584727,0.013596322,-0.120102003,0.007764084,-0.00264241,-0.124211907,-0.401582807,-0.0310963,-0.149396241,-0.76841259,0.044601768
38.18333333,-0.017495822,-0.092519209,-0.692331553,0.165930361,0.027165264,-0.382876933,0.257222444,-0.040887617,-0.152987495,0.256608337,-0.229885474,0.013962371,0.119589984,-0.005693566,0.004509498,0.134124473,-0.392135799,-0.077128924,0.191269159,-0.727980077,-0.00760818,-0.184479222,0.007582142,-0.440578908,-0.247341484,-0.08170373,-0.166733101,-0.244366318,-0.268926471,0.011700021,-0.120115831,0.007401863,-0.002831068,-0.120771386,-0.400418997,-0.032904875,-0.145957738,-0.767468035,0.041811328
38.2,-0.01804593,-0.080220729,-0.691157818,0.167167142,0.038109269,-0.386195242,0.256978214,-0.03365811,-0.155196294,0.256150872,-0.227752432,0.013462361,0.11960496,-0.00564591,0.004530185,0.133957624,-0.387542069,-0.085053131,0.190450892,-0.72532779,-0.013492712,-0.184407681,0.028522085,-0.441380262,-0.249949902,-0.061204676,-0.168081447,-0.244674906,-0.268186688,0.010471269,-0.120144419,0.007353693,-0.002853751,-0.121460706,-0.395075798,-0.037706565,-0.147268385,-0.76241982,0.032549668
38.21666667,-0.021336334,-0.034700278,-0.672038794,0.166866124,0.055640399,-0.382080257,0.254498988,-0.034259085,-0.171375394,0.238457039,-0.215726256,-0.044005476,0.11977841,-0.005715353,0.004409183,0.132431,-0.389512837,-0.08316008,0.187671974,-0.719895065,0.003532016,-0.186865821,0.041364972,-0.43485567,-0.249078348,-0.068208329,-0.175925002,-0.238899782,-0.254166335,-0.026815401,-0.120331295,0.007403283,-0.002734529,-0.121187896,-0.387443811,-0.038765945,-0.14752169,-0.742708206,0.038729098
38.23333333,-0.027353855,-0.001709844,-0.693048656,0.166588962,0.064130634,-0.380620539,0.253189147,-0.037609547,-0.169873416,0.236256853,-0.220979691,-0.036598191,0.119784363,-0.005713368,0.004210397,0.132486075,-0.388923496,-0.08656878,0.18751131,-0.720184982,-0.012952139,-0.190480158,0.050657652,-0.431631595,-0.248394087,-0.071092069,-0.174474657,-0.238420233,-0.257384449,-0.023988523,-0.120341264,0.007394515,-0.002536028,-0.121423252,-0.385778666,-0.043989047,-0.148468241,-0.74325335,0.02931145
38.25,-0.035783999,0.012418236,-0.678402722,0.166459158,0.087225333,-0.375401735,0.253121734,-0.026509384,-0.170317039,0.236280307,-0.216514573,-0.050295178,0.11987412,-0.005696545,0.003059735,0.132407352,-0.382317841,-0.090435594,0.187383667,-0.714554965,-0.015432365,-0.194899172,0.073335655,-0.426939517,-0.24939616,-0.064005755,-0.173392624,-0.239674062,-0.260767996,-0.026475906,-0.120440021,0.007363158,-0.001436133,-0.127644897,-0.377974093,-0.046754852,-0.148964718,-0.735546291,0.029861419
38.26666667,-0.035325114,-0.000505397,-0.670047224,0.166357428,0.102754124,-0.373001605,0.249281779,-0.013046878,-0.169006109,0.236716256,-0.216587722,-0.048070885,0.119978562,-0.005717629,0.00293538,0.135232195,-0.382289052,-0.092390433,0.19013831,-0.713788807,-0.013009142,-0.194880113,0.097392179,-0.423143148,-0.250925362,-0.040940739,-0.1716021,-0.242660731,-0.26290518,-0.029406501,-0.120557114,0.007373197,-0.001332465,-0.129812807,-0.375599593,-0.056359969,-0.15029484,-0.73647809,0.028089244
38.28333333,-0.034900323,0.013864701,-0.686077535,0.166309908,0.104482666,-0.372895867,0.247970566,-0.008481712,-0.169393331,0.242913097,-0.215720236,-0.045146961,0.120153345,-0.005584612,0.002697078,0.138872579,-0.381195098,-0.093750454,0.194534302,-0.714322627,-0.014514027,-0.197484776,0.099682875,-0.423928559,-0.25141418,-0.03473397,-0.171084926,-0.245349616,-0.263898224,-0.029788589,-0.120758131,0.007219263,-0.001112022,-0.131954014,-0.374558091,-0.063348189,-0.150633201,-0.738325238,0.023651991
38.3,-0.034894362,0.0379408,-0.68305707,0.167133167,0.124191463,-0.372189045,0.247983962,0.003753203,-0.17571348,0.244589701,-0.21077463,-0.057192661,0.120416433,-0.005372678,0.002372361,0.138606533,-0.375207961,-0.100609817,0.195386976,-0.711540699,-0.02156524,-0.197813168,0.120108329,-0.423225552,-0.251920253,-0.021163831,-0.173429117,-0.245204866,-0.264250845,-0.04247231,-0.121047027,0.00698541,-0.000806567,-0.132423118,-0.374054044,-0.063117869,-0.151083305,-0.737912476,0.022121781
38.31666667,-0.035373513,0.050337732,-0.696236134,0.166853011,0.119909361,-0.371673912,0.245546788,-0.004201029,-0.176286221,0.242517427,-0.211284399,-0.058574338,0.120487258,-0.005360751,0.002239677,0.137025237,-0.375439674,-0.102378555,0.195143357,-0.711864412,-0.023416733,-0.199190989,0.115447327,-0.423646331,-0.252810448,-0.028893305,-0.172915444,-0.245765805,-0.269468307,-0.040109389,-0.121133782,0.006956869,-0.000686634,-0.133182406,-0.374363452,-0.069592871,-0.151233986,-0.738930702,0.014114827
38.33333333,-0.036749609,0.075850628,-0.70748812,0.166658357,0.128167942,-0.373213947,0.245526597,-0.007581697,-0.190714359,0.238157421,-0.214377463,-0.090745091,0.120605037,-0.005359599,0.001425379,0.135555267,-0.377497554,-0.102552913,0.19489257,-0.712890327,-0.022977149,-0.200791672,0.1233349,-0.424160391,-0.254742026,-0.030786579,-0.173692405,-0.249990538,-0.271693051,-0.049649216,-0.121267594,0.006944594,6.08E-05,-0.133646354,-0.374722302,-0.069786876,-0.152251929,-0.739629328,0.013700379
38.35,-0.036616776,0.092501089,-0.71032232,0.166555569,0.137452513,-0.374193609,0.245068774,-0.005183423,-0.197102994,0.233117849,-0.215552613,-0.101064973,0.120725691,-0.005337823,0.001424845,0.135292977,-0.388742208,-0.093487479,0.194797829,-0.721536994,-0.00789197,-0.201048657,0.128912076,-0.425489247,-0.25663057,-0.033518448,-0.181454673,-0.253300607,-0.275375098,-0.069357246,-0.121406384,0.006892755,5.88E-05,-0.133782402,-0.374934435,-0.073955826,-0.153855875,-0.740232646,0.014268808
38.36666667,-0.03770959,0.090992786,-0.704737365,0.166082203,0.140671536,-0.375048399,0.243979976,-0.006432609,-0.209706336,0.228472739,-0.215871245,-0.122549243,0.121063657,-0.005325351,0.001404098,0.13253805,-0.398291588,-0.08731138,0.193070412,-0.72856009,0.00120366,-0.202201739,0.130359665,-0.425532252,-0.259530783,-0.035433739,-0.18833366,-0.254088879,-0.28037706,-0.085657626,-0.12174271,0.006860394,7.72E-05,-0.133762613,-0.375680268,-0.073873945,-0.155809775,-0.74065125,0.015560502
38.38333333,-0.037711695,0.102034688,-0.709261477,0.165651903,0.146448687,-0.389554799,0.244475111,-0.007708103,-0.249633089,0.228783965,-0.221276298,-0.187912554,0.121282026,-0.005180444,5.62E-05,0.126469359,-0.404240459,-0.089187622,0.192822412,-0.738778353,0.000697284,-0.202120125,0.133730143,-0.433039159,-0.258941591,-0.039496623,-0.226177201,-0.250444889,-0.284285247,-0.149647862,-0.121952996,0.006665904,0.001279643,-0.132544383,-0.379043341,-0.076102123,-0.155810699,-0.742961645,0.015750466
38.4,-0.03933407,0.106070608,-0.705767751,0.162174791,0.152610525,-0.398016065,0.239564493,-0.008169641,-0.299554795,0.219436452,-0.22734113,-0.278318793,0.121231034,-0.00514009,-0.000444589,0.119434692,-0.415575922,-0.086857095,0.190363407,-0.746037543,0.007928959,-0.20153214,0.145065814,-0.433660507,-0.260526657,-0.041530456,-0.275666803,-0.248996034,-0.282530397,-0.240971878,-0.121887609,0.006596012,0.001694335,-0.132006302,-0.381799728,-0.077687189,-0.1558851,-0.74335295,0.016285872
38.41666667,-0.038873572,0.109521836,-0.703894258,0.159659997,0.161543772,-0.409496009,0.23541981,-0.008952263,-0.341860354,0.21151115,-0.232679337,-0.358920395,0.120879434,-0.004844943,-0.000837765,0.113277227,-0.421060473,-0.086476356,0.18947418,-0.751879632,0.013112165,-0.199597359,0.152718872,-0.440374136,-0.260689706,-0.047046788,-0.319649011,-0.246427074,-0.280788481,-0.309693217,-0.121515758,0.006225497,0.001987874,-0.131996542,-0.384925693,-0.077274889,-0.155710459,-0.743486583,0.027565934
38.43333333,-0.038323585,0.131510749,-0.692793608,0.158229381,0.191624716,-0.412261546,0.230322018,-0.002991727,-0.35304448,0.202453315,-0.232360229,-0.386609703,0.120401524,-0.00474164,-0.001127976,0.108000323,-0.434252471,-0.074082643,0.174137324,-0.75248909,0.059479076,-0.196879938,0.182094753,-0.439703673,-0.26340422,-0.033241458,-0.327378839,-0.246549532,-0.256409556,-0.337125987,-0.121047586,0.006071492,0.002218637,-0.143648162,-0.389019221,-0.066103391,-0.156989545,-0.743141592,0.066629432
38.45,-0.038378071,0.15044792,-0.680711627,0.157115713,0.209023669,-0.409131259,0.227323502,0.003088653,-0.348194897,0.199176416,-0.23088856,-0.390320688,0.120108418,-0.004482288,-0.001722771,0.103699692,-0.439733148,-0.061195679,0.169697657,-0.751281321,0.094510883,-0.19576247,0.193651617,-0.434230506,-0.264819533,-0.028942471,-0.313511133,-0.246628597,-0.249551311,-0.322933435,-0.120767452,0.005723569,0.002752128,-0.144567892,-0.390947014,-0.0590805,-0.157022431,-0.741750777,0.079836406
38.46666667,-0.038769819,0.170738935,-0.663094819,0.156170905,0.225222558,-0.40761596,0.22622785,0.016198339,-0.356555849,0.19848904,-0.218919218,-0.404271275,0.119765185,-0.004513647,-0.002527125,0.101295926,-0.435519636,-0.072310634,0.169256777,-0.747418225,0.079391316,-0.191703707,0.216783196,-0.429071099,-0.265137494,-0.012988936,-0.331402302,-0.2465581,-0.231877565,-0.367919803,-0.12043421,0.00572878,0.003471624,-0.155173063,-0.387512326,-0.069504723,-0.157045096,-0.734740615,0.074881643
38.48333333,-0.037048787,0.189341545,-0.664684176,0.155988634,0.233622357,-0.41952318,0.225984141,0.0244717,-0.391453564,0.197458237,-0.208141223,-0.449130476,0.119225167,-0.004474362,-0.004105567,0.097215764,-0.428472728,-0.08180014,0.169704348,-0.744160235,0.071435548,-0.187763125,0.228850797,-0.43137148,-0.264869392,-0.000834583,-0.366092205,-0.246618688,-0.22010687,-0.414699614,-0.119904108,0.005670234,0.004912122,-0.15704751,-0.38562423,-0.070063405,-0.156517804,-0.734476864,0.072285786
38.5,-0.036785398,0.218802571,-0.66223979,0.155763075,0.256713957,-0.421760321,0.225367695,0.039923642,-0.404319942,0.196049049,-0.188824341,-0.46696952,0.118706495,-0.004465329,-0.006057146,0.096324302,-0.428073466,-0.08834821,0.171658307,-0.742110074,0.063315369,-0.185176268,0.24628529,-0.43132776,-0.263869137,0.012231941,-0.381207079,-0.247234851,-0.200668246,-0.44140777,-0.119404048,0.005652504,0.006751625,-0.165461451,-0.384576589,-0.070849568,-0.156704918,-0.731160283,0.078424916
38.51666667,-0.028629128,0.264482111,-0.660006881,0.156398728,0.270862043,-0.419650286,0.224963129,0.05020104,-0.404660732,0.196301863,-0.179279789,-0.467186451,0.118431941,-0.004446377,-0.008228756,0.094392173,-0.421104103,-0.108083092,0.174558192,-0.740362465,0.038022559,-0.18049784,0.256535739,-0.428128719,-0.261719167,0.018609094,-0.389443129,-0.247866556,-0.19142738,-0.448479205,-0.119186074,0.005595305,0.008780274,-0.167442203,-0.382247061,-0.071270622,-0.156802982,-0.731574118,0.077673838
38.53333333,-0.01902887,0.28220427,-0.646871269,0.16221112,0.282454878,-0.41869694,0.225363538,0.058796596,-0.401453972,0.197137356,-0.168634132,-0.465550482,0.118176907,-0.004437875,-0.010898373,0.092925079,-0.413163215,-0.114634097,0.179969162,-0.735326231,0.028783143,-0.173747286,0.273631752,-0.417703182,-0.258148938,0.029970923,-0.378296494,-0.247921616,-0.179523274,-0.440333962,-0.118919536,0.005577961,0.011429076,-0.167443618,-0.381757021,-0.069012441,-0.155564651,-0.731743872,0.076934665
38.55,-0.017774329,0.319202006,-0.622477591,0.164522335,0.301761687,-0.402233809,0.225466594,0.072117448,-0.389725149,0.197671458,-0.158004612,-0.449732304,0.118043125,-0.004282657,-0.012106908,0.091936693,-0.402171254,-0.129973203,0.180669472,-0.730106354,0.006006975,-0.172220752,0.287837952,-0.394076854,-0.256086886,0.041082211,-0.365535408,-0.248981357,-0.169070885,-0.419758141,-0.118811324,0.005348279,0.012590811,-0.16795826,-0.378531128,-0.068639308,-0.155940533,-0.732067525,0.074924156
38.56666667,-0.017193491,0.344234377,-0.616991997,0.166204751,0.308307886,-0.391713858,0.225644708,0.079286292,-0.38183102,0.197926745,-0.154991642,-0.434175968,0.118068904,-0.004243291,-0.012027261,0.09392792,-0.398405313,-0.137590602,0.183493748,-0.727864146,0.000244672,-0.171658382,0.294580996,-0.387577951,-0.252394974,0.049975913,-0.360405654,-0.24976103,-0.161247417,-0.405322522,-0.118889622,0.005241338,0.012521797,-0.167599425,-0.373925596,-0.068864502,-0.157227367,-0.732231855,0.065420263
38.58333333,-0.0147881,0.373319536,-0.589687347,0.169949025,0.332463801,-0.373341769,0.225800052,0.096317321,-0.37937364,0.198239312,-0.138546512,-0.425750166,0.118092224,-0.003614224,-0.012459668,0.095461063,-0.385733843,-0.14590241,0.184718862,-0.710160732,0.000957974,-0.170579121,0.311453044,-0.36408636,-0.250773102,0.065798834,-0.345399588,-0.250359714,-0.142129093,-0.393725574,-0.118914515,0.00450584,0.012958483,-0.168134034,-0.369502038,-0.069313206,-0.156926885,-0.723199785,0.066425554
38.6,-0.013130408,0.405296326,-0.557993114,0.172865346,0.35457021,-0.351471484,0.225925565,0.115801252,-0.356325299,0.200652406,-0.117750391,-0.424918205,0.118107736,-0.00298944,-0.012491243,0.100307256,-0.374350131,-0.141728058,0.184898153,-0.691612184,0.006573425,-0.169902369,0.338062763,-0.342081517,-0.250081241,0.095512241,-0.316785008,-0.251652032,-0.116833843,-0.382319719,-0.118919328,0.003820463,0.013013945,-0.1677448,-0.364946872,-0.069181807,-0.15688701,-0.707107723,0.076177046
38.61666667,-0.011579222,0.424230158,-0.541866422,0.174494252,0.368774951,-0.33979705,0.226912677,0.131717026,-0.341582417,0.206375256,-0.100509621,-0.423456103,0.118090123,-0.002657101,-0.01266494,0.102070183,-0.366952688,-0.138948783,0.184762597,-0.679253638,0.017471602,-0.168950126,0.35509637,-0.331695944,-0.250099331,0.112042457,-0.302845776,-0.253172457,-0.103862904,-0.371996522,-0.118883766,0.003449492,0.01321955,-0.167388484,-0.36214745,-0.064735487,-0.157225013,-0.697319567,0.092299856
38.63333333,-0.007377988,0.443322808,-0.518601477,0.175604776,0.386543393,-0.321989983,0.228252158,0.149809062,-0.326085657,0.210936427,-0.086008288,-0.416924298,0.118089445,-0.002220398,-0.012602665,0.111581415,-0.360826522,-0.13823919,0.184141368,-0.668973863,0.031484015,-0.168514892,0.373073965,-0.317974895,-0.250159383,0.130506814,-0.292517334,-0.253175199,-0.087740794,-0.363334924,-0.118874647,0.002962639,0.013176969,-0.16584602,-0.358720243,-0.061672561,-0.157313615,-0.686207652,0.103277273
38.65,-0.007151662,0.45196566,-0.510907114,0.175369039,0.38647911,-0.316720963,0.228488877,0.154395923,-0.317291409,0.214445159,-0.08212287,-0.40669769,0.118091054,-0.002011015,-0.011601324,0.119645588,-0.359859645,-0.134899467,0.17980504,-0.663811862,0.056123909,-0.168751866,0.381813437,-0.315602601,-0.250998437,0.142771944,-0.289184302,-0.253800184,-0.082069501,-0.355834812,-0.118866891,0.002718535,0.01227596,-0.164888442,-0.357486129,-0.060848422,-0.157671019,-0.679424644,0.11129012
38.66666667,-0.006453136,0.458097637,-0.504630268,0.175129503,0.388807952,-0.312291205,0.228434637,0.156606928,-0.311068565,0.214775041,-0.080449179,-0.394616693,0.118062541,-0.001973699,-0.011337196,0.119040057,-0.358752877,-0.134523585,0.175687641,-0.66075331,0.061627343,-0.168886513,0.388462931,-0.311295629,-0.251704514,0.151021466,-0.284061641,-0.256298393,-0.075764902,-0.34630549,-0.118811145,0.00266665,0.012040888,-0.164567634,-0.355626851,-0.056838393,-0.158296809,-0.674828529,0.119567573
38.68333333,-0.005037143,0.471151829,-0.502016544,0.174954906,0.38582328,-0.306089789,0.228347674,0.156193331,-0.297944099,0.215430424,-0.083877131,-0.36629495,0.118036546,-0.001899402,-0.010069128,0.121725492,-0.361049503,-0.123493686,0.174597025,-0.664700866,0.078029521,-0.168989599,0.386812806,-0.30947268,-0.253092349,0.151955575,-0.276264071,-0.258606285,-0.080377087,-0.325220913,-0.118753351,0.002566863,0.010846613,-0.160934478,-0.356191158,-0.051391046,-0.158084959,-0.674965441,0.130851254
38.7,-0.002979192,0.486910403,-0.494657367,0.174812421,0.388896555,-0.29704991,0.228815138,0.160859481,-0.288773477,0.217124104,-0.082135096,-0.354430586,0.118032373,-0.001786746,-0.008333427,0.125301301,-0.361659855,-0.124431744,0.172263965,-0.664524436,0.07294637,-0.169117853,0.389569193,-0.305520147,-0.253437817,0.15364565,-0.273379952,-0.259472489,-0.081836209,-0.319523096,-0.118734591,0.002423278,0.009173685,-0.158525974,-0.355915904,-0.052908421,-0.155784592,-0.671089113,0.124719031
38.71666667,-0.001611118,0.498879582,-0.487408906,0.17551665,0.39392662,-0.29277119,0.228951141,0.165026188,-0.285017788,0.217617154,-0.077416562,-0.349411279,0.118015885,-0.001685549,-0.007205077,0.132350445,-0.362233758,-0.119102992,0.172383726,-0.664258003,0.084989868,-0.168473005,0.3958278,-0.301628232,-0.253229946,0.160114542,-0.270690709,-0.259398669,-0.077615559,-0.316077471,-0.118694596,0.002294895,0.008081618,-0.155188009,-0.356182545,-0.0464883,-0.152388006,-0.667882681,0.139847249
38.73333333,0.000246515,0.499387741,-0.48842293,0.17566514,0.394746363,-0.294285744,0.228831336,0.164814681,-0.286731452,0.217557997,-0.078993872,-0.349689573,0.11799714,-0.001647531,-0.006954929,0.132502079,-0.362934411,-0.112082951,0.171447679,-0.663888454,0.094991527,-0.168292195,0.39821592,-0.303066283,-0.251716048,0.160441726,-0.271860391,-0.258731037,-0.078499332,-0.316058218,-0.118651263,0.002242343,0.007850127,-0.150867999,-0.356434524,-0.035976041,-0.151092872,-0.666194141,0.154199809
38.75,0.000859922,0.513491213,-0.48009181,0.175755918,0.398005098,-0.280599892,0.229655609,0.168833226,-0.266390383,0.220589951,-0.078838348,-0.324912548,0.117979579,-0.001454239,-0.006297526,0.134180963,-0.363480866,-0.105367765,0.171513304,-0.664321899,0.099735588,-0.169198051,0.400179386,-0.294170499,-0.250790745,0.162541524,-0.256156266,-0.257821023,-0.080687843,-0.297422379,-0.118611686,0.002013722,0.007221177,-0.141895846,-0.358222008,-0.013994521,-0.150508955,-0.6677652,0.177874237
38.76666667,0.000924633,0.508526564,-0.483718187,0.175445348,0.398412973,-0.284903705,0.229654565,0.169647872,-0.272069454,0.220839798,-0.078655683,-0.329890817,0.117846802,-0.001307472,-0.005865634,0.133437037,-0.364432782,-0.092106491,0.171366081,-0.664829791,0.10886351,-0.169710264,0.401274472,-0.297566235,-0.249977991,0.163789928,-0.260289252,-0.257551461,-0.080687918,-0.301927894,-0.118433788,0.001845598,0.006803279,-0.138377801,-0.362090707,0.005495805,-0.1503575,-0.668945253,0.197377607
38.78333333,0.00077073,0.511859,-0.486462295,0.175401285,0.398205191,-0.288749278,0.229796544,0.16951333,-0.276253939,0.221573547,-0.077921629,-0.334513962,0.11774464,-0.001133452,-0.005726635,0.133459941,-0.364658415,-0.083156049,0.171413198,-0.665020764,0.112964816,-0.169754118,0.401610315,-0.300312549,-0.2489288,0.164130449,-0.262828857,-0.256795466,-0.080749296,-0.305110693,-0.118301548,0.001653568,0.006666721,-0.133351162,-0.367981672,0.026024552,-0.149750069,-0.671158671,0.220003471
38.8,0.000723481,0.5192734,-0.48071754,0.175494298,0.399531096,-0.284359515,0.229808718,0.170821831,-0.269689173,0.222267896,-0.077346787,-0.325743854,0.117647789,-0.00108076,-0.005486463,0.13409619,-0.366168708,-0.064128891,0.171476468,-0.665698111,0.133629292,-0.169795975,0.405443966,-0.295347482,-0.247271642,0.170605093,-0.254271924,-0.2564812,-0.077072866,-0.295729607,-0.118173778,0.001588001,0.006441053,-0.131575882,-0.370844036,0.042028882,-0.149591252,-0.671848357,0.240213394
38.81666667,0.002939618,0.52666676,-0.468624264,0.176679894,0.407255083,-0.266588211,0.230046079,0.178024858,-0.245057166,0.22458759,-0.070374705,-0.305220902,0.117627218,-0.001056065,-0.00502508,0.134297788,-0.368052036,-0.045309838,0.171518192,-0.665757239,0.15715602,-0.169864088,0.414779156,-0.282234967,-0.245132536,0.179980561,-0.235686362,-0.254469216,-0.071443938,-0.28237626,-0.118140094,0.001558431,0.006008582,-0.130657047,-0.371589124,0.065709375,-0.149585471,-0.671559334,0.276981473
38.83333333,0.004522358,0.523295105,-0.469212443,0.177016094,0.407524973,-0.270243138,0.230871126,0.178301007,-0.251764685,0.225956038,-0.068121731,-0.311262935,0.117585301,-0.001024281,-0.00465394,0.134105444,-0.369880527,-0.052646928,0.171564996,-0.666018546,0.147906929,-0.169262931,0.414355576,-0.285391927,-0.2436838,0.178785428,-0.241479129,-0.251584142,-0.069788143,-0.287159055,-0.118081026,0.001520912,0.005658239,-0.130176693,-0.372016132,0.052634034,-0.146364614,-0.671778083,0.261497527
38.85,0.004549441,0.522676229,-0.471253991,0.176989704,0.407094717,-0.273420334,0.231026798,0.178265959,-0.256149471,0.226516515,-0.067026474,-0.31523484,0.117558889,-0.000947454,-0.004159984,0.133909121,-0.370214611,-0.058153126,0.171573669,-0.666458786,0.140752032,-0.168903604,0.412532091,-0.287224323,-0.242455959,0.176257193,-0.244139925,-0.248617336,-0.071060017,-0.289698541,-0.118042305,0.001437127,0.005187053,-0.130453587,-0.37228635,0.043647256,-0.145196944,-0.671589673,0.250994325
38.86666667,0.004954828,0.523819566,-0.470898598,0.177409321,0.406102538,-0.274975181,0.232167214,0.17772764,-0.258472085,0.228332102,-0.066630431,-0.317743123,0.117544964,-0.000922407,-0.003796679,0.13533181,-0.370785564,-0.06123713,0.171951383,-0.666698575,0.139447391,-0.167654037,0.411829799,-0.28882128,-0.241297111,0.175322369,-0.247006804,-0.246456727,-0.071304001,-0.292116612,-0.118024237,0.001411322,0.004839947,-0.130686626,-0.372298002,0.038253646,-0.142760113,-0.670488954,0.246807739
38.88333333,0.005606096,0.523095489,-0.470278889,0.177458197,0.406611741,-0.275896639,0.232819512,0.178334653,-0.260192782,0.230286837,-0.065634795,-0.319395602,0.117526107,-0.000894957,-0.003782219,0.13522622,-0.373518854,-0.063038319,0.1724246,-0.667770922,0.137571469,-0.167197973,0.41315493,-0.289346397,-0.240552634,0.176005602,-0.248832151,-0.245573714,-0.070329212,-0.293515503,-0.117995717,0.001380859,0.004824754,-0.131065801,-0.373359919,0.035088602,-0.141949147,-0.670954645,0.2435987
38.9,0.005694441,0.521521986,-0.471594155,0.177445754,0.40592137,-0.277844429,0.232734904,0.177668616,-0.264822662,0.230239943,-0.06629698,-0.326178193,0.117480658,-0.000869358,-0.003745157,0.135155529,-0.375261277,-0.063471526,0.172509909,-0.668660164,0.140568703,-0.166735247,0.412310809,-0.290286392,-0.240232453,0.175317958,-0.251830578,-0.245464683,-0.070535481,-0.29619801,-0.117936775,0.001350926,0.004791215,-0.130795628,-0.374487072,0.034073167,-0.14092575,-0.671598673,0.243721381
38.91666667,0.005673436,0.525286078,-0.470490336,0.177459568,0.406553447,-0.278315812,0.232160479,0.177615449,-0.265192777,0.230042234,-0.066101775,-0.326677322,0.117390685,-0.000846548,-0.00373429,0.133741409,-0.377865821,-0.051059686,0.172438636,-0.671225905,0.155449405,-0.166582972,0.411994338,-0.290963501,-0.240231127,0.175761983,-0.252338052,-0.245499641,-0.069650143,-0.296962351,-0.117832743,0.001326498,0.004780703,-0.130652264,-0.374945432,0.040599488,-0.140853658,-0.672019422,0.251479
38.93333333,0.005890712,0.528931677,-0.46870327,0.177560017,0.406542152,-0.278793961,0.231851846,0.177316144,-0.265585721,0.2299622,-0.066387862,-0.326870143,0.117339589,-0.000824885,-0.003714591,0.133091018,-0.379406601,-0.050520889,0.172410473,-0.673463047,0.154298291,-0.166074932,0.411985725,-0.291370422,-0.240059033,0.175908551,-0.252890944,-0.245363116,-0.069439396,-0.296336114,-0.117771916,0.001300563,0.004763304,-0.130627245,-0.375233322,0.040560119,-0.139709502,-0.672301412,0.251133084
38.95,0.006480885,0.531710148,-0.466194123,0.177786261,0.40705955,-0.27793327,0.231815889,0.177789599,-0.264126569,0.230206683,-0.066091567,-0.325186908,0.117264636,-0.000806297,-0.003575793,0.132969469,-0.380506217,-0.041357804,0.172458515,-0.673925281,0.164678484,-0.165649876,0.41241771,-0.291446865,-0.239554107,0.176745549,-0.253148258,-0.24475418,-0.068693362,-0.29599905,-0.117684506,0.001278004,0.00463245,-0.130291939,-0.375261813,0.042098772,-0.138357967,-0.67244029,0.252895862
38.96666667,0.006575575,0.535097957,-0.462656498,0.177901983,0.408084869,-0.274119407,0.231675893,0.178503469,-0.257894725,0.230188653,-0.065681599,-0.318609416,0.117220834,-0.000786816,-0.003547149,0.131919384,-0.381797135,-0.034174953,0.172324896,-0.674362242,0.171987504,-0.165596902,0.413154036,-0.288735062,-0.237848893,0.176949367,-0.248924121,-0.243188992,-0.068788096,-0.291429728,-0.117633238,0.001255187,0.004606796,-0.13029018,-0.375241965,0.047152407,-0.138131887,-0.67235142,0.260250688
38.98333333,0.007196261,0.540985227,-0.455770344,0.17908901,0.410901874,-0.262723476,0.231673405,0.181336448,-0.239322603,0.231326163,-0.0634882,-0.301591635,0.117218159,-0.000772667,-0.003338883,0.131543338,-0.383424401,-0.013219812,0.172304362,-0.674114645,0.198999926,-0.165586635,0.41495508,-0.280503213,-0.235383391,0.178199217,-0.23386772,-0.241989493,-0.06889303,-0.276550919,-0.117620818,0.001237095,0.00441092,-0.130357251,-0.375059187,0.060035083,-0.138089404,-0.670264184,0.279693037
39,0.007327559,0.543434739,-0.453881532,0.180489436,0.412475944,-0.255477607,0.231582209,0.181821033,-0.227196559,0.231691882,-0.063369967,-0.28981334,0.117248803,-0.00076883,-0.003276933,0.130026743,-0.386378109,0.007348518,0.171919286,-0.674127877,0.224491358,-0.165786877,0.416560262,-0.274217427,-0.232134864,0.178544521,-0.221157163,-0.240779743,-0.069371752,-0.265913785,-0.117642373,0.00123035,0.004352076,-0.130006537,-0.375022769,0.076685973,-0.138155505,-0.669291258,0.301485509
