Time_Seconds,FullBody:Hip_X,FullBody:Hip_Y,FullBody:Hip_Z,FullBody:Ab_X,FullBody:Ab_Y,FullBody:Ab_Z,FullBody:Chest_X,FullBody:Chest_Y,FullBody:Chest_Z,FullBody:Neck_X,FullBody:Neck_Y,FullBody:Neck_Z,FullBody:Head_X,FullBody:Head_Y,FullBody:Head_Z,FullBody:LShoulder_X,FullBody:LShoulder_Y,FullBody:LShoulder_Z,FullBody:LUArm_X,FullBody:LUArm_Y,FullBody:LUArm_Z,FullBody:LFArm_X,FullBody:LFArm_Y,FullBody:LFArm_Z,FullBody:LHand_X,FullBody:LHand_Y,FullBody:LHand_Z,FullBody:RShoulder_X,FullBody:RShoulder_Y,FullBody:RShoulder_Z,FullBody:RUArm_X,FullBody:RUArm_Y,FullBody:RUArm_Z,FullBody:RFArm_X,FullBody:RFArm_Y,FullBody:RFArm_Z,FullBody:RHand_X,FullBody:RHand_Y,FullBody:RHand_Z,FullBody:LThigh_X,FullBody:LThigh_Y,FullBody:LThigh_Z,FullBody:LShin_X,FullBody:LShin_Y,FullBody:LShin_Z,FullBody:LFoot_X,FullBody:LFoot_Y,FullBody:LFoot_Z,FullBody:RThigh_X,FullBody:RThigh_Y,FullBody:RThigh_Z,FullBody:RShin_X,FullBody:RShin_Y,FullBody:RShin_Z,FullBody:RFoot_X,FullBody:RFoot_Y,FullBody:RFoot_Z
25,0,0,0,0.000702,0.076003,-0.017966,0.00415,0.269684,-0.050735,0.014279,0.476455,-0.113413,0.001344,0.612842,-0.172792,0.0489,0.414441,-0.088584,0.152222,0.394257,-0.07153,0.234406,0.144002,0.012508,0.229582,-0.090339,-0.041176,-0.026638,0.417335,-0.091243,-0.13285,0.410254,-0.084735,-0.22684,0.160213,-0.013396,-0.233276,-0.074253,-0.066362,0.094636,-0.001321,-0.001891,0.14857,-0.470582,0.061365,0.179262,-0.792719,0.180846,-0.094636,0.001321,0.00189,-0.159488,-0.470456,0.020245,-0.203852,-0.792529,0.13553
25.016666,0,0,0,0.000814,0.075513,-0.019317,0.004446,0.268319,-0.056077,0.014902,0.473343,-0.123306,0.002405,0.608131,-0.185652,0.049418,0.412146,-0.097074,0.152668,0.39211,-0.079422,0.234965,0.143609,0.00956,0.230705,-0.09175,-0.039523,-0.02611,0.415039,-0.099999,-0.132343,0.408094,-0.093693,-0.227439,0.159716,-0.018133,-0.234393,-0.075634,-0.066954,0.094643,-0.001384,-0.00142,0.149486,-0.470743,0.060313,0.180648,-0.793228,0.178726,-0.094643,0.001384,0.001421,-0.159313,-0.470438,0.019257,-0.203851,-0.792725,0.133876
25.033333,0,0,0,0.000871,0.074974,-0.020737,0.004613,0.266748,-0.061801,0.01539,0.469802,-0.133904,0.003435,0.602827,-0.199416,0.049799,0.40951,-0.106154,0.152982,0.389732,-0.087836,0.235398,0.143261,0.006525,0.231611,-0.093099,-0.037534,-0.025718,0.412362,-0.109409,-0.131981,0.405558,-0.103468,-0.228371,0.159104,-0.023387,-0.235823,-0.077157,-0.06751,0.094649,-0.00137,-0.000978,0.150301,-0.470816,0.059355,0.181915,-0.793687,0.17659,-0.094649,0.001371,0.000979,-0.159213,-0.470492,0.018112,-0.203998,-0.792876,0.13236
25.05,0,0,0,0.000965,0.074369,-0.022034,0.004832,0.264969,-0.067274,0.015899,0.465963,-0.144229,0.004457,0.59711,-0.213003,0.050205,0.406594,-0.114954,0.153311,0.387107,-0.095904,0.235697,0.142739,0.003798,0.232387,-0.094533,-0.03509,-0.025298,0.409366,-0.118571,-0.131588,0.402637,-0.113036,-0.229307,0.158248,-0.028365,-0.237282,-0.078841,-0.067687,0.094653,-0.001354,-0.000427,0.15106,-0.470849,0.058807,0.183141,-0.794124,0.1748,-0.094653,0.001355,0.000426,-0.159075,-0.470541,0.017155,-0.204185,-0.792958,0.131183
25.066666,0,0,0,0.001052,0.073762,-0.02323,0.005061,0.263134,-0.072448,0.016422,0.461968,-0.153978,0.005465,0.591168,-0.225792,0.050625,0.403596,-0.123282,0.153646,0.384379,-0.103508,0.235953,0.142123,0.001284,0.233051,-0.095921,-0.032597,-0.024862,0.406272,-0.127274,-0.131177,0.399565,-0.122205,-0.230126,0.157217,-0.033209,-0.238642,-0.080603,-0.067713,0.094654,-0.001336,4.40E-05,0.151862,-0.470849,0.058364,0.184531,-0.794521,0.173077,-0.094654,0.001336,-4.50E-05,-0.158988,-0.470594,0.016076,-0.204395,-0.792925,0.130229
25.083333,0,0,0,0.001138,0.073076,-0.024533,0.005311,0.261026,-0.07802,0.016997,0.457422,-0.164404,0.00663,0.584511,-0.239336,0.051091,0.400151,-0.132227,0.154023,0.381281,-0.111673,0.236202,0.141476,-0.001292,0.233684,-0.097277,-0.029791,-0.02438,0.402723,-0.136589,-0.130716,0.396023,-0.131967,-0.231019,0.155997,-0.038314,-0.240022,-0.082489,-0.067719,0.094654,-0.001317,0.000466,0.152695,-0.470843,0.057848,0.185998,-0.794917,0.171238,-0.094653,0.001318,-0.000466,-0.158968,-0.470645,0.01474,-0.204717,-0.792803,0.129242
25.1,0,0,0,0.001188,0.072356,-0.025675,0.005502,0.258753,-0.083301,0.017564,0.452599,-0.174508,0.007745,0.577497,-0.25254,0.051532,0.396438,-0.140867,0.154377,0.377972,-0.119525,0.236343,0.140777,-0.003493,0.234134,-0.098563,-0.02657,-0.02392,0.398908,-0.145596,-0.130277,0.392235,-0.141437,-0.231993,0.154692,-0.043097,-0.241461,-0.084358,-0.067312,0.094652,-0.001266,0.00081,0.153382,-0.470792,0.05749,0.187314,-0.795213,0.169692,-0.094652,0.001267,-0.00081,-0.159037,-0.47071,0.01363,-0.205196,-0.792634,0.128626
25.116666,0,0,0,0.001248,0.071505,-0.027326,0.005731,0.256204,-0.089458,0.018205,0.447345,-0.185416,0.009021,0.569998,-0.266412,0.052039,0.392351,-0.150363,0.154772,0.374256,-0.12818,0.236413,0.139788,-0.006512,0.23439,-0.099987,-0.024545,-0.023393,0.394723,-0.155444,-0.129758,0.388001,-0.15158,-0.23288,0.15304,-0.048611,-0.242791,-0.086438,-0.067931,0.094649,-0.001231,0.001102,0.154114,-0.470833,0.056364,0.188702,-0.795652,0.167207,-0.09465,0.001231,-0.001102,-0.159344,-0.470754,0.011586,-0.206087,-0.792394,0.127138
25.133333,0,0,0,0.00128,0.070721,-0.028364,0.005894,0.253628,-0.094559,0.01875,0.441911,-0.195279,0.01013,0.562172,-0.279284,0.052459,0.388133,-0.158823,0.155112,0.370478,-0.135928,0.236423,0.138979,-0.008488,0.234462,-0.10114,-0.021156,-0.022953,0.390378,-0.164253,-0.129331,0.383644,-0.160806,-0.233775,0.151342,-0.053236,-0.244207,-0.088482,-0.067283,0.094647,-0.001175,0.001339,0.154626,-0.470762,0.056171,0.189827,-0.795908,0.165857,-0.094647,0.001176,-0.001339,-0.159559,-0.470795,0.010771,-0.206801,-0.792192,0.126796
25.15,0,0,0,0.001361,0.069724,-0.030095,0.006235,0.250544,-0.101083,0.019568,0.435667,-0.206804,0.011508,0.553388,-0.293862,0.053127,0.383177,-0.168901,0.155667,0.365923,-0.145205,0.236574,0.137692,-0.011757,0.234554,-0.102646,-0.019165,-0.022263,0.385318,-0.17466,-0.128644,0.378508,-0.171467,-0.234484,0.14915,-0.059054,-0.245403,-0.090899,-0.067893,0.094642,-0.001126,0.001674,0.15532,-0.470794,0.055021,0.191263,-0.796338,0.163276,-0.094643,0.001126,-0.001674,-0.15998,-0.470824,0.008808,-0.208035,-0.791913,0.125353
25.166666,0,0,0,0.001476,0.068796,-0.031419,0.006696,0.247598,-0.106529,0.020521,0.429757,-0.216706,0.012948,0.545058,-0.306559,0.053931,0.378429,-0.177535,0.156388,0.361536,-0.153229,0.236978,0.136452,-0.014355,0.234751,-0.103986,-0.016749,-0.02144,0.380506,-0.183559,-0.127825,0.373652,-0.180569,-0.234833,0.14698,-0.063896,-0.246204,-0.09318,-0.067814,0.094637,-0.001153,0.001922,0.156005,-0.470844,0.054264,0.192608,-0.796644,0.161524,-0.094638,0.001153,-0.001922,-0.160258,-0.470776,0.007704,-0.208976,-0.791476,0.125041
25.183333,0,0,0,0.001579,0.067827,-0.03275,0.007147,0.244386,-0.112221,0.021486,0.42325,-0.227082,0.014423,0.535933,-0.319792,0.054742,0.373198,-0.186599,0.157107,0.356683,-0.161655,0.237356,0.135092,-0.017081,0.234799,-0.105338,-0.014213,-0.02061,0.375199,-0.19289,-0.126998,0.368316,-0.190107,-0.235122,0.144559,-0.06892,-0.246995,-0.095605,-0.067648,0.094631,-0.001131,0.002222,0.156592,-0.470863,0.053489,0.193842,-0.797002,0.159488,-0.094631,0.00113,-0.002221,-0.160452,-0.470791,0.006382,-0.209991,-0.791313,0.123861
25.2,0,0,0,0.001717,0.066812,-0.034072,0.007686,0.241039,-0.117769,0.022566,0.416558,-0.237154,0.015952,0.526562,-0.332668,0.055662,0.367764,-0.195415,0.157933,0.351656,-0.169828,0.237843,0.133593,-0.019805,0.234909,-0.106718,-0.011845,-0.01967,0.369703,-0.201953,-0.126062,0.362826,-0.1993,-0.235197,0.14208,-0.073585,-0.247561,-0.097978,-0.067247,0.094624,-0.001166,0.002481,0.157178,-0.470935,0.052685,0.195084,-0.797359,0.157565,-0.094624,0.001166,-0.002482,-0.160616,-0.47075,0.005034,-0.210925,-0.791382,0.121883
25.216666,0,0,0,0.001868,0.065816,-0.03531,0.008238,0.237738,-0.122949,0.023591,0.409995,-0.24641,0.017439,0.517476,-0.344336,0.056553,0.36245,-0.203587,0.158739,0.346722,-0.177429,0.238287,0.13206,-0.022393,0.235008,-0.108038,-0.009614,-0.018762,0.364324,-0.210337,-0.125158,0.357471,-0.207771,-0.235189,0.139663,-0.077784,-0.248053,-0.100203,-0.066826,0.094617,-0.001221,0.002727,0.157753,-0.471,0.052105,0.196305,-0.797701,0.155883,-0.094617,0.001222,-0.002727,-0.161129,-0.470636,0.003739,-0.212264,-0.790852,0.121368
25.233333,0,0,0,0.00197,0.064747,-0.036589,0.008707,0.234142,-0.128332,0.024579,0.402861,-0.256049,0.018802,0.507712,-0.356399,0.057393,0.35663,-0.212094,0.159489,0.341299,-0.185355,0.238716,0.130355,-0.025138,0.235057,-0.10942,-0.007361,-0.017903,0.35844,-0.219061,-0.124304,0.351626,-0.216574,-0.235214,0.137018,-0.082089,-0.248524,-0.102556,-0.066321,0.094609,-0.001183,0.002999,0.158177,-0.471022,0.051235,0.197272,-0.797905,0.154235,-0.094608,0.001183,-0.002999,-0.161414,-0.470644,0.002649,-0.213471,-0.790582,0.12063
25.25,0,0,0,0.002061,0.063652,-0.037825,0.009138,0.230434,-0.133556,0.02553,0.395504,-0.265306,0.020189,0.497666,-0.367906,0.058208,0.350634,-0.220354,0.160231,0.335648,-0.193142,0.239157,0.128482,-0.027926,0.235092,-0.11088,-0.005328,-0.017074,0.352416,-0.227487,-0.123477,0.345643,-0.225058,-0.235085,0.134249,-0.086134,-0.248783,-0.104953,-0.065738,0.094602,-0.001143,0.003233,0.158456,-0.471054,0.05038,0.198057,-0.798065,0.152778,-0.094602,0.001143,-0.003233,-0.161746,-0.470647,0.001471,-0.214674,-0.79032,0.119782
25.266666,0,0,0,0.002166,0.062569,-0.038958,0.009577,0.226779,-0.138373,0.026389,0.388417,-0.273797,0.021427,0.488112,-0.378408,0.058959,0.344799,-0.227941,0.160915,0.330164,-0.200293,0.239529,0.126538,-0.030587,0.235132,-0.112365,-0.003619,-0.016311,0.346539,-0.235209,-0.122717,0.339799,-0.232781,-0.234928,0.131444,-0.089811,-0.248853,-0.107342,-0.06514,0.094595,-0.00113,0.003445,0.158725,-0.471091,0.0497,0.198828,-0.798208,0.151564,-0.094594,0.00113,-0.003444,-0.162,-0.47063,0.000375,-0.215684,-0.790027,0.119091
25.283333,0,0,0,0.002268,0.061417,-0.040131,0.010036,0.222872,-0.143307,0.027332,0.380871,-0.28245,0.022764,0.477987,-0.389079,0.059779,0.338546,-0.235693,0.161666,0.324253,-0.207615,0.240021,0.12438,-0.033388,0.235109,-0.113972,-0.001994,-0.015479,0.340271,-0.243089,-0.121891,0.333662,-0.240581,-0.234795,0.12868,-0.093342,-0.2489,-0.109633,-0.064538,0.094589,-0.001147,0.00359,0.158975,-0.471163,0.048918,0.199613,-0.798324,0.150427,-0.094589,0.001146,-0.00359,-0.162317,-0.470574,-0.000573,-0.216785,-0.789697,0.118523
25.3,0,0,0,0.002364,0.060249,-0.041305,0.010533,0.218863,-0.148207,0.028371,0.37321,-0.290958,0.024139,0.467863,-0.399469,0.060676,0.332135,-0.243311,0.162495,0.318201,-0.214811,0.240735,0.122066,-0.036336,0.23531,-0.115692,-0.000797,-0.014568,0.333864,-0.250844,-0.120989,0.327406,-0.248306,-0.234584,0.125812,-0.096979,-0.248781,-0.111937,-0.063889,0.094585,-0.001194,0.003672,0.159193,-0.471228,0.048502,0.200423,-0.798541,0.14928,-0.094585,0.001194,-0.003672,-0.162603,-0.470489,-0.001405,-0.217789,-0.789424,0.117861
25.316666,0,0,0,0.002481,0.059113,-0.042386,0.011034,0.215086,-0.152548,0.029354,0.366076,-0.298456,0.025436,0.458498,-0.408588,0.061532,0.326153,-0.250035,0.163295,0.312575,-0.221164,0.241432,0.119946,-0.038867,0.235543,-0.117203,0.000469,-0.013698,0.327864,-0.25771,-0.120127,0.321568,-0.255073,-0.234326,0.123257,-0.099912,-0.2486,-0.113953,-0.063184,0.094576,-0.001175,0.003898,0.159393,-0.471225,0.048264,0.201098,-0.798624,0.148566,-0.094577,0.001175,-0.003897,-0.162648,-0.4705,-0.001683,-0.218443,-0.789565,0.116952
25.333333,0,0,0,0.002495,0.057985,-0.043627,0.011338,0.210938,-0.157631,0.030173,0.358042,-0.307012,0.026614,0.448013,-0.418823,0.062226,0.31942,-0.25779,0.163958,0.306229,-0.228631,0.242179,0.117265,-0.042572,0.235677,-0.119203,0.000582,-0.012994,0.321162,-0.265559,-0.119429,0.314977,-0.262926,-0.234271,0.120101,-0.103935,-0.248438,-0.116504,-0.063448,0.094584,-0.001315,0.003662,0.15949,-0.471426,0.047236,0.201828,-0.798944,0.146882,-0.094584,0.001316,-0.003662,-0.163073,-0.470303,-0.002775,-0.219411,-0.789313,0.115753
25.35,0,0,0,0.002559,0.056744,-0.04475,0.011575,0.206802,-0.162047,0.030685,0.350389,-0.314412,0.027364,0.438123,-0.427661,0.062683,0.31297,-0.264547,0.164382,0.300118,-0.235124,0.242534,0.114719,-0.045485,0.235439,-0.121019,0.001406,-0.012533,0.314689,-0.27236,-0.118975,0.308679,-0.269607,-0.234411,0.117216,-0.106942,-0.248626,-0.118717,-0.062724,0.094579,-0.001285,0.00378,0.159389,-0.47144,0.04703,0.202083,-0.799016,0.14633,-0.09458,0.001285,-0.00378,-0.163563,-0.470263,-0.003449,-0.220698,-0.788929,0.115619
25.366666,0,0,0,0.002645,0.055594,-0.045755,0.011838,0.202822,-0.166157,0.03109,0.342975,-0.321294,0.027953,0.428569,-0.435833,0.063073,0.306746,-0.270869,0.164748,0.294233,-0.241218,0.242874,0.112117,-0.048413,0.235161,-0.122938,0.001695,-0.012143,0.308411,-0.278699,-0.118591,0.302559,-0.275859,-0.234706,0.114331,-0.109933,-0.248862,-0.120969,-0.062444,0.09457,-0.001153,0.004066,0.159314,-0.471374,0.046679,0.202253,-0.799047,0.145556,-0.094569,0.001153,-0.004065,-0.164188,-0.470302,-0.004129,-0.222233,-0.788558,0.115594
25.383333,0,0,0,0.002715,0.054422,-0.046845,0.012159,0.198624,-0.170541,0.031614,0.335126,-0.328595,0.028628,0.418543,-0.444475,0.063564,0.30009,-0.277555,0.165238,0.287904,-0.247764,0.243527,0.109211,-0.051846,0.235038,-0.125124,0.001411,-0.011652,0.301747,-0.285383,-0.118109,0.296096,-0.282464,-0.234914,0.111224,-0.113281,-0.248839,-0.123412,-0.062549,0.094566,-0.001136,0.004161,0.1593,-0.471433,0.045957,0.202572,-0.79918,0.14444,-0.094565,0.001137,-0.004161,-0.16446,-0.470276,-0.005062,-0.223306,-0.788279,0.114941
25.4,0,0,0,0.002784,0.053199,-0.047839,0.012427,0.194302,-0.174657,0.032065,0.327191,-0.335466,0.029236,0.408501,-0.452585,0.063985,0.293344,-0.283846,0.165664,0.281509,-0.253933,0.244114,0.106112,-0.055123,0.234862,-0.12751,0.001059,-0.01123,0.29496,-0.291695,-0.117691,0.28942,-0.2887,-0.235054,0.107653,-0.116565,-0.248751,-0.126277,-0.062616,0.094562,-0.00113,0.004248,0.159247,-0.471515,0.045111,0.202845,-0.799297,0.143335,-0.094562,0.001131,-0.004247,-0.164503,-0.470273,-0.005928,-0.224124,-0.788062,0.114261
25.416666,0,0,0,0.002877,0.052068,-0.048759,0.012721,0.19026,-0.178425,0.032478,0.31982,-0.341667,0.029786,0.399224,-0.459859,0.064388,0.287049,-0.289566,0.166072,0.275506,-0.259553,0.244721,0.103061,-0.058255,0.234737,-0.129903,0.000476,-0.010828,0.288653,-0.297396,-0.117295,0.283269,-0.294331,-0.235218,0.104403,-0.119559,-0.248652,-0.128872,-0.062785,0.094558,-0.001171,0.004329,0.159151,-0.471619,0.044607,0.203054,-0.79948,0.142431,-0.094557,0.00117,-0.004328,-0.164276,-0.470262,-0.007049,-0.224546,-0.787762,0.113578
25.433333,0,0,0,0.002989,0.050853,-0.04965,0.013146,0.185971,-0.182123,0.03314,0.31208,-0.347788,0.030614,0.389547,-0.467049,0.06501,0.280377,-0.295205,0.166682,0.269078,-0.26506,0.245586,0.099703,-0.06127,0.234865,-0.132584,-3.80E-05,-0.010207,0.282034,-0.303022,-0.116679,0.276802,-0.299868,-0.235094,0.100927,-0.122415,-0.248189,-0.13164,-0.062728,0.094553,-0.001273,0.004389,0.159239,-0.471757,0.044089,0.203584,-0.799659,0.141575,-0.094554,0.001273,-0.004389,-0.163915,-0.470206,-0.007921,-0.224663,-0.787467,0.113097
25.45,0,0,0,0.003075,0.049673,-0.050522,0.013511,0.181739,-0.185714,0.033769,0.304425,-0.353699,0.03135,0.380005,-0.47398,0.065587,0.273773,-0.300639,0.167249,0.26273,-0.270367,0.246428,0.096252,-0.06431,0.234934,-0.135377,-0.00077,-0.009628,0.275467,-0.308471,-0.116108,0.270457,-0.305247,-0.234993,0.097545,-0.125214,-0.247848,-0.134334,-0.062856,0.094552,-0.001394,0.004385,0.159253,-0.471926,0.043485,0.20402,-0.79985,0.140707,-0.094552,0.001394,-0.004385,-0.163671,-0.470115,-0.008703,-0.224859,-0.787159,0.112658
25.466666,0,0,0,0.003158,0.048549,-0.051265,0.013876,0.177773,-0.188822,0.03438,0.297268,-0.358809,0.032041,0.371104,-0.47993,0.066152,0.267614,-0.305379,0.167816,0.256805,-0.275025,0.247245,0.093031,-0.066907,0.235007,-0.137995,-0.001343,-0.009059,0.269344,-0.313234,-0.115547,0.264547,-0.309927,-0.234845,0.09434,-0.127605,-0.247354,-0.136902,-0.062856,0.09455,-0.001524,0.004381,0.159321,-0.472085,0.043026,0.204528,-0.799992,0.140099,-0.09455,0.001524,-0.004381,-0.163419,-0.470015,-0.009227,-0.224968,-0.786889,0.112396
25.483333,0,0,0,0.00326,0.04739,-0.052041,0.014322,0.173685,-0.191976,0.035122,0.2899,-0.363947,0.032921,0.361889,-0.485949,0.066835,0.261255,-0.310144,0.168496,0.250683,-0.2797,0.248243,0.089682,-0.06955,0.235275,-0.140737,-0.002021,-0.008371,0.263031,-0.31804,-0.114866,0.258453,-0.31465,-0.234478,0.091034,-0.129966,-0.246512,-0.139566,-0.062881,0.094547,-0.001715,0.004362,0.159445,-0.472295,0.042563,0.205164,-0.800155,0.139553,-0.094548,0.001715,-0.004363,-0.163099,-0.469866,-0.009613,-0.224898,-0.786596,0.112261
25.5,0,0,0,0.003317,0.046179,-0.05276,0.014645,0.169462,-0.194982,0.035814,0.282585,-0.368799,0.033765,0.352877,-0.491639,0.067446,0.25483,-0.314623,0.169081,0.244467,-0.284019,0.249348,0.086235,-0.071972,0.235579,-0.143611,-0.002669,-0.007754,0.256718,-0.322553,-0.114258,0.252422,-0.319097,-0.234083,0.087683,-0.132156,-0.245654,-0.142273,-0.062818,0.094549,-0.001951,0.004235,0.159636,-0.472523,0.042207,0.205958,-0.800376,0.138937,-0.094549,0.001952,-0.004235,-0.16275,-0.469676,-0.00987,-0.224696,-0.786331,0.112121
25.516666,0,0,0,0.003442,0.045253,-0.053594,0.015034,0.165595,-0.198334,0.036265,0.275392,-0.374084,0.034289,0.343941,-0.497734,0.067901,0.24866,-0.319557,0.169578,0.23851,-0.289022,0.250035,0.0826,-0.075334,0.235551,-0.146697,-0.00438,-0.0073,0.250535,-0.327471,-0.113808,0.246368,-0.32397,-0.234029,0.084104,-0.135127,-0.245111,-0.145243,-0.063724,0.094538,-0.001824,0.004531,0.159738,-0.472452,0.041607,0.206208,-0.800554,0.137416,-0.094538,0.001825,-0.00453,-0.162485,-0.469831,-0.010821,-0.224918,-0.786455,0.111005
25.533333,0,0,0,0.003551,0.044155,-0.054431,0.015422,0.161496,-0.201531,0.036753,0.26814,-0.379011,0.034807,0.334931,-0.50344,0.068392,0.242328,-0.32421,0.170099,0.232414,-0.293699,0.251012,0.079124,-0.078294,0.235844,-0.149637,-0.00577,-0.006814,0.244292,-0.332069,-0.113328,0.240424,-0.328409,-0.233758,0.080546,-0.137676,-0.244273,-0.148201,-0.064287,0.094531,-0.001876,0.004646,0.16005,-0.472526,0.04086,0.206869,-0.800691,0.136282,-0.094531,0.001875,-0.004646,-0.162098,-0.46983,-0.01134,-0.224878,-0.786448,0.110323
25.55,0,0,0,0.003607,0.043016,-0.055211,0.015663,0.15735,-0.204525,0.037132,0.260841,-0.383619,0.035332,0.325905,-0.508744,0.068757,0.235981,-0.328573,0.170482,0.226389,-0.298016,0.251772,0.075755,-0.080886,0.235956,-0.152497,-0.006912,-0.006447,0.237984,-0.336431,-0.112966,0.234285,-0.332759,-0.233679,0.076999,-0.140059,-0.243659,-0.151082,-0.064555,0.094529,-0.001941,0.004664,0.160303,-0.4726,0.040304,0.207498,-0.800872,0.13517,-0.094529,0.00194,-0.004663,-0.161804,-0.469802,-0.011691,-0.224953,-0.786393,0.10985
25.566666,0,0,0,0.003662,0.041928,-0.055877,0.015824,0.153434,-0.207145,0.037326,0.254029,-0.387734,0.03556,0.317566,-0.513503,0.068962,0.230037,-0.332436,0.170707,0.220732,-0.301859,0.252342,0.072482,-0.083223,0.235813,-0.155294,-0.007945,-0.006244,0.232042,-0.340275,-0.112768,0.228472,-0.33659,-0.233803,0.073592,-0.142151,-0.243269,-0.153924,-0.064895,0.094525,-0.001954,0.004728,0.160406,-0.472635,0.039881,0.207839,-0.801009,0.134276,-0.094526,0.001955,-0.004728,-0.161653,-0.469799,-0.012353,-0.225214,-0.786291,0.109231
25.583333,0,0,0,0.003771,0.040753,-0.056455,0.016109,0.149276,-0.209587,0.037675,0.246865,-0.391785,0.035892,0.308811,-0.51832,0.069303,0.223746,-0.336136,0.17101,0.214552,-0.305399,0.252315,0.068158,-0.085395,0.234766,-0.158842,-0.008034,-0.005904,0.225729,-0.343976,-0.112433,0.222333,-0.340289,-0.234035,0.070084,-0.144133,-0.242967,-0.156922,-0.065329,0.094516,-0.001907,0.004937,0.160491,-0.472627,0.039371,0.208098,-0.801027,0.133589,-0.094516,0.001907,-0.004937,-0.161364,-0.469877,-0.013084,-0.225328,-0.786137,0.108895
25.6,0,0,0,0.003951,0.039611,-0.056928,0.016517,0.145324,-0.211674,0.03789,0.240075,-0.395274,0.036052,0.300443,-0.522459,0.069589,0.217822,-0.339413,0.171313,0.208918,-0.308646,0.25266,0.064866,-0.087116,0.234364,-0.161592,-0.008355,-0.005627,0.219748,-0.347175,-0.112153,0.216405,-0.343356,-0.234236,0.066682,-0.145562,-0.242508,-0.159715,-0.064953,0.094498,-0.001824,0.005289,0.160641,-0.472568,0.039063,0.20836,-0.800945,0.133304,-0.094498,0.001823,-0.00529,-0.161137,-0.469997,-0.013128,-0.225616,-0.786093,0.109001
25.616666,0,0,0,0.004027,0.038673,-0.057527,0.016432,0.141734,-0.214029,0.037297,0.233752,-0.399015,0.035294,0.292591,-0.526858,0.069154,0.212339,-0.342967,0.170905,0.203703,-0.312213,0.252151,0.061679,-0.089341,0.233097,-0.164255,-0.009265,-0.006083,0.214163,-0.350546,-0.112606,0.210875,-0.346591,-0.235234,0.063506,-0.147371,-0.242765,-0.1623,-0.065052,0.094489,-0.001654,0.005502,0.160223,-0.47251,0.038521,0.207694,-0.801009,0.132461,-0.094489,0.001653,-0.005503,-0.161466,-0.470115,-0.013573,-0.226775,-0.786063,0.108498
25.633333,0,0,0,0.004151,0.03755,-0.057823,0.016553,0.137836,-0.215685,0.036935,0.227153,-0.401926,0.034855,0.284497,-0.530328,0.068944,0.206602,-0.345748,0.170702,0.198283,-0.314932,0.251867,0.058477,-0.090632,0.232189,-0.166923,-0.009214,-0.006312,0.208293,-0.353173,-0.112832,0.205068,-0.349085,-0.236014,0.060257,-0.148337,-0.243033,-0.165006,-0.0645,0.094472,-0.001428,0.005855,0.159972,-0.472347,0.038432,0.207177,-0.800834,0.132548,-0.094472,0.001427,-0.005855,-0.161541,-0.470334,-0.013566,-0.227488,-0.786034,0.108804
25.65,0,0,0,0.004412,0.036577,-0.057883,0.017074,0.134334,-0.216765,0.037037,0.221011,-0.404115,0.034838,0.276777,-0.533036,0.06918,0.201318,-0.347867,0.170936,0.193256,-0.316976,0.252024,0.055603,-0.091321,0.231697,-0.169261,-0.008592,-0.006091,0.202876,-0.355167,-0.112604,0.19962,-0.35093,-0.236308,0.05722,-0.148783,-0.242918,-0.167421,-0.063259,0.09444,-0.001293,0.006381,0.160035,-0.47222,0.03865,0.20713,-0.800603,0.133181,-0.09444,0.001292,-0.006381,-0.16149,-0.470476,-0.013784,-0.227632,-0.785706,0.109689
25.666666,0,0,0,0.004678,0.035748,-0.05796,0.017668,0.131206,-0.217792,0.037253,0.215444,-0.406144,0.034966,0.269734,-0.535548,0.069517,0.196529,-0.349831,0.171278,0.188705,-0.318895,0.252341,0.053073,-0.09201,0.231408,-0.171298,-0.008099,-0.005768,0.197978,-0.357011,-0.112273,0.194688,-0.352604,-0.236494,0.054469,-0.149252,-0.242721,-0.169621,-0.062268,0.094407,-0.001214,0.006871,0.160112,-0.472154,0.038724,0.207105,-0.800456,0.133587,-0.094406,0.001213,-0.006871,-0.161373,-0.470575,-0.013736,-0.22771,-0.785481,0.110455
25.683333,0,0,0,0.004898,0.034961,-0.058303,0.018261,0.128137,-0.219331,0.037644,0.209834,-0.40865,0.035309,0.262597,-0.538517,0.06998,0.191708,-0.352273,0.171742,0.184162,-0.321272,0.252873,0.050712,-0.093121,0.231345,-0.17317,-0.008061,-0.005312,0.193087,-0.359386,-0.111811,0.189781,-0.354828,-0.236449,0.051889,-0.150145,-0.24233,-0.171536,-0.061441,0.094382,-0.001216,0.007199,0.160299,-0.472144,0.038797,0.20735,-0.800338,0.134005,-0.094381,0.001216,-0.007199,-0.161265,-0.470599,-0.013013,-0.227771,-0.785461,0.1112
25.7,0,0,0,0.005015,0.034198,-0.058744,0.018621,0.125094,-0.221049,0.037943,0.204303,-0.41129,0.035634,0.255623,-0.541599,0.070311,0.186924,-0.354821,0.172078,0.179642,-0.323772,0.253429,0.048379,-0.094435,0.231371,-0.175013,-0.008231,-0.004985,0.188268,-0.36191,-0.111478,0.184968,-0.357227,-0.236414,0.049191,-0.151316,-0.241924,-0.173621,-0.06106,0.094372,-0.001265,0.00732,0.160449,-0.472197,0.038525,0.207632,-0.800287,0.134024,-0.094372,0.001265,-0.00732,-0.161153,-0.470566,-0.013011,-0.227746,-0.785283,0.111522
25.716666,0,0,0,0.005054,0.033437,-0.059177,0.018847,0.122139,-0.222676,0.038262,0.199021,-0.413808,0.035978,0.249079,-0.544555,0.070612,0.182301,-0.357178,0.172384,0.175279,-0.326085,0.254094,0.046108,-0.095689,0.231529,-0.176845,-0.008485,-0.004681,0.183646,-0.364285,-0.111175,0.18044,-0.359548,-0.23637,0.046814,-0.15239,-0.241425,-0.175425,-0.060707,0.094372,-0.00131,0.007318,0.160585,-0.472246,0.038149,0.207929,-0.800295,0.133711,-0.094371,0.00131,-0.007319,-0.161061,-0.470531,-0.013203,-0.227757,-0.785109,0.111627
25.733333,0,0,0,0.005,0.032564,-0.059667,0.018806,0.11884,-0.224458,0.038439,0.193263,-0.416473,0.036189,0.241951,-0.547674,0.070734,0.177255,-0.359666,0.172517,0.170559,-0.328537,0.254645,0.043564,-0.097082,0.231466,-0.178975,-0.008985,-0.004552,0.178573,-0.366853,-0.111048,0.175424,-0.362125,-0.236576,0.044293,-0.153579,-0.241427,-0.177019,-0.059669,0.094382,-0.001338,0.007178,0.160604,-0.472285,0.037836,0.208085,-0.800419,0.133041,-0.094382,0.001339,-0.007178,-0.160913,-0.47052,-0.01339,-0.227827,-0.785117,0.111275
25.75,0,0,0,0.005079,0.031766,-0.060088,0.018849,0.115348,-0.226265,0.038236,0.187068,-0.419393,0.035849,0.234398,-0.551148,0.070597,0.171858,-0.362347,0.172432,0.165516,-0.331315,0.254715,0.040429,-0.098878,0.230852,-0.181679,-0.009883,-0.004698,0.173048,-0.369464,-0.111198,0.169921,-0.364826,-0.237391,0.041384,-0.155071,-0.242227,-0.178779,-0.058498,0.094364,-0.000954,0.007472,0.160339,-0.472016,0.036875,0.207558,-0.800377,0.131422,-0.094364,0.000953,-0.007472,-0.160886,-0.470884,-0.015259,-0.228366,-0.785232,0.109727
25.766666,0,0,0,0.005253,0.031075,-0.060455,0.019048,0.112039,-0.22794,0.037902,0.181095,-0.422149,0.0353,0.227218,-0.554386,0.070412,0.166686,-0.364926,0.172323,0.160662,-0.334079,0.254608,0.037307,-0.10072,0.23006,-0.184398,-0.010908,-0.004901,0.167721,-0.37187,-0.111409,0.16462,-0.367386,-0.238351,0.038507,-0.156613,-0.24318,-0.180452,-0.057341,0.094325,-0.000388,0.007995,0.160011,-0.471597,0.035632,0.206798,-0.80017,0.129656,-0.094324,0.000388,-0.007995,-0.160861,-0.471425,-0.016993,-0.229042,-0.785607,0.10803
25.783333,0,0,0,0.005539,0.030537,-0.061046,0.019522,0.108972,-0.230054,0.03773,0.17527,-0.425384,0.034926,0.22008,-0.558168,0.07042,0.161681,-0.36797,0.172412,0.155993,-0.337328,0.254603,0.034414,-0.103005,0.229416,-0.186877,-0.012355,-0.004915,0.162558,-0.374695,-0.111429,0.159498,-0.370323,-0.239146,0.03583,-0.158572,-0.244052,-0.181833,-0.056493,0.094267,0.000196,0.008651,0.159757,-0.471155,0.034268,0.206109,-0.799882,0.127968,-0.094268,-0.000196,-0.008652,-0.160778,-0.471997,-0.018453,-0.229611,-0.786081,0.10646
25.8,0,0,0,0.00583,0.029958,-0.061474,0.020059,0.106013,-0.231711,0.037713,0.169672,-0.428014,0.034728,0.213262,-0.561246,0.070562,0.156852,-0.370472,0.1726,0.151362,-0.339949,0.254785,0.031698,-0.10464,0.228985,-0.189165,-0.013123,-0.004792,0.157631,-0.376996,-0.111314,0.154679,-0.372756,-0.239758,0.03339,-0.160071,-0.24475,-0.183005,-0.055334,0.094208,0.000644,0.009249,0.159608,-0.47081,0.033124,0.205631,-0.799595,0.126783,-0.094209,-0.000644,-0.00925,-0.160648,-0.472447,-0.019413,-0.229948,-0.786422,0.105516
25.816666,0,0,0,0.006067,0.029377,-0.061706,0.020584,0.103416,-0.232783,0.037844,0.164868,-0.429859,0.034706,0.207328,-0.563489,0.070804,0.152704,-0.372204,0.172888,0.147446,-0.341793,0.255083,0.029451,-0.105647,0.228773,-0.190998,-0.013279,-0.004563,0.153376,-0.378596,-0.111088,0.150478,-0.374411,-0.240024,0.031209,-0.160883,-0.245122,-0.18406,-0.053856,0.094165,0.000864,0.00967,0.159574,-0.470644,0.032427,0.205452,-0.799397,0.126271,-0.094165,-0.000864,-0.009669,-0.160527,-0.472677,-0.019862,-0.230079,-0.786539,0.105212
25.833333,0,0,0,0.006251,0.028719,-0.061851,0.021077,0.100755,-0.23361,0.038136,0.160155,-0.431227,0.034895,0.201464,-0.565108,0.071164,0.148589,-0.373586,0.173266,0.143559,-0.343199,0.255475,0.027336,-0.106181,0.228727,-0.192677,-0.012904,-0.00421,0.14924,-0.379896,-0.110736,0.146409,-0.375672,-0.239997,0.029125,-0.161243,-0.245279,-0.185034,-0.05202,0.094135,0.000925,0.009944,0.159671,-0.470595,0.032084,0.205563,-0.799251,0.12626,-0.094136,-0.000924,-0.009944,-0.160359,-0.472762,-0.01993,-0.229977,-0.786488,0.105445
25.85,0,0,0,0.006371,0.028064,-0.061913,0.021473,0.098288,-0.234175,0.038517,0.155857,-0.432219,0.035243,0.196031,-0.566332,0.071562,0.144804,-0.374593,0.173668,0.139953,-0.34419,0.256056,0.025551,-0.106349,0.22878,-0.194051,-0.012261,-0.003813,0.145483,-0.380883,-0.110337,0.142697,-0.376594,-0.239739,0.027226,-0.161267,-0.245095,-0.185986,-0.050211,0.094123,0.000836,0.010066,0.159833,-0.470669,0.032002,0.205862,-0.7992,0.126545,-0.094124,-0.000837,-0.010065,-0.160152,-0.472705,-0.019885,-0.229686,-0.786255,0.105979
25.866666,0,0,0,0.006434,0.027503,-0.062031,0.021737,0.096161,-0.234781,0.038894,0.152093,-0.433187,0.035642,0.191294,-0.567492,0.071916,0.1415,-0.375551,0.174013,0.136818,-0.345089,0.256556,0.024042,-0.106526,0.228821,-0.195232,-0.011811,-0.003456,0.142195,-0.381873,-0.10998,0.139476,-0.377544,-0.239538,0.025661,-0.16143,-0.244929,-0.186775,-0.048898,0.094125,0.000679,0.010065,0.159928,-0.470814,0.031966,0.206081,-0.799239,0.126818,-0.094125,-0.00068,-0.010065,-0.160025,-0.472565,-0.019965,-0.229428,-0.78592,0.106453
25.883333,0,0,0,0.006936,0.027447,-0.062001,0.024005,0.09511,-0.234977,0.042495,0.149454,-0.43345,0.03955,0.187515,-0.567837,0.075168,0.139218,-0.375784,0.177204,0.134516,-0.345122,0.260366,0.023336,-0.106026,0.232303,-0.195542,-0.010494,-0.000164,0.140164,-0.382543,-0.106684,0.137417,-0.378132,-0.235687,0.024799,-0.161062,-0.241043,-0.186881,-0.047113,0.094083,-0.000108,0.010476,0.161988,-0.471251,0.033464,0.209613,-0.799106,0.129551,-0.094082,0.000107,-0.010477,-0.158037,-0.472092,-0.017844,-0.225882,-0.785487,0.109318
25.9,0,0,0,0.007388,0.02737,-0.061982,0.025609,0.093894,-0.235282,0.044807,0.14658,-0.433952,0.041856,0.183539,-0.568465,0.077296,0.136786,-0.376274,0.179287,0.132119,-0.345458,0.262771,0.02249,-0.105758,0.234107,-0.196083,-0.009708,0.001988,0.13782,-0.383277,-0.104521,0.134907,-0.378697,-0.233429,0.023564,-0.160914,-0.238986,-0.187425,-0.045701,0.094036,-0.000799,0.010856,0.163077,-0.471745,0.034497,0.211552,-0.799343,0.131038,-0.094036,0.000799,-0.010857,-0.157045,-0.471552,-0.016439,-0.22398,-0.785045,0.110964
25.916666,0,0,0,0.00756,0.027172,-0.062049,0.026167,0.092562,-0.235739,0.045523,0.143805,-0.434683,0.042529,0.179894,-0.569344,0.077973,0.134432,-0.376994,0.179944,0.129884,-0.346092,0.263542,0.021591,-0.105826,0.234478,-0.196769,-0.009411,0.002671,0.135441,-0.38406,-0.103832,0.132473,-0.379364,-0.232815,0.022375,-0.160993,-0.238275,-0.188191,-0.045002,0.094019,-0.001093,0.010977,0.163335,-0.471981,0.034973,0.212074,-0.799512,0.131606,-0.094019,0.001093,-0.010977,-0.156858,-0.471286,-0.015992,-0.223515,-0.78473,0.111678
25.933333,0,0,0,0.007603,0.02675,-0.062227,0.026364,0.090835,-0.236386,0.045802,0.140672,-0.435618,0.04282,0.175918,-0.570444,0.078234,0.131709,-0.377909,0.180207,0.127317,-0.346994,0.263973,0.02043,-0.106157,0.234499,-0.19769,-0.009325,0.002934,0.132684,-0.385012,-0.103565,0.129763,-0.38022,-0.232589,0.02088,-0.161264,-0.237856,-0.189389,-0.044728,0.094021,-0.001275,0.01094,0.163373,-0.472146,0.035161,0.212227,-0.79967,0.131759,-0.094021,0.001275,-0.01094,-0.156729,-0.471119,-0.016231,-0.223272,-0.784383,0.111938
25.95,0,0,0,0.007605,0.026276,-0.062428,0.026425,0.089037,-0.237063,0.04593,0.137553,-0.4366,0.042975,0.172047,-0.571606,0.078345,0.128963,-0.378838,0.180337,0.124792,-0.347953,0.264265,0.019134,-0.106631,0.234438,-0.198808,-0.009508,0.003047,0.129915,-0.385967,-0.103452,0.127088,-0.381111,-0.232517,0.019259,-0.161659,-0.23757,-0.1908,-0.044736,0.094027,-0.001371,0.010876,0.163281,-0.472252,0.035187,0.212128,-0.799802,0.131699,-0.094027,0.001372,-0.010877,-0.156687,-0.471021,-0.016726,-0.223217,-0.784075,0.111963
25.966666,0,0,0,0.007621,0.025819,-0.062616,0.026468,0.087323,-0.237694,0.04598,0.134656,-0.437474,0.043062,0.168423,-0.572626,0.078398,0.126394,-0.379703,0.1804,0.122419,-0.348825,0.264515,0.017866,-0.107087,0.234433,-0.199931,-0.009716,0.003101,0.127345,-0.386832,-0.103397,0.124587,-0.381924,-0.232501,0.017645,-0.162061,-0.237262,-0.192274,-0.044874,0.094028,-0.001418,0.010861,0.163197,-0.472311,0.035179,0.212032,-0.799917,0.131508,-0.094028,0.001417,-0.01086,-0.156729,-0.470964,-0.017185,-0.223239,-0.783663,0.112375
25.983333,0,0,0,0.00763,0.025163,-0.062882,0.026662,0.084946,-0.238536,0.046417,0.130865,-0.438618,0.043602,0.163917,-0.573944,0.078772,0.122965,-0.380764,0.180782,0.119166,-0.349892,0.265226,0.015759,-0.107776,0.23487,-0.201876,-0.010127,0.003482,0.123959,-0.38797,-0.103018,0.121283,-0.383057,-0.232066,0.015168,-0.162761,-0.236555,-0.194607,-0.045306,0.094033,-0.001513,0.010804,0.161047,-0.472325,0.041804,0.209433,-0.801617,0.132443,-0.094033,0.001513,-0.010805,-0.156554,-0.470895,-0.017018,-0.22286,-0.783729,0.112319
26,0,0,0,0.007537,0.024311,-0.063227,0.026486,0.082386,-0.239461,0.046401,0.127116,-0.439827,0.043663,0.159576,-0.575328,0.078712,0.11953,-0.381878,0.180724,0.115981,-0.350983,0.26548,0.013723,-0.108488,0.2348,-0.203828,-0.010756,0.003427,0.120532,-0.389138,-0.103073,0.11797,-0.384166,-0.232104,0.012692,-0.163459,-0.236218,-0.197052,-0.045933,0.094054,-0.001555,0.010614,0.160296,-0.471781,0.050805,0.209126,-0.80352,0.131762,-0.094054,0.001554,-0.010614,-0.156422,-0.47087,-0.017127,-0.222653,-0.784028,0.111463
26.016666,0,0,0,0.007481,0.023864,-0.063404,0.026317,0.080793,-0.240024,0.046259,0.124521,-0.440649,0.043562,0.156479,-0.576309,0.078561,0.117204,-0.382624,0.180585,0.113807,-0.351753,0.265648,0.012517,-0.10896,0.234657,-0.204868,-0.010957,0.003277,0.118199,-0.38989,-0.103223,0.115693,-0.384889,-0.232343,0.011175,-0.163873,-0.236161,-0.198502,-0.046218,0.094066,-0.00157,0.010508,0.160015,-0.471444,0.055054,0.208811,-0.804275,0.131422,-0.094066,0.00157,-0.010509,-0.156475,-0.47084,-0.017544,-0.222739,-0.78388,0.111317
26.033333,0,0,0,0.007484,0.02349,-0.063543,0.026294,0.079363,-0.240502,0.04618,0.122113,-0.44135,0.043486,0.153548,-0.57714,0.078499,0.115069,-0.383295,0.180542,0.11183,-0.352468,0.265843,0.011465,-0.109374,0.23459,-0.20577,-0.011123,0.003213,0.116046,-0.390541,-0.103287,0.113582,-0.385506,-0.232518,0.009727,-0.164243,-0.236066,-0.199864,-0.046427,0.094068,-0.001608,0.010485,0.159741,-0.471309,0.057218,0.208353,-0.804692,0.13126,-0.094068,0.001608,-0.010485,-0.156493,-0.470789,-0.018216,-0.222731,-0.783606,0.111198
26.05,0,0,0,0.007493,0.023168,-0.063661,0.026313,0.078105,-0.240912,0.04615,0.119963,-0.441929,0.043428,0.150904,-0.577809,0.078487,0.113163,-0.383876,0.180554,0.11003,-0.353117,0.266078,0.010472,-0.109771,0.234542,-0.206577,-0.011196,0.003199,0.114142,-0.391102,-0.1033,0.111723,-0.386029,-0.232654,0.008501,-0.164542,-0.235949,-0.201045,-0.046638,0.094068,-0.00164,0.010476,0.159526,-0.471266,0.05825,0.207968,-0.804932,0.131122,-0.094068,0.001639,-0.010477,-0.156488,-0.470748,-0.018876,-0.222704,-0.783364,0.111032
26.066666,0,0,0,0.007511,0.022857,-0.06377,0.026363,0.07697,-0.241272,0.046193,0.118093,-0.442479,0.043462,0.148645,-0.578485,0.078531,0.111487,-0.384369,0.180611,0.10842,-0.353646,0.266369,0.009538,-0.110106,0.234619,-0.207336,-0.011218,0.003243,0.112466,-0.391589,-0.103256,0.110087,-0.386493,-0.23271,0.007359,-0.164835,-0.235771,-0.202169,-0.046895,0.094068,-0.001685,0.010474,0.159411,-0.471273,0.05878,0.207769,-0.805104,0.130948,-0.094067,0.001684,-0.010474,-0.156441,-0.470699,-0.019422,-0.222618,-0.783184,0.11082
26.083333,0,0,0,0.007499,0.02257,-0.063874,0.026328,0.07594,-0.241602,0.046093,0.116359,-0.4429,0.043352,0.146482,-0.578943,0.078453,0.109969,-0.384832,0.180563,0.107067,-0.354195,0.266558,0.008954,-0.110427,0.233885,-0.207952,-0.011908,0.003162,0.110913,-0.392035,-0.103333,0.108506,-0.386884,-0.232818,0.006272,-0.165015,-0.23569,-0.203181,-0.046936,0.094071,-0.001708,0.01044,0.159313,-0.471273,0.059102,0.207614,-0.805209,0.130821,-0.094071,0.001708,-0.010439,-0.156476,-0.47066,-0.019953,-0.222667,-0.782978,0.110683
26.1,0,0,0,0.007482,0.02232,-0.063964,0.026315,0.074978,-0.241904,0.046108,0.114765,-0.44335,0.043327,0.144587,-0.579483,0.078461,0.108537,-0.385237,0.180582,0.105667,-0.354633,0.266789,0.008272,-0.110652,0.233604,-0.208576,-0.012178,0.003171,0.109492,-0.392446,-0.103325,0.107119,-0.387288,-0.232898,0.005302,-0.165279,-0.235586,-0.204123,-0.047146,0.094075,-0.001725,0.010403,0.159255,-0.471276,0.059284,0.207543,-0.80528,0.130691,-0.094075,0.001725,-0.010403,-0.156559,-0.470624,-0.020347,-0.222741,-0.782782,0.110676
26.116666,0,0,0,0.007467,0.022097,-0.064042,0.026293,0.074161,-0.242158,0.046125,0.113401,-0.443744,0.043307,0.142964,-0.579968,0.078465,0.107318,-0.385575,0.180591,0.104486,-0.354981,0.266944,0.007404,-0.110928,0.233757,-0.209283,-0.0121,0.003177,0.108269,-0.392797,-0.103321,0.105945,-0.38765,-0.233006,0.004444,-0.165561,-0.235454,-0.204958,-0.047381,0.094078,-0.001743,0.010369,0.159261,-0.471289,0.059298,0.207593,-0.805344,0.130439,-0.094078,0.001744,-0.010368,-0.156627,-0.470589,-0.02063,-0.222837,-0.782678,0.110546
26.133333,0,0,0,0.007438,0.02189,-0.064117,0.026196,0.073414,-0.242397,0.046011,0.112191,-0.444068,0.043164,0.141487,-0.580343,0.078356,0.106243,-0.385894,0.180483,0.103504,-0.355298,0.266889,0.006676,-0.111162,0.233564,-0.209941,-0.012228,0.003067,0.107177,-0.393112,-0.10343,0.104848,-0.387961,-0.23318,0.003614,-0.165788,-0.23553,-0.205766,-0.047569,0.094084,-0.001752,0.010316,0.159169,-0.47131,0.059264,0.207466,-0.805415,0.130192,-0.094083,0.001751,-0.010316,-0.156735,-0.470563,-0.0208,-0.223059,-0.782699,0.110205
26.15,0,0,0,0.007425,0.021713,-0.06418,0.026143,0.072786,-0.242593,0.045919,0.111133,-0.444357,0.043053,0.140266,-0.580674,0.078275,0.105309,-0.38617,0.180415,0.102608,-0.355612,0.26693,0.006037,-0.111413,0.233477,-0.210527,-0.012405,0.002985,0.106226,-0.393376,-0.103513,0.103953,-0.388215,-0.233351,0.002902,-0.166011,-0.235587,-0.206506,-0.047838,0.094086,-0.001753,0.010291,0.159073,-0.471334,0.059139,0.207329,-0.80548,0.129906,-0.094087,0.001753,-0.010292,-0.156837,-0.470544,-0.020975,-0.2233,-0.782655,0.110019
26.166666,0,0,0,0.007413,0.02157,-0.064228,0.026098,0.072249,-0.242758,0.045829,0.110261,-0.444597,0.042955,0.139206,-0.580961,0.0782,0.104519,-0.386403,0.18035,0.101856,-0.355878,0.266893,0.00552,-0.111596,0.233271,-0.211041,-0.012637,0.002907,0.105451,-0.393588,-0.10359,0.10321,-0.388404,-0.233448,0.00227,-0.166161,-0.23557,-0.207191,-0.04808,0.094088,-0.001744,0.010274,0.159004,-0.471356,0.058923,0.207232,-0.805522,0.129612,-0.094089,0.001743,-0.010274,-0.156916,-0.47054,-0.021106,-0.223499,-0.782637,0.10986
26.183333,0,0,0,0.00741,0.021457,-0.064267,0.026064,0.0718,-0.242895,0.045739,0.109567,-0.444785,0.042837,0.138385,-0.581176,0.078129,0.103876,-0.386597,0.180282,0.101211,-0.356082,0.26679,0.005046,-0.11172,0.233022,-0.211519,-0.012821,0.002834,0.104838,-0.393755,-0.103662,0.102602,-0.388541,-0.233522,0.001733,-0.166267,-0.235615,-0.207765,-0.04825,0.094089,-0.001729,0.010271,0.158858,-0.471389,0.058656,0.206991,-0.805557,0.129399,-0.094089,0.001729,-0.010271,-0.157036,-0.470534,-0.02126,-0.223748,-0.782573,0.10978
26.2,0,0,0,0.007417,0.021365,-0.064297,0.026073,0.071458,-0.242995,0.045692,0.108981,-0.444967,0.042761,0.137685,-0.581411,0.078094,0.103366,-0.38675,0.180263,0.100741,-0.356282,0.266754,0.004694,-0.111869,0.232738,-0.211901,-0.013122,0.002797,0.1043,-0.393891,-0.103699,0.102088,-0.388667,-0.233601,0.001319,-0.166372,-0.235629,-0.20823,-0.048446,0.094088,-0.001719,0.010283,0.158717,-0.471433,0.058323,0.206754,-0.805595,0.129164,-0.094088,0.00172,-0.010284,-0.157137,-0.470525,-0.021511,-0.22393,-0.782493,0.109654
26.216666,0,0,0,0.007429,0.021275,-0.064325,0.026105,0.071146,-0.243083,0.045689,0.108473,-0.445117,0.042704,0.13713,-0.581592,0.078099,0.102917,-0.386878,0.18028,0.100326,-0.356448,0.266735,0.004392,-0.111977,0.232479,-0.212261,-0.01344,0.002801,0.103834,-0.394008,-0.103695,0.101662,-0.388775,-0.233647,0.000955,-0.16648,-0.235574,-0.208642,-0.048637,0.094086,-0.001711,0.010299,0.158637,-0.471468,0.058017,0.206619,-0.805625,0.128919,-0.094086,0.00171,-0.0103,-0.157203,-0.470519,-0.021767,-0.224024,-0.782432,0.109515
26.233333,0,0,0,0.007435,0.021196,-0.064351,0.026123,0.07091,-0.243151,0.045684,0.108105,-0.445258,0.042651,0.136757,-0.58178,0.078096,0.102593,-0.386974,0.180289,0.100029,-0.356584,0.266683,0.004109,-0.112086,0.232258,-0.212546,-0.013614,0.002797,0.103481,-0.394098,-0.1037,0.101335,-0.38887,-0.233718,0.000679,-0.166592,-0.235548,-0.208958,-0.048819,0.094085,-0.0017,0.010311,0.158514,-0.471503,0.057747,0.206409,-0.805658,0.128715,-0.094086,0.0017,-0.010311,-0.157287,-0.470511,-0.022045,-0.224145,-0.782365,0.109359
26.25,0,0,0,0.007447,0.021136,-0.064368,0.02615,0.070739,-0.243198,0.045688,0.10787,-0.445347,0.042632,0.136554,-0.581889,0.078104,0.102377,-0.387037,0.180301,0.099825,-0.35666,0.266626,0.003932,-0.112126,0.232132,-0.212698,-0.013621,0.002805,0.103255,-0.394153,-0.103692,0.101127,-0.388902,-0.233764,0.000479,-0.166652,-0.235546,-0.209236,-0.049017,0.094083,-0.001701,0.010327,0.158402,-0.471541,0.057548,0.206221,-0.805704,0.128527,-0.094084,0.001702,-0.010326,-0.157371,-0.470494,-0.022264,-0.224251,-0.78229,0.109264
26.266666,0,0,0,0.007448,0.0211,-0.06438,0.026144,0.070648,-0.243226,0.045656,0.107765,-0.44541,0.042585,0.136507,-0.581969,0.078079,0.102263,-0.387077,0.180275,0.099657,-0.356699,0.266598,0.003812,-0.112147,0.231989,-0.212787,-0.013615,0.002779,0.103158,-0.39418,-0.103716,0.101041,-0.388897,-0.233766,0.000328,-0.166663,-0.235597,-0.209422,-0.049091,0.094084,-0.001706,0.010324,0.158288,-0.471572,0.05744,0.20603,-0.805749,0.12841,-0.094083,0.001706,-0.010324,-0.157457,-0.470473,-0.022415,-0.224353,-0.782227,0.109208
26.283333,0,0,0,0.007443,0.021087,-0.064386,0.026128,0.07063,-0.243234,0.045639,0.107793,-0.445438,0.04256,0.136586,-0.582013,0.078061,0.102274,-0.387079,0.180253,0.099654,-0.356689,0.266569,0.00375,-0.112157,0.231969,-0.212834,-0.013588,0.00276,0.103171,-0.39418,-0.103735,0.101059,-0.38889,-0.233768,0.000233,-0.166698,-0.235621,-0.209588,-0.049253,0.094085,-0.001718,0.010313,0.158185,-0.471606,0.057355,0.205863,-0.805803,0.128268,-0.094085,0.001718,-0.010313,-0.157546,-0.470445,-0.022577,-0.224415,-0.782163,0.109144
26.3,0,0,0,0.007448,0.021081,-0.064387,0.026147,0.070647,-0.243227,0.045657,0.10791,-0.445427,0.042573,0.136754,-0.582007,0.078078,0.102359,-0.387058,0.180273,0.099781,-0.356677,0.26653,0.003789,-0.112158,0.231983,-0.212802,-0.013588,0.002777,0.103263,-0.394157,-0.103717,0.101149,-0.388852,-0.233736,0.000209,-0.166703,-0.235648,-0.209665,-0.049356,0.094084,-0.001738,0.010314,0.158109,-0.471641,0.057311,0.205748,-0.805862,0.128135,-0.094085,0.001739,-0.010314,-0.157618,-0.470412,-0.022678,-0.224494,-0.78211,0.109088
26.316666,0,0,0,0.007463,0.021082,-0.064385,0.026196,0.070681,-0.243212,0.045726,0.108042,-0.445391,0.042646,0.136932,-0.581959,0.078142,0.102458,-0.387024,0.180338,0.099895,-0.35664,0.266579,0.003866,-0.112131,0.232066,-0.212755,-0.013613,0.002842,0.103375,-0.394128,-0.103652,0.101267,-0.388819,-0.233696,0.000246,-0.166721,-0.235621,-0.209698,-0.049499,0.094082,-0.001754,0.010332,0.158069,-0.471666,0.05728,0.20569,-0.805914,0.127993,-0.094082,0.001754,-0.010332,-0.157656,-0.470387,-0.02287,-0.22454,-0.782041,0.108996
26.333333,0,0,0,0.00747,0.021092,-0.064381,0.026217,0.070767,-0.243186,0.045758,0.108253,-0.445344,0.042684,0.137236,-0.581897,0.078171,0.102626,-0.386976,0.180361,0.100044,-0.356578,0.26662,0.003997,-0.112082,0.232048,-0.212675,-0.013695,0.002871,0.10356,-0.394082,-0.103622,0.101455,-0.38876,-0.233676,0.000309,-0.166726,-0.235624,-0.209703,-0.049624,0.094082,-0.001771,0.010334,0.158035,-0.471695,0.057213,0.205646,-0.805965,0.127832,-0.094081,0.001772,-0.010335,-0.157713,-0.470357,-0.02303,-0.224619,-0.781975,0.108907
26.35,0,0,0,0.007476,0.021109,-0.064375,0.026253,0.07088,-0.24315,0.045838,0.108538,-0.445277,0.042788,0.13767,-0.581804,0.078239,0.102858,-0.386902,0.18042,0.100255,-0.356474,0.266666,0.004138,-0.112001,0.232072,-0.212588,-0.013744,0.00294,0.103802,-0.394022,-0.103553,0.101676,-0.388709,-0.233605,0.000379,-0.166742,-0.235613,-0.209682,-0.049729,0.09408,-0.00178,0.010342,0.158006,-0.471717,0.057136,0.205608,-0.806003,0.127682,-0.09408,0.001781,-0.010342,-0.157742,-0.470339,-0.023215,-0.224652,-0.781907,0.108838
26.366666,0,0,0,0.007485,0.021131,-0.064366,0.026288,0.071024,-0.243105,0.045913,0.108886,-0.445227,0.04289,0.138139,-0.581765,0.0783,0.10314,-0.386817,0.180475,0.10051,-0.356369,0.266736,0.004272,-0.111949,0.232094,-0.212493,-0.013794,0.003003,0.104097,-0.393949,-0.10349,0.101933,-0.388647,-0.233556,0.000435,-0.16678,-0.235603,-0.209676,-0.049858,0.094079,-0.001788,0.010352,0.157972,-0.471737,0.057061,0.205558,-0.806043,0.127524,-0.094079,0.001787,-0.010353,-0.157771,-0.470324,-0.023405,-0.22468,-0.781844,0.108762
26.383333,0,0,0,0.007493,0.021161,-0.064355,0.026329,0.071207,-0.243047,0.04601,0.109293,-0.445154,0.043003,0.138666,-0.581699,0.078378,0.103479,-0.386711,0.180543,0.100817,-0.356233,0.266788,0.004366,-0.111891,0.232146,-0.212428,-0.0138,0.003083,0.104441,-0.393861,-0.103411,0.102237,-0.388595,-0.233549,0.000514,-0.166873,-0.235651,-0.209654,-0.050054,0.094077,-0.001796,0.010364,0.1579,-0.471764,0.056976,0.205443,-0.806093,0.12736,-0.094078,0.001795,-0.010364,-0.157821,-0.470303,-0.023635,-0.224743,-0.781772,0.108646
26.4,0,0,0,0.007504,0.021203,-0.06434,0.026382,0.071431,-0.242977,0.046124,0.109751,-0.445106,0.043152,0.139326,-0.58168,0.078467,0.103881,-0.386587,0.180629,0.101224,-0.356101,0.266847,0.004452,-0.111876,0.232211,-0.212397,-0.013905,0.003174,0.104809,-0.393765,-0.103321,0.102544,-0.388544,-0.233539,0.000572,-0.166984,-0.235701,-0.209649,-0.050262,0.094076,-0.001803,0.010378,0.157849,-0.471791,0.056855,0.205366,-0.806142,0.127149,-0.094076,0.001802,-0.010378,-0.157871,-0.470282,-0.023898,-0.22481,-0.781694,0.10851
26.416666,0,0,0,0.007517,0.021248,-0.064324,0.026446,0.071666,-0.242902,0.046255,0.110234,-0.444996,0.043325,0.139967,-0.581554,0.078577,0.104295,-0.386455,0.180728,0.101619,-0.355933,0.266909,0.004566,-0.111808,0.232279,-0.212377,-0.014043,0.003286,0.105221,-0.393658,-0.103209,0.102934,-0.38845,-0.233441,0.000631,-0.16705,-0.235693,-0.209659,-0.050454,0.094074,-0.001813,0.010395,0.15783,-0.471816,0.056741,0.205341,-0.806184,0.126962,-0.094074,0.001813,-0.010395,-0.157889,-0.470262,-0.024137,-0.224825,-0.78163,0.108376
26.433333,0,0,0,0.007533,0.021303,-0.064304,0.026506,0.071928,-0.242818,0.046391,0.110829,-0.444863,0.043531,0.140787,-0.581396,0.07869,0.104785,-0.3863,0.180823,0.102054,-0.355722,0.266957,0.004678,-0.111708,0.232332,-0.212375,-0.014185,0.003402,0.105735,-0.393527,-0.103093,0.103412,-0.388326,-0.23331,0.000679,-0.167118,-0.235692,-0.209691,-0.050669,0.094072,-0.001825,0.010415,0.157817,-0.471844,0.056623,0.205324,-0.806233,0.126743,-0.094071,0.001826,-0.010414,-0.157897,-0.470242,-0.024363,-0.22483,-0.781579,0.108222
26.45,0,0,0,0.007553,0.021364,-0.064281,0.026596,0.072233,-0.242719,0.046564,0.111489,-0.44471,0.043751,0.141662,-0.58122,0.078837,0.105345,-0.386122,0.180956,0.102591,-0.3555,0.267006,0.00481,-0.111619,0.232357,-0.212386,-0.014422,0.003551,0.106295,-0.393379,-0.102944,0.103922,-0.388202,-0.233185,0.000773,-0.1672,-0.235701,-0.209688,-0.050919,0.094068,-0.001833,0.010444,0.157808,-0.471864,0.056533,0.205314,-0.806279,0.126528,-0.094068,0.001832,-0.010444,-0.1579,-0.470229,-0.024598,-0.22481,-0.781533,0.108076
26.466666,0,0,0,0.007575,0.021427,-0.064257,0.026694,0.072544,-0.242616,0.046752,0.112115,-0.44458,0.043983,0.142543,-0.581076,0.078994,0.10589,-0.385943,0.1811,0.103125,-0.355281,0.267038,0.004926,-0.111528,0.232393,-0.212413,-0.014653,0.003712,0.10682,-0.393237,-0.102784,0.104405,-0.388096,-0.233062,0.000892,-0.167287,-0.235667,-0.209674,-0.051198,0.094065,-0.001837,0.010476,0.157816,-0.471877,0.056461,0.205334,-0.80632,0.126316,-0.094064,0.001836,-0.010475,-0.157879,-0.470221,-0.02481,-0.224777,-0.781503,0.107923
26.483333,0,0,0,0.007596,0.021499,-0.064231,0.026788,0.072911,-0.242497,0.046941,0.112888,-0.444354,0.044224,0.143562,-0.580779,0.079155,0.106557,-0.385729,0.181243,0.103758,-0.355008,0.267021,0.005061,-0.1114,0.232414,-0.212432,-0.014857,0.003877,0.107483,-0.393061,-0.102619,0.105008,-0.387957,-0.232882,0.000992,-0.167375,-0.235575,-0.209669,-0.051461,0.094061,-0.001846,0.010506,0.157852,-0.471889,0.056394,0.205407,-0.806355,0.126113,-0.094061,0.001847,-0.010505,-0.157844,-0.47021,-0.025003,-0.224695,-0.781476,0.107791
26.5,0,0,0,0.007604,0.021586,-0.064201,0.02685,0.073344,-0.242361,0.047092,0.113756,-0.44414,0.044455,0.144681,-0.580528,0.079278,0.107299,-0.385498,0.181351,0.104443,-0.354731,0.266997,0.005208,-0.111295,0.232377,-0.212444,-0.015115,0.004003,0.108234,-0.392862,-0.102493,0.105715,-0.387773,-0.232721,0.001129,-0.167441,-0.235475,-0.209664,-0.051769,0.09406,-0.001856,0.010515,0.15787,-0.471906,0.056305,0.20545,-0.806389,0.125929,-0.094059,0.001856,-0.010516,-0.157869,-0.470198,-0.024988,-0.224649,-0.78143,0.107921
26.516666,0,0,0,0.007602,0.021689,-0.064166,0.026905,0.073833,-0.242207,0.047282,0.114689,-0.443873,0.044727,0.145871,-0.580192,0.079428,0.108116,-0.385231,0.181475,0.105206,-0.354386,0.266937,0.005408,-0.111116,0.232345,-0.212391,-0.015259,0.004158,0.109044,-0.392649,-0.102339,0.106459,-0.387611,-0.232527,0.001272,-0.167541,-0.23534,-0.209626,-0.052062,0.094059,-0.001856,0.010516,0.157907,-0.471906,0.056261,0.205525,-0.80639,0.125853,-0.09406,0.001857,-0.010516,-0.15796,-0.470188,-0.024871,-0.224671,-0.781356,0.108223
26.533333,0,0,0,0.007603,0.021826,-0.064119,0.026988,0.074428,-0.242017,0.047588,0.115827,-0.443583,0.045143,0.147309,-0.57987,0.079669,0.109081,-0.384894,0.181674,0.10604,-0.353922,0.266932,0.005497,-0.110887,0.232844,-0.212358,-0.014977,0.004407,0.110049,-0.392387,-0.102093,0.107449,-0.387423,-0.232242,0.001586,-0.167654,-0.23508,-0.209478,-0.052479,0.094059,-0.00185,0.010524,0.157947,-0.471905,0.056162,0.205603,-0.806388,0.125731,-0.094059,0.001849,-0.010523,-0.157811,-0.470221,-0.024719,-0.224445,-0.781824,0.107393
26.55,0,0,0,0.007608,0.021996,-0.064061,0.027065,0.075189,-0.241775,0.047874,0.117224,-0.443196,0.045579,0.148995,-0.579426,0.079892,0.110302,-0.384485,0.181864,0.107168,-0.353414,0.266913,0.005745,-0.110672,0.233006,-0.212308,-0.015149,0.004638,0.111274,-0.392057,-0.101864,0.108605,-0.387172,-0.231915,0.001923,-0.167742,-0.234769,-0.209324,-0.052902,0.094058,-0.001861,0.010531,0.157974,-0.471937,0.055911,0.205663,-0.806416,0.125479,-0.094058,0.001861,-0.01053,-0.157794,-0.470223,-0.024308,-0.224419,-0.782102,0.107155
26.566666,0,0,0,0.007616,0.02219,-0.063993,0.027141,0.076052,-0.241498,0.048157,0.118772,-0.442787,0.04604,0.150869,-0.578977,0.08011,0.111658,-0.384034,0.182049,0.10845,-0.352862,0.266875,0.006196,-0.11039,0.232991,-0.212116,-0.015453,0.004864,0.11263,-0.391684,-0.101641,0.109907,-0.386891,-0.23163,0.002433,-0.167812,-0.234521,-0.209005,-0.053325,0.094057,-0.001883,0.01054,0.157963,-0.471999,0.055524,0.205659,-0.806457,0.125186,-0.094056,0.001884,-0.01054,-0.157812,-0.470209,-0.023949,-0.224467,-0.78234,0.106899
26.583333,0,0,0,0.007626,0.022433,-0.063907,0.02724,0.077148,-0.241141,0.048497,0.120767,-0.442261,0.046586,0.153281,-0.578405,0.080374,0.1134,-0.383452,0.182278,0.110093,-0.352174,0.26687,0.006819,-0.110053,0.232977,-0.211787,-0.015797,0.005137,0.114373,-0.391193,-0.101371,0.111589,-0.386524,-0.231299,0.003144,-0.167886,-0.234201,-0.208547,-0.053868,0.094055,-0.001907,0.010555,0.157969,-0.472072,0.055008,0.205685,-0.806467,0.124959,-0.094054,0.001907,-0.010554,-0.15787,-0.470187,-0.023641,-0.224573,-0.782579,0.106558
26.6,0,0,0,0.007628,0.022719,-0.063806,0.027311,0.078452,-0.240714,0.048783,0.12315,-0.441644,0.047061,0.156208,-0.577728,0.080589,0.115478,-0.382772,0.182454,0.112072,-0.35138,0.266774,0.007718,-0.109627,0.232859,-0.211271,-0.016274,0.005361,0.116451,-0.390595,-0.10115,0.1136,-0.386024,-0.231014,0.004026,-0.167912,-0.233939,-0.207993,-0.054507,0.094054,-0.001919,0.010561,0.157976,-0.472139,0.054416,0.205711,-0.806439,0.124809,-0.094053,0.00192,-0.01056,-0.157879,-0.470185,-0.023206,-0.224634,-0.782861,0.106281
26.616666,0,0,0,0.007622,0.023032,-0.063694,0.027351,0.079874,-0.240245,0.049006,0.125791,-0.440908,0.04746,0.159444,-0.576877,0.080754,0.117774,-0.382025,0.18258,0.114245,-0.350519,0.266617,0.008683,-0.109192,0.232743,-0.210737,-0.016841,0.005533,0.11876,-0.389917,-0.100978,0.115831,-0.385407,-0.230685,0.005004,-0.167835,-0.233755,-0.20732,-0.055005,0.094053,-0.001921,0.010561,0.157994,-0.472188,0.053881,0.205747,-0.806381,0.124766,-0.094054,0.001922,-0.01056,-0.157888,-0.470192,-0.022799,-0.224706,-0.783125,0.106034
26.633333,0,0,0,0.007612,0.023415,-0.063556,0.027367,0.081639,-0.239652,0.049189,0.129088,-0.439986,0.047807,0.163538,-0.5758,0.080882,0.120635,-0.381092,0.18267,0.116928,-0.349485,0.266399,0.00991,-0.108693,0.232575,-0.209937,-0.017344,0.005668,0.12164,-0.389047,-0.100844,0.118623,-0.384601,-0.230353,0.006246,-0.167708,-0.23356,-0.20651,-0.0557,0.094054,-0.001929,0.010555,0.158023,-0.472238,0.053375,0.205804,-0.806306,0.124827,-0.094054,0.001929,-0.010555,-0.157883,-0.470196,-0.022387,-0.224727,-0.7834,0.105772
26.65,0,0,0,0.00759,0.023861,-0.063392,0.027342,0.083691,-0.23895,0.049311,0.132899,-0.438912,0.048064,0.168357,-0.574538,0.08095,0.123949,-0.38,0.182701,0.120058,-0.348294,0.266095,0.011454,-0.108098,0.232351,-0.208853,-0.017832,0.005743,0.12496,-0.388014,-0.100769,0.121825,-0.383646,-0.230083,0.007782,-0.167507,-0.233397,-0.205462,-0.056432,0.094057,-0.001939,0.010531,0.158009,-0.472286,0.052951,0.205777,-0.806232,0.124981,-0.094056,0.001939,-0.010531,-0.157893,-0.470196,-0.02189,-0.224693,-0.783659,0.105659
26.666666,0,0,0,0.007564,0.02434,-0.063212,0.027304,0.085913,-0.238168,0.049394,0.137055,-0.437695,0.048258,0.173617,-0.573091,0.080988,0.127562,-0.378785,0.182705,0.123491,-0.346993,0.265777,0.013174,-0.107466,0.232184,-0.207588,-0.018262,0.005786,0.128576,-0.386851,-0.100724,0.125318,-0.382542,-0.229779,0.009523,-0.16718,-0.233173,-0.204245,-0.057122,0.094059,-0.001946,0.010506,0.158024,-0.472321,0.052608,0.205786,-0.806152,0.125167,-0.094059,0.001946,-0.010505,-0.157904,-0.4702,-0.021373,-0.224608,-0.783905,0.105629
26.683333,0,0,0,0.007526,0.024918,-0.062992,0.027205,0.088553,-0.237215,0.049373,0.14199,-0.436161,0.0483,0.179879,-0.571221,0.080936,0.131851,-0.377315,0.182621,0.127541,-0.345453,0.265328,0.015198,-0.106743,0.231894,-0.206066,-0.018734,0.005738,0.132882,-0.385418,-0.10077,0.12949,-0.381184,-0.229548,0.011658,-0.166763,-0.232938,-0.202762,-0.057979,0.094063,-0.001957,0.010465,0.158027,-0.472359,0.052252,0.205768,-0.806076,0.125351,-0.094064,0.001957,-0.010466,-0.157927,-0.470198,-0.020857,-0.224568,-0.78414,0.105592
26.7,0,0,0,0.007478,0.025571,-0.062735,0.027075,0.091494,-0.236114,0.04931,0.147515,-0.434455,0.04827,0.186991,-0.569174,0.080838,0.136636,-0.375619,0.182499,0.132078,-0.343712,0.26483,0.017515,-0.105929,0.23163,-0.20432,-0.019276,0.005644,0.13768,-0.383753,-0.100863,0.134112,-0.379613,-0.229362,0.014023,-0.166282,-0.232667,-0.201125,-0.058942,0.09407,-0.001993,0.010401,0.157991,-0.472434,0.051822,0.205678,-0.80603,0.125506,-0.09407,0.001993,-0.010401,-0.15811,-0.470147,-0.020351,-0.224676,-0.784081,0.106157
26.716666,0,0,0,0.007413,0.026253,-0.062461,0.026877,0.094539,-0.234938,0.049104,0.153176,-0.432576,0.048067,0.194288,-0.566857,0.080623,0.141563,-0.373826,0.182272,0.13678,-0.341919,0.264283,0.019958,-0.105126,0.231349,-0.202473,-0.019913,0.00543,0.142609,-0.381973,-0.101075,0.138902,-0.37789,-0.229259,0.016576,-0.165643,-0.232443,-0.199351,-0.059875,0.094079,-0.002015,0.010318,0.157939,-0.472497,0.051359,0.205552,-0.805964,0.125674,-0.094078,0.002014,-0.010318,-0.158253,-0.470111,-0.020078,-0.224709,-0.784045,0.106488
26.733333,0,0,0,0.007328,0.02704,-0.062135,0.026627,0.098016,-0.233541,0.048847,0.159696,-0.430361,0.047777,0.202705,-0.564155,0.080352,0.14721,-0.371684,0.181983,0.142173,-0.339756,0.263683,0.022801,-0.104131,0.231166,-0.200353,-0.020665,0.00516,0.148273,-0.37984,-0.101342,0.144433,-0.375815,-0.229149,0.01952,-0.16485,-0.232257,-0.197301,-0.060925,0.09409,-0.002025,0.010215,0.157875,-0.472558,0.05078,0.205384,-0.805876,0.12583,-0.094089,0.002025,-0.010215,-0.158322,-0.470098,-0.019676,-0.224665,-0.784261,0.106381
26.75,0,0,0,0.007234,0.027893,-0.061767,0.026347,0.101778,-0.23196,0.048545,0.16673,-0.42781,0.047442,0.211739,-0.561027,0.08004,0.153319,-0.369257,0.181662,0.148017,-0.337344,0.263108,0.025856,-0.103064,0.231075,-0.198052,-0.02145,0.00485,0.154379,-0.377428,-0.101648,0.150372,-0.373468,-0.229046,0.02269,-0.163918,-0.232082,-0.195065,-0.061962,0.094101,-0.002029,0.010105,0.157822,-0.472614,0.050172,0.205224,-0.805751,0.126087,-0.094101,0.002029,-0.010104,-0.158396,-0.470094,-0.019181,-0.224628,-0.784488,0.106355
26.766666,0,0,0,0.00713,0.028756,-0.061383,0.02602,0.105534,-0.230316,0.04816,0.173716,-0.42518,0.046996,0.220752,-0.5578,0.079654,0.159381,-0.366748,0.181274,0.153826,-0.33487,0.262581,0.028967,-0.101969,0.231088,-0.195684,-0.022209,0.004464,0.160443,-0.374919,-0.10203,0.156277,-0.371012,-0.22897,0.025888,-0.162856,-0.231931,-0.192782,-0.062876,0.094114,-0.002031,0.009981,0.157741,-0.472674,0.049523,0.205012,-0.80562,0.126349,-0.094115,0.002031,-0.009982,-0.158496,-0.470086,-0.018696,-0.224612,-0.784715,0.106314
26.783333,0,0,0,0.007023,0.029734,-0.060927,0.0257,0.109763,-0.228369,0.047784,0.181579,-0.422047,0.04651,0.230814,-0.553981,0.079274,0.166206,-0.363771,0.180895,0.160408,-0.331942,0.262049,0.03245,-0.100675,0.231214,-0.193014,-0.022978,0.004085,0.167261,-0.371954,-0.102404,0.162901,-0.368114,-0.228829,0.029377,-0.161639,-0.231707,-0.19035,-0.064001,0.094127,-0.002024,0.009862,0.157661,-0.472727,0.048826,0.204777,-0.805448,0.126716,-0.094127,0.002025,-0.009862,-0.158525,-0.470097,-0.018195,-0.224482,-0.78509,0.105979
26.8,0,0,0,0.006917,0.030758,-0.060428,0.025345,0.114136,-0.226256,0.04735,0.189703,-0.418637,0.045989,0.241318,-0.549782,0.078842,0.173248,-0.360545,0.180465,0.167175,-0.328774,0.26155,0.036106,-0.099231,0.231518,-0.190185,-0.023651,0.003654,0.174305,-0.36873,-0.10283,0.169784,-0.364949,-0.228679,0.033117,-0.160185,-0.231493,-0.187673,-0.064973,0.094139,-0.002025,0.009746,0.157563,-0.472792,0.048112,0.204493,-0.805286,0.127073,-0.094139,0.002025,-0.009745,-0.158594,-0.470097,-0.017613,-0.224411,-0.785347,0.105981
26.816666,0,0,0,0.006805,0.031762,-0.05992,0.024974,0.118378,-0.224108,0.046865,0.197566,-0.415166,0.045391,0.251522,-0.54549,0.07837,0.180064,-0.357275,0.180005,0.173717,-0.325595,0.26112,0.039688,-0.097779,0.231748,-0.187396,-0.024352,0.00318,0.181118,-0.365453,-0.103298,0.17641,-0.361737,-0.228575,0.036717,-0.158672,-0.23131,-0.185065,-0.065792,0.094152,-0.002024,0.009621,0.157474,-0.472848,0.047447,0.204225,-0.805123,0.127432,-0.094152,0.002024,-0.009621,-0.158724,-0.470089,-0.017109,-0.224464,-0.785577,0.105917
26.833333,0,0,0,0.006681,0.032866,-0.059335,0.024569,0.123035,-0.221631,0.046318,0.206197,-0.411127,0.04469,0.262724,-0.540469,0.077844,0.18754,-0.353504,0.179496,0.180875,-0.321945,0.260687,0.043638,-0.096073,0.23203,-0.184278,-0.02498,0.002653,0.188602,-0.361668,-0.103819,0.183711,-0.358013,-0.228452,0.040665,-0.156894,-0.231144,-0.182216,-0.066683,0.094166,-0.002018,0.009486,0.157428,-0.472894,0.04677,0.203995,-0.804919,0.127889,-0.094166,0.002017,-0.009485,-0.158817,-0.47009,-0.016648,-0.224408,-0.785789,0.105915
26.85,,,,,,,,,,,,,,,,,,,,,,,,,,,,,,,,,,,,,,,,,,,,,,,,,,,,,,,,,
26.866666,0,0,0,0.006216,0.034648,-0.058364,0.024226,0.132418,-0.216182,0.046818,0.224364,-0.401532,0.045191,0.286341,-0.528409,0.078094,0.202947,-0.344688,0.179702,0.195591,-0.313141,0.261806,0.052839,-0.09105,0.234766,-0.176751,-0.024878,0.002936,0.204521,-0.353068,-0.103537,0.199687,-0.349366,-0.226068,0.049981,-0.151836,-0.228802,-0.175042,-0.06711,0.094253,-0.002885,0.008326,0.158505,-0.473565,0.046375,0.205889,-0.804658,0.130766,-0.094253,0.002884,-0.008326,-0.15817,-0.46934,-0.014257,-0.222108,-0.785371,0.108323
26.883333,0,0,0,0.00597,0.035833,-0.05767,0.023336,0.137438,-0.213121,0.045921,0.233755,-0.396371,0.044073,0.29835,-0.522062,0.077173,0.211052,-0.339898,0.178784,0.203314,-0.308451,0.261098,0.057052,-0.088732,0.234711,-0.17338,-0.025279,0.002021,0.212635,-0.348328,-0.104443,0.207542,-0.344719,-0.226219,0.054063,-0.149632,-0.229214,-0.171992,-0.067708,0.094287,-0.003053,0.007865,0.158232,-0.473728,0.046492,0.205289,-0.804698,0.131546,-0.094287,0.003052,-0.007864,-0.15847,-0.469141,-0.013408,-0.222372,-0.785429,0.108527
26.9,0,0,0,0.005779,0.03703,-0.056933,0.022645,0.142315,-0.209975,0.045147,0.242863,-0.391168,0.043104,0.310117,-0.515669,0.076391,0.218897,-0.33502,0.178029,0.210786,-0.303756,0.26059,0.061004,-0.086516,0.235012,-0.170262,-0.025826,0.001242,0.220458,-0.343486,-0.105215,0.215199,-0.339922,-0.226318,0.058026,-0.147374,-0.229484,-0.16913,-0.068563,0.09431,-0.003024,0.007605,0.158093,-0.473695,0.046546,0.204897,-0.804562,0.13214,-0.094309,0.003024,-0.007606,-0.158497,-0.469171,-0.012863,-0.222214,-0.785817,0.108237
26.916666,0,0,0,0.005655,0.038266,-0.056365,0.022122,0.147033,-0.207245,0.044431,0.251462,-0.386464,0.042143,0.321341,-0.509713,0.0757,0.226341,-0.330652,0.177365,0.217937,-0.29955,0.26003,0.064889,-0.08464,0.235303,-0.167155,-0.026628,0.000551,0.227857,-0.339123,-0.105899,0.222421,-0.33561,-0.22646,0.061943,-0.145464,-0.229816,-0.166185,-0.069518,0.094323,-0.002954,0.007459,0.157907,-0.473641,0.046543,0.204409,-0.804418,0.132645,-0.094324,0.002953,-0.007458,-0.158657,-0.469224,-0.012558,-0.222258,-0.786062,0.1081
26.933333,0,0,0,0.005531,0.039627,-0.055786,0.021582,0.152173,-0.204278,0.043593,0.260781,-0.381256,0.041041,0.333494,-0.503067,0.07492,0.234399,-0.325867,0.176624,0.225681,-0.294983,0.259481,0.069062,-0.082735,0.235706,-0.163777,-0.027579,-0.000234,0.235891,-0.334298,-0.106676,0.230229,-0.330887,-0.226626,0.066311,-0.143305,-0.230108,-0.162859,-0.070569,0.094338,-0.002893,0.007299,0.157756,-0.473598,0.046416,0.20398,-0.80423,0.133227,-0.094338,0.002893,-0.0073,-0.158844,-0.469263,-0.012174,-0.222248,-0.786238,0.108227
26.95,0,0,0,0.005415,0.040987,-0.055158,0.021092,0.157287,-0.201131,0.042794,0.270056,-0.375756,0.039958,0.345587,-0.49606,0.074181,0.242411,-0.320819,0.175924,0.233394,-0.290148,0.258945,0.073193,-0.080656,0.236176,-0.160433,-0.028482,-0.000977,0.243872,-0.329216,-0.107411,0.238008,-0.325904,-0.226795,0.070632,-0.141036,-0.230436,-0.159552,-0.071585,0.09435,-0.002821,0.007166,0.157593,-0.473555,0.046231,0.203503,-0.804031,0.133797,-0.09435,0.002821,-0.007167,-0.158972,-0.46932,-0.011895,-0.222168,-0.786403,0.108332
26.966666,0,0,0,0.005286,0.042255,-0.054533,0.020607,0.162074,-0.198007,0.042011,0.278818,-0.370234,0.038869,0.357046,-0.488986,0.073462,0.24995,-0.315794,0.17523,0.240636,-0.285299,0.258378,0.077111,-0.078441,0.236609,-0.15722,-0.029084,-0.001702,0.251416,-0.324141,-0.108128,0.245351,-0.320922,-0.226927,0.074698,-0.138692,-0.230747,-0.156395,-0.072339,0.094364,-0.002793,0.006982,0.157457,-0.473549,0.046019,0.203104,-0.803832,0.134448,-0.094365,0.002794,-0.006983,-0.159127,-0.469331,-0.011478,-0.222011,-0.78651,0.10866
26.983333,0,0,0,0.005129,0.043603,-0.053838,0.020013,0.167121,-0.194562,0.041064,0.28804,-0.364108,0.037609,0.369066,-0.481136,0.072597,0.257887,-0.310261,0.174396,0.248246,-0.279972,0.257718,0.081186,-0.076029,0.236893,-0.153882,-0.029866,-0.002574,0.259364,-0.318541,-0.108992,0.253098,-0.315431,-0.227248,0.07898,-0.136148,-0.231366,-0.153023,-0.073067,0.094383,-0.002757,0.006758,0.157252,-0.473548,0.04573,0.202565,-0.803627,0.135089,-0.094382,0.002757,-0.006758,-0.159356,-0.46934,-0.011121,-0.22196,-0.786599,0.108952
27,0,0,0,0.004949,0.044944,-0.053103,0.019317,0.172118,-0.190961,0.039948,0.297172,-0.357719,0.036166,0.380981,-0.472941,0.071582,0.265746,-0.304503,0.173424,0.255784,-0.274463,0.256924,0.085204,-0.07353,0.237032,-0.15057,-0.030676,-0.003598,0.267218,-0.312701,-0.110009,0.260786,-0.309687,-0.227768,0.0832,-0.133506,-0.232091,-0.149725,-0.073933,0.094401,-0.002704,0.00651,0.156987,-0.473541,0.045383,0.201924,-0.803401,0.135732,-0.094401,0.002704,-0.00651,-0.159648,-0.469356,-0.01079,-0.221967,-0.786719,0.109154
27.016666,0,0,0,0.004877,0.046718,-0.05128,0.018658,0.177863,-0.185143,0.038597,0.306944,-0.348919,0.034391,0.393233,-0.46231,0.070407,0.274416,-0.296451,0.172301,0.264137,-0.266695,0.25551,0.089995,-0.068719,0.236582,-0.146378,-0.028832,-0.004783,0.275697,-0.304595,-0.111175,0.268922,-0.301688,-0.228459,0.088048,-0.128562,-0.233334,-0.145651,-0.072147,0.094387,-0.002337,0.006848,0.156617,-0.473065,0.047573,0.200683,-0.802698,0.139171,-0.094387,0.002338,-0.006848,-0.160247,-0.469652,-0.008724,-0.222574,-0.786687,0.112083
27.033333,0,0,0,0.00485,0.047914,-0.050784,0.01827,0.182428,-0.18194,0.037595,0.315473,-0.34282,0.033005,0.404477,-0.454304,0.069565,0.281705,-0.29104,0.171497,0.271081,-0.261536,0.254823,0.09349,-0.066697,0.236753,-0.14351,-0.030283,-0.005641,0.282962,-0.299034,-0.112021,0.276007,-0.296106,-0.22894,0.091827,-0.126247,-0.233911,-0.142748,-0.073604,0.094386,-0.002247,0.006893,0.156323,-0.473065,0.047018,0.199994,-0.802589,0.139194,-0.094386,0.002247,-0.006894,-0.160418,-0.469721,-0.008487,-0.222539,-0.786941,0.111939
27.05,0,0,0,0.00472,0.049175,-0.050242,0.017696,0.187021,-0.178634,0.036441,0.323976,-0.33652,0.031477,0.415727,-0.445983,0.068565,0.288953,-0.285461,0.170544,0.278003,-0.256238,0.253998,0.096949,-0.064669,0.236709,-0.140642,-0.031911,-0.006658,0.290219,-0.293293,-0.113028,0.283115,-0.290381,-0.22946,0.095515,-0.123967,-0.234488,-0.139898,-0.075212,0.0944,-0.002213,0.006702,0.156049,-0.473127,0.046147,0.199364,-0.802449,0.139209,-0.0944,0.002214,-0.006703,-0.160723,-0.469712,-0.008538,-0.222656,-0.787129,0.111467
27.066666,0,0,0,0.004554,0.050335,-0.049611,0.017054,0.19134,-0.175116,0.035287,0.332009,-0.329988,0.029965,0.42632,-0.437454,0.067545,0.295798,-0.279658,0.169568,0.284579,-0.250692,0.253173,0.100388,-0.062205,0.236587,-0.137703,-0.032892,-0.007691,0.297064,-0.287365,-0.114055,0.289857,-0.284472,-0.229962,0.099118,-0.12129,-0.235038,-0.13704,-0.076289,0.094418,-0.002178,0.006457,0.15577,-0.473148,0.045682,0.198712,-0.802224,0.139784,-0.094418,0.002178,-0.006457,-0.161084,-0.469699,-0.008335,-0.222803,-0.787172,0.11163
27.083333,0,0,0,0.004359,0.051543,-0.04885,0.01626,0.195869,-0.171091,0.033927,0.340485,-0.322609,0.028209,0.437497,-0.427871,0.066331,0.303012,-0.273087,0.168398,0.291508,-0.244389,0.252157,0.103942,-0.059328,0.236309,-0.134631,-0.03376,-0.008917,0.304252,-0.280677,-0.115275,0.296964,-0.277783,-0.230574,0.102976,-0.118036,-0.235748,-0.133911,-0.077061,0.094434,-0.002051,0.006263,0.15537,-0.47307,0.045556,0.197806,-0.801916,0.140682,-0.094434,0.002051,-0.006263,-0.161512,-0.469768,-0.008092,-0.22304,-0.787192,0.112101
27.1,0,0,0,0.004152,0.052767,-0.048064,0.015436,0.200265,-0.167075,0.032547,0.348614,-0.315239,0.026423,0.448234,-0.418243,0.065096,0.309948,-0.266541,0.167209,0.298152,-0.238127,0.25109,0.107313,-0.056501,0.235855,-0.131667,-0.034641,-0.010164,0.311155,-0.274023,-0.116516,0.303763,-0.271183,-0.231225,0.106624,-0.114908,-0.236398,-0.130917,-0.077907,0.094449,-0.001896,0.006079,0.154978,-0.472948,0.045602,0.196909,-0.801657,0.141427,-0.09445,0.001896,-0.006079,-0.161977,-0.46986,-0.007804,-0.223261,-0.787301,0.112467
27.116666,0,0,0,0.003953,0.053906,-0.047276,0.014624,0.204286,-0.163197,0.031161,0.35605,-0.30815,0.024669,0.458057,-0.408981,0.063865,0.316282,-0.260263,0.166035,0.304198,-0.232177,0.250063,0.110317,-0.05387,0.235361,-0.12899,-0.035501,-0.011408,0.317463,-0.267614,-0.117753,0.309954,-0.264806,-0.231841,0.10986,-0.111867,-0.236942,-0.128227,-0.078557,0.094463,-0.001751,0.005903,0.154609,-0.472824,0.045759,0.196041,-0.801432,0.142145,-0.094464,0.001752,-0.005903,-0.162398,-0.469945,-0.007518,-0.22343,-0.787408,0.112825
27.133333,0,0,0,0.003738,0.055081,-0.046405,0.013799,0.208412,-0.158976,0.029778,0.363693,-0.30046,0.022916,0.468175,-0.398933,0.062632,0.322778,-0.253451,0.164854,0.310403,-0.225683,0.248959,0.113351,-0.050924,0.234785,-0.126246,-0.03629,-0.012653,0.323939,-0.260679,-0.118991,0.316319,-0.257886,-0.232393,0.113203,-0.108461,-0.237347,-0.125407,-0.079098,0.094477,-0.001593,0.005719,0.154317,-0.47266,0.046109,0.195277,-0.801174,0.143013,-0.094478,0.001593,-0.00572,-0.162818,-0.470047,-0.00714,-0.223554,-0.787529,0.113301
27.15,0,0,0,0.003586,0.056068,-0.045857,0.013124,0.212112,-0.155386,0.02856,0.370755,-0.293361,0.021292,0.47767,-0.389361,0.061564,0.328739,-0.247264,0.163826,0.316072,-0.219779,0.24803,0.115994,-0.048542,0.234354,-0.123832,-0.037699,-0.013734,0.329894,-0.25436,-0.120064,0.322198,-0.251486,-0.232741,0.116199,-0.1055,-0.237559,-0.122873,-0.080149,0.094488,-0.001483,0.005577,0.154005,-0.472596,0.045905,0.194553,-0.801017,0.143298,-0.094488,0.001482,-0.005577,-0.163108,-0.470116,-0.007245,-0.223602,-0.787639,0.113209
27.166666,0,0,0,0.003217,0.057634,-0.044091,0.011986,0.21655,-0.149681,0.026916,0.378217,-0.284284,0.01934,0.487114,-0.378129,0.060063,0.335224,-0.239096,0.162413,0.322237,-0.212089,0.246657,0.119123,-0.044484,0.23338,-0.120853,-0.036956,-0.015247,0.336379,-0.246061,-0.121573,0.328561,-0.243352,-0.233422,0.119644,-0.100918,-0.238086,-0.119781,-0.079119,0.094507,-0.001218,0.005303,0.153699,-0.472148,0.048173,0.193593,-0.800678,0.145468,-0.094508,0.001219,-0.005303,-0.163933,-0.470263,-0.0056,-0.224014,-0.78777,0.115104
27.183333,0,0,0,0.003057,0.05862,-0.043375,0.011318,0.220113,-0.145681,0.025753,0.384981,-0.276663,0.017819,0.496166,-0.368011,0.059034,0.340911,-0.232404,0.161428,0.327649,-0.2057,0.245807,0.12162,-0.041761,0.232808,-0.118462,-0.03816,-0.016286,0.342056,-0.239263,-0.122602,0.334113,-0.236538,-0.233681,0.122456,-0.097589,-0.238079,-0.117297,-0.079686,0.094515,-0.001096,0.005182,0.153459,-0.472027,0.048366,0.192952,-0.800504,0.146005,-0.094516,0.001096,-0.005182,-0.164269,-0.470338,-0.005492,-0.224109,-0.787864,0.115282
27.2,0,0,0,0.002883,0.059613,-0.042549,0.010602,0.223604,-0.141451,0.024496,0.391571,-0.268758,0.016146,0.504985,-0.357543,0.057927,0.346452,-0.225465,0.160371,0.33293,-0.199086,0.244832,0.124064,-0.03882,0.231988,-0.116053,-0.039097,-0.017405,0.347585,-0.232192,-0.123713,0.339556,-0.229424,-0.233984,0.125254,-0.09393,-0.238038,-0.114764,-0.079912,0.094524,-0.000975,0.00504,0.153165,-0.471912,0.048578,0.192195,-0.800287,0.146742,-0.094525,0.000974,-0.00504,-0.164723,-0.470394,-0.005159,-0.224346,-0.787946,0.115655
27.216666,0,0,0,0.0027,0.06054,-0.0417,0.009925,0.22676,-0.137376,0.023333,0.397507,-0.261233,0.014608,0.512912,-0.347617,0.056899,0.351438,-0.218854,0.159391,0.33767,-0.192786,0.243927,0.12618,-0.03604,0.231173,-0.11391,-0.039951,-0.018444,0.352563,-0.22546,-0.124745,0.344452,-0.222667,-0.234225,0.127675,-0.09051,-0.237971,-0.112528,-0.080032,0.094534,-0.00086,0.004873,0.152896,-0.471798,0.048781,0.191498,-0.800074,0.147446,-0.094535,0.000861,-0.004872,-0.165197,-0.470438,-0.004698,-0.224599,-0.788024,0.116136
27.233333,0,0,0,0.002385,0.061823,-0.040046,0.008957,0.230419,-0.131807,0.021912,0.403886,-0.252059,0.012834,0.521209,-0.335963,0.055607,0.356897,-0.210655,0.158158,0.342862,-0.184968,0.242679,0.128549,-0.032095,0.230107,-0.11146,-0.039763,-0.019746,0.358025,-0.217146,-0.126042,0.349819,-0.214406,-0.234509,0.130376,-0.085863,-0.238053,-0.10996,-0.078949,0.094548,-0.000636,0.004649,0.152549,-0.471421,0.050616,0.190535,-0.79982,0.149111,-0.094547,0.000637,-0.004649,-0.165932,-0.470551,-0.003073,-0.224949,-0.788219,0.117732
27.25,0,0,0,0.002186,0.062716,-0.039384,0.008178,0.233457,-0.127982,0.020569,0.409636,-0.24459,0.011054,0.528918,-0.325929,0.05442,0.361711,-0.204155,0.157018,0.347438,-0.178787,0.241551,0.130571,-0.029566,0.228973,-0.109281,-0.041131,-0.020943,0.362796,-0.210524,-0.127227,0.354457,-0.207716,-0.234795,0.132613,-0.082584,-0.238048,-0.107804,-0.079353,0.094555,-0.00046,0.004517,0.152136,-0.47129,0.050551,0.189635,-0.799623,0.149451,-0.094555,0.000459,-0.004516,-0.166459,-0.470649,-0.002964,-0.225371,-0.788331,0.117858
27.266666,0,0,0,0.001934,0.063712,-0.038039,0.007391,0.236422,-0.123087,0.019391,0.415031,-0.236238,0.009548,0.536015,-0.315232,0.053353,0.366243,-0.196733,0.156008,0.351735,-0.171732,0.240513,0.132413,-0.026127,0.227954,-0.107242,-0.041255,-0.022019,0.36734,-0.202996,-0.128296,0.3589,-0.200233,-0.234896,0.134733,-0.078456,-0.23791,-0.105708,-0.078581,0.094564,-0.000293,0.00432,0.151856,-0.471031,0.051648,0.188852,-0.799365,0.150731,-0.094565,0.000292,-0.004319,-0.166926,-0.470742,-0.001778,-0.225545,-0.788489,0.119015
27.283333,0,0,0,0.001752,0.064677,-0.036842,0.006768,0.239369,-0.118307,0.018373,0.420403,-0.227791,0.008199,0.54311,-0.304243,0.052447,0.370766,-0.189287,0.155143,0.356002,-0.164604,0.23957,0.134181,-0.022789,0.227089,-0.105209,-0.04172,-0.022933,0.371872,-0.195448,-0.129197,0.363279,-0.192679,-0.234756,0.136759,-0.074399,-0.237532,-0.103659,-0.077994,0.094572,-0.000193,0.004161,0.151667,-0.470856,0.052455,0.188261,-0.799162,0.151781,-0.094573,0.000192,-0.004161,-0.167202,-0.470796,-0.000793,-0.225558,-0.788618,0.119928
27.3,,,,,,,,,,,,,,,,,,,,,,,,,,,,,,,,,,,,,,,,,,,,,,,,,,,,,,,,,
27.316666,0,0,0,0.001381,0.066346,-0.034729,0.00548,0.244523,-0.109471,0.016165,0.430023,-0.211816,0.005327,0.555857,-0.283404,0.050508,0.378796,-0.175295,0.153301,0.36362,-0.151277,0.237565,0.137186,-0.01685,0.225053,-0.101506,-0.043141,-0.024894,0.379885,-0.181193,-0.131138,0.37107,-0.17833,-0.234739,0.140285,-0.066756,-0.236903,-0.099942,-0.077131,0.094589,-2.00E-06,0.003759,0.151115,-0.47062,0.053146,0.186902,-0.798695,0.153525,-0.09459,2.00E-06,-0.003758,-0.167561,-0.470928,0.000343,-0.225516,-0.788706,0.121372
27.333333,0,0,0,0.001246,0.067033,-0.034119,0.004921,0.246763,-0.105961,0.015149,0.434359,-0.204873,0.003949,0.561737,-0.274018,0.049621,0.382346,-0.169279,0.152443,0.366971,-0.145514,0.236571,0.13839,-0.014681,0.223945,-0.099845,-0.044786,-0.02579,0.383403,-0.175071,-0.132021,0.374468,-0.172118,-0.234753,0.141791,-0.063712,-0.236554,-0.098268,-0.077478,0.094594,9.80E-05,0.003648,0.150774,-0.470596,0.052718,0.186184,-0.798548,0.153629,-0.094594,-9.80E-05,-0.003648,-0.167725,-0.471006,7.80E-05,-0.225567,-0.788753,0.121244
27.35,0,0,0,0.000994,0.067906,-0.032987,0.004137,0.249237,-0.101492,0.013911,0.438821,-0.196917,0.002363,0.567615,-0.263651,0.048513,0.386075,-0.162285,0.151399,0.370552,-0.138895,0.235375,0.139835,-0.011768,0.222531,-0.097896,-0.045537,-0.026906,0.387101,-0.167971,-0.13313,0.378078,-0.165019,-0.234921,0.143486,-0.059905,-0.236368,-0.096368,-0.076914,0.094599,0.000309,0.003488,0.15034,-0.470384,0.053059,0.185271,-0.798238,0.154457,-0.094599,-0.000309,-0.003488,-0.168016,-0.471168,0.000776,-0.225656,-0.788887,0.122112
27.366666,0,0,0,0.000782,0.068584,-0.032079,0.003438,0.251243,-0.097628,0.012797,0.442552,-0.189804,0.000926,0.57255,-0.25431,0.047522,0.389185,-0.156095,0.150461,0.373497,-0.13305,0.234338,0.140888,-0.009352,0.221275,-0.096325,-0.046509,-0.027906,0.39019,-0.161668,-0.134122,0.381079,-0.158698,-0.235074,0.144763,-0.056685,-0.236207,-0.094864,-0.07666,0.094605,0.000473,0.003317,0.14989,-0.470245,0.053161,0.184388,-0.798014,0.154982,-0.094605,-0.000473,-0.003318,-0.168173,-0.471308,0.000921,-0.22562,-0.788812,0.12291
27.383333,0,0,0,0.000527,0.069318,-0.030899,0.002641,0.253321,-0.093147,0.011588,0.446468,-0.181903,-0.000653,0.577748,-0.244125,0.046432,0.392378,-0.149142,0.149436,0.376534,-0.126497,0.233252,0.141983,-0.006478,0.219848,-0.094634,-0.047156,-0.029004,0.393366,-0.154596,-0.135216,0.384214,-0.151629,-0.235261,0.146103,-0.052945,-0.23612,-0.09325,-0.075979,0.09461,0.000673,0.003122,0.149376,-0.470022,0.053745,0.183416,-0.797756,0.155831,-0.09461,-0.000673,-0.003122,-0.168374,-0.471476,0.001289,-0.225447,-0.788931,0.123578
27.4,0,0,0,0.000372,0.069941,-0.030022,0.002103,0.255152,-0.089306,0.01069,0.449978,-0.174783,-0.001889,0.582466,-0.234742,0.04564,0.395215,-0.142938,0.148692,0.379186,-0.120643,0.232459,0.142852,-0.004139,0.218745,-0.093154,-0.048118,-0.029805,0.396197,-0.14828,-0.13601,0.386986,-0.14526,-0.235209,0.147242,-0.04973,-0.235786,-0.09181,-0.07571,0.094613,0.000791,0.003013,0.149014,-0.469916,0.053924,0.182678,-0.797617,0.156237,-0.094613,-0.000791,-0.003014,-0.168359,-0.471598,0.001241,-0.225073,-0.789035,0.123743
27.416666,0,0,0,0.000236,0.070478,-0.029247,0.001641,0.256735,-0.085841,0.009883,0.453095,-0.16827,-0.003009,0.586712,-0.226086,0.044935,0.397697,-0.137272,0.148029,0.381533,-0.115276,0.231736,0.1436,-0.002028,0.21771,-0.091789,-0.049107,-0.030518,0.398665,-0.142511,-0.136716,0.389383,-0.139455,-0.235158,0.148194,-0.046823,-0.235493,-0.090549,-0.075511,0.094615,0.000886,0.0029,0.148694,-0.469853,0.053856,0.182002,-0.797426,0.156697,-0.094615,-0.000887,-0.002899,-0.168343,-0.471697,0.001352,-0.224736,-0.789174,0.1239
27.433333,0,0,0,9.60E-05,0.071009,-0.028412,0.001184,0.258283,-0.082187,0.009094,0.456052,-0.161479,-0.004103,0.590607,-0.217266,0.044245,0.400112,-0.131383,0.147381,0.38384,-0.109661,0.23105,0.144332,0.000244,0.216703,-0.090392,-0.049959,-0.031214,0.401071,-0.136519,-0.137407,0.391754,-0.133366,-0.235059,0.14914,-0.043664,-0.235127,-0.089248,-0.075172,0.094618,0.000984,0.00278,0.148376,-0.469818,0.053485,0.181281,-0.797157,0.157199,-0.094618,-0.000985,-0.002781,-0.168297,-0.471803,0.001472,-0.224317,-0.789307,0.124121
27.45,0,0,0,-2.70E-05,0.071527,-0.027616,0.000768,0.259756,-0.078684,0.00837,0.458957,-0.154919,-0.005131,0.594522,-0.208689,0.043611,0.402396,-0.125674,0.146785,0.38602,-0.104212,0.230307,0.14498,0.002408,0.215764,-0.089062,-0.050831,-0.031855,0.403346,-0.130718,-0.138041,0.393991,-0.127474,-0.234933,0.150033,-0.040637,-0.234776,-0.087981,-0.074848,0.094621,0.001064,0.00266,0.148066,-0.469716,0.053904,0.180653,-0.797049,0.157735,-0.09462,-0.001063,-0.00266,-0.168225,-0.471893,0.001528,-0.223867,-0.789406,0.124328
27.466666,0,0,0,-0.000164,0.072003,-0.026859,0.000357,0.261081,-0.075413,0.007713,0.461518,-0.148854,-0.006024,0.597934,-0.200839,0.043029,0.404415,-0.120404,0.146232,0.387924,-0.099175,0.229649,0.145543,0.004445,0.214955,-0.087858,-0.051496,-0.032444,0.405374,-0.125347,-0.138624,0.395984,-0.122023,-0.234844,0.150838,-0.037826,-0.234434,-0.086804,-0.074539,0.094625,0.001143,0.002485,0.147757,-0.469656,0.05388,0.180053,-0.796871,0.158172,-0.094624,-0.001143,-0.002485,-0.16812,-0.471992,0.00156,-0.223338,-0.789538,0.124463
27.483333,0,0,0,-0.000285,0.072438,-0.026061,-2.70E-05,0.262303,-0.072016,0.007034,0.463967,-0.14255,-0.006984,0.601251,-0.1926,0.042438,0.406334,-0.114932,0.145684,0.389734,-0.093997,0.229001,0.146057,0.006619,0.214102,-0.086653,-0.05208,-0.033041,0.407283,-0.119775,-0.139212,0.397815,-0.116354,-0.234764,0.15149,-0.034885,-0.234137,-0.085745,-0.074142,0.094627,0.001215,0.002343,0.147401,-0.46961,0.05387,0.179359,-0.796684,0.158708,-0.094627,-0.001215,-0.002343,-0.168152,-0.472061,0.001413,-0.22297,-0.789584,0.124556
27.5,0,0,0,-0.000419,0.072877,-0.025296,-0.000468,0.263496,-0.068741,0.00627,0.466331,-0.136441,-0.00797,0.604433,-0.184671,0.041771,0.408179,-0.109636,0.145065,0.391502,-0.089002,0.228298,0.146606,0.008681,0.213213,-0.085436,-0.052557,-0.033715,0.409104,-0.114378,-0.139874,0.399532,-0.110887,-0.234794,0.152108,-0.032049,-0.233949,-0.084697,-0.073812,0.094629,0.001316,0.002223,0.146982,-0.469554,0.053768,0.178544,-0.79645,0.159279,-0.094628,-0.001317,-0.002224,-0.16803,-0.472182,0.001512,-0.22254,-0.789736,0.124712
27.516666,0,0,0,-0.000538,0.073267,-0.024582,-0.000853,0.264558,-0.065631,0.005577,0.468377,-0.130598,-0.008896,0.607149,-0.177037,0.041173,0.409834,-0.104601,0.14451,0.39308,-0.084246,0.227731,0.147085,0.010645,0.212505,-0.084331,-0.052888,-0.034319,0.410734,-0.109249,-0.140467,0.401056,-0.105715,-0.234813,0.152629,-0.029382,-0.233798,-0.083759,-0.07344,0.09463,0.001396,0.002091,0.146613,-0.469507,0.053707,0.177846,-0.796254,0.159777,-0.094631,-0.001396,-0.002091,-0.168036,-0.472263,0.001433,-0.222193,-0.78976,0.124933
27.533333,0,0,0,-0.000645,0.07365,-0.023804,-0.001222,0.265587,-0.06233,0.004891,0.470454,-0.124529,-0.009836,0.609949,-0.169221,0.040583,0.411439,-0.099338,0.143963,0.394603,-0.079265,0.227151,0.147523,0.012795,0.211799,-0.083255,-0.052988,-0.034915,0.412312,-0.103881,-0.141051,0.402535,-0.100252,-0.23483,0.153128,-0.026457,-0.233696,-0.082818,-0.072821,0.094632,0.001465,0.001969,0.146193,-0.469465,0.053761,0.177047,-0.796029,0.160502,-0.094633,-0.001465,-0.001969,-0.168001,-0.472338,0.001437,-0.221776,-0.789772,0.125266
27.55,0,0,0,-0.000756,0.07399,-0.023013,-0.00158,0.266494,-0.05907,0.004248,0.472315,-0.118569,-0.010717,0.61247,-0.161541,0.040029,0.412871,-0.094173,0.143445,0.395939,-0.074373,0.226667,0.147858,0.014922,0.211198,-0.082304,-0.052959,-0.035476,0.413725,-0.098614,-0.141601,0.403862,-0.094898,-0.234832,0.153517,-0.02363,-0.233594,-0.081981,-0.072215,0.094633,0.001542,0.001847,0.145806,-0.46941,0.053828,0.176344,-0.795827,0.161109,-0.094633,-0.001541,-0.001847,-0.167964,-0.472421,0.001467,-0.221339,-0.789819,0.125562
27.566666,0,0,0,-0.000655,0.07418,-0.021952,-0.001249,0.267038,-0.055336,0.004571,0.473683,-0.112206,-0.010554,0.614368,-0.153638,0.040358,0.413848,-0.088586,0.14379,0.396715,-0.069048,0.227066,0.147758,0.017723,0.211623,-0.081869,-0.051952,-0.035151,0.414772,-0.092955,-0.141256,0.404729,-0.089179,-0.23384,0.153502,-0.020208,-0.232646,-0.081588,-0.070735,0.094639,0.001343,0.001713,0.145853,-0.469502,0.05461,0.17634,-0.795702,0.162564,-0.094639,-0.001343,-0.001712,-0.167171,-0.472339,0.002486,-0.219782,-0.789879,0.126544
27.583333,0,0,0,-0.000772,0.074547,-0.021136,-0.001537,0.267929,-0.052142,0.00408,0.475426,-0.106451,-0.01123,0.616726,-0.146226,0.039934,0.415171,-0.083602,0.143402,0.397891,-0.064382,0.226794,0.148081,0.019787,0.211371,-0.080961,-0.05179,-0.035581,0.416105,-0.087844,-0.141673,0.405946,-0.083983,-0.233688,0.153871,-0.017386,-0.232413,-0.080748,-0.070056,0.094642,0.001391,0.00145,0.145541,-0.469429,0.054875,0.17583,-0.795512,0.163236,-0.094643,-0.00139,-0.00145,-0.16703,-0.472411,0.002556,-0.219029,-0.789988,0.126775
27.6,0,0,0,-0.000911,0.074828,-0.020439,-0.001937,0.26864,-0.049204,0.003513,0.476977,-0.100996,-0.012002,0.618895,-0.139149,0.039421,0.41628,-0.078894,0.142913,0.398861,-0.059934,0.226369,0.148259,0.021783,0.211013,-0.080238,-0.051528,-0.036101,0.417229,-0.083028,-0.142183,0.407015,-0.079061,-0.233602,0.154141,-0.014708,-0.232263,-0.080008,-0.069426,0.094644,0.001484,0.00122,0.145102,-0.469346,0.054964,0.175087,-0.795282,0.163854,-0.094644,-0.001485,-0.001221,-0.166962,-0.47252,0.002396,-0.218447,-0.790071,0.126896
27.616666,0,0,0,-0.000983,0.075081,-0.01973,-0.002306,0.26926,-0.046356,0.002817,0.478322,-0.09578,-0.012957,0.620747,-0.132437,0.038825,0.417288,-0.074386,0.142346,0.399749,-0.055691,0.225725,0.148395,0.023763,0.210472,-0.079588,-0.051154,-0.036701,0.418183,-0.078429,-0.142773,0.40789,-0.074387,-0.233764,0.154343,-0.01211,-0.232363,-0.079373,-0.068649,0.094644,0.001556,0.001204,0.144584,-0.469306,0.055162,0.174151,-0.795101,0.164585,-0.094643,-0.001556,-0.001204,-0.167022,-0.472581,0.002384,-0.218245,-0.790028,0.127257
27.633333,0,0,0,-0.001085,0.075351,-0.018973,-0.002519,0.269902,-0.04332,0.002473,0.479714,-0.090259,-0.013438,0.622695,-0.125346,0.038528,0.41827,-0.069625,0.142073,0.400579,-0.05121,0.225536,0.148524,0.025903,0.21038,-0.078909,-0.050685,-0.037005,0.419192,-0.073535,-0.143068,0.408856,-0.069365,-0.233509,0.154583,-0.009289,-0.232059,-0.078641,-0.067824,0.094644,0.001619,0.001018,0.144257,-0.469231,0.05538,0.173574,-0.794852,0.165384,-0.094645,-0.001619,-0.001018,-0.166872,-0.472666,0.002684,-0.217635,-0.79012,0.127729
27.65,0,0,0,-0.001208,0.075605,-0.018305,-0.002852,0.270497,-0.040527,0.002034,0.480988,-0.085059,-0.013956,0.624471,-0.118649,0.038126,0.419172,-0.065154,0.141694,0.401365,-0.046983,0.225261,0.148662,0.027861,0.21024,-0.078215,-0.050387,-0.037413,0.42012,-0.068961,-0.143467,0.409742,-0.064678,-0.233377,0.154781,-0.006755,-0.231853,-0.077947,-0.067229,0.094645,0.001706,0.000801,0.143879,-0.469139,0.055543,0.172947,-0.794612,0.166052,-0.094645,-0.001707,-0.0008,-0.166808,-0.472765,0.002793,-0.217184,-0.790213,0.128011
27.666666,0,0,0,-0.001323,0.075811,-0.01766,-0.003208,0.270971,-0.037892,0.001478,0.482055,-0.080204,-0.014672,0.625957,-0.112465,0.037635,0.419929,-0.06098,0.141228,0.402021,-0.043053,0.224866,0.148732,0.029702,0.209991,-0.077667,-0.049943,-0.037909,0.420864,-0.064684,-0.143954,0.410448,-0.060278,-0.233439,0.154905,-0.004293,-0.231822,-0.077326,-0.066644,0.094644,0.001804,0.000654,0.143422,-0.469044,0.055778,0.172176,-0.794364,0.166819,-0.094645,-0.001803,-0.000653,-0.166826,-0.472858,0.003052,-0.216919,-0.790301,0.128394
27.683333,0,0,0,-0.001406,0.076022,-0.016987,-0.003471,0.271447,-0.035101,0.001034,0.483114,-0.075023,-0.015214,0.627429,-0.105872,0.037252,0.420685,-0.05654,0.140868,0.40264,-0.03888,0.224515,0.148733,0.031678,0.209842,-0.077175,-0.049387,-0.038297,0.421616,-0.060128,-0.144332,0.411141,-0.055611,-0.233395,0.155005,-0.001705,-0.23166,-0.07669,-0.066017,0.094644,0.001866,0.000521,0.143003,-0.468982,0.056014,0.171438,-0.79412,0.167669,-0.094644,-0.001866,-0.000521,-0.166787,-0.472924,0.003507,-0.216564,-0.790408,0.128869
27.7,0,0,0,-0.001499,0.076235,-0.016321,-0.003761,0.271901,-0.03242,0.000565,0.48416,-0.070067,-0.015788,0.628905,-0.099621,0.036841,0.421391,-0.052272,0.140474,0.403235,-0.034837,0.224105,0.148731,0.033554,0.209664,-0.076685,-0.048912,-0.038713,0.42231,-0.055774,-0.144739,0.411775,-0.051174,-0.233406,0.155092,0.000747,-0.231583,-0.076057,-0.065501,0.094643,0.001948,0.000409,0.142592,-0.468902,0.056242,0.170684,-0.793838,0.168569,-0.094643,-0.001948,-0.000409,-0.166779,-0.473005,0.003874,-0.216234,-0.790512,0.129306
27.716666,0,0,0,-0.001579,0.076415,-0.01572,-0.003972,0.272281,-0.029928,0.000268,0.485153,-0.065429,-0.016115,0.630386,-0.093732,0.036571,0.421979,-0.048274,0.14022,0.403717,-0.03104,0.223863,0.14868,0.035323,0.209637,-0.076253,-0.048486,-0.038985,0.422913,-0.0517,-0.145003,0.41233,-0.047027,-0.233303,0.15515,0.00303,-0.23142,-0.075486,-0.064976,0.094642,0.002017,0.000302,0.142235,-0.468822,0.056527,0.170031,-0.793589,0.169414,-0.094642,-0.002017,-0.000301,-0.166687,-0.473085,0.004304,-0.21578,-0.790654,0.129721
27.733333,0,0,0,-0.00167,0.076599,-0.015087,-0.004223,0.272654,-0.027311,-7.40E-05,0.486023,-0.060575,-0.016441,0.63163,-0.087635,0.03626,0.422551,-0.044097,0.13992,0.404189,-0.027039,0.223575,0.14862,0.037226,0.209583,-0.075813,-0.047954,-0.0393,0.423496,-0.047459,-0.145309,0.41286,-0.04272,-0.233257,0.15519,0.005402,-0.231282,-0.074895,-0.064442,0.094641,0.002095,0.000164,0.141815,-0.468743,0.056753,0.16929,-0.793311,0.170291,-0.094641,-0.002096,-0.000165,-0.166653,-0.473164,0.004782,-0.215441,-0.790804,0.13014
27.75,0,0,0,-0.001769,0.076746,-0.014484,-0.004471,0.27294,-0.024828,-0.000371,0.486803,-0.055929,-0.016826,0.632791,-0.081756,0.03598,0.423007,-0.040109,0.139646,0.404547,-0.023191,0.223292,0.148466,0.039016,0.209565,-0.075454,-0.047546,-0.039582,0.423977,-0.0434,-0.145587,0.413328,-0.038593,-0.233217,0.155204,0.007632,-0.231149,-0.074341,-0.063966,0.094639,0.002172,-5.20E-05,0.141394,-0.468655,0.056979,0.168637,-0.793042,0.171087,-0.094639,-0.002172,5.10E-05,-0.166677,-0.473235,0.005235,-0.215202,-0.790924,0.130569
27.766666,0,0,0,-0.001851,0.076924,-0.013933,-0.004674,0.273277,-0.022542,-0.00063,0.487577,-0.051647,-0.017119,0.633905,-0.076384,0.03574,0.423489,-0.036433,0.139413,0.40493,-0.019665,0.223,0.148365,0.040598,0.209554,-0.07509,-0.047199,-0.039824,0.424476,-0.039664,-0.145822,0.413794,-0.034766,-0.233158,0.155269,0.009741,-0.231037,-0.073765,-0.063475,0.094637,0.00224,-0.000201,0.141035,-0.468589,0.057098,0.168044,-0.792783,0.17181,-0.094638,-0.00224,0.000201,-0.166712,-0.473294,0.005678,-0.215057,-0.79106,0.130888
27.783333,0,0,0,-0.001892,0.077076,-0.013319,-0.004995,0.273539,-0.020123,-0.001327,0.48823,-0.047086,-0.017948,0.634835,-0.070695,0.035158,0.423951,-0.032524,0.138835,0.405268,-0.015924,0.222195,0.14815,0.042259,0.209078,-0.07486,-0.046714,-0.04041,0.424843,-0.035705,-0.146394,0.414045,-0.030769,-0.233549,0.15515,0.011912,-0.231389,-0.073346,-0.062964,0.094636,0.002299,-0.000137,0.140443,-0.468571,0.0573,0.167021,-0.792568,0.172667,-0.094636,-0.002298,0.000138,-0.166963,-0.473304,0.006338,-0.215372,-0.791129,0.131374
27.8,0,0,0,-0.002003,0.07724,-0.012803,-0.005305,0.273826,-0.017991,-0.001782,0.488928,-0.043019,-0.01846,0.635859,-0.065627,0.034749,0.424369,-0.029054,0.138436,0.405605,-0.012607,0.22172,0.148038,0.043668,0.208897,-0.074495,-0.046535,-0.040822,0.425245,-0.032163,-0.146797,0.414384,-0.027174,-0.233714,0.155132,0.013789,-0.231492,-0.072843,-0.062655,0.094633,0.002412,-0.000262,0.139998,-0.468474,0.057396,0.166278,-0.792282,0.17336,-0.094632,-0.002411,0.000262,-0.16711,-0.473392,0.006595,-0.215432,-0.791198,0.131711
27.816666,0,0,0,-0.002114,0.077342,-0.01235,-0.00563,0.273991,-0.016,-0.002255,0.489478,-0.039308,-0.019001,0.63673,-0.060992,0.034324,0.424643,-0.025875,0.138036,0.405861,-0.009606,0.221232,0.147883,0.04489,0.208609,-0.074219,-0.046395,-0.04125,0.425498,-0.028918,-0.14722,0.414631,-0.023845,-0.233857,0.155026,0.01544,-0.231587,-0.072449,-0.06248,0.09463,0.002519,-0.000422,0.139538,-0.468384,0.057456,0.165541,-0.792001,0.174014,-0.094629,-0.00252,0.000421,-0.167294,-0.473471,0.006793,-0.215548,-0.791249,0.132006
27.833333,0,0,0,-0.002218,0.077465,-0.011887,-0.005902,0.274187,-0.014007,-0.002629,0.489987,-0.035455,-0.01946,0.637503,-0.056067,0.033985,0.424935,-0.022605,0.137711,0.406068,-0.006523,0.220782,0.147667,0.046128,0.208368,-0.074036,-0.04615,-0.041592,0.425786,-0.025576,-0.147553,0.414861,-0.020433,-0.233841,0.154881,0.017096,-0.231677,-0.072106,-0.062237,0.094626,0.002624,-0.000552,0.139117,-0.468279,0.057649,0.164877,-0.791712,0.174769,-0.094626,-0.002625,0.000553,-0.167352,-0.473565,0.00707,-0.215481,-0.791314,0.132407
27.85,0,0,0,-0.002285,0.077579,-0.011398,-0.006097,0.274351,-0.011955,-0.002938,0.490427,-0.031556,-0.019873,0.638158,-0.051228,0.033715,0.425186,-0.019292,0.137455,0.406244,-0.003389,0.220405,0.147453,0.047507,0.208202,-0.07387,-0.045706,-0.041865,0.426028,-0.022186,-0.147812,0.41502,-0.016931,-0.233716,0.154674,0.01891,-0.231704,-0.071828,-0.061801,0.094623,0.002699,-0.000601,0.138737,-0.468182,0.058063,0.164218,-0.791444,0.175715,-0.094624,-0.002699,0.000602,-0.167302,-0.473641,0.007504,-0.215277,-0.791366,0.132959
27.866666,0,0,0,-0.002322,0.077682,-0.010918,-0.006176,0.274485,-0.009989,-0.003096,0.490806,-0.027908,-0.020107,0.638728,-0.046804,0.033587,0.425383,-0.016185,0.137343,0.406382,-0.000466,0.220213,0.147259,0.048843,0.208132,-0.073724,-0.04519,-0.041997,0.426227,-0.018994,-0.147932,0.415153,-0.01364,-0.23349,0.154497,0.020748,-0.231577,-0.071573,-0.061166,0.094622,0.00273,-0.000699,0.138489,-0.468092,0.058611,0.163818,-0.791166,0.176814,-0.094622,-0.00273,0.000698,-0.167146,-0.473685,0.008267,-0.214866,-0.791439,0.133746
27.883333,0,0,0,-0.002347,0.07776,-0.010419,-0.006237,0.27456,-0.007937,-0.00323,0.491176,-0.024103,-0.020343,0.639339,-0.04223,0.033479,0.425515,-0.012938,0.137253,0.406446,0.00258,0.220057,0.147001,0.050286,0.208067,-0.073647,-0.044541,-0.042107,0.42636,-0.015669,-0.148028,0.415194,-0.010221,-0.233188,0.154211,0.022634,-0.231351,-0.071414,-0.060502,0.094621,0.002758,-0.000743,0.138268,-0.467984,0.059373,0.163452,-0.790896,0.178046,-0.09462,-0.002757,0.000742,-0.166909,-0.473735,0.009137,-0.214361,-0.791515,0.134651
27.9,0,0,0,-0.002359,0.077838,-0.009922,-0.006277,0.274626,-0.005937,-0.003379,0.491511,-0.020388,-0.020575,0.639903,-0.037744,0.033369,0.425634,-0.009778,0.137167,0.406528,0.005538,0.219882,0.146779,0.051716,0.207908,-0.073525,-0.04391,-0.042221,0.426468,-0.012418,-0.148122,0.41518,-0.006841,-0.23282,0.153854,0.02445,-0.231142,-0.07133,-0.059875,0.09462,0.002771,-0.000761,0.13804,-0.467881,0.060215,0.163064,-0.790642,0.179333,-0.09462,-0.00277,0.00076,-0.166699,-0.473762,0.010128,-0.213946,-0.791584,0.135614
27.916666,0,0,0,-0.002365,0.077902,-0.009466,-0.006258,0.274666,-0.004129,-0.003417,0.491759,-0.017067,-0.020703,0.640334,-0.033719,0.033353,0.425705,-0.00695,0.13717,0.406546,0.008171,0.219813,0.146525,0.05293,0.207909,-0.073486,-0.043376,-0.042239,0.426542,-0.009508,-0.148125,0.415158,-0.003838,-0.23242,0.153545,0.026111,-0.230773,-0.071247,-0.059254,0.094619,0.002778,-0.000781,0.137923,-0.467787,0.060943,0.162858,-0.790394,0.180495,-0.09462,-0.002778,0.000781,-0.16647,-0.473786,0.01102,-0.213576,-0.79164,0.136478
27.933333,0,0,0,-0.002372,0.077962,-0.00901,-0.006256,0.27469,-0.002296,-0.003478,0.491975,-0.013676,-0.020825,0.640727,-0.029587,0.033316,0.425755,-0.004062,0.137146,0.406538,0.010892,0.219667,0.146237,0.054224,0.207869,-0.073468,-0.04279,-0.042278,0.426591,-0.006549,-0.148146,0.415087,-0.000775,-0.232019,0.153194,0.027889,-0.230445,-0.071225,-0.058454,0.094619,0.002786,-0.0008,0.137748,-0.467692,0.061705,0.162569,-0.790144,0.181698,-0.09462,-0.002786,0.000799,-0.166234,-0.473808,0.012055,-0.213224,-0.791735,0.137371
27.95,0,0,0,-0.00239,0.078024,-0.008563,-0.006308,0.274714,-0.000527,-0.003626,0.492154,-0.010416,-0.021056,0.641053,-0.02561,0.033202,0.425804,-0.00129,0.13705,0.406545,0.013483,0.219434,0.145971,0.055415,0.207716,-0.073438,-0.042278,-0.042395,0.426626,-0.003698,-0.148248,0.41504,0.002167,-0.231766,0.152903,0.029612,-0.230164,-0.07109,-0.057829,0.094619,0.002809,-0.000804,0.13756,-0.467598,0.062355,0.16226,-0.789898,0.182781,-0.094619,-0.00281,0.000804,-0.166048,-0.473836,0.012995,-0.212944,-0.791832,0.138172
27.966666,0,0,0,-0.002409,0.078069,-0.00818,-0.006362,0.274713,0.000976,-0.003778,0.492282,-0.007633,-0.021285,0.641308,-0.022194,0.033084,0.425821,0.001074,0.13695,0.406534,0.015688,0.219188,0.145724,0.056419,0.207485,-0.073413,-0.041884,-0.042515,0.426626,-0.001269,-0.148353,0.414942,0.004679,-0.231535,0.152591,0.031074,-0.229972,-0.071056,-0.05725,0.094618,0.002836,-0.0008,0.137403,-0.467517,0.062869,0.162005,-0.789691,0.18365,-0.094618,-0.002836,0.000801,-0.165902,-0.473861,0.01387,-0.212727,-0.791919,0.138914
27.983333,0,0,0,-0.002423,0.078088,-0.007823,-0.006394,0.274662,0.002431,-0.003872,0.492351,-0.004884,-0.021427,0.641515,-0.018714,0.033014,0.425777,0.003404,0.136891,0.406434,0.017854,0.219027,0.145395,0.057302,0.207333,-0.07348,-0.041585,-0.042588,0.426576,0.001117,-0.148411,0.414802,0.007155,-0.231306,0.152262,0.032552,-0.229763,-0.071033,-0.056659,0.094618,0.002859,-0.000767,0.137291,-0.467447,0.063322,0.16177,-0.789501,0.184449,-0.094617,-0.00286,0.000766,-0.165682,-0.473892,0.014721,-0.212425,-0.79201,0.139645
28,0,0,0,-0.002442,0.078122,-0.007567,-0.006439,0.274652,0.003617,-0.003965,0.492444,-0.002559,-0.021579,0.641726,-0.01573,0.032938,0.425769,0.005359,0.136821,0.406353,0.019676,0.218823,0.145088,0.057886,0.207144,-0.073522,-0.041587,-0.042665,0.426564,0.003123,-0.148475,0.414722,0.009243,-0.231113,0.152014,0.033727,-0.229536,-0.070957,-0.056289,0.094616,0.002883,-0.000753,0.137272,-0.467388,0.063601,0.161632,-0.789261,0.185233,-0.094617,-0.002884,0.000753,-0.165541,-0.473923,0.015182,-0.212194,-0.792045,0.140131
28.016666,0,0,0,-0.002451,0.07818,-0.00719,-0.006463,0.27467,0.005048,-0.004018,0.49255,9.00E-06,-0.02172,0.641932,-0.012565,0.032894,0.425781,0.007575,0.136777,0.406296,0.021799,0.2186,0.144789,0.058718,0.207035,-0.073576,-0.041305,-0.042709,0.426578,0.005352,-0.148516,0.414711,0.011486,-0.230948,0.151864,0.035164,-0.229306,-0.070814,-0.055574,0.094617,0.002899,-0.000726,0.137143,-0.467316,0.064124,0.161401,-0.789005,0.186262,-0.094617,-0.002899,0.000726,-0.165376,-0.473936,0.015996,-0.212023,-0.792046,0.140977
28.033333,0,0,0,-0.002454,0.078138,-0.006856,-0.006471,0.274495,0.006327,-0.00399,0.492499,0.002371,-0.021822,0.642015,-0.009618,0.032912,0.425585,0.009594,0.13677,0.405917,0.023747,0.218354,0.144122,0.05912,0.207108,-0.074002,-0.041462,-0.042692,0.426406,0.007399,-0.148497,0.41453,0.013549,-0.230809,0.151573,0.036407,-0.22916,-0.070829,-0.055004,0.094616,0.002908,-0.000719,0.137047,-0.467245,0.064638,0.161242,-0.788826,0.187072,-0.094617,-0.002907,0.000719,-0.165197,-0.473948,0.016687,-0.21182,-0.792127,0.141501
28.05,0,0,0,-0.00247,0.078141,-0.006558,-0.006545,0.274412,0.007539,-0.00407,0.492512,0.004599,-0.022005,0.64214,-0.006833,0.032834,0.425486,0.011513,0.136662,0.405595,0.025567,0.217767,0.143439,0.059332,0.206789,-0.074384,-0.041931,-0.04277,0.426314,0.009319,-0.148574,0.414419,0.015452,-0.230803,0.151378,0.037622,-0.229058,-0.070758,-0.054434,0.094616,0.002931,-0.000711,0.136839,-0.467187,0.065033,0.160872,-0.788616,0.187896,-0.094616,-0.002932,0.000711,-0.165093,-0.473967,0.017292,-0.211714,-0.792152,0.142091
28.066666,0,0,0,-0.002477,0.078172,-0.006301,-0.006599,0.27439,0.00863,-0.004182,0.49251,0.006646,-0.02218,0.642181,-0.00422,0.032737,0.425456,0.013273,0.136558,0.405472,0.027255,0.217376,0.143079,0.059852,0.20649,-0.074503,-0.041936,-0.042866,0.426274,0.011068,-0.148666,0.414331,0.017175,-0.230761,0.151191,0.038674,-0.228991,-0.070721,-0.053919,0.094616,0.002945,-0.00066,0.13673,-0.467121,0.06553,0.160676,-0.788428,0.188729,-0.094616,-0.002945,0.00066,-0.164947,-0.473977,0.017921,-0.211539,-0.792167,0.142719
28.083333,0,0,0,-0.002492,0.078206,-0.006048,-0.006666,0.274372,0.009706,-0.004283,0.492525,0.008674,-0.022323,0.642256,-0.001662,0.032646,0.425423,0.015014,0.136456,0.405355,0.028959,0.217012,0.142744,0.060422,0.206231,-0.074581,-0.041926,-0.042957,0.426238,0.012801,-0.148757,0.414289,0.018904,-0.230715,0.151059,0.039798,-0.228921,-0.070622,-0.053348,0.094615,0.002965,-0.000649,0.136605,-0.467039,0.066054,0.160436,-0.788218,0.18961,-0.094615,-0.002965,0.000649,-0.164795,-0.473993,0.018615,-0.21132,-0.792166,0.14348
28.1,0,0,0,-0.002506,0.078222,-0.00581,-0.006715,0.274325,0.010702,-0.004349,0.492466,0.010597,-0.02244,0.642211,0.000806,0.032584,0.425355,0.016659,0.136385,0.405221,0.030575,0.216757,0.142433,0.061013,0.206022,-0.07464,-0.041874,-0.043019,0.426174,0.014436,-0.148817,0.414205,0.020526,-0.230614,0.150876,0.0408,-0.228817,-0.070577,-0.052883,0.094615,0.002986,-0.00061,0.136524,-0.466947,0.066639,0.160267,-0.788007,0.190522,-0.094615,-0.002986,0.00061,-0.164598,-0.474013,0.019384,-0.211068,-0.79218,0.144285
28.116666,0,0,0,-0.00254,0.078202,-0.005683,-0.006942,0.274213,0.011518,-0.004391,0.492424,0.012508,-0.022499,0.64227,0.003132,0.03248,0.425178,0.018264,0.136276,0.404999,0.032145,0.216552,0.142078,0.06168,0.205921,-0.074748,-0.041736,-0.043121,0.426072,0.015982,-0.14893,0.414196,0.022062,-0.231045,0.150918,0.041698,-0.231078,-0.070668,-0.05169,0.094613,0.00303,-0.000596,0.136531,-0.466814,0.067267,0.160173,-0.787759,0.191466,-0.094614,-0.00303,0.000595,-0.164442,-0.474049,0.020131,-0.210827,-0.792203,0.145097
28.133333,0,0,0,-0.002603,0.078294,-0.005442,-0.007269,0.274305,0.012532,-0.004348,0.492484,0.014788,-0.022539,0.642321,0.005739,0.032403,0.425161,0.02019,0.136206,0.404933,0.033951,0.216265,0.141834,0.062475,0.205684,-0.074767,-0.041416,-0.043194,0.426197,0.017841,-0.149033,0.414549,0.023842,-0.231347,0.151255,0.042404,-0.233255,-0.070138,-0.051419,0.094611,0.003104,-0.000588,0.136408,-0.466624,0.068146,0.15997,-0.787515,0.1925,-0.094611,-0.003105,0.000588,-0.164295,-0.474098,0.021232,-0.210695,-0.792301,0.146067
28.15,0,0,0,-0.00262,0.078317,-0.005219,-0.00734,0.274274,0.01342,-0.004426,0.492451,0.01648,-0.022671,0.642311,0.007806,0.032328,0.425101,0.02163,0.136128,0.404834,0.035352,0.216009,0.141602,0.06314,0.205551,-0.074783,-0.041213,-0.043269,0.426144,0.019293,-0.149103,0.414494,0.025379,-0.231498,0.151167,0.043097,-0.233772,-0.069766,-0.051797,0.094611,0.003129,-0.00055,0.136345,-0.466519,0.068774,0.159864,-0.787331,0.193337,-0.09461,-0.003128,0.00055,-0.164207,-0.474092,0.022119,-0.210683,-0.792339,0.146815
28.166666,0,0,0,-0.002633,0.078334,-0.005022,-0.007364,0.274237,0.014205,-0.004458,0.492415,0.017978,-0.022752,0.642304,0.009695,0.0323,0.425039,0.022895,0.1361,0.40473,0.036559,0.215865,0.141397,0.063711,0.205524,-0.074783,-0.041078,-0.043297,0.426086,0.020586,-0.149123,0.414396,0.026739,-0.231534,0.151025,0.043714,-0.233936,-0.069444,-0.05225,0.09461,0.003147,-0.000523,0.13626,-0.466443,0.069236,0.159699,-0.787141,0.194108,-0.09461,-0.003147,0.000523,-0.164097,-0.474089,0.022905,-0.210571,-0.792346,0.147574
28.183333,0,0,0,-0.002634,0.078333,-0.004832,-0.007362,0.274167,0.014978,-0.004465,0.492329,0.019468,-0.022739,0.642243,0.011674,0.032297,0.424941,0.024157,0.1361,0.404609,0.037766,0.215786,0.141189,0.064296,0.20553,-0.074795,-0.040905,-0.043301,0.425992,0.021865,-0.149118,0.414248,0.028065,-0.231535,0.150835,0.044348,-0.234111,-0.069188,-0.05263,0.09461,0.003151,-0.000496,0.136191,-0.46638,0.069706,0.159555,-0.786952,0.194915,-0.09461,-0.003151,0.000495,-0.163997,-0.474067,0.02373,-0.210478,-0.792358,0.148309
28.2,0,0,0,-0.002642,0.078336,-0.004653,-0.007371,0.274105,0.015718,-0.004489,0.492251,0.020852,-0.02281,0.642175,0.013386,0.03228,0.424854,0.025328,0.136083,0.4045,0.038899,0.215784,0.141034,0.06493,0.205564,-0.074768,-0.040647,-0.043319,0.425906,0.023067,-0.149127,0.414125,0.02934,-0.231581,0.150689,0.04505,-0.234273,-0.068922,-0.052855,0.09461,0.003163,-0.000471,0.136074,-0.466307,0.070199,0.159326,-0.786764,0.195724,-0.09461,-0.003163,0.000472,-0.16389,-0.474057,0.024455,-0.210326,-0.792364,0.149011
28.216666,0,0,0,-0.002645,0.078333,-0.00449,-0.007375,0.274039,0.016361,-0.004495,0.492181,0.022067,-0.022885,0.642121,0.014882,0.032277,0.424763,0.026353,0.136079,0.404372,0.039876,0.215805,0.140867,0.065427,0.205652,-0.074784,-0.040464,-0.043323,0.42582,0.024121,-0.149124,0.414009,0.030463,-0.23158,0.150544,0.045656,-0.234397,-0.068735,-0.052987,0.09461,0.003168,-0.000461,0.135936,-0.466255,0.070601,0.159063,-0.786622,0.196379,-0.094609,-0.003168,0.000461,-0.163793,-0.474043,0.025096,-0.210193,-0.79237,0.149615
28.233333,0,0,0,-0.002657,0.078321,-0.004335,-0.007401,0.273952,0.017014,-0.004538,0.492088,0.023318,-0.022961,0.642047,0.016449,0.032241,0.424652,0.027407,0.136045,0.404232,0.040871,0.215833,0.140701,0.065958,0.205747,-0.074803,-0.040237,-0.04336,0.425708,0.025201,-0.149154,0.413867,0.031608,-0.231621,0.150375,0.046271,-0.234549,-0.068577,-0.053092,0.094609,0.003182,-0.000498,0.135797,-0.466174,0.071092,0.158852,-0.786443,0.19713,-0.094609,-0.003183,0.000498,-0.163718,-0.474035,0.025758,-0.21007,-0.79239,0.150222
28.25,0,0,0,-0.002671,0.078322,-0.004187,-0.007427,0.273897,0.017609,-0.004573,0.49205,0.024441,-0.023001,0.642054,0.017837,0.032209,0.424573,0.028361,0.136016,0.404136,0.041773,0.215884,0.140591,0.066448,0.205876,-0.074769,-0.040048,-0.043392,0.425631,0.026169,-0.14918,0.413758,0.032618,-0.231681,0.150251,0.046807,-0.234735,-0.068435,-0.053137,0.094609,0.003198,-0.000524,0.135652,-0.466097,0.071543,0.158627,-0.786278,0.197821,-0.094608,-0.003199,0.000524,-0.163668,-0.474031,0.026289,-0.209999,-0.792378,0.150781
28.266666,0,0,0,-0.002675,0.078313,-0.004059,-0.00744,0.273829,0.018116,-0.004598,0.491986,0.025392,-0.023065,0.642015,0.019048,0.03219,0.424485,0.029157,0.136001,0.404019,0.042504,0.215936,0.140465,0.066862,0.205964,-0.074777,-0.039875,-0.043412,0.425542,0.027003,-0.149193,0.413645,0.033507,-0.231707,0.15012,0.047291,-0.234839,-0.068313,-0.053201,0.094608,0.003204,-0.000542,0.135505,-0.466042,0.071929,0.158397,-0.78616,0.198382,-0.094608,-0.003203,0.000543,-0.163632,-0.474017,0.026739,-0.209953,-0.792346,0.151282
28.283333,0,0,0,-0.002677,0.078305,-0.003944,-0.007458,0.273764,0.0186,-0.004661,0.491909,0.026294,-0.023161,0.641945,0.020183,0.032144,0.424408,0.029913,0.135958,0.40393,0.043211,0.215962,0.14037,0.067283,0.206037,-0.074767,-0.03967,-0.04346,0.425452,0.027794,-0.149232,0.413509,0.03437,-0.231765,0.149972,0.047794,-0.235033,-0.068222,-0.053213,0.094608,0.003208,-0.000555,0.135344,-0.465983,0.072365,0.158137,-0.786033,0.199005,-0.094607,-0.003207,0.000555,-0.163584,-0.474003,0.027207,-0.209836,-0.792328,0.151785
28.3,0,0,0,-0.002681,0.078303,-0.003831,-0.007469,0.273716,0.019053,-0.004691,0.49184,0.02713,-0.023222,0.641871,0.021196,0.032122,0.424344,0.030616,0.13594,0.403862,0.043877,0.21598,0.140288,0.067675,0.206122,-0.074764,-0.039457,-0.043482,0.425384,0.028528,-0.149247,0.413421,0.035178,-0.231783,0.149869,0.048298,-0.235142,-0.068098,-0.053194,0.094608,0.003213,-0.000548,0.135233,-0.465932,0.072724,0.157938,-0.785918,0.199544,-0.094608,-0.003212,0.000549,-0.163522,-0.473989,0.02767,-0.209733,-0.792304,0.152291
28.316666,0,0,0,-0.002684,0.078297,-0.003731,-0.00748,0.273662,0.019464,-0.004723,0.491785,0.027883,-0.023268,0.641833,0.022099,0.032098,0.424276,0.031252,0.135919,0.403784,0.044476,0.215964,0.140189,0.068023,0.206173,-0.074765,-0.039311,-0.043506,0.425311,0.029187,-0.149264,0.413324,0.035906,-0.231808,0.149763,0.048798,-0.23526,-0.068031,-0.053062,0.094607,0.003217,-0.000538,0.135119,-0.46589,0.073039,0.157719,-0.785791,0.200092,-0.094608,-0.003216,0.000537,-0.163455,-0.473976,0.028125,-0.209624,-0.7923,0.152736
28.333333,0,0,0,-0.002685,0.078303,-0.003648,-0.007489,0.273638,0.019822,-0.004756,0.491747,0.028551,-0.023307,0.641798,0.022902,0.032075,0.424239,0.031811,0.135897,0.403732,0.045005,0.215976,0.14013,0.068356,0.206235,-0.074741,-0.039148,-0.043531,0.425268,0.029773,-0.149283,0.413266,0.03656,-0.231845,0.149701,0.049261,-0.235404,-0.067942,-0.052916,0.094608,0.003219,-0.000546,0.135039,-0.465843,0.073363,0.157579,-0.78566,0.200636,-0.094607,-0.003219,0.000545,-0.163409,-0.473963,0.028532,-0.20957,-0.792274,0.153179
28.35,0,0,0,-0.002699,0.078304,-0.003573,-0.007528,0.273606,0.020145,-0.004835,0.49171,0.02914,-0.023431,0.641762,0.023537,0.03201,0.4242,0.032308,0.135833,0.40369,0.04549,0.215934,0.14008,0.068671,0.206206,-0.074711,-0.038993,-0.043597,0.425217,0.030291,-0.149341,0.413193,0.03715,-0.231862,0.149607,0.04967,-0.235507,-0.067914,-0.052765,0.094607,0.003237,-0.000555,0.134931,-0.465788,0.073647,0.157396,-0.78555,0.201073,-0.094606,-0.003236,0.000554,-0.16342,-0.473953,0.028949,-0.209621,-0.792248,0.153623
28.366666,0,0,0,-0.002701,0.078306,-0.003507,-0.007538,0.273581,0.020413,-0.004868,0.491691,0.029629,-0.02347,0.64176,0.024116,0.031985,0.424168,0.032718,0.13581,0.403655,0.045881,0.215901,0.140028,0.068902,0.206199,-0.074701,-0.03889,-0.043622,0.425178,0.030722,-0.14936,0.413122,0.037632,-0.231847,0.149518,0.049986,-0.23557,-0.067915,-0.052633,0.094607,0.003239,-0.000556,0.134812,-0.465757,0.07389,0.157197,-0.785467,0.20146,-0.094607,-0.003239,0.000556,-0.1634,-0.473933,0.029368,-0.209615,-0.792239,0.15401
28.383333,0,0,0,-0.002704,0.078315,-0.003455,-0.007557,0.273573,0.020659,-0.00492,0.491665,0.030078,-0.023536,0.641725,0.024636,0.031945,0.424154,0.033095,0.13577,0.403641,0.046258,0.215825,0.139999,0.069237,0.206148,-0.074688,-0.038638,-0.043663,0.425154,0.031119,-0.149394,0.413076,0.038096,-0.231843,0.149457,0.050383,-0.235641,-0.067875,-0.052446,0.094607,0.003242,-0.000548,0.134718,-0.465708,0.074242,0.157041,-0.785351,0.201989,-0.094607,-0.003242,0.000549,-0.163396,-0.473909,0.029816,-0.209641,-0.792202,0.15448
28.4,0,0,0,-0.002702,0.078316,-0.003402,-0.007558,0.273559,0.020828,-0.004961,0.49163,0.030354,-0.023619,0.641667,0.024898,0.031917,0.424142,0.033336,0.135745,0.403636,0.046486,0.215774,0.139982,0.069419,0.206105,-0.074668,-0.038532,-0.043691,0.425128,0.031366,-0.149416,0.413008,0.038364,-0.231782,0.149363,0.050641,-0.235658,-0.067895,-0.052344,0.094607,0.003241,-0.000543,0.134644,-0.465676,0.074495,0.156911,-0.785246,0.202436,-0.094606,-0.003241,0.000544,-0.163406,-0.473884,0.030175,-0.20967,-0.792153,0.154893
28.416666,0,0,0,-0.002697,0.078309,-0.003365,-0.007544,0.273535,0.020924,-0.004961,0.491593,0.030486,-0.023642,0.641616,0.024999,0.03192,0.424118,0.033464,0.135747,0.40362,0.04663,0.21576,0.139962,0.069574,0.206091,-0.074648,-0.038457,-0.043688,0.4251,0.031481,-0.149408,0.412954,0.038497,-0.231763,0.149307,0.050824,-0.235655,-0.067913,-0.052238,0.094607,0.003236,-0.000525,0.134572,-0.46565,0.074742,0.156786,-0.785183,0.202785,-0.094607,-0.003235,0.000526,-0.163409,-0.473857,0.030475,-0.209706,-0.792135,0.155159
28.433333,0,0,0,-0.002688,0.07831,-0.003361,-0.007512,0.273539,0.020925,-0.004913,0.491568,0.03044,-0.023643,0.641551,0.024885,0.031964,0.424122,0.033435,0.135784,0.403617,0.046642,0.215774,0.13996,0.069674,0.206103,-0.074643,-0.03837,-0.043644,0.425109,0.031448,-0.149362,0.412954,0.038487,-0.231717,0.149313,0.050937,-0.235632,-0.067916,-0.052106,0.094607,0.003225,-0.000514,0.134509,-0.465631,0.074969,0.15668,-0.785132,0.203099,-0.094608,-0.003226,0.000513,-0.16339,-0.473835,0.03072,-0.209724,-0.792094,0.155438
28.45,0,0,0,-0.00267,0.078303,-0.003376,-0.007457,0.273531,0.020865,-0.004832,0.491514,0.030284,-0.023589,0.641439,0.02461,0.032035,0.424113,0.033318,0.13585,0.403609,0.046568,0.215809,0.139954,0.069736,0.206089,-0.07466,-0.038283,-0.043572,0.425111,0.031314,-0.149292,0.412965,0.038342,-0.231647,0.149328,0.050873,-0.235592,-0.067968,-0.052026,0.094608,0.003205,-0.000519,0.134415,-0.465628,0.075159,0.156527,-0.785113,0.20334,-0.094608,-0.003204,0.00052,-0.163367,-0.473801,0.03096,-0.209736,-0.792064,0.155654
28.466666,0,0,0,-0.002659,0.078297,-0.003405,-0.007427,0.273534,0.020713,-0.004794,0.491493,0.029932,-0.023547,0.64138,0.024101,0.032071,0.424127,0.033028,0.135884,0.403627,0.046307,0.215829,0.139987,0.069679,0.206091,-0.074674,-0.038243,-0.043536,0.425125,0.031027,-0.149253,0.412978,0.038092,-0.23161,0.149351,0.050831,-0.235574,-0.067997,-0.051959,0.094609,0.003191,-0.000525,0.134365,-0.465618,0.075329,0.15647,-0.785086,0.203554,-0.094608,-0.003191,0.000525,-0.163361,-0.473777,0.031153,-0.209772,-0.792027,0.155863
28.483333,0,0,0,-0.002648,0.07829,-0.003439,-0.007387,0.273549,0.020476,-0.004741,0.4915,0.029405,-0.023526,0.641355,0.023355,0.032121,0.424155,0.032589,0.135931,0.40366,0.045893,0.215839,0.140033,0.069547,0.206073,-0.074713,-0.038203,-0.043486,0.425155,0.030589,-0.149203,0.413017,0.037679,-0.23156,0.149404,0.050695,-0.235548,-0.06804,-0.051892,0.094609,0.003176,-0.000541,0.134359,-0.465608,0.075471,0.15649,-0.785067,0.203711,-0.094609,-0.003177,0.000541,-0.163357,-0.473755,0.031303,-0.209788,-0.792002,0.156015
28.5,0,0,0,-0.002624,0.078305,-0.003522,-0.007318,0.273613,0.02013,-0.004632,0.491519,0.028694,-0.023402,0.641302,0.022337,0.032217,0.424232,0.031998,0.136018,0.403729,0.045358,0.215887,0.140127,0.069416,0.206113,-0.074722,-0.03813,-0.04339,0.425243,0.029985,-0.149109,0.413128,0.037073,-0.231483,0.149536,0.050404,-0.2355,-0.068043,-0.051893,0.09461,0.003146,-0.000557,0.134379,-0.4656,0.075677,0.156583,-0.785063,0.203897,-0.09461,-0.003145,0.000557,-0.163344,-0.473713,0.031514,-0.209859,-0.791978,0.156147
28.516666,0,0,0,-0.002612,0.078317,-0.00358,-0.007275,0.27368,0.019753,-0.004567,0.491557,0.027884,-0.02335,0.641282,0.021237,0.032276,0.424318,0.031324,0.136075,0.403827,0.044722,0.215913,0.140259,0.069241,0.206114,-0.074734,-0.038014,-0.043331,0.425333,0.029307,-0.149054,0.413245,0.03638,-0.231457,0.14968,0.050059,-0.235479,-0.068053,-0.051909,0.094611,0.00313,-0.000579,0.134393,-0.465582,0.075858,0.156655,-0.785043,0.204073,-0.09461,-0.003129,0.000579,-0.16334,-0.473683,0.031747,-0.209906,-0.791981,0.156278
28.533333,0,0,0,-0.002592,0.078313,-0.003665,-0.007194,0.273727,0.019237,-0.004436,0.491554,0.026769,-0.02323,0.641187,0.019715,0.032391,0.424386,0.030397,0.136186,0.403913,0.043852,0.216,0.140393,0.068974,0.206149,-0.074771,-0.03793,-0.043215,0.425414,0.028374,-0.148942,0.413364,0.035455,-0.231388,0.149838,0.04962,-0.235425,-0.068073,-0.051967,0.094611,0.003102,-0.000616,0.134451,-0.465558,0.076103,0.156846,-0.785019,0.204295,-0.094611,-0.003102,0.000616,-0.163353,-0.473636,0.032067,-0.209977,-0.791977,0.156464
28.55,0,0,0,-0.002552,0.07831,-0.003831,-0.007066,0.273792,0.018519,-0.004231,0.491568,0.025316,-0.02298,0.64111,0.017774,0.032573,0.424475,0.029174,0.136364,0.404007,0.042673,0.216186,0.140561,0.068531,0.206274,-0.074829,-0.037912,-0.043033,0.425522,0.027145,-0.148762,0.413506,0.034245,-0.231235,0.150021,0.048996,-0.235321,-0.068128,-0.052079,0.094612,0.003051,-0.000656,0.134553,-0.465559,0.076323,0.15713,-0.785061,0.20438,-0.094613,-0.003051,0.000657,-0.163429,-0.47355,0.03245,-0.210208,-0.791992,0.156532
28.566666,0,0,0,-0.002524,0.078309,-0.004001,-0.006958,0.273863,0.017794,-0.004034,0.491557,0.023843,-0.022735,0.64097,0.01571,0.032744,0.424564,0.027934,0.136525,0.404092,0.041498,0.216349,0.140723,0.068122,0.206373,-0.074892,-0.03786,-0.042861,0.425636,0.0259,-0.148594,0.413659,0.033019,-0.231087,0.150212,0.048326,-0.235227,-0.068223,-0.052127,0.094614,0.003015,-0.000684,0.134659,-0.465556,0.076477,0.157393,-0.785093,0.204418,-0.094613,-0.003014,0.000684,-0.163486,-0.473482,0.032826,-0.210397,-0.792015,0.156624
28.583333,0,0,0,-0.002498,0.078303,-0.004186,-0.006842,0.273938,0.016918,-0.003812,0.491583,0.022045,-0.022468,0.640893,0.013247,0.032933,0.424661,0.026426,0.136705,0.404203,0.040077,0.216553,0.140942,0.067678,0.206476,-0.074945,-0.03774,-0.042672,0.425762,0.024377,-0.148413,0.413865,0.031502,-0.23097,0.150484,0.047578,-0.235151,-0.068291,-0.052131,0.094614,0.002979,-0.00072,0.13477,-0.465543,0.076679,0.157686,-0.785125,0.204475,-0.094614,-0.00298,0.000721,-0.163541,-0.473415,0.033211,-0.210588,-0.79203,0.156746
28.6,0,0,0,-0.00247,0.078279,-0.004353,-0.006726,0.273987,0.01594,-0.003573,0.491594,0.019953,-0.022155,0.640806,0.010353,0.033134,0.424734,0.024681,0.136898,0.404293,0.038424,0.216763,0.141153,0.067113,0.206573,-0.075066,-0.03761,-0.042469,0.425867,0.022618,-0.14822,0.414053,0.029748,-0.230879,0.150763,0.04677,-0.235071,-0.068377,-0.052133,0.094615,0.002942,-0.000761,0.134896,-0.465521,0.076927,0.158048,-0.785202,0.204433,-0.094615,-0.002942,0.000761,-0.163559,-0.473354,0.03356,-0.210714,-0.792087,0.156749
28.616666,0,0,0,-0.002432,0.078272,-0.004557,-0.006583,0.274076,0.014844,-0.003282,0.491642,0.01766,-0.021769,0.640749,0.00721,0.033378,0.424841,0.022767,0.137127,0.404409,0.036631,0.216992,0.141396,0.066457,0.206747,-0.075173,-0.037537,-0.042224,0.426015,0.020677,-0.147988,0.414298,0.027761,-0.230775,0.151118,0.045831,-0.23498,-0.068456,-0.052104,0.094616,0.002893,-0.000811,0.135039,-0.465515,0.077138,0.15843,-0.785321,0.204288,-0.094616,-0.002893,0.000812,-0.163549,-0.473287,0.03388,-0.210796,-0.79213,0.156751
28.633333,0,0,0,-0.002394,0.078273,-0.004804,-0.006425,0.274196,0.013531,-0.002956,0.491692,0.014925,-0.021312,0.640659,0.00347,0.033653,0.424979,0.020474,0.137389,0.404557,0.034454,0.217253,0.141695,0.065585,0.206958,-0.075293,-0.037525,-0.041948,0.426198,0.018366,-0.147725,0.41458,0.025421,-0.230623,0.151522,0.044717,-0.234853,-0.068538,-0.05212,0.094617,0.002841,-0.000879,0.135286,-0.4655,0.077343,0.159023,-0.785424,0.20413,-0.094617,-0.00284,0.00088,-0.163547,-0.473227,0.034056,-0.210886,-0.792177,0.156611
28.65,0,0,0,-0.002347,0.078281,-0.005091,-0.006244,0.27434,0.012044,-0.002614,0.491748,0.011824,-0.02083,0.640554,-0.000744,0.033946,0.42514,0.017872,0.137673,0.404751,0.031957,0.217531,0.142071,0.064604,0.207146,-0.075423,-0.037426,-0.041654,0.4264,0.015747,-0.147445,0.414886,0.022772,-0.230486,0.151979,0.043462,-0.234714,-0.068616,-0.052148,0.094618,0.002772,-0.000976,0.135496,-0.46552,0.077432,0.159534,-0.785615,0.20373,-0.094619,-0.002773,0.000975,-0.163543,-0.473161,0.034141,-0.210945,-0.792217,0.156397
28.666666,0,0,0,-0.0023,0.078281,-0.005393,-0.006054,0.274467,0.010498,-0.00224,0.491797,0.008606,-0.020297,0.64045,-0.005161,0.034263,0.425273,0.015175,0.137979,0.404915,0.029394,0.217855,0.14244,0.063605,0.207391,-0.075527,-0.037401,-0.041335,0.426582,0.013022,-0.147142,0.415187,0.019997,-0.230373,0.152454,0.042083,-0.234562,-0.068682,-0.052272,0.094619,0.002706,-0.001071,0.135746,-0.465535,0.077506,0.160119,-0.785792,0.203328,-0.094619,-0.002706,0.001071,-0.163513,-0.473111,0.034081,-0.210956,-0.792273,0.156042
28.683333,0,0,0,-0.002253,0.078263,-0.005753,-0.00584,0.274572,0.008667,-0.001816,0.491791,0.004807,-0.019702,0.640249,-0.010334,0.034623,0.425375,0.011984,0.138331,0.405064,0.026327,0.218277,0.142857,0.06238,0.207665,-0.075664,-0.037407,-0.040974,0.426737,0.009805,-0.146798,0.415476,0.016732,-0.230234,0.152953,0.040482,-0.234366,-0.068802,-0.052412,0.09462,0.002638,-0.001166,0.13605,-0.465565,0.077481,0.160801,-0.786009,0.202752,-0.09462,-0.002638,0.001165,-0.163462,-0.473065,0.03396,-0.210938,-0.792333,0.155629
28.7,0,0,0,-0.002194,0.078245,-0.006164,-0.005604,0.27468,0.006624,-0.001369,0.491758,0.000625,-0.019054,0.639991,-0.01601,0.035005,0.425469,0.008465,0.138708,0.40524,0.022959,0.218754,0.143355,0.061073,0.207986,-0.075758,-0.03739,-0.04059,0.426883,0.00625,-0.146431,0.415742,0.013116,-0.23011,0.153467,0.038672,-0.234173,-0.068945,-0.052641,0.094622,0.002556,-0.001234,0.136374,-0.465616,0.077429,0.161505,-0.786288,0.202038,-0.094621,-0.002556,0.001235,-0.163402,-0.473008,0.033787,-0.210901,-0.792395,0.155137
28.716666,0,0,0,-0.002132,0.0782,-0.006595,-0.005349,0.274728,0.004544,-0.000848,0.491634,-0.003591,-0.018347,0.63962,-0.021691,0.035444,0.425478,0.004909,0.139131,0.405275,0.01955,0.21927,0.143709,0.059614,0.20837,-0.07596,-0.037588,-0.040148,0.426962,0.002659,-0.14601,0.415996,0.009483,-0.229991,0.154004,0.036894,-0.234015,-0.069047,-0.052848,0.094622,0.002469,-0.001315,0.136765,-0.465668,0.077348,0.162345,-0.786547,0.201332,-0.094623,-0.002469,0.001316,-0.163329,-0.472952,0.033577,-0.210835,-0.792467,0.154588
28.733333,0,0,0,-0.002055,0.078133,-0.007099,-0.005065,0.274744,0.002014,-0.000279,0.491559,-0.008761,-0.017546,0.639352,-0.028801,0.035924,0.425435,0.000557,0.139588,0.405288,0.015438,0.219794,0.144122,0.057901,0.208787,-0.0762,-0.037799,-0.039666,0.426989,-0.001735,-0.145545,0.416187,0.005081,-0.229819,0.154533,0.034733,-0.233847,-0.069282,-0.053084,0.094624,0.002362,-0.001398,0.137185,-0.465745,0.077216,0.163233,-0.786871,0.200461,-0.094624,-0.002363,0.001397,-0.163278,-0.472878,0.0333,-0.210818,-0.792536,0.153917
28.75,0,0,0,-0.001975,0.078077,-0.007679,-0.004761,0.274777,-0.000727,0.000347,0.491312,-0.014236,-0.016608,0.638746,-0.036211,0.036451,0.425377,-0.004073,0.14009,0.405268,0.011035,0.220358,0.144524,0.05591,0.209372,-0.076492,-0.038178,-0.039135,0.427014,-0.006419,-0.145035,0.416398,0.000364,-0.229658,0.155136,0.032381,-0.233701,-0.06947,-0.053391,0.094626,0.002251,-0.001445,0.137657,-0.46584,0.077008,0.164166,-0.787219,0.199492,-0.094626,-0.002251,0.001445,-0.163186,-0.472812,0.032879,-0.210733,-0.792618,0.1531
28.766666,0,0,0,-0.00186,0.077954,-0.008622,-0.004384,0.274702,-0.004112,0.001012,0.490867,-0.020408,-0.015663,0.637857,-0.044335,0.037028,0.425191,-0.009386,0.140632,0.405089,0.005967,0.220957,0.144817,0.053408,0.210025,-0.076882,-0.039065,-0.038555,0.426896,-0.011792,-0.14447,0.416443,-0.004991,-0.229352,0.155572,0.029434,-0.233432,-0.069848,-0.054176,0.094628,0.00209,-0.001513,0.138299,-0.466088,0.076065,0.165218,-0.787626,0.198045,-0.094629,-0.00209,0.001513,-0.163068,-0.472743,0.031803,-0.210446,-0.79272,0.151638
28.783333,0,0,0,-0.00179,0.077882,-0.009181,-0.004094,0.274662,-0.007104,0.001594,0.49041,-0.0265,-0.014855,0.636917,-0.052503,0.03752,0.425006,-0.014522,0.141101,0.404977,0.001079,0.221464,0.145236,0.051281,0.210603,-0.077257,-0.039276,-0.038059,0.426775,-0.017002,-0.144,0.416521,-0.010307,-0.229239,0.156136,0.026814,-0.233379,-0.070145,-0.054434,0.09463,0.001989,-0.001564,0.138711,-0.46617,0.075894,0.166083,-0.788003,0.196989,-0.094631,-0.001989,0.001563,-0.162898,-0.472692,0.031473,-0.210224,-0.792825,0.150911
28.8,0,0,0,-0.001696,0.077769,-0.009874,-0.003747,0.274532,-0.010517,0.002276,0.48978,-0.033308,-0.013857,0.635752,-0.061523,0.038099,0.424676,-0.020283,0.141655,0.404735,-0.004405,0.222108,0.145621,0.048805,0.211347,-0.077696,-0.039711,-0.037475,0.426519,-0.02285,-0.143444,0.41647,-0.016278,-0.229112,0.156655,0.023734,-0.233327,-0.070545,-0.054904,0.094632,0.001861,-0.001599,0.139263,-0.466253,0.075822,0.167155,-0.788405,0.195945,-0.094632,-0.00186,0.001599,-0.162734,-0.472624,0.030927,-0.210023,-0.792932,0.149907
28.816666,0,0,0,-0.001653,0.077667,-0.011124,-0.003582,0.274461,-0.01496,0.002676,0.48918,-0.041274,-0.01314,0.634619,-0.071703,0.038427,0.424381,-0.027176,0.141958,0.404507,-0.011055,0.222539,0.146098,0.045298,0.211808,-0.078033,-0.041139,-0.037144,0.42626,-0.029811,-0.143131,0.416401,-0.023247,-0.229196,0.157195,0.019752,-0.233364,-0.070854,-0.056389,0.094632,0.001769,-0.001701,0.139847,-0.46648,0.074549,0.168167,-0.788905,0.193838,-0.094633,-0.00177,0.001701,-0.162857,-0.472631,0.02912,-0.210087,-0.793023,0.147897
28.833333,0,0,0,-0.001585,0.077434,-0.012313,-0.00322,0.274083,-0.019469,0.003505,0.488156,-0.049524,-0.011931,0.632973,-0.082345,0.039112,0.423678,-0.034268,0.142607,0.403887,-0.017818,0.223467,0.146331,0.041936,0.212807,-0.078693,-0.042161,-0.036452,0.425666,-0.037022,-0.142472,0.416103,-0.030546,-0.228976,0.157599,0.015676,-0.233205,-0.071443,-0.057424,0.094633,0.001657,-0.001759,0.140515,-0.466693,0.073467,0.169334,-0.789363,0.191974,-0.094633,-0.001657,0.001759,-0.162723,-0.472617,0.02777,-0.209813,-0.793114,0.146321
28.85,0,0,0,-0.001476,0.077176,-0.013578,-0.002853,0.273615,-0.02435,0.004327,0.48689,-0.058509,-0.010686,0.630961,-0.093966,0.039794,0.422812,-0.041996,0.143247,0.403126,-0.02516,0.224313,0.146522,0.038296,0.213703,-0.079448,-0.043229,-0.035763,0.424895,-0.044869,-0.141811,0.415621,-0.038443,-0.228915,0.157984,0.011358,-0.233254,-0.072035,-0.058598,0.094636,0.001497,-0.001778,0.141224,-0.466938,0.072478,0.170579,-0.789925,0.189983,-0.094635,-0.001498,0.001777,-0.162692,-0.472537,0.026395,-0.209789,-0.793191,0.144516
28.866666,0,0,0,-0.001357,0.076904,-0.014734,-0.00251,0.273065,-0.028925,0.004952,0.485488,-0.066938,-0.009752,0.628778,-0.104832,0.040329,0.421868,-0.049231,0.14375,0.402332,-0.032025,0.225029,0.146678,0.034899,0.214494,-0.08019,-0.044103,-0.035221,0.423979,-0.052262,-0.141299,0.414931,-0.045996,-0.229063,0.158216,0.007283,-0.2334,-0.072723,-0.059572,0.094639,0.001343,-0.001707,0.141785,-0.46718,0.071639,0.171584,-0.790469,0.188196,-0.094639,-0.001343,0.001706,-0.162725,-0.472435,0.025209,-0.209905,-0.7932,0.142996
28.883333,0,0,0,-0.001146,0.076391,-0.015822,-0.001833,0.271951,-0.033769,0.005096,0.483541,-0.076368,-0.009215,0.626207,-0.116757,0.040629,0.420391,-0.057272,0.144048,0.401217,-0.039651,0.225514,0.146705,0.031277,0.215064,-0.081094,-0.045011,-0.034925,0.422241,-0.060376,-0.140964,0.412577,-0.054391,-0.228116,0.156184,0.001388,-0.229757,-0.07573,-0.062128,0.094645,0.001114,-0.001475,0.142245,-0.467559,0.070606,0.172443,-0.79113,0.186277,-0.094646,-0.001114,0.001476,-0.162848,-0.472234,0.024067,-0.210252,-0.793154,0.141341
28.9,0,0,0,-0.000984,0.075987,-0.016777,-0.001301,0.270993,-0.038254,0.005744,0.481464,-0.085246,-0.00793,0.623176,-0.128468,0.041243,0.418887,-0.064843,0.144618,0.399943,-0.046724,0.226397,0.1467,0.02827,0.216116,-0.082038,-0.04518,-0.034308,0.420704,-0.068034,-0.140353,0.4112,-0.061894,-0.22837,0.156008,-0.002112,-0.229064,-0.076385,-0.06387,0.094649,0.000932,-0.001333,0.142976,-0.467779,0.070015,0.173721,-0.791547,0.184989,-0.09465,-0.000931,0.001333,-0.162579,-0.472109,0.023545,-0.209982,-0.793153,0.140479
28.916666,0,0,0,-0.00085,0.075654,-0.01743,-0.000862,0.27008,-0.042252,0.006543,0.479269,-0.093444,-0.006631,0.619816,-0.139572,0.041927,0.41735,-0.071754,0.145261,0.398645,-0.05316,0.227206,0.146653,0.025763,0.217067,-0.082934,-0.045008,-0.033615,0.419192,-0.075156,-0.139693,0.409881,-0.069301,-0.228658,0.155941,-0.005712,-0.229424,-0.077226,-0.064482,0.094653,0.000791,-0.001187,0.143614,-0.467835,0.070289,0.17498,-0.79197,0.184056,-0.094653,-0.00079,0.001187,-0.162337,-0.471999,0.02348,-0.209837,-0.793125,0.140149
28.933333,0,0,0,-0.000591,0.075151,-0.018734,-0.000118,0.268828,-0.047599,0.007709,0.476532,-0.103433,-0.004971,0.615754,-0.152752,0.042956,0.415335,-0.080313,0.146211,0.396803,-0.061117,0.228334,0.146281,0.022181,0.21826,-0.084104,-0.045955,-0.032573,0.417198,-0.083971,-0.138677,0.408003,-0.078404,-0.228846,0.155608,-0.010504,-0.229613,-0.078362,-0.06599,0.094658,0.000508,-0.000948,0.144679,-0.468141,0.06964,0.17677,-0.792611,0.18224,-0.094658,-0.000508,0.000948,-0.162062,-0.471795,0.022425,-0.209645,-0.793047,0.138713
28.95,0,0,0,-0.000347,0.074606,-0.019986,0.000588,0.267412,-0.052922,0.008839,0.473529,-0.113422,-0.003338,0.611337,-0.16599,0.04395,0.413071,-0.088879,0.147136,0.394766,-0.0691,0.229478,0.145834,0.01863,0.219387,-0.085312,-0.046878,-0.031566,0.414949,-0.092777,-0.137696,0.405903,-0.087468,-0.229043,0.155101,-0.015374,-0.229847,-0.079685,-0.0673,0.094661,0.000254,-0.000697,0.145674,-0.468441,0.068859,0.178422,-0.793203,0.180426,-0.094661,-0.000254,0.000696,-0.161774,-0.471618,0.021367,-0.209498,-0.792926,0.137444
28.966666,0,0,0,-0.000127,0.074065,-0.021135,0.001228,0.265946,-0.057944,0.009873,0.470441,-0.122916,-0.001862,0.606816,-0.17859,0.044855,0.410724,-0.097005,0.147973,0.392664,-0.076655,0.230567,0.145367,0.015359,0.220412,-0.086457,-0.047696,-0.030647,0.412595,-0.101161,-0.136804,0.403716,-0.09611,-0.229297,0.154523,-0.020009,-0.230102,-0.081012,-0.068426,0.094663,4.70E-05,-0.000404,0.146615,-0.468684,0.068209,0.179997,-0.793733,0.178747,-0.094663,-4.70E-05,0.000403,-0.161496,-0.471483,0.020331,-0.209381,-0.792745,0.136468
28.983333,0,0,0,0.00017,0.073351,-0.022812,0.002072,0.264063,-0.064291,0.011151,0.466647,-0.134235,-5.70E-05,0.601411,-0.19323,0.04599,0.407778,-0.1068,0.149016,0.389959,-0.085781,0.231889,0.144601,0.011046,0.221655,-0.087915,-0.049397,-0.029496,0.409622,-0.111258,-0.135672,0.400855,-0.106429,-0.229456,0.153573,-0.025806,-0.230291,-0.082714,-0.070405,0.094664,-0.000223,-1.30E-05,0.147874,-0.469112,0.066529,0.181963,-0.794376,0.176216,-0.094663,0.000223,1.40E-05,-0.161226,-0.471315,0.018382,-0.209407,-0.792495,0.134623
29,0,0,0,0.000382,0.072719,-0.023999,0.002726,0.262197,-0.06977,0.012255,0.462782,-0.144609,0.001514,0.595839,-0.206958,0.046944,0.404773,-0.115667,0.149894,0.387308,-0.093989,0.233003,0.143912,0.007473,0.222762,-0.089314,-0.050164,-0.028524,0.406575,-0.120447,-0.134722,0.397898,-0.115951,-0.229725,0.152568,-0.030914,-0.230657,-0.084429,-0.071575,0.094662,-0.000367,0.000394,0.148937,-0.469279,0.065903,0.183694,-0.794849,0.174467,-0.094662,0.000366,-0.000395,-0.160897,-0.471249,0.01716,-0.209323,-0.792231,0.133843
29.016666,0,0,0,0.000616,0.07204,-0.0254,0.003445,0.260246,-0.075386,0.013385,0.458777,-0.154756,0.003063,0.590093,-0.220171,0.047938,0.401679,-0.124447,0.150811,0.384564,-0.102134,0.234107,0.143086,0.003667,0.223878,-0.090784,-0.0513,-0.027511,0.403426,-0.129526,-0.133727,0.394802,-0.125359,-0.229971,0.151441,-0.036162,-0.231003,-0.086187,-0.072947,0.09466,-0.000525,0.000804,0.15001,-0.469558,0.064528,0.185337,-0.795262,0.172503,-0.094659,0.000524,-0.000804,-0.160698,-0.471161,0.015557,-0.209573,-0.791906,0.132705
29.033333,0,0,0,0.000818,0.071373,-0.026528,0.004086,0.258139,-0.080769,0.014433,0.454305,-0.164929,0.00453,0.583705,-0.233419,0.048855,0.398267,-0.133209,0.151663,0.38158,-0.110283,0.235085,0.142239,0.000173,0.224975,-0.092326,-0.051776,-0.026575,0.399936,-0.138591,-0.132807,0.391329,-0.13481,-0.230331,0.150118,-0.041266,-0.231662,-0.088127,-0.073809,0.094655,-0.000656,0.001152,0.1509,-0.469701,0.063993,0.186836,-0.795711,0.170839,-0.094654,0.000657,-0.001152,-0.160554,-0.471078,0.01434,-0.209801,-0.791592,0.131961
29.05,0,0,0,0.00104,0.070533,-0.027958,0.004815,0.255637,-0.086713,0.015568,0.449289,-0.175663,0.006005,0.576669,-0.247214,0.049862,0.394352,-0.142559,0.152595,0.378117,-0.11898,0.23612,0.141059,-0.003781,0.226042,-0.09414,-0.052783,-0.025549,0.39594,-0.148218,-0.131789,0.387327,-0.144679,-0.230621,0.148431,-0.046676,-0.232326,-0.090353,-0.074967,0.094649,-0.00083,0.001429,0.15177,-0.470001,0.062518,0.188271,-0.796091,0.168928,-0.09465,0.000831,-0.001428,-0.160684,-0.470926,0.012761,-0.210604,-0.791215,0.130713
29.066666,0,0,0,0.001248,0.069694,-0.029174,0.005464,0.253099,-0.092042,0.016588,0.444331,-0.185457,0.007402,0.569774,-0.259904,0.050765,0.390406,-0.151071,0.153434,0.374608,-0.126923,0.237015,0.139792,-0.007259,0.226963,-0.096011,-0.053271,-0.02463,0.391913,-0.156964,-0.130875,0.383299,-0.153585,-0.230908,0.146602,-0.051548,-0.233013,-0.092621,-0.075817,0.094644,-0.001,0.001657,0.152386,-0.47025,0.061548,0.189407,-0.796561,0.167095,-0.094644,0.001001,-0.001657,-0.160879,-0.470762,0.01132,-0.211498,-0.791057,0.12896
29.083333,0,0,0,0.001439,0.068793,-0.030423,0.006126,0.250316,-0.097562,0.017672,0.438874,-0.195592,0.008906,0.562198,-0.273009,0.05172,0.386054,-0.159901,0.154307,0.370686,-0.135135,0.23791,0.138298,-0.010837,0.227882,-0.098117,-0.053601,-0.023658,0.387481,-0.166035,-0.129906,0.378827,-0.162882,-0.231253,0.144562,-0.056614,-0.233893,-0.095062,-0.076481,0.09464,-0.001203,0.001759,0.152938,-0.470479,0.060894,0.190561,-0.797042,0.165446,-0.09464,0.001203,-0.001759,-0.161589,-0.470489,0.01013,-0.213062,-0.790442,0.128325
29.1,0,0,0,0.001623,0.067922,-0.031665,0.00676,0.247502,-0.103065,0.018719,0.43325,-0.20566,0.01027,0.554356,-0.286007,0.052641,0.381582,-0.168695,0.155186,0.366646,-0.143497,0.238872,0.136764,-0.014678,0.228825,-0.100263,-0.0539,-0.022719,0.382914,-0.175067,-0.12897,0.374227,-0.172097,-0.231485,0.142384,-0.06172,-0.234761,-0.097551,-0.077263,0.094634,-0.00135,0.001954,0.153532,-0.470678,0.060074,0.19173,-0.797442,0.163786,-0.094634,0.001349,-0.001954,-0.161923,-0.470306,0.009434,-0.214231,-0.790555,0.126458
29.116666,0,0,0,0.001801,0.067012,-0.032757,0.007369,0.244602,-0.108056,0.019705,0.427656,-0.214857,0.011554,0.546665,-0.297882,0.053518,0.377046,-0.176749,0.156018,0.362436,-0.151177,0.239781,0.134981,-0.018166,0.22962,-0.102592,-0.053906,-0.021829,0.378313,-0.18328,-0.128082,0.369621,-0.180404,-0.231658,0.140074,-0.066281,-0.235544,-0.100084,-0.077707,0.094628,-0.001518,0.002098,0.154008,-0.470881,0.059443,0.192704,-0.797812,0.162443,-0.094629,0.001517,-0.002098,-0.162452,-0.470075,0.008724,-0.215424,-0.790273,0.125586
29.133333,0,0,0,0.00201,0.066018,-0.033913,0.008085,0.241394,-0.113314,0.020833,0.421452,-0.224507,0.013018,0.5382,-0.31024,0.054532,0.372003,-0.185243,0.156988,0.357711,-0.159316,0.240866,0.132898,-0.021957,0.230595,-0.105233,-0.053733,-0.020804,0.37322,-0.19191,-0.127058,0.364523,-0.189095,-0.231743,0.13751,-0.070985,-0.236275,-0.102805,-0.078052,0.094622,-0.001722,0.002255,0.154561,-0.471108,0.058825,0.193816,-0.798193,0.161119,-0.094621,0.001722,-0.002256,-0.162987,-0.469812,0.007668,-0.216738,-0.789539,0.125461
29.15,0,0,0,0.002199,0.064999,-0.035041,0.008772,0.23807,-0.118458,0.021953,0.415079,-0.233921,0.014381,0.529612,-0.322194,0.055537,0.366771,-0.193551,0.157958,0.352753,-0.167341,0.242012,0.130688,-0.025689,0.231537,-0.10794,-0.053406,-0.01979,0.367963,-0.200323,-0.126047,0.359283,-0.197549,-0.231791,0.134812,-0.075588,-0.237011,-0.105576,-0.07837,0.094615,-0.0019,0.00241,0.155117,-0.471314,0.058142,0.19493,-0.79851,0.159866,-0.094614,0.001901,-0.002409,-0.163398,-0.469583,0.006998,-0.217936,-0.789186,0.124763
29.166666,0,0,0,0.002352,0.064036,-0.036064,0.009339,0.234888,-0.123148,0.022893,0.409013,-0.242488,0.015568,0.521445,-0.333097,0.056384,0.361746,-0.201145,0.158789,0.347911,-0.174777,0.243054,0.128446,-0.029249,0.232368,-0.1106,-0.052997,-0.01894,0.362942,-0.207955,-0.125199,0.354311,-0.205106,-0.231761,0.132141,-0.079692,-0.237528,-0.108248,-0.078617,0.094608,-0.002046,0.002535,0.155554,-0.471481,0.057607,0.195899,-0.798787,0.158765,-0.094608,0.002047,-0.002535,-0.163748,-0.469392,0.006488,-0.218925,-0.788918,0.124165
29.183333,0,0,0,0.002506,0.062991,-0.037157,0.009914,0.231404,-0.128093,0.023884,0.402412,-0.251492,0.016874,0.512612,-0.344539,0.057267,0.356238,-0.209111,0.15964,0.342663,-0.182485,0.244155,0.125951,-0.033029,0.233258,-0.113463,-0.052616,-0.018051,0.357431,-0.215985,-0.124316,0.348893,-0.213071,-0.231821,0.129323,-0.083937,-0.238167,-0.110996,-0.078632,0.094602,-0.002202,0.002647,0.15587,-0.471658,0.057171,0.196783,-0.799056,0.157803,-0.094601,0.002203,-0.002646,-0.164043,-0.469201,0.005842,-0.219819,-0.788625,0.123517
29.2,0,0,0,0.002649,0.061951,-0.038231,0.010443,0.227901,-0.132894,0.024775,0.395794,-0.260163,0.018021,0.503848,-0.355447,0.058069,0.350694,-0.216818,0.160428,0.337296,-0.190048,0.245223,0.12332,-0.036855,0.23408,-0.116409,-0.051921,-0.017246,0.351893,-0.223718,-0.123517,0.343457,-0.220724,-0.231872,0.126467,-0.08799,-0.238683,-0.113718,-0.078704,0.094595,-0.002344,0.002756,0.156179,-0.471821,0.05674,0.197645,-0.799333,0.156772,-0.094594,0.002343,-0.002756,-0.164221,-0.469044,0.005146,-0.220509,-0.788346,0.122909
29.216666,0,0,0,0.002768,0.060962,-0.039205,0.010865,0.224557,-0.13725,0.025477,0.389548,-0.267968,0.01896,0.495632,-0.365219,0.058704,0.345452,-0.223769,0.161055,0.332225,-0.196884,0.246052,0.120747,-0.040372,0.234684,-0.119194,-0.051339,-0.016609,0.346631,-0.230699,-0.12288,0.338202,-0.227698,-0.232015,0.123642,-0.091693,-0.239187,-0.116362,-0.078736,0.094589,-0.002447,0.002875,0.156411,-0.471944,0.056412,0.198354,-0.799552,0.15593,-0.094588,0.002446,-0.002874,-0.164365,-0.468927,0.004497,-0.221118,-0.788074,0.122455
29.233333,0,0,0,0.002877,0.059936,-0.040193,0.011285,0.221012,-0.141716,0.02619,0.382829,-0.276002,0.019844,0.486797,-0.375237,0.059345,0.339845,-0.230929,0.161679,0.326849,-0.203866,0.246849,0.118011,-0.043938,0.235211,-0.122076,-0.050586,-0.015963,0.340984,-0.237915,-0.122237,0.332587,-0.23492,-0.232209,0.120741,-0.095379,-0.239695,-0.119015,-0.078578,0.094582,-0.002529,0.003001,0.156644,-0.472051,0.056043,0.199062,-0.799733,0.155116,-0.094583,0.002529,-0.003,-0.164114,-0.468889,0.003872,-0.220976,-0.788111,0.121573
29.25,0,0,0,0.002977,0.058892,-0.04116,0.011647,0.217367,-0.146112,0.026822,0.375969,-0.283799,0.020666,0.477822,-0.384894,0.059914,0.334119,-0.237921,0.162237,0.321378,-0.210693,0.247583,0.115147,-0.04751,0.235621,-0.125004,-0.049959,-0.01539,0.335215,-0.244958,-0.121665,0.326847,-0.24195,-0.232462,0.117646,-0.09911,-0.240237,-0.121804,-0.078509,0.094577,-0.002621,0.00309,0.156753,-0.472179,0.055677,0.199567,-0.799911,0.154409,-0.094577,0.002621,-0.003091,-0.163929,-0.468829,0.003332,-0.220759,-0.788186,0.120682
29.266666,0,0,0,0.002515,0.058464,-0.042422,0.010707,0.215255,-0.150559,0.02618,0.371154,-0.291214,0.020251,0.471142,-0.394117,0.059186,0.330182,-0.244533,0.161522,0.31779,-0.217196,0.247241,0.114193,-0.050931,0.234911,-0.125949,-0.04978,-0.01611,0.331218,-0.251669,-0.1224,0.323023,-0.248687,-0.23368,0.116267,-0.1027,-0.241638,-0.122869,-0.078781,0.094596,-0.001841,0.003072,0.15653,-0.471559,0.054503,0.199427,-0.79921,0.15347,-0.094596,0.00184,-0.003072,-0.171243,-0.468446,0.005248,-0.231518,-0.803053,0.062095
29.283333,0,0,0,0.002559,0.057307,-0.043218,0.010851,0.211335,-0.154473,0.02671,0.364,-0.298302,0.02092,0.46178,-0.403048,0.059624,0.324101,-0.250882,0.161953,0.311983,-0.223395,0.247841,0.111058,-0.053995,0.235081,-0.129014,-0.049082,-0.015668,0.325168,-0.258052,-0.121961,0.317016,-0.255056,-0.233824,0.112737,-0.106056,-0.242116,-0.126007,-0.078595,0.094593,-0.001825,0.003181,0.156732,-0.471506,0.054697,0.199967,-0.799373,0.152798,-0.094593,0.001825,-0.003181,-0.166332,-0.469159,0.008826,-0.222141,-0.80608,0.057394
29.3,0,0,0,0.002623,0.056221,-0.044192,0.01114,0.207556,-0.158627,0.027228,0.357052,-0.305489,0.02161,0.452723,-0.411955,0.06009,0.318218,-0.257356,0.162407,0.306381,-0.229701,0.248345,0.108057,-0.05729,0.235164,-0.131892,-0.048784,-0.015199,0.319245,-0.264559,-0.121491,0.311128,-0.261453,-0.234063,0.109412,-0.109526,-0.242595,-0.128921,-0.078771,0.094589,-0.001804,0.003319,0.157004,-0.471473,0.054622,0.200539,-0.799604,0.151701,-0.094588,0.001804,-0.003319,-0.164552,-0.469458,0.008227,-0.219102,-0.806582,0.056824
29.316666,0,0,0,0.002646,0.055169,-0.045114,0.011304,0.203922,-0.162484,0.027596,0.350405,-0.312099,0.022134,0.444115,-0.420088,0.060417,0.312571,-0.263346,0.162721,0.301005,-0.235533,0.248694,0.105263,-0.060212,0.234975,-0.134525,-0.048603,-0.014873,0.313582,-0.270555,-0.121167,0.305553,-0.267304,-0.234349,0.106207,-0.112723,-0.243034,-0.131721,-0.079018,0.094587,-0.00177,0.003382,0.157197,-0.47146,0.054245,0.201013,-0.799783,0.150547,-0.094587,0.00177,-0.003382,-0.164022,-0.469584,0.007588,-0.218182,-0.806955,0.05489
29.333333,0,0,0,0.002664,0.054036,-0.046056,0.011376,0.200041,-0.166408,0.027778,0.34341,-0.318808,0.022446,0.435068,-0.428372,0.060585,0.306592,-0.269437,0.162869,0.295291,-0.24144,0.248759,0.102193,-0.063171,0.234505,-0.137387,-0.048349,-0.014707,0.307579,-0.276613,-0.121006,0.299683,-0.273174,-0.234842,0.102881,-0.115839,-0.243664,-0.134609,-0.079203,0.094586,-0.001757,0.00341,0.157202,-0.471489,0.053884,0.201195,-0.800019,0.149396,-0.094586,0.001757,-0.003411,-0.164226,-0.469579,0.007011,-0.218505,-0.807177,0.052528
29.35,0,0,0,0.002707,0.05291,-0.046917,0.011634,0.19607,-0.170187,0.028267,0.336229,-0.32533,0.023104,0.425814,-0.436425,0.061025,0.300442,-0.275339,0.163296,0.289413,-0.247186,0.249154,0.098972,-0.066068,0.234346,-0.140369,-0.048235,-0.014267,0.301424,-0.282523,-0.120571,0.293655,-0.278949,-0.235005,0.099339,-0.118981,-0.243891,-0.137701,-0.079554,0.094583,-0.001718,0.003519,0.157429,-0.471486,0.053361,0.201712,-0.800177,0.14818,-0.094583,0.001718,-0.003519,-0.164338,-0.46961,0.00646,-0.218723,-0.807408,0.050333
29.366666,0,0,0,0.002789,0.051816,-0.047626,0.011964,0.192278,-0.173445,0.02886,0.329437,-0.331008,0.023861,0.417062,-0.443464,0.061562,0.294603,-0.280494,0.163806,0.283775,-0.252166,0.249556,0.09579,-0.068447,0.234293,-0.143301,-0.047861,-0.013729,0.295616,-0.287686,-0.120038,0.288013,-0.283935,-0.234991,0.096043,-0.121525,-0.243987,-0.140562,-0.079587,0.094576,-0.001653,0.003739,0.157696,-0.471438,0.05307,0.202249,-0.800314,0.147121,-0.094575,0.001653,-0.00374,-0.16442,-0.469663,0.006181,-0.218925,-0.807601,0.048813
29.383333,0,0,0,0.002925,0.050671,-0.048362,0.012392,0.188436,-0.176628,0.0294,0.322549,-0.336498,0.024561,0.408088,-0.450287,0.062093,0.288723,-0.285542,0.164304,0.278099,-0.25702,0.249909,0.092701,-0.070624,0.234289,-0.1461,-0.047137,-0.0132,0.289725,-0.292711,-0.119514,0.282279,-0.288759,-0.234989,0.092785,-0.123829,-0.244076,-0.14334,-0.07929,0.094561,-0.001511,0.004137,0.157956,-0.471311,0.052974,0.202701,-0.800233,0.146772,-0.094562,0.001511,-0.004136,-0.164829,-0.469733,0.006241,-0.219764,-0.807718,0.047925
29.4,0,0,0,0.001264,0.050055,-0.051661,0.007802,0.184233,-0.186459,0.024301,0.314152,-0.350346,0.019786,0.397943,-0.465957,0.057151,0.281395,-0.298325,0.159483,0.271319,-0.270034,0.245472,0.088619,-0.081168,0.229206,-0.149903,-0.055402,-0.018176,0.282373,-0.305133,-0.124546,0.275663,-0.301402,-0.240818,0.088689,-0.134173,-0.249376,-0.147063,-0.087601,0.094646,-0.000596,0.001738,0.155007,-0.471059,0.047975,0.198823,-0.801388,0.13715,-0.094646,0.000596,-0.001738,-0.167434,-0.470379,-0.001177,-0.224295,-0.80835,0.037969
29.416666,0,0,0,0.000993,0.048244,-0.053135,0.007049,0.179237,-0.190818,0.0242,0.306488,-0.356714,0.020044,0.38871,-0.473454,0.056872,0.27445,-0.304141,0.1592,0.264786,-0.275696,0.245489,0.084551,-0.08461,0.228894,-0.153688,-0.056533,-0.018442,0.275574,-0.311065,-0.124851,0.269538,-0.307296,-0.24116,0.08467,-0.137768,-0.249754,-0.150614,-0.088889,0.094654,-0.000488,0.001325,0.154877,-0.471063,0.046588,0.198863,-0.801538,0.135139,-0.094653,0.000489,-0.001325,-0.168187,-0.470365,-0.003578,-0.226013,-0.808189,0.035427
29.433333,0,0,0,0.000994,0.046966,-0.054062,0.007161,0.174869,-0.194407,0.024637,0.298959,-0.362565,0.020697,0.379231,-0.480583,0.057236,0.26783,-0.309476,0.159546,0.258367,-0.2809,0.245828,0.080562,-0.087548,0.228946,-0.157332,-0.056839,-0.018077,0.26906,-0.316395,-0.124503,0.263405,-0.312503,-0.241239,0.08093,-0.140691,-0.249817,-0.153869,-0.089529,0.094654,-0.000516,0.001293,0.155087,-0.471148,0.045676,0.1994,-0.801705,0.133755,-0.094654,0.000515,-0.001293,-0.168534,-0.470279,-0.004516,-0.22678,-0.808144,0.033488
29.45,0,0,0,0.001012,0.045763,-0.054838,0.00731,0.170705,-0.197569,0.0251,0.291706,-0.367821,0.0214,0.370086,-0.487008,0.057626,0.261482,-0.314263,0.159903,0.252182,-0.285516,0.2462,0.076737,-0.090027,0.229188,-0.160807,-0.056784,-0.017684,0.262794,-0.3212,-0.124121,0.257428,-0.31722,-0.241354,0.077422,-0.143156,-0.249861,-0.156922,-0.089939,0.094654,-0.000526,0.001308,0.155273,-0.471166,0.04535,0.19986,-0.801871,0.132733,-0.094653,0.000526,-0.001309,-0.168714,-0.470237,-0.004978,-0.227212,-0.808159,0.032121
29.466666,0,0,0,0.001018,0.044643,-0.055507,0.007426,0.166803,-0.200371,0.025503,0.284914,-0.372492,0.022047,0.361495,-0.492734,0.057966,0.255533,-0.318534,0.16022,0.246364,-0.289662,0.246578,0.073081,-0.092281,0.229378,-0.164108,-0.056681,-0.017342,0.256935,-0.325481,-0.123789,0.251847,-0.321408,-0.241459,0.074118,-0.14531,-0.24993,-0.159771,-0.090122,0.094654,-0.000538,0.001303,0.15547,-0.471168,0.045175,0.200339,-0.802005,0.131914,-0.094653,0.000538,-0.001303,-0.168814,-0.470207,-0.005248,-0.22746,-0.808197,0.030994
29.483333,0,0,0,0.001046,0.04347,-0.056165,0.007595,0.162669,-0.203196,0.025914,0.277703,-0.377251,0.022622,0.352415,-0.498559,0.058327,0.249219,-0.322885,0.160569,0.240187,-0.293928,0.246992,0.069161,-0.094616,0.229553,-0.167609,-0.056443,-0.016979,0.250703,-0.329829,-0.123437,0.245927,-0.325644,-0.241655,0.070576,-0.147542,-0.250083,-0.162843,-0.090391,0.094652,-0.000535,0.001348,0.155604,-0.471165,0.04504,0.200684,-0.802172,0.131014,-0.094653,0.000535,-0.001349,-0.168895,-0.470195,-0.005536,-0.227699,-0.808245,0.02988
29.5,0,0,0,0.001133,0.042341,-0.05677,0.007843,0.158572,-0.205899,0.026325,0.270508,-0.381879,0.023122,0.343337,-0.504265,0.058707,0.242926,-0.32709,0.160929,0.234024,-0.298022,0.247479,0.06523,-0.096871,0.229639,-0.171114,-0.056313,-0.016599,0.244457,-0.334025,-0.123065,0.239933,-0.329762,-0.241899,0.066898,-0.149814,-0.250229,-0.166045,-0.090738,0.094651,-0.000489,0.001523,0.155701,-0.47113,0.044949,0.200901,-0.802293,0.130259,-0.09465,0.000488,-0.001524,-0.169143,-0.470196,-0.006377,-0.228286,-0.808259,0.028339
29.516666,0,0,0,0.001226,0.041294,-0.057349,0.008163,0.154762,-0.208393,0.026825,0.263817,-0.386129,0.023716,0.334957,-0.509482,0.059167,0.237055,-0.330934,0.161374,0.228242,-0.301784,0.248048,0.061542,-0.098948,0.22988,-0.174371,-0.056096,-0.016138,0.238641,-0.337868,-0.122613,0.234387,-0.333572,-0.242077,0.06362,-0.151884,-0.250319,-0.168851,-0.090968,0.094648,-0.000434,0.001709,0.155799,-0.471088,0.04486,0.201112,-0.80237,0.129646,-0.094647,0.000434,-0.001709,-0.169518,-0.470188,-0.006698,-0.229088,-0.808246,0.02733
29.533333,0,0,0,0.001286,0.040198,-0.057927,0.008368,0.150821,-0.210864,0.027168,0.256957,-0.39016,0.024172,0.326253,-0.514383,0.059496,0.231055,-0.334712,0.161687,0.222324,-0.305481,0.248527,0.057873,-0.100888,0.229952,-0.177553,-0.055599,-0.015809,0.232731,-0.341616,-0.122291,0.228707,-0.337257,-0.242287,0.060098,-0.15391,-0.250491,-0.171853,-0.091039,0.094646,-0.000407,0.001818,0.155843,-0.471047,0.045043,0.201225,-0.802479,0.129205,-0.094645,0.000406,-0.001819,-0.169859,-0.470162,-0.00681,-0.229776,-0.808229,0.026511
29.55,0,0,0,0.001362,0.039096,-0.058449,0.008601,0.146856,-0.213179,0.027549,0.250191,-0.39423,0.024642,0.317743,-0.51955,0.059841,0.225016,-0.3383,0.162013,0.216388,-0.308972,0.249163,0.054222,-0.102694,0.230085,-0.180728,-0.055195,-0.015465,0.226774,-0.345178,-0.121954,0.22309,-0.340678,-0.242562,0.056571,-0.15583,-0.250663,-0.174879,-0.091123,0.094643,-0.000353,0.00197,0.155876,-0.470981,0.045284,0.201286,-0.802546,0.128905,-0.094643,0.000354,-0.001969,-0.170094,-0.470176,-0.007009,-0.230295,-0.80825,0.025726
29.566666,0,0,0,0.001441,0.038104,-0.058924,0.00886,0.143194,-0.215293,0.027941,0.243719,-0.397769,0.025201,0.309563,-0.523865,0.060207,0.219408,-0.341566,0.162376,0.21101,-0.312163,0.249772,0.051024,-0.104292,0.230211,-0.183483,-0.05484,-0.015096,0.221149,-0.348481,-0.121591,0.217596,-0.344044,-0.242853,0.053262,-0.157674,-0.250882,-0.177701,-0.091245,0.09464,-0.000313,0.002112,0.155942,-0.470952,0.045208,0.201409,-0.802614,0.128413,-0.09464,0.000314,-0.002112,-0.170334,-0.470175,-0.007302,-0.230822,-0.808249,0.024893
29.583333,0,0,0,0.001495,0.037074,-0.059391,0.009075,0.139366,-0.21741,0.02827,0.237085,-0.401249,0.025487,0.301403,-0.527989,0.060525,0.213583,-0.344826,0.16269,0.2053,-0.315375,0.250475,0.04776,-0.105807,0.230349,-0.186273,-0.054375,-0.014778,0.215409,-0.351718,-0.121278,0.212042,-0.34725,-0.243093,0.049755,-0.159452,-0.251109,-0.180701,-0.091281,0.094638,-0.000289,0.002201,0.156061,-0.470947,0.044915,0.201627,-0.80267,0.127819,-0.094637,0.00029,-0.002202,-0.170458,-0.470176,-0.007602,-0.231144,-0.808251,0.024221
29.6,0,0,0,0.001552,0.036054,-0.059831,0.009324,0.135618,-0.21939,0.028688,0.230577,-0.404626,0.025903,0.293381,-0.532098,0.060904,0.207863,-0.347882,0.163069,0.199812,-0.318369,0.251195,0.044601,-0.107212,0.230525,-0.188967,-0.053917,-0.014396,0.209716,-0.354803,-0.1209,0.206491,-0.35032,-0.243325,0.046334,-0.161096,-0.251275,-0.183652,-0.09135,0.094636,-0.000298,0.002275,0.156205,-0.470989,0.044404,0.201909,-0.802716,0.12722,-0.094636,0.000299,-0.002275,-0.170541,-0.470151,-0.007919,-0.231395,-0.808226,0.023576
29.616666,0,0,0,0.001588,0.035054,-0.060141,0.009525,0.132078,-0.220966,0.029062,0.224486,-0.407401,0.026334,0.285849,-0.535506,0.061239,0.20251,-0.350407,0.163403,0.194668,-0.320832,0.25194,0.041678,-0.108231,0.230819,-0.191419,-0.053085,-0.014057,0.204393,-0.357364,-0.120561,0.20128,-0.352815,-0.243436,0.043072,-0.162247,-0.25135,-0.186483,-0.09109,0.094636,-0.000362,0.002287,0.156362,-0.471067,0.044025,0.202232,-0.802749,0.126929,-0.094636,0.000362,-0.002288,-0.170344,-0.470108,-0.008833,-0.231188,-0.808128,0.023256
29.633333,0,0,0,0.001602,0.034023,-0.060512,0.009618,0.128419,-0.22267,0.029278,0.218249,-0.410319,0.026559,0.278131,-0.539096,0.061427,0.197023,-0.353051,0.163583,0.189462,-0.323377,0.252515,0.038768,-0.109307,0.231062,-0.193889,-0.052458,-0.013867,0.198899,-0.360041,-0.120371,0.195898,-0.355411,-0.243696,0.039663,-0.163512,-0.25162,-0.189465,-0.090992,0.094635,-0.000376,0.002293,0.156415,-0.471103,0.043718,0.202371,-0.802802,0.126502,-0.094635,0.000375,-0.002294,-0.170284,-0.470101,-0.009008,-0.231141,-0.808116,0.023117
29.65,0,0,0,0.001625,0.033015,-0.060803,0.009654,0.124827,-0.22417,0.029315,0.212114,-0.41294,0.026656,0.270558,-0.542304,0.061473,0.19165,-0.355468,0.163621,0.184319,-0.325709,0.252815,0.035866,-0.110186,0.231076,-0.196314,-0.051522,-0.013821,0.193499,-0.362455,-0.120324,0.190592,-0.357728,-0.244032,0.036284,-0.16452,-0.251888,-0.192402,-0.090613,0.094634,-0.000293,0.00237,0.156369,-0.471048,0.043546,0.202293,-0.80273,0.126418,-0.094634,0.000294,-0.00237,-0.170585,-0.47014,-0.008633,-0.231767,-0.808147,0.022961
29.666666,0,0,0,0.001685,0.032126,-0.061051,0.009796,0.121625,-0.225467,0.029432,0.206556,-0.415238,0.026775,0.263614,-0.545147,0.061607,0.186797,-0.357596,0.163749,0.179692,-0.32776,0.253156,0.033313,-0.110911,0.231211,-0.198418,-0.050574,-0.013689,0.188622,-0.36457,-0.12019,0.185792,-0.359749,-0.244169,0.033327,-0.165257,-0.25161,-0.194919,-0.089959,0.094632,-0.000254,0.002477,0.156418,-0.471014,0.043507,0.202375,-0.802676,0.126442,-0.094631,0.000255,-0.002477,-0.170631,-0.470173,-0.00861,-0.231936,-0.808164,0.022912
29.683333,0,0,0,0.001739,0.031231,-0.0613,0.009973,0.118345,-0.226773,0.029633,0.200796,-0.417515,0.026916,0.256395,-0.547938,0.061812,0.181792,-0.359728,0.163946,0.174928,-0.329807,0.253596,0.03071,-0.111614,0.231412,-0.20055,-0.04958,-0.013483,0.183582,-0.366715,-0.119983,0.180809,-0.361854,-0.244367,0.030614,-0.165858,-0.251862,-0.196853,-0.088245,0.094629,-0.000231,0.002566,0.156586,-0.47095,0.043813,0.202678,-0.802621,0.126637,-0.094628,0.000231,-0.002565,-0.170643,-0.4702,-0.008316,-0.231992,-0.808213,0.022875
29.7,0,0,0,0.001812,0.030382,-0.061512,0.010232,0.115192,-0.227954,0.029967,0.195212,-0.419585,0.027179,0.24936,-0.550481,0.062136,0.176948,-0.361677,0.164265,0.17035,-0.331682,0.254031,0.028263,-0.112143,0.231647,-0.202485,-0.0483,-0.013157,0.178708,-0.368696,-0.119657,0.175981,-0.363795,-0.244432,0.028156,-0.166253,-0.252175,-0.198319,-0.085814,0.094626,-0.000264,0.002657,0.156809,-0.470889,0.044624,0.203083,-0.802629,0.127071,-0.094626,0.000265,-0.002657,-0.170577,-0.470178,-0.008209,-0.231921,-0.808192,0.022989
29.716666,0,0,0,0.002123,0.029757,-0.061904,0.010999,0.11221,-0.229599,0.030732,0.189664,-0.422219,0.027771,0.242361,-0.553642,0.062903,0.172205,-0.364122,0.165043,0.165887,-0.334103,0.254819,0.025462,-0.113502,0.232111,-0.204834,-0.04816,-0.01239,0.173842,-0.371177,-0.118893,0.171084,-0.366381,-0.244188,0.025468,-0.167532,-0.252238,-0.199924,-0.084133,0.09461,-0.000126,0.003184,0.157149,-0.470723,0.044944,0.203599,-0.802664,0.126475,-0.09461,0.000126,-0.003184,-0.170214,-0.470357,-0.009939,-0.23161,-0.808294,0.021983
29.733333,0,0,0,0.002598,0.029255,-0.062319,0.011886,0.109205,-0.231396,0.030968,0.18383,-0.425246,0.027663,0.23503,-0.557302,0.063321,0.167282,-0.366937,0.165495,0.161243,-0.336976,0.254956,0.022494,-0.11519,0.23194,-0.207309,-0.048239,-0.011993,0.168675,-0.373814,-0.1185,0.165888,-0.369123,-0.244612,0.022611,-0.169094,-0.252902,-0.201637,-0.082692,0.094572,0.000409,0.004135,0.157079,-0.470348,0.044097,0.203249,-0.802361,0.125494,-0.094573,-0.000409,-0.004134,-0.170434,-0.470832,-0.012145,-0.232488,-0.808557,0.020728
29.75,0,0,0,0.00318,0.028844,-0.062742,0.012905,0.106387,-0.233169,0.030891,0.178257,-0.428143,0.02716,0.228037,-0.56071,0.063559,0.162643,-0.369768,0.165799,0.156928,-0.339971,0.25468,0.019719,-0.116996,0.231368,-0.209537,-0.048297,-0.01179,0.163736,-0.376316,-0.118297,0.160847,-0.371696,-0.245397,0.019781,-0.170723,-0.253843,-0.203324,-0.081426,0.094507,0.001138,0.005313,0.156753,-0.469926,0.041912,0.202305,-0.801773,0.124331,-0.094508,-0.001139,-0.005314,-0.171175,-0.471417,-0.014104,-0.234368,-0.808867,0.019421
29.766666,0,0,0,0.003777,0.028453,-0.062954,0.014126,0.103923,-0.23434,0.031174,0.173358,-0.430242,0.027047,0.221858,-0.563236,0.064111,0.15856,-0.371839,0.166393,0.153139,-0.342132,0.254682,0.01734,-0.118061,0.231118,-0.211436,-0.047863,-0.011265,0.159412,-0.378097,-0.117772,0.156463,-0.373502,-0.245676,0.017392,-0.171651,-0.254234,-0.204669,-0.079797,0.094425,0.001798,0.006478,0.156719,-0.469538,0.039305,0.201751,-0.800963,0.123683,-0.094425,-0.001798,-0.006478,-0.171925,-0.471945,-0.01491,-0.236213,-0.809165,0.018849
29.783333,0,0,0,0.004347,0.028015,-0.063091,0.015396,0.101521,-0.235262,0.031636,0.168609,-0.431979,0.027146,0.215814,-0.565356,0.064809,0.154577,-0.373585,0.167124,0.149402,-0.343947,0.254925,0.015305,-0.118662,0.231104,-0.212971,-0.046941,-0.01059,0.155251,-0.37958,-0.117095,0.152274,-0.374934,-0.245632,0.015176,-0.172138,-0.254244,-0.205893,-0.077926,0.094331,0.002404,0.007566,0.156872,-0.469155,0.036494,0.201407,-0.800021,0.123292,-0.09433,-0.002405,-0.007566,-0.172695,-0.472431,-0.014693,-0.237978,-0.809492,0.018734
29.8,0,0,0,0.00473,0.027457,-0.063187,0.016322,0.099148,-0.235966,0.032041,0.164193,-0.433292,0.02735,0.210213,-0.56696,0.06537,0.150822,-0.374941,0.167708,0.145891,-0.345341,0.255172,0.013557,-0.118887,0.231019,-0.214227,-0.045723,-0.010044,0.151375,-0.380766,-0.116544,0.148384,-0.376046,-0.245548,0.013213,-0.172255,-0.25414,-0.206949,-0.07594,0.094253,0.00291,0.00832,0.157107,-0.468812,0.033706,0.201191,-0.799068,0.123022,-0.094253,-0.002909,-0.00832,-0.173463,-0.472816,-0.013683,-0.239549,-0.809795,0.018998
29.816666,0,0,0,0.005005,0.026918,-0.063244,0.01705,0.097033,-0.236484,0.032528,0.160301,-0.434319,0.027656,0.205315,-0.568234,0.065933,0.147466,-0.375972,0.168276,0.142739,-0.346355,0.255586,0.012096,-0.118861,0.231099,-0.215236,-0.044419,-0.009488,0.147982,-0.381707,-0.115985,0.144996,-0.3769,-0.245211,0.011529,-0.17213,-0.253724,-0.207871,-0.074086,0.094204,0.003113,0.00878,0.157418,-0.468698,0.03148,0.201222,-0.798295,0.123331,-0.094205,-0.003113,-0.00878,-0.173967,-0.472944,-0.012384,-0.24044,-0.80993,0.019414
29.833333,0,0,0,0.00522,0.026368,-0.063217,0.017726,0.094852,-0.236839,0.033205,0.156283,-0.435149,0.028221,0.200177,-0.569329,0.066618,0.143991,-0.376784,0.168952,0.139443,-0.347108,0.256237,0.010536,-0.118616,0.231369,-0.216335,-0.042904,-0.008803,0.144492,-0.382516,-0.115297,0.141487,-0.377664,-0.244591,0.009623,-0.171899,-0.253005,-0.208998,-0.072122,0.094177,0.003106,0.009072,0.15786,-0.468735,0.029737,0.201584,-0.797734,0.123744,-0.094177,-0.003106,-0.009072,-0.174109,-0.472918,-0.010816,-0.240505,-0.810009,0.020024
29.85,0,0,0,0.005601,0.026057,-0.06279,0.019509,0.093092,-0.23635,0.036021,0.152652,-0.434958,0.031238,0.195391,-0.569332,0.069158,0.140826,-0.376515,0.171445,0.136278,-0.346678,0.259124,0.009071,-0.117386,0.233983,-0.217322,-0.040344,-0.006236,0.141515,-0.382576,-0.112726,0.138411,-0.377693,-0.241532,0.00775,-0.170859,-0.2497,-0.21012,-0.069431,0.094163,0.002444,0.009414,0.159579,-0.469163,0.029991,0.204414,-0.797543,0.125628,-0.094163,-0.002443,-0.009414,-0.172406,-0.472543,-0.008678,-0.237202,-0.80995,0.022106
29.866666,0,0,0,0.005983,0.025817,-0.062795,0.020903,0.0915,-0.236731,0.038046,0.149259,-0.435687,0.033246,0.190939,-0.570263,0.07101,0.137946,-0.377165,0.173263,0.133494,-0.347196,0.261075,0.007844,-0.117099,0.235558,-0.218127,-0.038949,-0.004365,0.138664,-0.383451,-0.110843,0.135396,-0.378432,-0.239426,0.006045,-0.170637,-0.247519,-0.211191,-0.067854,0.094146,0.001811,0.009714,0.160624,-0.469654,0.030146,0.206219,-0.797667,0.126679,-0.094147,-0.00181,-0.009715,-0.170972,-0.472138,-0.007341,-0.234343,-0.809844,0.023132
29.883333,0,0,0,0.006078,0.025369,-0.062968,0.021349,0.089607,-0.237412,0.038736,0.145679,-0.436771,0.033929,0.186409,-0.571579,0.071634,0.134865,-0.37817,0.173897,0.130611,-0.348207,0.261787,0.006497,-0.117307,0.23588,-0.219043,-0.038048,-0.003734,0.135546,-0.384552,-0.11021,0.132309,-0.379459,-0.238721,0.00436,-0.170754,-0.246417,-0.212394,-0.066928,0.094151,0.00157,0.00972,0.160971,-0.469829,0.030539,0.206885,-0.797758,0.127204,-0.09415,-0.00157,-0.009719,-0.170174,-0.472027,-0.007183,-0.232911,-0.809825,0.023582
29.9,0,0,0,0.006124,0.024845,-0.063172,0.021574,0.087581,-0.238146,0.039174,0.142067,-0.43785,0.034409,0.181979,-0.572829,0.072024,0.131657,-0.37922,0.174275,0.127368,-0.349219,0.262444,0.005058,-0.117464,0.236051,-0.220051,-0.037146,-0.003338,0.132438,-0.385649,-0.109814,0.129314,-0.380479,-0.238048,0.002615,-0.170843,-0.24531,-0.213698,-0.06607,0.094159,0.001374,0.009669,0.161229,-0.469957,0.031224,0.207453,-0.797918,0.127633,-0.094159,-0.001374,-0.009669,-0.169452,-0.471952,-0.007733,-0.231792,-0.809749,0.023839
29.916666,0,0,0,0.00619,0.024344,-0.063361,0.021853,0.085726,-0.238795,0.039618,0.13885,-0.438829,0.034844,0.178025,-0.574002,0.072425,0.128816,-0.38013,0.174677,0.124678,-0.350113,0.262898,0.003727,-0.117666,0.236065,-0.221044,-0.036553,-0.002932,0.129609,-0.386612,-0.109409,0.126544,-0.381423,-0.237531,0.001023,-0.171011,-0.244339,-0.214912,-0.065432,0.09416,0.001256,0.009681,0.161407,-0.470013,0.032019,0.207869,-0.798083,0.127941,-0.094159,-0.001255,-0.00968,-0.168847,-0.471931,-0.008273,-0.230866,-0.809711,0.024099
29.933333,0,0,0,0.006295,0.023838,-0.063543,0.022195,0.083796,-0.239448,0.040079,0.135505,-0.439796,0.03529,0.173936,-0.575135,0.07286,0.125857,-0.381059,0.175111,0.121814,-0.351027,0.263378,0.002258,-0.117876,0.236065,-0.222153,-0.03593,-0.002495,0.126678,-0.387574,-0.108971,0.123674,-0.382347,-0.236966,-0.000713,-0.171186,-0.243281,-0.216281,-0.064827,0.09415,0.001192,0.009774,0.161577,-0.470022,0.03273,0.208233,-0.798215,0.128137,-0.09415,-0.001192,-0.009775,-0.168244,-0.471963,-0.008731,-0.229915,-0.809739,0.024344
29.95,0,0,0,0.006388,0.023372,-0.063706,0.022471,0.081942,-0.240061,0.040367,0.132278,-0.440705,0.035575,0.169944,-0.576208,0.073152,0.123005,-0.38196,0.175415,0.119073,-0.351952,0.263724,0.000765,-0.118182,0.235934,-0.223325,-0.035521,-0.002203,0.123854,-0.388467,-0.10868,0.120912,-0.383208,-0.236629,-0.00237,-0.171371,-0.242384,-0.217634,-0.064368,0.094141,0.001167,0.009868,0.161652,-0.470024,0.03305,0.208389,-0.79828,0.128201,-0.094141,-0.001167,-0.009868,-0.167821,-0.472004,-0.009199,-0.229274,-0.809766,0.024418
29.966666,0,0,0,0.006504,0.022954,-0.063846,0.022795,0.080297,-0.240585,0.040691,0.129346,-0.441549,0.03584,0.166344,-0.577236,0.073477,0.120442,-0.382745,0.175749,0.116657,-0.352752,0.264032,-0.000629,-0.118456,0.235854,-0.224456,-0.035218,-0.001878,0.121264,-0.389255,-0.108357,0.118382,-0.384005,-0.236326,-0.003871,-0.171586,-0.241551,-0.218865,-0.064012,0.094125,0.001183,0.010014,0.16171,-0.470006,0.033021,0.208436,-0.798273,0.12814,-0.094126,-0.001184,-0.010014,-0.167516,-0.472065,-0.009461,-0.228823,-0.809827,0.024427
29.983333,0,0,0,0.006614,0.02255,-0.063979,0.023085,0.078657,-0.241097,0.040937,0.126433,-0.442339,0.036079,0.162778,-0.578167,0.073741,0.117888,-0.383522,0.176025,0.114206,-0.353555,0.264255,-0.002067,-0.118736,0.235677,-0.225627,-0.034917,-0.001616,0.118705,-0.390013,-0.108096,0.115866,-0.384756,-0.23608,-0.005416,-0.171789,-0.240847,-0.220088,-0.063555,0.094109,0.001233,0.010163,0.161794,-0.46996,0.032799,0.208483,-0.798166,0.128143,-0.094108,-0.001233,-0.010163,-0.167314,-0.472143,-0.009519,-0.228535,-0.809906,0.024507
30,0,0,0,0.006737,0.022151,-0.064105,0.023436,0.077084,-0.24157,0.041243,0.123672,-0.443091,0.036394,0.159424,-0.579075,0.074062,0.11546,-0.384238,0.176363,0.111922,-0.354309,0.264513,-0.003545,-0.119063,0.23557,-0.226858,-0.034712,-0.001296,0.116269,-0.39071,-0.107776,0.113469,-0.385434,-0.235829,-0.006841,-0.171958,-0.24019,-0.221262,-0.06321,0.094089,0.001285,0.010333,0.161945,-0.469908,0.032439,0.208642,-0.798039,0.12804,-0.09409,-0.001286,-0.010333,-0.167196,-0.472212,-0.00947,-0.228377,-0.809992,0.024462
30.016666,0,0,0,0.00683,0.021802,-0.064214,0.023707,0.075734,-0.24197,0.041515,0.121304,-0.44373,0.03669,0.156539,-0.579858,0.074334,0.113379,-0.384832,0.176642,0.10993,-0.354916,0.264771,-0.00473,-0.119268,0.235474,-0.227841,-0.034506,-0.001024,0.114174,-0.391303,-0.107506,0.111434,-0.386028,-0.235618,-0.008024,-0.172111,-0.239699,-0.222203,-0.062876,0.094074,0.001354,0.010467,0.162109,-0.469834,0.032131,0.208809,-0.797857,0.128098,-0.094074,-0.001353,-0.010466,-0.167089,-0.472292,-0.009231,-0.228201,-0.810101,0.024536
30.033333,0,0,0,0.006922,0.021454,-0.064322,0.024005,0.074403,-0.242353,0.041856,0.118983,-0.444341,0.037035,0.153704,-0.580611,0.074665,0.111325,-0.385392,0.176981,0.107956,-0.355498,0.265067,-0.005946,-0.119466,0.235427,-0.228836,-0.034241,-0.000692,0.112128,-0.391874,-0.107175,0.109458,-0.38659,-0.235338,-0.009225,-0.172271,-0.239272,-0.22314,-0.062516,0.094059,0.001404,0.010591,0.162279,-0.469774,0.031888,0.208974,-0.797698,0.128194,-0.094059,-0.001405,-0.010591,-0.166969,-0.472358,-0.008914,-0.227983,-0.810208,0.024629
30.05,0,0,0,0.007006,0.021122,-0.064423,0.024267,0.073156,-0.242706,0.042163,0.116804,-0.444881,0.037354,0.151069,-0.581254,0.074962,0.109401,-0.385905,0.177281,0.10612,-0.356009,0.26537,-0.00704,-0.119621,0.235429,-0.229764,-0.034071,-0.000394,0.110212,-0.392401,-0.106879,0.107612,-0.387125,-0.235122,-0.010252,-0.172402,-0.238989,-0.223927,-0.062177,0.094046,0.00144,0.0107,0.162439,-0.469725,0.031726,0.209144,-0.797569,0.128301,-0.094046,-0.001441,-0.0107,-0.16679,-0.472419,-0.008661,-0.227681,-0.810301,0.024776
30.066666,0,0,0,0.007053,0.020855,-0.064504,0.024438,0.07209,-0.243007,0.042399,0.114872,-0.445358,0.037624,0.148694,-0.58184,0.075181,0.107712,-0.386346,0.177505,0.104524,-0.356459,0.26561,-0.007974,-0.119761,0.235437,-0.230574,-0.033971,-0.000174,0.108516,-0.392864,-0.106662,0.106004,-0.38762,-0.235046,-0.011129,-0.172582,-0.238881,-0.224587,-0.061935,0.094041,0.001446,0.01075,0.162543,-0.469711,0.031597,0.209267,-0.797483,0.128407,-0.09404,-0.001447,-0.010749,-0.166615,-0.47245,-0.008493,-0.227381,-0.810358,0.024907
30.083333,0,0,0,0.007113,0.020595,-0.064581,0.024621,0.071014,-0.243304,0.042593,0.112976,-0.445785,0.037871,0.146366,-0.582335,0.07538,0.106023,-0.386788,0.17771,0.102877,-0.35692,0.265844,-0.00894,-0.119911,0.235433,-0.231375,-0.033774,2.50E-05,0.106875,-0.3933,-0.106465,0.104459,-0.388034,-0.234954,-0.011955,-0.172669,-0.238809,-0.225222,-0.061656,0.094033,0.001439,0.010816,0.162694,-0.469698,0.031597,0.209493,-0.797425,0.128525,-0.094033,-0.00144,-0.010816,-0.166377,-0.472478,-0.008499,-0.227037,-0.81039,0.025052
30.1,0,0,0,0.007179,0.020344,-0.064654,0.024807,0.070026,-0.243571,0.042754,0.111184,-0.446235,0.03807,0.144226,-0.582886,0.075552,0.104432,-0.387206,0.177905,0.101325,-0.357412,0.266129,-0.009774,-0.120099,0.235481,-0.232045,-0.033625,0.000196,0.105321,-0.393699,-0.106295,0.103011,-0.38842,-0.234927,-0.012682,-0.172752,-0.238767,-0.225768,-0.061391,0.094026,0.00141,0.010884,0.162828,-0.469707,0.031646,0.209709,-0.797435,0.12853,-0.094025,-0.001409,-0.010885,-0.166053,-0.472496,-0.008621,-0.226541,-0.810422,0.0251
30.116666,0,0,0,0.007249,0.020103,-0.064721,0.025002,0.069097,-0.243815,0.04293,0.109603,-0.446615,0.038245,0.142324,-0.583345,0.075737,0.103009,-0.387572,0.1781,0.099958,-0.357803,0.266386,-0.01053,-0.120228,0.23549,-0.232693,-0.033566,0.00038,0.10394,-0.394047,-0.106112,0.10171,-0.388757,-0.234965,-0.013375,-0.172895,-0.238851,-0.226277,-0.061186,0.094017,0.001394,0.010963,0.162968,-0.469691,0.031977,0.20995,-0.797442,0.128734,-0.094017,-0.001394,-0.010963,-0.165903,-0.472501,-0.008468,-0.226548,-0.810279,0.026433
30.133333,0,0,0,0.007285,0.019879,-0.064786,0.025121,0.068213,-0.244051,0.043022,0.10809,-0.44696,0.038306,0.140497,-0.583747,0.075843,0.101647,-0.387924,0.178221,0.09862,-0.358205,0.266615,-0.011193,-0.120357,0.235444,-0.233214,-0.033428,0.000485,0.102626,-0.39438,-0.106007,0.100493,-0.389052,-0.235048,-0.013949,-0.172961,-0.239041,-0.226669,-0.060909,0.094011,0.001409,0.011004,0.163115,-0.469639,0.032334,0.21021,-0.797427,0.128908,-0.094012,-0.001408,-0.011003,-0.165434,-0.472588,-0.008828,-0.226108,-0.810219,0.027418
30.15,0,0,0,0.007308,0.01967,-0.064847,0.025192,0.06736,-0.24428,0.043077,0.10657,-0.44732,0.038318,0.138719,-0.584165,0.075905,0.100301,-0.388269,0.178299,0.097333,-0.358602,0.266824,-0.01186,-0.120517,0.235397,-0.233732,-0.033299,0.000546,0.101299,-0.394715,-0.105947,0.099245,-0.389382,-0.235192,-0.014523,-0.173057,-0.239231,-0.22705,-0.06064,0.094009,0.001427,0.011027,0.163204,-0.469596,0.032614,0.21035,-0.797411,0.129073,-0.094008,-0.001427,-0.011026,-0.164964,-0.472678,-0.008934,-0.225355,-0.810319,0.027688
30.166666,0,0,0,0.007343,0.019474,-0.064903,0.025272,0.066554,-0.244493,0.043113,0.105188,-0.447659,0.038317,0.137103,-0.584569,0.075957,0.099055,-0.388592,0.178362,0.096122,-0.358959,0.26705,-0.012451,-0.120651,0.235431,-0.23419,-0.033166,0.000597,0.100094,-0.395012,-0.105897,0.098116,-0.389654,-0.2353,-0.015041,-0.173103,-0.239417,-0.227386,-0.060345,0.094004,0.001437,0.011067,0.163328,-0.46956,0.032783,0.210558,-0.797387,0.129163,-0.094004,-0.001437,-0.011067,-0.164614,-0.472739,-0.00899,-0.224779,-0.810394,0.027876
30.183333,0,0,0,0.007354,0.019247,-0.064969,0.025271,0.065713,-0.244719,0.043019,0.10376,-0.448037,0.038183,0.135452,-0.58503,0.075891,0.097775,-0.388939,0.178316,0.094887,-0.359372,0.267189,-0.013061,-0.12085,0.235418,-0.234661,-0.033069,0.000528,0.098833,-0.39532,-0.105967,0.096905,-0.389955,-0.235575,-0.015642,-0.173209,-0.239708,-0.227737,-0.059981,0.094005,0.001431,0.011065,0.163415,-0.469553,0.032798,0.210712,-0.797369,0.12918,-0.094004,-0.001432,-0.011064,-0.164291,-0.472783,-0.009026,-0.224203,-0.810464,0.028007
30.2,0,0,0,0.006731,0.018634,-0.065606,0.02395,0.063748,-0.246156,0.042385,0.101,-0.449757,0.03785,0.132654,-0.586965,0.075059,0.095109,-0.390358,0.17753,0.092319,-0.360937,0.267287,-0.014889,-0.122413,0.235274,-0.236402,-0.0345,-0.000282,0.096364,-0.39695,-0.106793,0.094673,-0.391821,-0.236127,-0.017466,-0.174701,-0.240058,-0.229352,-0.061075,0.094133,0.001062,0.009959,0.163216,-0.469945,0.03223,0.210936,-0.79817,0.126995,-0.094132,-0.001063,-0.009959,-0.162984,-0.472629,-0.011101,-0.221867,-0.810484,0.026002
30.216666,0,0,0,0.006809,0.018352,-0.06558,0.02405,0.062999,-0.246147,0.042364,0.099896,-0.449801,0.037753,0.131395,-0.587021,0.075073,0.094132,-0.390429,0.177556,0.091422,-0.361043,0.267367,-0.015386,-0.12236,0.23536,-0.236779,-0.034144,-0.000273,0.095335,-0.396986,-0.106781,0.093664,-0.391802,-0.236296,-0.017928,-0.174507,-0.240239,-0.22954,-0.060373,0.094115,0.001186,0.010103,0.16337,-0.469776,0.0328,0.211193,-0.798071,0.127272,-0.094116,-0.001185,-0.010103,-0.162679,-0.472794,-0.010792,-0.22124,-0.810686,0.026476
30.233333,0,0,0,0.006785,0.018208,-0.065608,0.023966,0.062393,-0.246281,0.042108,0.098819,-0.450051,0.03742,0.130092,-0.587336,0.074866,0.093183,-0.390679,0.177363,0.090516,-0.361337,0.267347,-0.015808,-0.122502,0.235344,-0.237084,-0.03399,-0.000485,0.094387,-0.397173,-0.10699,0.092724,-0.391932,-0.236615,-0.01836,-0.174443,-0.240529,-0.229687,-0.059782,0.094119,0.001226,0.010073,0.163516,-0.469718,0.032691,0.211376,-0.797938,0.127405,-0.094118,-0.001226,-0.010073,-0.162536,-0.472856,-0.010699,-0.220978,-0.810743,0.026801
30.25,0,0,0,0.006558,0.017826,-0.065738,0.023329,0.061302,-0.246623,0.041576,0.097248,-0.450523,0.0369,0.128419,-0.587885,0.074302,0.091736,-0.391072,0.176822,0.089188,-0.3618,0.267164,-0.016629,-0.122875,0.23511,-0.237836,-0.034208,-0.001046,0.092943,-0.397602,-0.107553,0.091324,-0.39238,-0.23708,-0.019306,-0.174601,-0.240962,-0.230341,-0.059403,0.09416,0.001111,0.009695,0.163472,-0.469833,0.032582,0.211388,-0.79806,0.127245,-0.09416,-0.001111,-0.009694,-0.162055,-0.472813,-0.01141,-0.220111,-0.810703,0.026668
30.266666,0,0,0,0.0065,0.017603,-0.065784,0.023101,0.060608,-0.246777,0.04123,0.096205,-0.450778,0.036504,0.127246,-0.588196,0.073989,0.090785,-0.391309,0.176522,0.088304,-0.362077,0.267062,-0.01723,-0.123102,0.235117,-0.238368,-0.034227,-0.001363,0.091993,-0.397795,-0.107866,0.090374,-0.392512,-0.237351,-0.019961,-0.174558,-0.241186,-0.23071,-0.058835,0.09417,0.001094,0.009598,0.163561,-0.469837,0.032521,0.21154,-0.798026,0.127281,-0.09417,-0.001093,-0.009598,-0.161763,-0.472838,-0.011667,-0.219557,-0.810729,0.026795
30.283333,0,0,0,0.006454,0.017409,-0.065839,0.022905,0.059982,-0.246947,0.040857,0.095203,-0.451054,0.036014,0.126064,-0.588534,0.073665,0.089902,-0.391578,0.176222,0.087486,-0.362426,0.266943,-0.017793,-0.123407,0.235144,-0.238844,-0.034263,-0.001693,0.091073,-0.398004,-0.108194,0.089444,-0.392669,-0.237615,-0.020583,-0.174522,-0.241414,-0.231056,-0.058298,0.094177,0.001104,0.009525,0.163678,-0.469811,0.032442,0.211716,-0.797958,0.127321,-0.094177,-0.001103,-0.009524,-0.161481,-0.472887,-0.012017,-0.219042,-0.810766,0.026903
30.3,0,0,0,0.006389,0.017253,-0.065908,0.022626,0.059476,-0.24714,0.040339,0.094436,-0.451296,0.035447,0.12509,-0.588804,0.073218,0.089209,-0.391868,0.175801,0.086825,-0.362805,0.266775,-0.018266,-0.123799,0.23507,-0.239232,-0.034412,-0.002147,0.090379,-0.398207,-0.108642,0.088722,-0.39277,-0.237927,-0.021161,-0.174469,-0.241638,-0.231392,-0.057804,0.094187,0.001111,0.009421,0.163745,-0.469796,0.032308,0.211805,-0.797893,0.127347,-0.094187,-0.001111,-0.009421,-0.16124,-0.472928,-0.012441,-0.218581,-0.810788,0.02696
30.316666,0,0,0,0.006302,0.017108,-0.065969,0.022323,0.059014,-0.247307,0.039861,0.093727,-0.451594,0.03488,0.124307,-0.58919,0.072784,0.088578,-0.392115,0.175394,0.086246,-0.363142,0.266585,-0.018726,-0.124167,0.234973,-0.239658,-0.034663,-0.002586,0.089711,-0.398393,-0.109078,0.088028,-0.392895,-0.238199,-0.021689,-0.174414,-0.241726,-0.231749,-0.057437,0.094201,0.001118,0.009288,0.163797,-0.469783,0.032185,0.211878,-0.79785,0.127318,-0.0942,-0.001119,-0.009288,-0.161073,-0.472958,-0.012834,-0.218236,-0.810801,0.026971
30.333333,0,0,0,0.006225,0.016973,-0.065997,0.022026,0.058614,-0.247402,0.039324,0.093114,-0.451771,0.034169,0.123574,-0.589413,0.072314,0.088042,-0.392299,0.174956,0.085795,-0.363436,0.266399,-0.019105,-0.124526,0.23486,-0.240012,-0.034933,-0.003064,0.089133,-0.398495,-0.109551,0.087447,-0.392895,-0.238463,-0.022194,-0.174253,-0.241797,-0.232136,-0.057059,0.094211,0.00113,0.009176,0.16383,-0.469763,0.032173,0.211924,-0.797816,0.127347,-0.094211,-0.00113,-0.009176,-0.160939,-0.472985,-0.013196,-0.217938,-0.810807,0.027024
30.35,0,0,0,0.006153,0.016897,-0.066069,0.021713,0.05842,-0.247567,0.038736,0.092865,-0.45198,0.033451,0.123241,-0.589647,0.071804,0.087818,-0.392538,0.174483,0.085582,-0.363807,0.266233,-0.019298,-0.125005,0.234759,-0.240183,-0.035336,-0.003583,0.088886,-0.398636,-0.110062,0.087161,-0.392912,-0.238693,-0.022476,-0.174102,-0.241828,-0.232333,-0.05675,0.094219,0.001205,0.009083,0.163852,-0.469685,0.032111,0.211917,-0.797712,0.127389,-0.09422,-0.001205,-0.009084,-0.160498,-0.473133,-0.011882,-0.21691,-0.811091,0.028011
30.366666,0,0,0,0.006113,0.016888,-0.066095,0.021509,0.058385,-0.247633,0.038302,0.092816,-0.452078,0.032892,0.123109,-0.589768,0.071435,0.087779,-0.392661,0.174142,0.085552,-0.364027,0.26613,-0.019375,-0.125338,0.234759,-0.240261,-0.035635,-0.003958,0.088833,-0.398677,-0.110431,0.087064,-0.392844,-0.238778,-0.022654,-0.173907,-0.241681,-0.23249,-0.056511,0.094223,0.001267,0.009037,0.163925,-0.469611,0.032097,0.211996,-0.797596,0.127515,-0.094223,-0.001266,-0.009038,-0.160304,-0.473225,-0.011147,-0.216428,-0.81129,0.028249
30.383333,0,0,0,0.006209,0.016996,-0.066026,0.021671,0.058704,-0.247477,0.038092,0.093256,-0.451936,0.032489,0.12351,-0.589632,0.071331,0.088197,-0.392577,0.174062,0.085934,-0.364032,0.266204,-0.019161,-0.125477,0.23498,-0.240036,-0.035694,-0.004073,0.089228,-0.398459,-0.110535,0.087384,-0.39245,-0.238645,-0.02255,-0.173484,-0.241336,-0.232409,-0.056123,0.094202,0.001417,0.009224,0.164149,-0.469439,0.031989,0.212215,-0.797293,0.127859,-0.094203,-0.001418,-0.009224,-0.160165,-0.473397,-0.009891,-0.216014,-0.811602,0.028689
30.4,0,0,0,0.006364,0.017053,-0.065705,0.021798,0.059078,-0.246795,0.037798,0.093909,-0.451183,0.03189,0.124207,-0.5888,0.071155,0.088827,-0.391946,0.173901,0.086602,-0.36345,0.265957,-0.018642,-0.124927,0.234846,-0.239552,-0.035191,-0.004261,0.089762,-0.39769,-0.11071,0.087832,-0.391493,-0.238613,-0.02224,-0.172475,-0.241255,-0.232136,-0.05518,0.094171,0.001547,0.009523,0.164216,-0.46928,0.03258,0.212091,-0.796933,0.129232,-0.094171,-0.001546,-0.009524,-0.160294,-0.473503,-0.008645,-0.216215,-0.811681,0.030063
30.416666,0,0,0,0.006419,0.017193,-0.065653,0.021862,0.059559,-0.246653,0.037539,0.094666,-0.451039,0.031414,0.12504,-0.588649,0.070986,0.089525,-0.391839,0.173759,0.087251,-0.363446,0.265926,-0.018304,-0.125103,0.234894,-0.239227,-0.035374,-0.004439,0.090422,-0.39747,-0.110878,0.088419,-0.391129,-0.238528,-0.021977,-0.172127,-0.240969,-0.232,-0.055054,0.094159,0.001617,0.009629,0.164334,-0.469197,0.032566,0.212203,-0.796736,0.129604,-0.094159,-0.001616,-0.00963,-0.160362,-0.473558,-0.007666,-0.216208,-0.811806,0.03054
30.433333,0,0,0,0.006416,0.017379,-0.0656,0.021816,0.060268,-0.246477,0.037233,0.095827,-0.45082,0.030939,0.126345,-0.588406,0.070752,0.09057,-0.391656,0.173542,0.088207,-0.363331,0.265799,-0.017785,-0.125216,0.23484,-0.238757,-0.035582,-0.00468,0.091445,-0.397195,-0.11111,0.089368,-0.390728,-0.238456,-0.021516,-0.171795,-0.240671,-0.231728,-0.055058,0.094155,0.001699,0.009658,0.164431,-0.469104,0.032504,0.212273,-0.796518,0.129978,-0.094154,-0.001698,-0.009658,-0.160163,-0.473664,-0.007019,-0.215524,-0.812173,0.029539
30.45,0,0,0,0.006384,0.017567,-0.06555,0.021684,0.061027,-0.246297,0.036882,0.097166,-0.450589,0.030454,0.127941,-0.588146,0.070461,0.091752,-0.39144,0.173263,0.089306,-0.363169,0.265588,-0.017207,-0.125313,0.234717,-0.238228,-0.035769,-0.004977,0.092613,-0.3969,-0.1114,0.090444,-0.390331,-0.238409,-0.021072,-0.171524,-0.240398,-0.231512,-0.055195,0.094156,0.001734,0.009636,0.1645,-0.469056,0.032524,0.212363,-0.79637,0.130324,-0.094157,-0.001733,-0.009635,-0.160247,-0.473682,-0.005998,-0.215225,-0.812419,0.028987
30.466666,0,0,0,0.006341,0.017766,-0.0655,0.021501,0.061887,-0.246096,0.03649,0.098713,-0.450302,0.029939,0.129803,-0.587802,0.070127,0.093108,-0.391184,0.172942,0.090573,-0.362968,0.265263,-0.01652,-0.125372,0.234474,-0.237617,-0.035988,-0.005317,0.093965,-0.396567,-0.111731,0.091716,-0.389898,-0.238405,-0.020535,-0.171272,-0.240131,-0.23128,-0.055491,0.094162,0.001726,0.009583,0.164483,-0.46906,0.032645,0.212354,-0.796318,0.130625,-0.094162,-0.001726,-0.009584,-0.160473,-0.473636,-0.005058,-0.215319,-0.812475,0.02914
30.483333,0,0,0,0.006286,0.018035,-0.06543,0.021286,0.063014,-0.245827,0.03608,0.100733,-0.449878,0.02944,0.132275,-0.587266,0.069773,0.094878,-0.390822,0.1726,0.092211,-0.362663,0.264885,-0.015686,-0.125417,0.234154,-0.236903,-0.03631,-0.005676,0.095744,-0.396132,-0.112083,0.093401,-0.389371,-0.23838,-0.019774,-0.171003,-0.239835,-0.230857,-0.055837,0.09417,0.001672,0.009508,0.16444,-0.469105,0.032901,0.212342,-0.796325,0.130992,-0.09417,-0.001673,-0.009508,-0.160815,-0.473538,-0.005261,-0.215857,-0.812367,0.028728
30.5,0,0,0,0.006199,0.018339,-0.065353,0.020988,0.064375,-0.2455,0.035602,0.103227,-0.449395,0.028875,0.135334,-0.586692,0.069342,0.097057,-0.390357,0.172181,0.094281,-0.362249,0.264385,-0.014589,-0.125416,0.233708,-0.236004,-0.036782,-0.006111,0.097915,-0.395601,-0.112511,0.095479,-0.388769,-0.238463,-0.018783,-0.170768,-0.239566,-0.230327,-0.056448,0.094182,0.001626,0.00939,0.164354,-0.469143,0.033227,0.212298,-0.796368,0.131284,-0.094183,-0.001626,-0.009391,-0.160958,-0.473468,-0.004659,-0.215912,-0.812334,0.029096
30.516666,0,0,0,0.006113,0.018677,-0.065265,0.020704,0.065875,-0.245126,0.035171,0.10598,-0.448819,0.028379,0.138777,-0.58598,0.06895,0.099462,-0.389812,0.1718,0.096574,-0.361757,0.263879,-0.013298,-0.125339,0.233212,-0.234944,-0.037279,-0.006507,0.100315,-0.395004,-0.112901,0.097783,-0.388104,-0.238502,-0.017625,-0.170505,-0.239299,-0.229653,-0.057081,0.094196,0.00156,0.009269,0.16424,-0.469202,0.033626,0.212232,-0.796462,0.131542,-0.094196,-0.00156,-0.009269,-0.161095,-0.473384,-0.004506,-0.216047,-0.81225,0.029261
30.533333,0,0,0,0.00601,0.019089,-0.065155,0.020381,0.067717,-0.244652,0.034719,0.109343,-0.448106,0.027839,0.143011,-0.585108,0.068529,0.102405,-0.389111,0.171389,0.099392,-0.361108,0.26332,-0.011733,-0.125219,0.232638,-0.233678,-0.037921,-0.006932,0.103239,-0.394258,-0.11332,0.100615,-0.387316,-0.238594,-0.016141,-0.170248,-0.239062,-0.228766,-0.057947,0.094211,0.001498,0.009129,0.164073,-0.469255,0.034169,0.212103,-0.796579,0.131854,-0.09421,-0.001497,-0.009129,-0.161197,-0.473308,-0.004259,-0.216118,-0.812175,0.029538
30.55,0,0,0,0.005891,0.019576,-0.06502,0.019995,0.069886,-0.244074,0.034203,0.113323,-0.447179,0.027242,0.147994,-0.583948,0.068045,0.105885,-0.388245,0.17091,0.102734,-0.360272,0.262616,-0.00982,-0.124973,0.231988,-0.232128,-0.038586,-0.007418,0.106708,-0.393347,-0.113801,0.103983,-0.386357,-0.238686,-0.01431,-0.169899,-0.238853,-0.227601,-0.058864,0.094228,0.001437,0.008969,0.163892,-0.469296,0.034927,0.211969,-0.796705,0.132301,-0.094227,-0.001436,-0.008968,-0.161273,-0.473235,-0.003804,-0.216118,-0.812114,0.030005
30.566666,0,0,0,0.00577,0.020389,-0.06478,0.019623,0.07247,-0.243347,0.033763,0.117576,-0.446126,0.026731,0.153323,-0.582647,0.06762,0.109673,-0.387229,0.170487,0.106322,-0.359286,0.261944,-0.007852,-0.124672,0.231447,-0.230524,-0.039182,-0.007845,0.110488,-0.39231,-0.114221,0.107591,-0.385282,-0.238734,-0.012397,-0.169543,-0.238626,-0.226382,-0.059854,0.094246,0.001263,0.008792,0.163623,-0.469384,0.036962,0.211889,-0.797153,0.133026,-0.094246,-0.001263,-0.008792,-0.161547,-0.473019,-0.00304,-0.216389,-0.811922,0.030526
30.583333,0,0,0,0.005434,0.021163,-0.064788,0.018327,0.074897,-0.243161,0.031897,0.121756,-0.445696,0.024759,0.158651,-0.582019,0.065911,0.113352,-0.386851,0.168809,0.109722,-0.35906,0.259988,-0.006477,-0.125333,0.229477,-0.229599,-0.04103,-0.009568,0.114158,-0.391722,-0.115935,0.111031,-0.384666,-0.240218,-0.011034,-0.169962,-0.239809,-0.225829,-0.061867,0.094297,0.001071,0.008259,0.162428,-0.469638,0.038373,0.210431,-0.798082,0.132237,-0.094297,-0.001072,-0.008258,-0.16238,-0.472727,-0.003493,-0.217683,-0.811603,0.029586
30.6,0,0,0,0.005219,0.021737,-0.064851,0.017534,0.077447,-0.242892,0.030787,0.126621,-0.445015,0.023539,0.164986,-0.581044,0.064883,0.117564,-0.386205,0.167787,0.113758,-0.358459,0.258729,-0.004388,-0.125618,0.228391,-0.228033,-0.042646,-0.010603,0.118348,-0.390964,-0.116968,0.115097,-0.383926,-0.240947,-0.009014,-0.170222,-0.240298,-0.22464,-0.063797,0.094328,0.000967,0.007915,0.16175,-0.469787,0.038918,0.209531,-0.798437,0.13217,-0.094327,-0.000966,-0.007914,-0.162719,-0.472583,-0.003858,-0.218217,-0.811422,0.029277
30.616666,0,0,0,0.004975,0.022362,-0.064953,0.016741,0.080117,-0.242673,0.029753,0.131629,-0.444384,0.022454,0.17152,-0.580126,0.063905,0.121911,-0.385567,0.166832,0.117943,-0.357926,0.257682,-0.002246,-0.126097,0.227508,-0.226428,-0.044528,-0.011586,0.122658,-0.390246,-0.117951,0.119302,-0.383255,-0.241602,-0.006929,-0.170605,-0.240633,-0.223461,-0.066038,0.09436,0.0009,0.007537,0.161161,-0.469887,0.039359,0.208753,-0.798822,0.131699,-0.094359,-0.0009,-0.007536,-0.163066,-0.472476,-0.004208,-0.218732,-0.811305,0.028753
30.633333,0,0,0,0.004676,0.023108,-0.065062,0.015815,0.083228,-0.242383,0.02865,0.137391,-0.443547,0.021293,0.179015,-0.578903,0.062842,0.126921,-0.384753,0.165785,0.122777,-0.357197,0.256485,0.000242,-0.12654,0.22655,-0.224559,-0.046604,-0.012653,0.127636,-0.389377,-0.119022,0.124181,-0.382506,-0.242346,-0.004279,-0.171004,-0.241329,-0.221584,-0.068052,0.094396,0.000816,0.007075,0.16047,-0.470015,0.039754,0.207838,-0.799239,0.131176,-0.094396,-0.000816,-0.007074,-0.163519,-0.472337,-0.004662,-0.219444,-0.811136,0.028163
30.65,0,0,0,0.004349,0.023913,-0.065129,0.014829,0.086545,-0.241952,0.027505,0.143593,-0.442529,0.02009,0.187143,-0.577474,0.06173,0.132279,-0.383721,0.164699,0.12794,-0.356297,0.255388,0.003018,-0.12692,0.22572,-0.222453,-0.048791,-0.013769,0.132986,-0.388291,-0.120142,0.129454,-0.381516,-0.243088,-0.001709,-0.171458,-0.241866,-0.220106,-0.070847,0.094433,0.000708,0.006565,0.159766,-0.470174,0.039992,0.206898,-0.799681,0.130512,-0.094433,-0.000709,-0.006566,-0.164017,-0.472166,-0.0051,-0.220218,-0.810934,0.027579
30.666666,0,0,0,0.004015,0.024737,-0.065167,0.013833,0.089853,-0.241453,0.026374,0.14975,-0.441328,0.018923,0.195191,-0.57577,0.060631,0.1376,-0.382591,0.163627,0.13303,-0.355304,0.254368,0.005649,-0.127304,0.225047,-0.220459,-0.050904,-0.014871,0.138323,-0.387112,-0.121246,0.134704,-0.380416,-0.24375,0.000911,-0.171763,-0.242465,-0.21844,-0.07325,0.09447,0.000578,0.006039,0.159062,-0.470362,0.040087,0.20593,-0.800105,0.129879,-0.094469,-0.000578,-0.006038,-0.164412,-0.471985,-0.005738,-0.220853,-0.810709,0.026975
30.683333,0,0,0,0.003633,0.025659,-0.065127,0.01271,0.093519,-0.240709,0.025126,0.15657,-0.439814,0.017593,0.204125,-0.573713,0.059408,0.143477,-0.381113,0.162429,0.13866,-0.353964,0.253254,0.008469,-0.12759,0.224302,-0.218382,-0.053282,-0.016096,0.144222,-0.385586,-0.122475,0.140514,-0.378995,-0.244552,0.003821,-0.171978,-0.243246,-0.216599,-0.07588,0.094507,0.000397,0.005428,0.158271,-0.470608,0.040134,0.204835,-0.800576,0.129259,-0.094508,-0.000396,-0.005428,-0.164787,-0.471752,-0.006439,-0.22138,-0.810467,0.026107
30.7,0,0,0,0.003248,0.026644,-0.065072,0.01159,0.097351,-0.239883,0.023899,0.163677,-0.438131,0.016255,0.213456,-0.571417,0.058203,0.149589,-0.379483,0.161247,0.144494,-0.352476,0.252249,0.011479,-0.127822,0.223835,-0.216114,-0.055603,-0.017304,0.150379,-0.383907,-0.123685,0.146584,-0.377406,-0.245251,0.006886,-0.172101,-0.243882,-0.214636,-0.078573,0.094543,0.000163,0.004786,0.157515,-0.470895,0.040203,0.203806,-0.80106,0.128739,-0.094543,-0.000163,-0.004786,-0.16522,-0.471455,-0.006988,-0.222009,-0.810125,0.025682
30.716666,0,0,0,0.002872,0.027632,-0.064955,0.010505,0.101167,-0.238907,0.022736,0.170709,-0.436261,0.014976,0.222661,-0.568915,0.057052,0.155644,-0.377671,0.160118,0.150286,-0.350795,0.25131,0.01448,-0.127895,0.223438,-0.213855,-0.057841,-0.018456,0.156464,-0.382061,-0.124841,0.152564,-0.375679,-0.245955,0.009922,-0.172139,-0.244581,-0.212655,-0.08115,0.094573,-7.50E-05,0.004149,0.15684,-0.471172,0.040297,0.202905,-0.801503,0.12833,-0.094573,7.50E-05,-0.004149,-0.165574,-0.47116,-0.007658,-0.222549,-0.809745,0.025566
30.733333,0,0,0,0.002484,0.028746,-0.064811,0.009394,0.105397,-0.237768,0.021547,0.178416,-0.433984,0.013706,0.232679,-0.565822,0.055878,0.162315,-0.37557,0.158974,0.156702,-0.348864,0.250348,0.017821,-0.127941,0.223078,-0.211318,-0.060317,-0.019632,0.163164,-0.379931,-0.126017,0.159144,-0.373638,-0.246605,0.013271,-0.172086,-0.245277,-0.210444,-0.083929,0.0946,-0.000369,0.003461,0.15612,-0.471496,0.040489,0.201954,-0.801999,0.127993,-0.0946,0.00037,-0.00346,-0.165869,-0.470811,-0.008451,-0.222902,-0.809354,0.025108
30.75,0,0,0,0.002096,0.0299,-0.064609,0.008292,0.109681,-0.23648,0.020406,0.186224,-0.431647,0.012456,0.242888,-0.562763,0.054737,0.169007,-0.373275,0.157861,0.163106,-0.346741,0.249522,0.021166,-0.127892,0.222901,-0.208787,-0.062819,-0.020774,0.169923,-0.377603,-0.127162,0.165855,-0.37139,-0.247175,0.016769,-0.171855,-0.245849,-0.208078,-0.08663,0.094621,-0.0007,0.002746,0.155438,-0.471839,0.040765,0.201075,-0.802514,0.127718,-0.094621,0.0007,-0.002746,-0.166144,-0.470425,-0.009255,-0.223172,-0.808931,0.024669
30.766666,0,0,0,0.001735,0.031037,-0.064384,0.007244,0.113849,-0.235142,0.019307,0.193787,-0.429153,0.011321,0.252728,-0.559465,0.053644,0.175513,-0.370916,0.156795,0.169317,-0.344555,0.248763,0.024424,-0.127779,0.222729,-0.2063,-0.065248,-0.021868,0.176483,-0.375211,-0.128259,0.172358,-0.369079,-0.24774,0.020134,-0.171605,-0.246459,-0.205759,-0.089193,0.094636,-0.001026,0.002056,0.15478,-0.472164,0.041135,0.200199,-0.803009,0.127556,-0.094636,0.001026,-0.002057,-0.166421,-0.470036,-0.009999,-0.223415,-0.808514,0.024273
30.783333,0,0,0,0.001356,0.032277,-0.064074,0.006145,0.118346,-0.23353,0.018127,0.201907,-0.426119,0.010122,0.263328,-0.555385,0.052482,0.182532,-0.368151,0.155669,0.176016,-0.342008,0.24801,0.027895,-0.127585,0.222641,-0.203643,-0.067854,-0.023032,0.183552,-0.372407,-0.129424,0.179322,-0.366368,-0.248312,0.023676,-0.171217,-0.2471,-0.203346,-0.091963,0.094645,-0.001386,0.001305,0.15409,-0.472512,0.041585,0.199278,-0.80353,0.127464,-0.094645,0.001387,-0.001305,-0.16671,-0.469605,-0.010755,-0.223613,-0.808059,0.023901
30.8,0,0,0,0.000963,0.033574,-0.06386,0.004979,0.122955,-0.232061,0.016798,0.210185,-0.423203,0.00869,0.274196,-0.551379,0.051192,0.189685,-0.365482,0.154421,0.182867,-0.339581,0.247055,0.031473,-0.127584,0.222324,-0.200891,-0.070867,-0.024325,0.190732,-0.369674,-0.130718,0.186396,-0.363729,-0.249091,0.027405,-0.170977,-0.247993,-0.200708,-0.09492,0.094647,-0.001709,0.000528,0.15325,-0.472844,0.041927,0.198111,-0.804099,0.127057,-0.094647,0.001709,-0.000528,-0.167251,-0.469216,-0.009168,-0.224293,-0.807813,0.023817
30.816666,0,0,0,0.000588,0.034784,-0.063484,0.003922,0.127296,-0.230271,0.015622,0.21803,-0.419962,0.007415,0.284551,-0.547029,0.050042,0.196444,-0.362488,0.153309,0.189317,-0.336825,0.246265,0.034752,-0.127271,0.222145,-0.198368,-0.073465,-0.025477,0.197522,-0.366629,-0.131871,0.193078,-0.360779,-0.249729,0.030945,-0.170342,-0.248656,-0.19817,-0.09736,0.094643,-0.001976,-0.000206,0.152483,-0.473117,0.042177,0.197056,-0.804519,0.126889,-0.094643,0.001975,0.000205,-0.167947,-0.46885,-0.007943,-0.225364,-0.807525,0.023558
30.833333,0,0,0,0.000207,0.036106,-0.062963,0.002845,0.131971,-0.228077,0.014419,0.226427,-0.416118,0.006109,0.295583,-0.541933,0.048869,0.20368,-0.358956,0.152179,0.1962,-0.333566,0.245493,0.038232,-0.126726,0.221978,-0.195679,-0.076186,-0.026652,0.204809,-0.363037,-0.133045,0.200218,-0.357278,-0.250342,0.034654,-0.169464,-0.24932,-0.195492,-0.099796,0.09463,-0.002323,-0.001022,0.15157,-0.473489,0.0423,0.19582,-0.804992,0.126785,-0.09463,0.002324,0.001022,-0.168327,-0.468416,-0.008383,-0.225838,-0.80708,0.023068
30.85,0,0,0,-0.00018,0.037478,-0.062476,0.001753,0.136708,-0.225922,0.013181,0.234897,-0.412277,0.00473,0.306697,-0.536823,0.047666,0.210966,-0.355411,0.151022,0.203131,-0.330318,0.244726,0.041594,-0.126433,0.221773,-0.193106,-0.079417,-0.027859,0.212141,-0.359424,-0.134249,0.20739,-0.353752,-0.250969,0.038305,-0.168737,-0.250068,-0.192845,-0.102481,0.094606,-0.002697,-0.001891,0.150634,-0.473908,0.042123,0.194579,-0.805503,0.126407,-0.094607,0.002697,0.001891,-0.168598,-0.467979,-0.008385,-0.226019,-0.806705,0.022553
30.866666,0,0,0,-0.000536,0.038736,-0.061919,0.000695,0.1409,-0.223771,0.01182,0.242828,-0.408252,0.003316,0.317121,-0.531451,0.046384,0.21777,-0.351806,0.149787,0.209643,-0.327,0.243976,0.044831,-0.125979,0.221688,-0.190577,-0.082302,-0.029145,0.21892,-0.355726,-0.135505,0.213796,-0.349804,-0.249806,0.038471,-0.169142,-0.249356,-0.194391,-0.109181,0.094574,-0.00306,-0.002733,0.149781,-0.474303,0.041975,0.193456,-0.80594,0.126233,-0.094575,0.00306,0.002733,-0.168737,-0.467559,-0.008838,-0.225953,-0.806317,0.022131
30.883333,0,0,0,-0.000891,0.040103,-0.061255,-0.000363,0.145602,-0.221176,0.010623,0.251188,-0.403806,0.002068,0.32803,-0.525641,0.045225,0.224942,-0.347733,0.148672,0.216393,-0.323254,0.243495,0.04796,-0.125561,0.221801,-0.188164,-0.085603,-0.030308,0.226177,-0.351563,-0.136667,0.220962,-0.345704,-0.250024,0.041404,-0.168636,-0.248799,-0.192981,-0.114937,0.094529,-0.00349,-0.003659,0.148959,-0.474773,0.041575,0.192443,-0.806414,0.125915,-0.094529,0.00349,0.003659,-0.168666,-0.467089,-0.009575,-0.225451,-0.805902,0.021586
30.9,0,0,0,-0.001209,0.041431,-0.060454,-0.001251,0.150271,-0.218214,0.009577,0.259509,-0.398984,0.000902,0.338948,-0.519429,0.044216,0.232069,-0.34324,0.147713,0.223193,-0.319092,0.243062,0.051165,-0.124776,0.221812,-0.185656,-0.088921,-0.031321,0.233343,-0.346995,-0.137671,0.227854,-0.341245,-0.250788,0.044972,-0.167458,-0.2488,-0.190427,-0.118419,0.094471,-0.003943,-0.004592,0.148069,-0.475266,0.041208,0.191315,-0.806884,0.125762,-0.09447,0.003943,0.004592,-0.168578,-0.466593,-0.010244,-0.224854,-0.805469,0.021162
30.916666,0,0,0,-0.001471,0.042715,-0.059692,-0.001968,0.154725,-0.21536,0.008745,0.267483,-0.394206,-7.60E-05,0.349362,-0.513242,0.043411,0.238884,-0.338842,0.146942,0.229651,-0.314976,0.24263,0.054146,-0.123964,0.221808,-0.183281,-0.092085,-0.032128,0.240223,-0.342522,-0.138465,0.234484,-0.33678,-0.251214,0.048472,-0.166102,-0.248895,-0.187723,-0.12107,0.094403,-0.004395,-0.00547,0.147334,-0.475736,0.040912,0.190432,-0.807317,0.125686,-0.094404,0.004395,0.005471,-0.168443,-0.466106,-0.010742,-0.22417,-0.805042,0.020982
30.933333,0,0,0,-0.001721,0.044078,-0.058838,-0.002668,0.159393,-0.212224,0.007902,0.275846,-0.388891,-0.001068,0.360279,-0.506319,0.042606,0.246045,-0.334009,0.146176,0.23642,-0.310463,0.242212,0.057175,-0.123135,0.221798,-0.180834,-0.095625,-0.032935,0.247448,-0.337604,-0.139255,0.241401,-0.331842,-0.251407,0.051922,-0.164619,-0.248897,-0.185014,-0.123674,0.094318,-0.004902,-0.006431,0.146565,-0.476251,0.040653,0.189518,-0.807769,0.125745,-0.094318,0.004902,0.006431,-0.168256,-0.465571,-0.011033,-0.223311,-0.804598,0.020891
30.95,0,0,0,-0.001932,0.045445,-0.057913,-0.003268,0.164053,-0.208894,0.00719,0.284188,-0.383231,-0.001943,0.371141,-0.498942,0.041923,0.253206,-0.328891,0.145528,0.243214,-0.305656,0.241808,0.060234,-0.122102,0.221756,-0.178295,-0.099229,-0.03362,0.254661,-0.33242,-0.139923,0.248307,-0.326677,-0.251352,0.055275,-0.163074,-0.248815,-0.182336,-0.126253,0.09422,-0.005415,-0.007393,0.145868,-0.476752,0.040458,0.188725,-0.808185,0.125929,-0.094219,0.005416,0.007393,-0.167975,-0.465036,-0.011347,-0.222269,-0.804162,0.020838
30.966666,0,0,0,-0.002101,0.046755,-0.057003,-0.003777,0.168423,-0.205675,0.006523,0.291933,-0.377748,-0.00278,0.381213,-0.491763,0.041301,0.259875,-0.323972,0.144954,0.249543,-0.301105,0.241497,0.06314,-0.121168,0.221724,-0.175789,-0.102638,-0.034246,0.261377,-0.327417,-0.140532,0.254741,-0.321682,-0.251241,0.058345,-0.161633,-0.248649,-0.179846,-0.128775,0.094113,-0.005906,-0.008315,0.145253,-0.47723,0.04021,0.188043,-0.80859,0.125998,-0.094113,0.005906,0.008314,-0.167728,-0.464519,-0.011602,-0.221299,-0.803741,0.02078
30.983333,0,0,0,-0.002551,0.048861,-0.054526,-0.004573,0.174986,-0.198775,0.006827,0.302353,-0.367764,-0.002317,0.393824,-0.479859,0.041284,0.26904,-0.31471,0.144941,0.25804,-0.292179,0.242233,0.068218,-0.116264,0.222804,-0.171053,-0.102358,-0.034243,0.270835,-0.318452,-0.1405,0.263682,-0.31281,-0.249665,0.063489,-0.156447,-0.247336,-0.175225,-0.127608,0.093689,-0.007612,-0.011205,0.145911,-0.477785,0.046472,0.189297,-0.809686,0.129833,-0.09369,0.007612,0.011204,-0.165674,-0.463097,-0.007977,-0.216192,-0.802808,0.024185
31,0,0,0,-0.00254,0.04981,-0.053839,-0.004608,0.178843,-0.195668,0.006656,0.30994,-0.361981,-0.002814,0.40398,-0.472099,0.04115,0.275391,-0.309573,0.144832,0.263996,-0.287354,0.242364,0.070555,-0.115564,0.223034,-0.168961,-0.106636,-0.03438,0.277265,-0.313212,-0.140621,0.269904,-0.307533,-0.249079,0.066321,-0.155105,-0.246779,-0.172885,-0.13068,0.09358,-0.008009,-0.011825,0.145464,-0.47822,0.04585,0.188807,-0.810094,0.129339,-0.093581,0.00801,0.011826,-0.165273,-0.462682,-0.008786,-0.21509,-0.802421,0.02417
31.016666,0,0,0,-0.00246,0.050906,-0.053011,-0.004485,0.182773,-0.192412,0.006559,0.317278,-0.356152,-0.003183,0.413629,-0.46439,0.041117,0.281607,-0.304403,0.144842,0.269866,-0.282564,0.242583,0.073055,-0.114767,0.223281,-0.166592,-0.110476,-0.034417,0.283544,-0.307907,-0.140641,0.275948,-0.302224,-0.248493,0.069143,-0.153754,-0.246218,-0.170465,-0.133646,0.093454,-0.00848,-0.01248,0.144804,-0.478785,0.044895,0.188063,-0.810508,0.129029,-0.093454,0.008479,0.012479,-0.164791,-0.462207,-0.009457,-0.213806,-0.802012,0.024013
31.033333,0,0,0,-0.002344,0.05215,-0.051925,-0.004263,0.18694,-0.188634,0.006558,0.324922,-0.349681,-0.003501,0.423672,-0.455922,0.041179,0.28809,-0.298604,0.144948,0.275983,-0.277179,0.242866,0.075579,-0.113796,0.223638,-0.164111,-0.114477,-0.03436,0.290078,-0.301976,-0.140566,0.282175,-0.296376,-0.247763,0.071952,-0.152296,-0.245477,-0.167995,-0.136744,0.093293,-0.009023,-0.013274,0.143695,-0.479465,0.043825,0.186718,-0.810888,0.129252,-0.093293,0.009023,0.013273,-0.164096,-0.461679,-0.01002,-0.212068,-0.801594,0.023836
31.05,0,0,0,-0.00223,0.053408,-0.050723,-0.004124,0.191178,-0.184515,0.006413,0.332653,-0.342681,-0.004007,0.433788,-0.446782,0.041114,0.294693,-0.292348,0.144918,0.282246,-0.271291,0.24287,0.078295,-0.112378,0.223658,-0.161327,-0.118162,-0.03443,0.296682,-0.295602,-0.140617,0.288488,-0.290056,-0.247181,0.075013,-0.150356,-0.24497,-0.165192,-0.139494,0.093133,-0.009471,-0.014068,0.142861,-0.479964,0.043203,0.185793,-0.810998,0.130169,-0.093132,0.009472,0.014068,-0.163662,-0.461218,-0.010279,-0.210773,-0.801225,0.023863
31.066666,0,0,0,-0.002118,0.054626,-0.049556,-0.004115,0.195114,-0.18063,0.00598,0.339738,-0.33609,-0.004792,0.442999,-0.438191,0.040803,0.300808,-0.286464,0.144647,0.288067,-0.265784,0.242547,0.080792,-0.111198,0.223285,-0.158661,-0.121791,-0.034748,0.302701,-0.289609,-0.140915,0.29416,-0.284201,-0.247045,0.077745,-0.148759,-0.244837,-0.162618,-0.142283,0.093005,-0.009741,-0.014713,0.142178,-0.480289,0.042575,0.184928,-0.811111,0.130437,-0.093004,0.009741,0.014714,-0.163534,-0.460899,-0.010574,-0.210101,-0.800974,0.023639
31.083333,0,0,0,-0.000374,0.054356,-0.047141,0.000818,0.204313,-0.164321,0.011391,0.359943,-0.307254,-0.000136,0.46698,-0.403828,0.0459,0.318807,-0.260491,0.149466,0.306684,-0.238113,0.245861,0.097398,-0.085302,0.227805,-0.141865,-0.101082,-0.029569,0.319287,-0.265551,-0.135664,0.310893,-0.258695,-0.241077,0.094559,-0.122565,-0.240108,-0.145893,-0.120716,0.094531,-0.002889,-0.004081,0.148185,-0.471432,0.064513,0.189121,-0.801219,0.157002,-0.094532,0.002888,0.004081,-0.165118,-0.468361,0.011699,-0.216855,-0.806176,0.058538
31.1,0,0,0,0.000456,0.055837,-0.04609,0.002513,0.209915,-0.158552,0.010768,0.369945,-0.296794,-0.001592,0.479117,-0.390934,0.046018,0.327393,-0.251805,0.149666,0.314922,-0.230003,0.245053,0.102781,-0.080533,0.227019,-0.136084,-0.101498,-0.029519,0.327911,-0.255716,-0.135559,0.319124,-0.248514,-0.241666,0.100237,-0.117085,-0.240492,-0.140199,-0.120317,0.094653,-0.001316,-0.000658,0.148858,-0.470376,0.063839,0.188129,-0.799111,0.160695,-0.094652,0.001316,0.000658,-0.168054,-0.469328,0.015589,-0.223514,-0.805456,0.069733
31.116666,0,0,0,0.000429,0.056884,-0.045655,0.002341,0.213705,-0.155202,0.009847,0.376969,-0.289893,-0.002818,0.488247,-0.381733,0.045327,0.333326,-0.245935,0.149014,0.320681,-0.224427,0.244371,0.105782,-0.078931,0.226233,-0.132575,-0.104973,-0.030227,0.333845,-0.249517,-0.136253,0.324908,-0.242304,-0.242071,0.103427,-0.115053,-0.240644,-0.136898,-0.122984,0.094657,-0.001043,-0.000409,0.148452,-0.470344,0.062664,0.187022,-0.798664,0.161194,-0.094657,0.001043,0.000409,-0.16882,-0.469486,0.015183,-0.224987,-0.805125,0.071593
31.133333,0,0,0,0.000332,0.057956,-0.045049,0.002001,0.217501,-0.151438,0.008901,0.384044,-0.28239,-0.004042,0.49755,-0.371722,0.044563,0.339276,-0.239468,0.148293,0.326484,-0.218251,0.243603,0.108769,-0.07697,0.22523,-0.128924,-0.108365,-0.031002,0.339787,-0.2428,-0.137021,0.330731,-0.235617,-0.242411,0.106556,-0.112806,-0.240834,-0.13356,-0.125596,0.09466,-0.000833,-0.000374,0.147816,-0.470329,0.061787,0.185608,-0.798302,0.161764,-0.094659,0.000832,0.000375,-0.169488,-0.469603,0.014768,-0.226173,-0.804785,0.073332
31.15,0,0,0,0.001385,0.058862,-0.041518,0.005351,0.22058,-0.141951,0.01285,0.390052,-0.268748,-0.000162,0.505207,-0.355631,0.048358,0.344271,-0.227043,0.152077,0.330865,-0.206153,0.247355,0.110172,-0.06955,0.22908,-0.126833,-0.105826,-0.027205,0.345159,-0.230325,-0.133193,0.335534,-0.223425,-0.237518,0.108249,-0.105522,-0.236166,-0.131589,-0.12277,0.094637,-0.002286,-8.50E-05,0.150125,-0.471149,0.064755,0.18871,-0.798074,0.167814,-0.094636,0.002285,8.50E-05,-0.166825,-0.468413,0.018724,-0.221381,-0.803517,0.079705
31.166666,0,0,0,0.002315,0.060308,-0.038367,0.00805,0.224532,-0.133508,0.015671,0.396572,-0.256689,0.002343,0.513104,-0.341568,0.051135,0.349998,-0.215919,0.154821,0.335952,-0.195291,0.249733,0.112427,-0.063109,0.231602,-0.123865,-0.103835,-0.024423,0.35091,-0.21932,-0.130337,0.34039,-0.212604,-0.234249,0.110765,-0.098945,-0.233354,-0.128741,-0.120334,0.0946,-0.003468,0.000258,0.152017,-0.471423,0.069806,0.191528,-0.798381,0.172407,-0.0946,0.003468,-0.000257,-0.164366,-0.467374,0.023329,-0.216727,-0.802836,0.084265
31.183333,0,0,0,0.002444,0.061536,-0.036706,0.008374,0.228219,-0.127831,0.015693,0.40296,-0.24718,0.00209,0.521211,-0.329609,0.051235,0.355566,-0.207426,0.154928,0.341144,-0.187095,0.24961,0.114927,-0.059404,0.231516,-0.120483,-0.104971,-0.024323,0.356394,-0.210848,-0.130201,0.345384,-0.20434,-0.233739,0.113566,-0.094868,-0.232879,-0.125486,-0.120844,0.094595,-0.003594,0.000273,0.152491,-0.47097,0.073241,0.19263,-0.798728,0.173008,-0.094596,0.003594,-0.000273,-0.163716,-0.467248,0.02514,-0.215397,-0.802731,0.086542
31.2,0,0,0,0.002072,0.062492,-0.036113,0.007176,0.23138,-0.124245,0.013999,0.408888,-0.239904,0.000125,0.529042,-0.319916,0.049673,0.360536,-0.201073,0.153396,0.345987,-0.180989,0.247851,0.117317,-0.057571,0.229752,-0.117116,-0.107917,-0.025889,0.361243,-0.204447,-0.131764,0.350104,-0.198119,-0.234921,0.116187,-0.092834,-0.233977,-0.122329,-0.123339,0.094614,-0.00307,0.000115,0.154397,-0.470513,0.071098,0.196025,-0.800074,0.164086,-0.094614,0.00307,-0.000114,-0.164516,-0.467695,0.024585,-0.216688,-0.802848,0.087357
31.216666,0,0,0,0.001258,0.063404,-0.036048,0.004703,0.234333,-0.121902,0.010937,0.414356,-0.234139,-0.003145,0.536348,-0.311772,0.046774,0.365107,-0.196184,0.150547,0.350579,-0.176342,0.24496,0.119772,-0.056935,0.226822,-0.113677,-0.111654,-0.028793,0.365685,-0.199455,-0.13469,0.354695,-0.193239,-0.237481,0.11889,-0.09188,-0.236376,-0.119042,-0.126647,0.094642,-0.002033,-0.000273,0.152883,-0.469662,0.070772,0.193746,-0.799679,0.162472,-0.094642,0.002033,0.000273,-0.166383,-0.468551,0.023072,-0.219811,-0.803168,0.087622
31.233333,0,0,0,0.000632,0.063969,-0.035727,0.002874,0.236645,-0.118804,0.00883,0.419271,-0.227264,-0.005357,0.5432,-0.302232,0.044746,0.369032,-0.190292,0.148547,0.354479,-0.170613,0.242933,0.121554,-0.055369,0.224914,-0.110826,-0.114498,-0.030825,0.36961,-0.193467,-0.136743,0.358808,-0.187277,-0.238944,0.120998,-0.09009,-0.237782,-0.116265,-0.129158,0.094654,-0.00126,-0.000582,0.151986,-0.469149,0.069483,0.192221,-0.799116,0.16164,-0.094653,0.00126,0.000581,-0.167907,-0.469171,0.021681,-0.222403,-0.80319,0.088397
31.25,0,0,0,0.00047,0.064588,-0.034759,0.0024,0.238941,-0.114449,0.008231,0.423928,-0.219078,-0.006133,0.549462,-0.291525,0.044181,0.372834,-0.183128,0.147991,0.358102,-0.163632,0.24223,0.123119,-0.052522,0.224293,-0.108188,-0.11574,-0.031391,0.373438,-0.186272,-0.137306,0.362578,-0.180128,-0.238961,0.122851,-0.087171,-0.237829,-0.113711,-0.130278,0.094655,-0.001051,-0.000672,0.151853,-0.469035,0.068868,0.191878,-0.79874,0.162045,-0.094656,0.001052,0.000673,-0.168415,-0.469307,0.021614,-0.223198,-0.802923,0.09009
31.266666,0,0,0,0.000377,0.065211,-0.033866,0.002093,0.241133,-0.110371,0.007736,0.428248,-0.211376,-0.006839,0.555252,-0.281387,0.043738,0.376393,-0.176404,0.147556,0.36148,-0.15709,0.24165,0.124687,-0.049763,0.223813,-0.105605,-0.116613,-0.031836,0.376994,-0.179513,-0.13774,0.366017,-0.173407,-0.23894,0.124646,-0.084286,-0.237881,-0.111218,-0.131068,0.094656,-0.000936,-0.000748,0.151667,-0.468975,0.068573,0.191461,-0.798406,0.162816,-0.094657,0.000936,0.000747,-0.168682,-0.469387,0.021552,-0.223558,-0.802659,0.091611
31.283333,0,0,0,0.000252,0.066008,-0.032764,0.001714,0.243627,-0.105808,0.007182,0.432906,-0.203058,-0.007596,0.561391,-0.270616,0.043232,0.380235,-0.169087,0.147061,0.365134,-0.14998,0.240935,0.126541,-0.046514,0.223195,-0.102643,-0.117092,-0.032343,0.38084,-0.172158,-0.13824,0.369762,-0.166099,-0.239,0.126764,-0.080991,-0.238057,-0.108303,-0.131628,0.094658,-0.000753,-0.000789,0.151211,-0.468748,0.069201,0.190482,-0.798109,0.163902,-0.094658,0.000752,0.00079,-0.168994,-0.469502,0.022022,-0.223983,-0.802435,0.093589
31.3,0,0,0,1.00E-05,0.066812,-0.03205,0.000954,0.246099,-0.102033,0.006121,0.43743,-0.195602,-0.008879,0.567352,-0.260694,0.042255,0.383988,-0.16262,0.146107,0.36876,-0.143737,0.239782,0.128514,-0.043982,0.221985,-0.099576,-0.118005,-0.033322,0.384552,-0.165641,-0.139223,0.373487,-0.15962,-0.239655,0.129034,-0.078379,-0.238793,-0.105148,-0.132961,0.094659,-0.00041,-0.000826,0.150323,-0.468493,0.069285,0.188741,-0.797828,0.16443,-0.094659,0.00041,0.000826,-0.169629,-0.46976,0.021705,-0.224974,-0.802278,0.094907
31.316666,0,0,0,-0.000325,0.067563,-0.031577,-7.50E-05,0.248389,-0.098872,0.004778,0.441648,-0.189058,-0.010367,0.57297,-0.251877,0.041001,0.387411,-0.156971,0.144883,0.372119,-0.138303,0.238411,0.130458,-0.041888,0.220519,-0.096589,-0.119032,-0.03458,0.387934,-0.159916,-0.140487,0.376942,-0.15389,-0.24059,0.131213,-0.076167,-0.239809,-0.102151,-0.134148,0.094659,1.60E-05,-0.000939,0.149133,-0.468231,0.069011,0.186492,-0.797515,0.164753,-0.094659,-1.70E-05,0.000939,-0.17054,-0.470078,0.020961,-0.226416,-0.802085,0.096055
31.333333,0,0,0,-0.000713,0.068252,-0.031102,-0.001222,0.250544,-0.095617,0.003329,0.44568,-0.182236,-0.011998,0.578334,-0.242686,0.039639,0.390689,-0.151112,0.143544,0.375368,-0.132601,0.236933,0.132321,-0.039592,0.218925,-0.093618,-0.119896,-0.035945,0.391172,-0.153994,-0.141863,0.380285,-0.147958,-0.241564,0.133275,-0.073868,-0.240903,-0.099228,-0.135213,0.094656,0.000477,-0.001123,0.147597,-0.468001,0.068457,0.183706,-0.797133,0.165195,-0.094656,-0.000476,0.001123,-0.171528,-0.470423,0.020016,-0.227942,-0.801815,0.097387
31.35,0,0,0,-0.001077,0.068894,-0.030552,-0.002287,0.252556,-0.092201,0.002004,0.449515,-0.175296,-0.013485,0.583477,-0.233419,0.038388,0.393747,-0.145119,0.142316,0.378375,-0.126779,0.235577,0.134053,-0.03704,0.217474,-0.090826,-0.120243,-0.037198,0.394205,-0.147936,-0.143123,0.383417,-0.141844,-0.242399,0.135228,-0.071203,-0.241826,-0.096364,-0.135904,0.09465,0.000876,-0.001359,0.146007,-0.4678,0.068076,0.180878,-0.796744,0.165901,-0.09465,-0.000877,0.001359,-0.172439,-0.47071,0.019299,-0.22929,-0.801517,0.098824
31.366666,0,0,0,-0.0013,0.069421,-0.029935,-0.002929,0.25424,-0.088803,0.001214,0.452818,-0.168549,-0.014403,0.587961,-0.224408,0.03764,0.396354,-0.139276,0.14158,0.3809,-0.121082,0.234682,0.13541,-0.034416,0.21653,-0.088524,-0.120122,-0.037948,0.396814,-0.142058,-0.143876,0.386053,-0.135968,-0.242697,0.136776,-0.068596,-0.242342,-0.094016,-0.136097,0.094645,0.00112,-0.001513,0.144738,-0.467697,0.067899,0.178586,-0.796446,0.166731,-0.094645,-0.00112,0.001513,-0.173059,-0.470877,0.018724,-0.230158,-0.801145,0.100284
31.383333,0,0,0,-0.001407,0.069923,-0.029349,-0.003256,0.255867,-0.085369,0.000794,0.456015,-0.161723,-0.014969,0.592265,-0.215396,0.037247,0.398851,-0.133381,0.141184,0.383231,-0.115309,0.234062,0.13661,-0.031668,0.215894,-0.086343,-0.119891,-0.038343,0.399339,-0.13611,-0.144268,0.388601,-0.129944,-0.24267,0.138317,-0.065764,-0.242498,-0.091602,-0.136179,0.094642,0.001231,-0.001604,0.143788,-0.467738,0.067456,0.176842,-0.796241,0.167369,-0.094643,-0.00123,0.001605,-0.173429,-0.470951,0.018075,-0.230614,-0.800709,0.101616
31.4,0,0,0,-0.001447,0.07037,-0.028773,-0.003371,0.257361,-0.081907,0.000602,0.458967,-0.15482,-0.015296,0.596204,-0.206347,0.03708,0.401164,-0.12745,0.141014,0.385341,-0.109539,0.233665,0.137641,-0.028888,0.215521,-0.084421,-0.119333,-0.038512,0.401691,-0.130111,-0.144431,0.390942,-0.12385,-0.24244,0.139727,-0.062782,-0.242383,-0.089313,-0.136006,0.09464,0.001257,-0.001685,0.1431,-0.467853,0.066896,0.175508,-0.795996,0.168197,-0.094641,-0.001257,0.001686,-0.173585,-0.470977,0.0174,-0.230685,-0.800254,0.102876
31.416666,0,0,0,-0.001482,0.070794,-0.028075,-0.003451,0.258701,-0.078389,0.000476,0.461568,-0.14811,-0.015465,0.599612,-0.197797,0.03697,0.403214,-0.121655,0.140903,0.387213,-0.103893,0.233284,0.138537,-0.025986,0.215211,-0.082774,-0.118271,-0.038623,0.403785,-0.12425,-0.144539,0.393037,-0.117923,-0.242163,0.141,-0.059693,-0.242263,-0.087256,-0.135328,0.094638,0.001267,-0.001802,0.142468,-0.467955,0.066455,0.17429,-0.795721,0.169151,-0.094638,-0.001267,0.001802,-0.173658,-0.470991,0.01703,-0.230574,-0.799862,0.104173
31.433333,0,0,0,-0.001527,0.071256,-0.027238,-0.00356,0.260078,-0.07452,0.000294,0.464211,-0.140854,-0.015811,0.603098,-0.188463,0.036812,0.405306,-0.115372,0.140745,0.389121,-0.097779,0.232809,0.13944,-0.02276,0.214905,-0.081152,-0.116781,-0.038783,0.405909,-0.117907,-0.144694,0.39516,-0.111496,-0.241891,0.142304,-0.056173,-0.242179,-0.085108,-0.134309,0.094636,0.001296,-0.001915,0.141834,-0.467997,0.06629,0.173035,-0.795387,0.170369,-0.094635,-0.001296,0.001915,-0.173721,-0.471016,0.016905,-0.230415,-0.799447,0.105838
31.45,0,0,0,-0.001574,0.07172,-0.026361,-0.003659,0.261384,-0.070707,0.000153,0.46668,-0.133832,-0.016078,0.606375,-0.179424,0.036687,0.40724,-0.109281,0.14062,0.390864,-0.091865,0.232322,0.14026,-0.019529,0.214605,-0.079715,-0.115019,-0.03891,0.407889,-0.111739,-0.144815,0.397141,-0.105239,-0.24158,0.143559,-0.052546,-0.242066,-0.083071,-0.13292,0.094632,0.001324,-0.002046,0.141236,-0.468016,0.066248,0.171893,-0.795068,0.171543,-0.094633,-0.001324,0.002046,-0.173758,-0.47104,0.016961,-0.230207,-0.799047,0.107593
31.466666,,,,,,,,,,,,,,,,,,,,,,,,,,,,,,,,,,,,,,,,,,,,,,,,,,,,,,,,,
31.483333,0,0,0,-0.001717,0.072797,-0.024169,-0.004004,0.264043,-0.062624,-0.000288,0.471418,-0.119675,-0.01671,0.612565,-0.161526,0.036281,0.410986,-0.096897,0.140235,0.394292,-0.07991,0.231071,0.142001,-0.012515,0.214042,-0.077138,-0.110032,-0.03932,0.411708,-0.099198,-0.145219,0.400984,-0.092559,-0.241017,0.146126,-0.044454,-0.241997,-0.079075,-0.128743,0.094624,0.001465,-0.002312,0.139924,-0.467801,0.067356,0.169469,-0.794307,0.174646,-0.094625,-0.001464,0.002312,-0.17388,-0.471128,0.018126,-0.229829,-0.798267,0.112146
31.5,0,0,0,-0.001843,0.073388,-0.022811,-0.004323,0.265395,-0.058093,-0.000634,0.473739,-0.112129,-0.017229,0.615567,-0.152126,0.03595,0.412818,-0.090258,0.139928,0.395939,-0.073607,0.230225,0.142858,-0.008487,0.213578,-0.075988,-0.106725,-0.039655,0.413591,-0.092437,-0.14555,0.402849,-0.085772,-0.240851,0.147417,-0.039768,-0.242141,-0.077134,-0.125771,0.094617,0.001595,-0.002511,0.139057,-0.467473,0.069021,0.168005,-0.793989,0.176442,-0.094617,-0.001595,0.002512,-0.173977,-0.471205,0.019379,-0.229656,-0.797902,0.115082
31.516666,0,0,0,-0.001901,0.073791,-0.021895,-0.004495,0.266395,-0.054482,-0.00089,0.475636,-0.105747,-0.017595,0.618111,-0.144064,0.035727,0.414239,-0.084719,0.139719,0.397151,-0.06837,0.229584,0.143403,-0.005284,0.213232,-0.07522,-0.104066,-0.039882,0.415041,-0.086759,-0.145769,0.404306,-0.079951,-0.240662,0.148391,-0.035832,-0.242173,-0.075538,-0.12344,0.094611,0.001632,-0.002716,0.138314,-0.467354,0.069802,0.166716,-0.793733,0.177783,-0.094611,-0.001632,0.002716,-0.174041,-0.471224,0.019764,-0.229424,-0.79748,0.117125
31.533333,0,0,0,-0.001974,0.074107,-0.021049,-0.004679,0.267199,-0.05105,-0.001128,0.477291,-0.099501,-0.017973,0.620384,-0.136087,0.035514,0.415435,-0.079342,0.139521,0.398123,-0.063329,0.228993,0.143726,-0.002329,0.212901,-0.074727,-0.101531,-0.040098,0.416278,-0.081228,-0.14597,0.405533,-0.074214,-0.240398,0.149122,-0.032014,-0.242234,-0.074233,-0.121068,0.094607,0.001736,-0.002762,0.137521,-0.46726,0.070156,0.165279,-0.793438,0.178908,-0.094608,-0.001735,0.002762,-0.17407,-0.471316,0.019967,-0.229239,-0.797114,0.118973
31.55,0,0,0,-0.002051,0.074425,-0.020239,-0.004876,0.267991,-0.047651,-0.001375,0.478903,-0.093288,-0.018335,0.62259,-0.128209,0.035291,0.41659,-0.074009,0.139309,0.39905,-0.058314,0.228371,0.144033,0.000664,0.212604,-0.074351,-0.098741,-0.040324,0.417473,-0.075725,-0.146183,0.406744,-0.068493,-0.240162,0.149876,-0.028111,-0.242359,-0.072932,-0.118516,0.094601,0.001806,-0.002947,0.13674,-0.46718,0.070491,0.163891,-0.793064,0.180273,-0.0946,-0.001806,0.002946,-0.174131,-0.471363,0.020461,-0.229038,-0.796782,0.120849
31.566666,0,0,0,-0.002091,0.074762,-0.019468,-0.004866,0.268795,-0.044394,-0.001293,0.480462,-0.087415,-0.018332,0.624703,-0.120835,0.035361,0.417685,-0.068954,0.139388,0.399949,-0.053546,0.228108,0.144408,0.003654,0.212756,-0.073972,-0.095824,-0.040257,0.418645,-0.070512,-0.146101,0.407934,-0.063033,-0.239522,0.150614,-0.02427,-0.242161,-0.071743,-0.115769,0.094596,0.001839,-0.0031,0.136269,-0.46709,0.070959,0.163042,-0.792639,0.181825,-0.094595,-0.001839,0.003101,-0.173967,-0.471404,0.021119,-0.228498,-0.796409,0.123042
31.583333,0,0,0,-0.002135,0.075135,-0.018807,-0.00502,0.269642,-0.041487,-0.001571,0.48203,-0.08192,-0.018717,0.626858,-0.113618,0.035131,0.418831,-0.064294,0.13919,0.400951,-0.049274,0.227577,0.144915,0.0062,0.212572,-0.073503,-0.093249,-0.040491,0.419801,-0.065652,-0.146312,0.409094,-0.057856,-0.239348,0.151397,-0.020702,-0.24234,-0.070462,-0.11339,0.094591,0.001887,-0.0032,0.134696,-0.467148,0.071056,0.160434,-0.79161,0.1853,-0.094591,-0.001886,0.0032,-0.174008,-0.471431,0.021562,-0.228339,-0.795991,0.124998
31.6,0,0,0,-0.002196,0.075465,-0.0182,-0.005115,0.270404,-0.038573,-0.001737,0.483494,-0.076374,-0.018954,0.628874,-0.106454,0.034998,0.419865,-0.0596,0.139084,0.401837,-0.044943,0.227155,0.145339,0.008875,0.212546,-0.073209,-0.090345,-0.040626,0.420859,-0.060756,-0.146425,0.410184,-0.052616,-0.23898,0.15211,-0.016905,-0.242366,-0.069315,-0.110613,0.094584,0.001947,-0.003341,0.134257,-0.467184,0.070541,0.159283,-0.791015,0.186718,-0.094585,-0.001946,0.00334,-0.173999,-0.471479,0.022009,-0.228023,-0.795557,0.127104
31.616666,0,0,0,-0.002233,0.075772,-0.017563,-0.005199,0.27108,-0.035764,-0.001886,0.484731,-0.071156,-0.019173,0.630526,-0.099874,0.03488,0.420769,-0.055176,0.138993,0.402636,-0.04085,0.226702,0.145681,0.011357,0.212526,-0.073036,-0.087554,-0.040747,0.421782,-0.056139,-0.146522,0.411096,-0.047708,-0.238618,0.152673,-0.013362,-0.242501,-0.068409,-0.107856,0.094581,0.001992,-0.003432,0.133637,-0.467123,0.07088,0.158192,-0.790682,0.187911,-0.09458,-0.001993,0.003433,-0.174054,-0.471489,0.022754,-0.22789,-0.795173,0.129148
31.633333,0,0,0,-0.002303,0.076069,-0.016915,-0.005311,0.271717,-0.032922,-0.002056,0.485991,-0.065876,-0.019439,0.632274,-0.093214,0.034738,0.421617,-0.050698,0.138882,0.403378,-0.036729,0.226244,0.145985,0.01387,0.21263,-0.072973,-0.084587,-0.040891,0.422649,-0.051456,-0.146639,0.411957,-0.042698,-0.238222,0.153181,-0.009658,-0.2426,-0.067529,-0.104996,0.094574,0.002066,-0.003586,0.13299,-0.467017,0.071258,0.157094,-0.790301,0.18914,-0.094573,-0.002066,0.003585,-0.174079,-0.471527,0.023608,-0.227649,-0.794821,0.131317
31.65,0,0,0,-0.002367,0.076327,-0.016255,-0.005468,0.272255,-0.030056,-0.002305,0.487162,-0.060597,-0.019754,0.633965,-0.086551,0.034529,0.422351,-0.046219,0.138699,0.403996,-0.032606,0.22569,0.146171,0.016408,0.212618,-0.073019,-0.081605,-0.041102,0.423387,-0.046762,-0.146817,0.412627,-0.037697,-0.237922,0.153524,-0.005924,-0.242896,-0.066902,-0.101888,0.094566,0.002139,-0.003725,0.132256,-0.466927,0.071593,0.155862,-0.789937,0.190324,-0.094567,-0.002138,0.003725,-0.1742,-0.47154,0.024612,-0.227584,-0.794444,0.133578
31.666666,0,0,0,-0.002446,0.076524,-0.015663,-0.005678,0.272651,-0.02754,-0.002631,0.488007,-0.05594,-0.020138,0.635174,-0.080638,0.034249,0.422911,-0.042286,0.138446,0.40446,-0.029016,0.225148,0.146282,0.018639,0.212598,-0.073148,-0.078904,-0.041384,0.423935,-0.042635,-0.147067,0.413134,-0.03326,-0.237751,0.153764,-0.002476,-0.243211,-0.06636,-0.099104,0.094558,0.002228,-0.003887,0.131598,-0.466817,0.071887,0.154792,-0.789625,0.191246,-0.094558,-0.002228,0.003886,-0.174387,-0.471567,0.025424,-0.227626,-0.794098,0.135556
31.683333,0,0,0,-0.002462,0.076731,-0.015021,-0.005613,0.273055,-0.02475,-0.002513,0.488874,-0.050842,-0.020097,0.636407,-0.074295,0.034359,0.423447,-0.037953,0.138571,0.404872,-0.024972,0.225031,0.146368,0.021333,0.213026,-0.073288,-0.075767,-0.041273,0.424512,-0.038128,-0.146923,0.413657,-0.028443,-0.237114,0.154018,0.00151,-0.243149,-0.065833,-0.095706,0.094553,0.002251,-0.003996,0.131229,-0.466721,0.072398,0.154143,-0.789217,0.192654,-0.094553,-0.002252,0.003996,-0.174314,-0.471552,0.026601,-0.227296,-0.793703,0.137965
31.7,0,0,0,-0.002505,0.076898,-0.014359,-0.0057,0.273354,-0.02204,-0.00265,0.48958,-0.045939,-0.020349,0.63744,-0.068174,0.034249,0.423872,-0.033799,0.138479,0.405164,-0.02116,0.224726,0.14636,0.023851,0.213299,-0.07351,-0.072835,-0.041384,0.424942,-0.033771,-0.147001,0.414039,-0.02379,-0.23675,0.154151,0.005318,-0.243299,-0.065435,-0.092461,0.094545,0.002304,-0.004154,0.130769,-0.466584,0.072969,0.153382,-0.788812,0.193997,-0.094544,-0.002305,0.004153,-0.174334,-0.471552,0.027746,-0.227068,-0.793349,0.140242
31.716666,0,0,0,-0.00252,0.077016,-0.013739,-0.005731,0.273539,-0.019552,-0.002735,0.490115,-0.041472,-0.020506,0.638268,-0.062609,0.034189,0.424161,-0.030001,0.138429,0.40532,-0.017651,0.224441,0.146233,0.026162,0.213547,-0.073812,-0.070188,-0.041444,0.425227,-0.02981,-0.147029,0.414265,-0.019557,-0.236407,0.154181,0.008937,-0.243492,-0.065233,-0.08919,0.094538,0.002326,-0.004301,0.130326,-0.466475,0.073552,0.152674,-0.788463,0.195266,-0.094537,-0.002327,0.0043,-0.17431,-0.471527,0.028863,-0.226805,-0.793028,0.142315
31.733333,0,0,0,-0.00255,0.077138,-0.013101,-0.005775,0.273719,-0.017029,-0.002844,0.490577,-0.036946,-0.020715,0.638969,-0.05691,0.03411,0.424436,-0.026166,0.138361,0.405471,-0.014101,0.224201,0.146139,0.028587,0.213893,-0.074075,-0.067439,-0.041522,0.425493,-0.025793,-0.14707,0.414458,-0.015229,-0.236008,0.154153,0.012608,-0.243567,-0.065042,-0.085972,0.094529,0.002367,-0.004461,0.129886,-0.466328,0.07422,0.152002,-0.788077,0.196606,-0.094529,-0.002366,0.004461,-0.174245,-0.471523,0.030017,-0.226456,-0.792721,0.144454
31.75,0,0,0,-0.002557,0.077246,-0.012503,-0.005801,0.273864,-0.014668,-0.00298,0.490982,-0.032695,-0.02093,0.639609,-0.0515,0.034015,0.424669,-0.022561,0.138283,0.405622,-0.010769,0.223946,0.146062,0.030875,0.214243,-0.074287,-0.064903,-0.041616,0.425696,-0.022028,-0.147127,0.414557,-0.011213,-0.235709,0.154076,0.016114,-0.243775,-0.06494,-0.082824,0.094521,0.00238,-0.004625,0.129472,-0.466213,0.074846,0.151404,-0.787746,0.197832,-0.094521,-0.002379,0.004624,-0.174172,-0.471489,0.031236,-0.226109,-0.792417,0.146551
31.766666,0,0,0,-0.00257,0.077368,-0.011943,-0.005794,0.274032,-0.012456,-0.003013,0.491325,-0.028749,-0.021059,0.640104,-0.04654,0.034003,0.424897,-0.01922,0.138283,0.405764,-0.007671,0.22382,0.146017,0.033059,0.214601,-0.074419,-0.062566,-0.041627,0.425917,-0.018525,-0.147101,0.414717,-0.007421,-0.235301,0.154063,0.019485,-0.243828,-0.064821,-0.079704,0.094514,0.002407,-0.004749,0.129157,-0.466065,0.075563,0.150945,-0.787371,0.199166,-0.094514,-0.002407,0.004749,-0.174084,-0.471459,0.032581,-0.225781,-0.792149,0.148664
31.783333,0,0,0,-0.002585,0.077478,-0.01141,-0.005765,0.27417,-0.010358,-0.003004,0.491589,-0.024979,-0.021145,0.640482,-0.041742,0.034028,0.425081,-0.016034,0.138323,0.405895,-0.004722,0.223797,0.145985,0.035085,0.215049,-0.074534,-0.060395,-0.041601,0.426099,-0.015185,-0.147043,0.414845,-0.003835,-0.234899,0.154039,0.022723,-0.243862,-0.064689,-0.076772,0.094505,0.002429,-0.004918,0.128834,-0.465908,0.076314,0.15048,-0.78707,0.200314,-0.094504,-0.002429,0.004918,-0.173961,-0.471434,0.033846,-0.225366,-0.791898,0.150681
31.8,0,0,0,-0.00259,0.077573,-0.010913,-0.005721,0.274275,-0.008416,-0.00299,0.491861,-0.021485,-0.021192,0.640922,-0.037266,0.034059,0.425224,-0.013085,0.138376,0.406017,-0.002009,0.223795,0.145959,0.036945,0.215488,-0.074603,-0.058473,-0.041568,0.426233,-0.012083,-0.146975,0.414905,-0.00048,-0.234536,0.15397,0.02578,-0.243983,-0.064686,-0.07383,0.094495,0.002437,-0.005111,0.128576,-0.46578,0.076912,0.150105,-0.786709,0.201535,-0.094494,-0.002437,0.005111,-0.173828,-0.471403,0.035001,-0.224925,-0.791645,0.152575
31.816666,0,0,0,-0.002596,0.077671,-0.010439,-0.005693,0.274385,-0.006601,-0.002971,0.492119,-0.018238,-0.021249,0.64133,-0.033117,0.034086,0.425361,-0.010328,0.13841,0.406084,0.000559,0.223763,0.145877,0.038651,0.215828,-0.074647,-0.056887,-0.041539,0.426366,-0.009212,-0.146917,0.414983,0.002598,-0.234192,0.153927,0.028608,-0.244073,-0.064675,-0.071078,0.09449,0.002461,-0.005183,0.128306,-0.465647,0.077565,0.149632,-0.786353,0.202795,-0.09449,-0.002461,0.005183,-0.173719,-0.471371,0.036203,-0.224626,-0.791387,0.154475
31.833333,0,0,0,-0.0026,0.077754,-0.009967,-0.005691,0.274458,-0.004762,-0.003005,0.492319,-0.014936,-0.02138,0.641655,-0.028948,0.034069,0.425459,-0.00753,0.138406,0.406124,0.003122,0.223734,0.145782,0.040342,0.21612,-0.074716,-0.055282,-0.041555,0.426449,-0.006294,-0.146903,0.415007,0.005721,-0.233927,0.153843,0.03149,-0.244213,-0.064675,-0.068337,0.094488,0.002493,-0.005199,0.128105,-0.465476,0.078413,0.149268,-0.785993,0.204157,-0.094489,-0.002492,0.005198,-0.173625,-0.471338,0.037396,-0.224406,-0.79109,0.156433
31.85,0,0,0,-0.002607,0.077828,-0.009541,-0.005688,0.274515,-0.00309,-0.003062,0.492487,-0.011866,-0.021537,0.64194,-0.024999,0.034035,0.42554,-0.004932,0.138381,0.406158,0.005552,0.22369,0.145684,0.04188,0.216322,-0.074719,-0.053981,-0.041587,0.426505,-0.003602,-0.146909,0.414975,0.008564,-0.23367,0.153711,0.03421,-0.244352,-0.064746,-0.065709,0.094486,0.002524,-0.005224,0.127878,-0.465304,0.079259,0.148863,-0.785636,0.205502,-0.094486,-0.002524,0.005224,-0.173554,-0.471306,0.03852,-0.224247,-0.790857,0.158131
31.866666,0,0,0,-0.002608,0.077881,-0.009149,-0.005659,0.274532,-0.001516,-0.003078,0.492579,-0.008984,-0.02167,0.642112,-0.021324,0.034037,0.425572,-0.002485,0.138394,0.406161,0.007824,0.223699,0.145561,0.043244,0.216516,-0.074747,-0.052851,-0.041585,0.426515,-0.001081,-0.146882,0.414896,0.011206,-0.23341,0.153532,0.036612,-0.244508,-0.064936,-0.063238,0.094482,0.002543,-0.005294,0.127706,-0.465145,0.080034,0.148599,-0.785298,0.206742,-0.094481,-0.002542,0.005294,-0.173439,-0.471267,0.039625,-0.223973,-0.790593,0.159904
31.883333,0,0,0,-0.002598,0.077895,-0.008765,-0.005616,0.274471,-1.40E-05,-0.00306,0.492619,-0.006239,-0.021784,0.642253,-0.017882,0.034066,0.425518,-0.000165,0.138432,0.406099,0.010048,0.223688,0.145363,0.044571,0.216689,-0.074797,-0.051877,-0.041554,0.426446,0.001332,-0.146824,0.414769,0.013795,-0.233109,0.153305,0.039002,-0.244661,-0.065175,-0.06077,0.094477,0.002548,-0.005373,0.127451,-0.464996,0.080834,0.148203,-0.785014,0.207908,-0.094476,-0.002547,0.005374,-0.173291,-0.471223,0.040686,-0.223646,-0.79031,0.161673
31.9,0,0,0,-0.002585,0.077915,-0.008381,-0.005573,0.274414,0.001507,-0.003043,0.492621,-0.003482,-0.021903,0.642317,-0.014442,0.034094,0.425464,0.002189,0.138465,0.406008,0.012275,0.223725,0.145152,0.045873,0.216793,-0.074824,-0.050997,-0.041525,0.426376,0.003739,-0.146774,0.414639,0.016325,-0.232809,0.153068,0.041273,-0.244787,-0.065413,-0.058446,0.094477,0.002557,-0.005382,0.127263,-0.464855,0.081609,0.147887,-0.784718,0.209092,-0.094476,-0.002556,0.005382,-0.173122,-0.471189,0.041628,-0.223327,-0.790014,0.163365
31.916666,0,0,0,-0.002578,0.077949,-0.008043,-0.005556,0.274394,0.002848,-0.003094,0.492631,-0.001034,-0.022041,0.64236,-0.011467,0.034065,0.42545,0.004282,0.138438,0.405966,0.014299,0.22363,0.14498,0.047043,0.216765,-0.074762,-0.050362,-0.041553,0.426332,0.005864,-0.146783,0.41452,0.018546,-0.232625,0.15286,0.043229,-0.244959,-0.065599,-0.056494,0.094477,0.002572,-0.005359,0.12702,-0.464744,0.082238,0.147454,-0.784467,0.210103,-0.094477,-0.002572,0.00536,-0.172984,-0.471161,0.042472,-0.223075,-0.789743,0.164889
31.933333,0,0,0,-0.002574,0.077984,-0.007688,-0.005528,0.274366,0.004264,-0.003095,0.492654,0.001537,-0.022149,0.642441,-0.008317,0.034074,0.425418,0.006485,0.138452,0.405921,0.016424,0.223592,0.144808,0.048284,0.216731,-0.074654,-0.049753,-0.041544,0.426281,0.008097,-0.146754,0.414374,0.020851,-0.232359,0.152609,0.045233,-0.245114,-0.065907,-0.054314,0.094479,0.002595,-0.005308,0.126849,-0.464621,0.082882,0.147127,-0.784164,0.21122,-0.09448,-0.002595,0.005307,-0.172809,-0.47114,0.043332,-0.22276,-0.789412,0.166612
31.95,0,0,0,-0.002579,0.078021,-0.007363,-0.005542,0.274348,0.005555,-0.003179,0.492648,0.003873,-0.022312,0.642457,-0.00549,0.034014,0.425399,0.008487,0.138399,0.405917,0.018368,0.223533,0.144712,0.049486,0.216568,-0.074423,-0.049269,-0.041604,0.426231,0.010127,-0.146791,0.414215,0.022968,-0.23215,0.152342,0.047055,-0.24528,-0.066179,-0.052431,0.094481,0.002627,-0.00526,0.126699,-0.464488,0.08352,0.146822,-0.783887,0.212242,-0.094482,-0.002626,0.00526,-0.172661,-0.471129,0.044104,-0.222481,-0.789102,0.168206
31.966666,0,0,0,-0.002566,0.078039,-0.007076,-0.005514,0.274298,0.006708,-0.003229,0.492608,0.005979,-0.022448,0.642437,-0.002938,0.033988,0.42535,0.010289,0.138381,0.405879,0.020127,0.223465,0.144566,0.050455,0.216378,-0.074212,-0.049081,-0.041629,0.426147,0.011954,-0.1468,0.414038,0.024839,-0.231996,0.15208,0.048582,-0.245422,-0.066447,-0.050853,0.094482,0.002631,-0.005238,0.126515,-0.464389,0.084108,0.146484,-0.783664,0.21316,-0.094482,-0.002631,0.005239,-0.172517,-0.471104,0.044736,-0.222183,-0.788784,0.169647
31.983333,0,0,0,-0.002572,0.078076,-0.00678,-0.005521,0.274281,0.007895,-0.003317,0.492594,0.008129,-0.02262,0.642437,-0.000377,0.033926,0.42533,0.01214,0.138324,0.405889,0.021964,0.223365,0.144474,0.051536,0.216116,-0.073919,-0.048831,-0.041692,0.426092,0.013813,-0.146843,0.413863,0.026746,-0.231836,0.151808,0.050142,-0.245587,-0.066735,-0.049212,0.094484,0.002663,-0.005188,0.126373,-0.464259,0.08472,0.146191,-0.783393,0.214143,-0.094484,-0.002662,0.005188,-0.172364,-0.471097,0.045437,-0.221902,-0.788482,0.171144
32,0,0,0,-0.00259,0.078109,-0.006487,-0.005586,0.274257,0.009042,-0.003463,0.492566,0.010207,-0.022834,0.642419,0.002041,0.033804,0.425301,0.013933,0.13821,0.405889,0.023747,0.223215,0.14438,0.052583,0.215725,-0.073591,-0.048679,-0.041814,0.426027,0.015606,-0.146948,0.413704,0.028587,-0.231752,0.151553,0.051585,-0.245795,-0.066944,-0.04783,0.094486,0.002708,-0.005133,0.126168,-0.464111,0.085381,0.145811,-0.7831,0.215188,-0.094486,-0.002707,0.005132,-0.172258,-0.471091,0.046168,-0.221694,-0.788164,0.1727
32.016666,0,0,0,-0.002599,0.078109,-0.006237,-0.005617,0.274177,0.010042,-0.003609,0.492464,0.01204,-0.023077,0.642308,0.004261,0.033695,0.425222,0.015507,0.138112,0.405859,0.025287,0.223108,0.144286,0.053551,0.215308,-0.073253,-0.048614,-0.041924,0.425902,0.017188,-0.147041,0.413449,0.030185,-0.231622,0.15119,0.05277,-0.245968,-0.067294,-0.04663,0.094487,0.002736,-0.005105,0.125933,-0.463997,0.08593,0.145361,-0.782853,0.216098,-0.094487,-0.002736,0.005105,-0.17214,-0.471075,0.046881,-0.221471,-0.787893,0.174092
32.033333,0,0,0,-0.002607,0.07814,-0.005989,-0.005646,0.274157,0.011016,-0.003727,0.49242,0.01382,-0.02329,0.642254,0.006416,0.033603,0.425197,0.017041,0.13803,0.405873,0.026799,0.222988,0.14422,0.054437,0.214877,-0.072882,-0.048629,-0.042016,0.42584,0.018719,-0.147118,0.413286,0.031736,-0.231496,0.150927,0.053913,-0.24609,-0.067488,-0.045602,0.094491,0.002768,-0.005008,0.125811,-0.463863,0.086594,0.145099,-0.78259,0.217096,-0.094491,-0.002768,0.005008,-0.172,-0.471057,0.047603,-0.221256,-0.787573,0.175592
32.05,0,0,0,-0.002601,0.078155,-0.005755,-0.00564,0.274107,0.011944,-0.003837,0.492387,0.01548,-0.023447,0.642257,0.008403,0.03353,0.425146,0.01847,0.137975,0.405915,0.028213,0.222873,0.144186,0.055307,0.214367,-0.072486,-0.048627,-0.042089,0.425744,0.02016,-0.147174,0.413064,0.033197,-0.231414,0.150619,0.054882,-0.24624,-0.067738,-0.044727,0.094496,0.002784,-0.004909,0.125657,-0.463761,0.08718,0.144767,-0.782378,0.217979,-0.094495,-0.002784,0.004909,-0.171856,-0.471019,0.048349,-0.22105,-0.787252,0.177059
32.066666,0,0,0,-0.002608,0.078172,-0.005543,-0.005638,0.274074,0.012727,-0.003891,0.49234,0.016852,-0.023554,0.64221,0.010028,0.033493,0.425106,0.019658,0.137956,0.405953,0.029368,0.222896,0.144189,0.055988,0.214007,-0.072117,-0.048676,-0.042126,0.425679,0.021356,-0.147195,0.412894,0.034412,-0.231251,0.150354,0.05566,-0.246307,-0.067913,-0.04411,0.094499,0.002809,-0.004831,0.125602,-0.463677,0.087576,0.144617,-0.782131,0.218783,-0.094499,-0.00281,0.00483,-0.171676,-0.471014,0.048936,-0.220764,-0.78697,0.178365
32.083333,0,0,0,-0.002593,0.078177,-0.005337,-0.005562,0.274017,0.013481,-0.003849,0.492253,0.018191,-0.023577,0.642106,0.011592,0.033546,0.425036,0.020813,0.138024,0.405965,0.030516,0.223007,0.144162,0.056616,0.213738,-0.071752,-0.04882,-0.042073,0.425592,0.022519,-0.147119,0.412663,0.035625,-0.23092,0.150001,0.056367,-0.246194,-0.068179,-0.043562,0.094506,0.002816,-0.004679,0.125552,-0.463621,0.087997,0.144408,-0.781937,0.219562,-0.094506,-0.002815,0.00468,-0.17143,-0.470983,0.049603,-0.220437,-0.786671,0.179715
32.1,0,0,0,-0.0026,0.078213,-0.005153,-0.005594,0.274028,0.014174,-0.003998,0.492218,0.019393,-0.023797,0.642036,0.012997,0.033435,0.425051,0.021842,0.137934,0.406076,0.031506,0.222934,0.144241,0.057221,0.213264,-0.071328,-0.048883,-0.042183,0.425562,0.023584,-0.147206,0.412497,0.036741,-0.230806,0.149731,0.056961,-0.246248,-0.068318,-0.043228,0.09451,0.002839,-0.004597,0.125484,-0.46353,0.088443,0.144215,-0.781708,0.220359,-0.094509,-0.00284,0.004597,-0.171295,-0.470953,0.050311,-0.220244,-0.786379,0.18108
32.116666,0,0,0,-0.002619,0.078239,-0.004975,-0.005664,0.274021,0.014823,-0.004192,0.492181,0.0205,-0.024065,0.641979,0.014325,0.03328,0.425049,0.022807,0.137794,0.406158,0.032472,0.222761,0.144282,0.057876,0.212701,-0.070955,-0.048864,-0.042339,0.425514,0.024553,-0.147346,0.412329,0.037714,-0.23078,0.149478,0.057509,-0.246331,-0.068437,-0.042954,0.09451,0.002874,-0.004561,0.125295,-0.463425,0.088892,0.143856,-0.781475,0.221138,-0.094511,-0.002874,0.004562,-0.171223,-0.470936,0.05092,-0.2201,-0.786103,0.182337
32.133333,0,0,0,-0.002619,0.078243,-0.004836,-0.0057,0.273981,0.015337,-0.004375,0.492115,0.021441,-0.024342,0.641893,0.015481,0.033142,0.42502,0.023616,0.137676,0.406232,0.033276,0.222616,0.144316,0.058349,0.212171,-0.070601,-0.048999,-0.042477,0.42543,0.025364,-0.147472,0.412136,0.038514,-0.230778,0.149216,0.057934,-0.246418,-0.06855,-0.042838,0.09451,0.002882,-0.004559,0.12511,-0.463331,0.089384,0.14354,-0.781279,0.221895,-0.09451,-0.002881,0.004559,-0.17114,-0.470895,0.051543,-0.219921,-0.785867,0.183462
32.15,0,0,0,-0.002619,0.078265,-0.004722,-0.005729,0.273984,0.015788,-0.004518,0.492091,0.022244,-0.024592,0.641844,0.01643,0.033036,0.425029,0.024297,0.137583,0.406304,0.033931,0.222452,0.144345,0.058809,0.211611,-0.070318,-0.049004,-0.042583,0.425397,0.026074,-0.147565,0.412027,0.03925,-0.230796,0.149049,0.0582,-0.24647,-0.068599,-0.042818,0.094511,0.002888,-0.004543,0.124916,-0.46324,0.089883,0.143199,-0.781108,0.222606,-0.09451,-0.002889,0.004542,-0.171043,-0.470857,0.052129,-0.219736,-0.785622,0.184574
32.166666,0,0,0,-0.002627,0.078249,-0.004644,-0.005776,0.273919,0.016126,-0.004684,0.491988,0.022856,-0.024868,0.6417,0.017138,0.032908,0.424975,0.024812,0.137466,0.406298,0.034413,0.22228,0.144306,0.059126,0.211145,-0.070164,-0.049042,-0.04271,0.425298,0.026616,-0.147677,0.411851,0.039835,-0.230826,0.148818,0.058386,-0.246523,-0.068719,-0.042868,0.09451,0.002902,-0.004552,0.124711,-0.463138,0.090373,0.142867,-0.780943,0.223264,-0.09451,-0.002902,0.004552,-0.170971,-0.47083,0.05265,-0.219586,-0.785411,0.185561
32.183333,0,0,0,-0.002634,0.078254,-0.004578,-0.005805,0.273902,0.016399,-0.004814,0.491957,0.02337,-0.025096,0.641653,0.017783,0.03281,0.424967,0.025245,0.137382,0.40635,0.034814,0.222095,0.144314,0.059407,0.21058,-0.069971,-0.049086,-0.042808,0.425252,0.027063,-0.147758,0.411706,0.040313,-0.230782,0.148614,0.058581,-0.246489,-0.068772,-0.042996,0.094511,0.002916,-0.004531,0.124616,-0.463041,0.090827,0.142702,-0.780746,0.223968,-0.09451,-0.002916,0.00453,-0.17087,-0.470796,0.053247,-0.21943,-0.785204,0.186587
32.2,0,0,0,-0.002648,0.078248,-0.004533,-0.005857,0.273872,0.016603,-0.004943,0.491891,0.023753,-0.025315,0.641548,0.01825,0.032705,0.424943,0.02556,0.137285,0.406355,0.035105,0.221969,0.1443,0.059592,0.210233,-0.069864,-0.049117,-0.042912,0.4252,0.027407,-0.147851,0.411617,0.040707,-0.23085,0.1485,0.058733,-0.24653,-0.068701,-0.043244,0.09451,0.002936,-0.004526,0.124504,-0.46294,0.091269,0.142511,-0.780593,0.224543,-0.09451,-0.002936,0.004525,-0.170789,-0.470777,0.05375,-0.219297,-0.78502,0.187496
32.216666,0,0,0,-0.002651,0.078247,-0.004506,-0.005871,0.273859,0.016702,-0.005009,0.491852,0.02392,-0.02546,0.641472,0.018423,0.032657,0.424937,0.025699,0.137245,0.406381,0.035211,0.221802,0.144284,0.059689,0.20982,-0.069803,-0.049144,-0.04296,0.425175,0.027561,-0.147892,0.411557,0.040883,-0.23087,0.148414,0.058605,-0.246513,-0.068685,-0.043595,0.09451,0.002941,-0.004521,0.124351,-0.462876,0.091604,0.142237,-0.78049,0.224988,-0.09451,-0.002941,0.004522,-0.170715,-0.470743,0.054229,-0.219176,-0.784865,0.188275
32.233333,0,0,0,-0.002657,0.078258,-0.004491,-0.005906,0.273876,0.016754,-0.005096,0.491861,0.023987,-0.025589,0.641467,0.018413,0.032586,0.424962,0.025756,0.137182,0.406442,0.035255,0.221652,0.144317,0.059736,0.209474,-0.069738,-0.049138,-0.043031,0.425181,0.027629,-0.147955,0.411538,0.04098,-0.230881,0.148366,0.058526,-0.246469,-0.06864,-0.043879,0.094511,0.002951,-0.004508,0.124323,-0.462773,0.092075,0.142203,-0.780325,0.225608,-0.09451,-0.00295,0.004508,-0.170657,-0.470703,0.054761,-0.219096,-0.784696,0.189118
32.25,0,0,0,-0.002664,0.078268,-0.004496,-0.005944,0.273897,0.016737,-0.005165,0.49186,0.023947,-0.025685,0.641437,0.018316,0.032527,0.42499,0.025722,0.137123,0.406476,0.035232,0.221555,0.144349,0.059829,0.209202,-0.069699,-0.049038,-0.04309,0.425198,0.027598,-0.148014,0.411559,0.040962,-0.230908,0.148374,0.058461,-0.24643,-0.068499,-0.044237,0.09451,0.002957,-0.004502,0.124278,-0.462674,0.092542,0.142137,-0.780187,0.22617,-0.094511,-0.002957,0.004502,-0.170584,-0.470663,0.055298,-0.219,-0.784564,0.189878
32.266666,0,0,0,-0.002666,0.078285,-0.004521,-0.005965,0.273941,0.016645,-0.005196,0.491883,0.023767,-0.025731,0.641431,0.018044,0.0325,0.425039,0.025566,0.137093,0.406511,0.03508,0.221464,0.144376,0.059803,0.209011,-0.069673,-0.049051,-0.043117,0.425245,0.027449,-0.14804,0.411612,0.040823,-0.230934,0.148419,0.058196,-0.246398,-0.068407,-0.04461,0.09451,0.002958,-0.004506,0.124234,-0.462597,0.092916,0.142083,-0.780073,0.226633,-0.09451,-0.002959,0.004507,-0.170536,-0.470619,0.055802,-0.218931,-0.784451,0.190549
32.283333,0,0,0,-0.002661,0.078278,-0.004563,-0.005964,0.273944,0.016457,-0.005203,0.491877,0.023382,-0.025711,0.641404,0.017474,0.032495,0.425052,0.025241,0.137086,0.406518,0.034774,0.221438,0.144401,0.059743,0.208882,-0.069698,-0.049001,-0.043121,0.425257,0.027126,-0.148044,0.41163,0.040508,-0.230971,0.148444,0.057847,-0.246354,-0.068357,-0.045022,0.094511,0.00295,-0.004511,0.1242,-0.462535,0.093255,0.14205,-0.779985,0.227034,-0.09451,-0.002949,0.004512,-0.170482,-0.470564,0.056287,-0.218859,-0.784354,0.19114
32.3,0,0,0,-0.002653,0.078283,-0.004626,-0.005961,0.273978,0.016213,-0.005186,0.491902,0.022904,-0.025634,0.641414,0.0168,0.032507,0.425092,0.024841,0.137087,0.406529,0.034423,0.221416,0.144429,0.059644,0.208866,-0.069762,-0.048922,-0.04311,0.425304,0.026714,-0.148035,0.411693,0.040096,-0.230987,0.14852,0.057503,-0.246283,-0.068268,-0.045407,0.09451,0.002936,-0.004525,0.124171,-0.462466,0.093647,0.142037,-0.779903,0.227453,-0.09451,-0.002936,0.004524,-0.170446,-0.470503,0.056788,-0.218821,-0.784262,0.191712
32.316666,0,0,0,-0.002642,0.078291,-0.004706,-0.005906,0.274026,0.015861,-0.005058,0.491948,0.022192,-0.02547,0.641439,0.01578,0.032612,0.425142,0.024246,0.137187,0.406562,0.033862,0.221519,0.144495,0.059413,0.208955,-0.069796,-0.048951,-0.043005,0.425382,0.026106,-0.14794,0.411833,0.03947,-0.230999,0.148705,0.057046,-0.24622,-0.068118,-0.045801,0.094511,0.002918,-0.004527,0.124193,-0.462416,0.093959,0.142101,-0.779844,0.227783,-0.09451,-0.002918,0.004527,-0.170398,-0.470451,0.057157,-0.218776,-0.78419,0.192128
32.333333,0,0,0,-0.002625,0.078277,-0.004811,-0.005858,0.27404,0.015424,-0.004939,0.491954,0.021324,-0.025259,0.641425,0.014593,0.032708,0.425159,0.023526,0.13727,0.406553,0.033228,0.221626,0.144531,0.059153,0.209115,-0.06987,-0.049002,-0.04291,0.425428,0.025354,-0.147858,0.411937,0.038679,-0.231017,0.148857,0.056492,-0.246165,-0.068021,-0.046251,0.094511,0.002891,-0.004534,0.124231,-0.462377,0.094251,0.142204,-0.779807,0.22806,-0.094511,-0.002891,0.004534,-0.170348,-0.470391,0.057533,-0.218738,-0.784157,0.192437
32.35,0,0,0,-0.002602,0.078273,-0.004947,-0.005792,0.274089,0.014816,-0.004775,0.492,0.020112,-0.025043,0.641437,0.012922,0.03284,0.425212,0.022517,0.137388,0.406565,0.032295,0.221768,0.144604,0.058751,0.209321,-0.069992,-0.049022,-0.042779,0.425522,0.024308,-0.147746,0.412136,0.037587,-0.231054,0.149128,0.05577,-0.246061,-0.067835,-0.046813,0.094512,0.002855,-0.004535,0.124298,-0.462345,0.094549,0.142357,-0.779795,0.228299,-0.094512,-0.002856,0.004535,-0.170286,-0.470326,0.057881,-0.218706,-0.784145,0.192651
32.366666,0,0,0,-0.002588,0.078268,-0.005062,-0.005738,0.274134,0.01423,-0.00462,0.492057,0.018934,-0.024793,0.641486,0.011325,0.032961,0.425259,0.021545,0.137495,0.406584,0.031417,0.221893,0.144679,0.058381,0.209564,-0.070121,-0.048999,-0.042658,0.425609,0.023287,-0.147648,0.412321,0.036488,-0.231091,0.149386,0.055087,-0.246047,-0.067746,-0.047146,0.094514,0.002833,-0.00452,0.124363,-0.462302,0.094852,0.142498,-0.779766,0.228558,-0.094513,-0.002834,0.00452,-0.170238,-0.470276,0.058183,-0.218709,-0.784145,0.192819
32.383333,0,0,0,-0.002562,0.078262,-0.005275,-0.005644,0.2742,0.013354,-0.004336,0.492145,0.017243,-0.024394,0.641564,0.009005,0.033185,0.425317,0.020124,0.137691,0.406551,0.030115,0.222092,0.144717,0.057735,0.210017,-0.070365,-0.049108,-0.042435,0.42574,0.021824,-0.147449,0.412591,0.034973,-0.231067,0.149746,0.05405,-0.246016,-0.067631,-0.047664,0.094516,0.002791,-0.004495,0.124504,-0.462276,0.095152,0.142766,-0.779808,0.228679,-0.094516,-0.002791,0.004494,-0.17014,-0.470211,0.058495,-0.218675,-0.784207,0.192811
32.4,0,0,0,-0.002539,0.078245,-0.005472,-0.005549,0.274244,0.012462,-0.004025,0.492215,0.015472,-0.02392,0.641628,0.006532,0.033425,0.425348,0.018662,0.137895,0.406469,0.028817,0.222263,0.144691,0.057076,0.21051,-0.070679,-0.049222,-0.042196,0.425854,0.020282,-0.147238,0.412856,0.033355,-0.231051,0.150119,0.053064,-0.246007,-0.067523,-0.048078,0.094518,0.002754,-0.00447,0.124644,-0.462241,0.09547,0.143049,-0.779834,0.228834,-0.094518,-0.002754,0.004471,-0.170071,-0.470142,0.058851,-0.218685,-0.784284,0.192794
32.416666,0,0,0,-0.002519,0.078227,-0.005624,-0.005449,0.274286,0.011578,-0.003714,0.49227,0.013664,-0.023511,0.641655,0.004018,0.033668,0.425377,0.017172,0.138107,0.406398,0.027455,0.222443,0.144677,0.056331,0.210932,-0.070984,-0.049401,-0.041954,0.425964,0.018721,-0.147032,0.413144,0.03168,-0.231112,0.150543,0.052056,-0.246025,-0.06736,-0.048528,0.09452,0.002723,-0.004448,0.124786,-0.462187,0.095846,0.143369,-0.779832,0.22906,-0.09452,-0.002724,0.004448,-0.170039,-0.470067,0.059249,-0.218766,-0.784366,0.192787
32.433333,0,0,0,-0.002469,0.078174,-0.005995,-0.005323,0.274293,0.010184,-0.003309,0.492313,0.011059,-0.022991,0.641687,0.000573,0.033982,0.425362,0.01498,0.138357,0.406096,0.025388,0.22255,0.144391,0.054817,0.21171,-0.071746,-0.050012,-0.041641,0.426055,0.016442,-0.146756,0.413448,0.029308,-0.231151,0.151022,0.050612,-0.246013,-0.067218,-0.049249,0.094525,0.002648,-0.004391,0.125132,-0.46222,0.095991,0.143956,-0.779951,0.228968,-0.094525,-0.002648,0.004391,-0.16995,-0.469974,0.059468,-0.218821,-0.784542,0.192315
32.45,0,0,0,-0.002445,0.078182,-0.006201,-0.005213,0.274405,0.008964,-0.003005,0.492389,0.00857,-0.022498,0.64169,-0.00279,0.034222,0.425465,0.01293,0.138574,0.406188,0.023536,0.222871,0.144628,0.053937,0.212394,-0.071908,-0.0501,-0.041402,0.426233,0.014289,-0.14656,0.413816,0.026991,-0.231283,0.151579,0.049307,-0.246134,-0.067077,-0.049639,0.094528,0.002611,-0.004348,0.125297,-0.462164,0.096414,0.144319,-0.780018,0.229067,-0.094528,-0.002611,0.004348,-0.169928,-0.469886,0.059885,-0.218974,-0.784684,0.192121
32.466666,0,0,0,-0.002413,0.078169,-0.006459,-0.005091,0.274486,0.007592,-0.002687,0.49243,0.005809,-0.022022,0.641644,-0.00651,0.034475,0.425532,0.01064,0.138806,0.406249,0.02144,0.223255,0.144864,0.052906,0.213138,-0.072091,-0.05029,-0.04115,0.426377,0.011905,-0.146346,0.41413,0.024454,-0.231361,0.152076,0.047777,-0.246205,-0.067013,-0.05021,0.09453,0.002559,-0.004332,0.125554,-0.462104,0.096867,0.144875,-0.78008,0.229186,-0.09453,-0.00256,0.004332,-0.169901,-0.469791,0.060282,-0.219104,-0.784896,0.191726
32.483333,0,0,0,-0.002376,0.078172,-0.00678,-0.004958,0.274609,0.005944,-0.002332,0.49245,0.002512,-0.021493,0.641515,-0.010855,0.034756,0.425635,0.007899,0.139065,0.406347,0.018907,0.223755,0.145193,0.051618,0.214079,-0.07225,-0.050589,-0.040869,0.426565,0.009056,-0.146111,0.414525,0.021414,-0.231478,0.152697,0.045964,-0.246303,-0.066906,-0.050866,0.094532,0.002498,-0.004315,0.125857,-0.462056,0.097293,0.145492,-0.780218,0.229116,-0.094533,-0.002498,0.004316,-0.169869,-0.469697,0.060587,-0.219245,-0.785162,0.191099
32.5,0,0,0,-0.002329,0.078158,-0.007158,-0.004796,0.274706,0.00406,-0.001934,0.492451,-0.001251,-0.020862,0.641375,-0.015841,0.035076,0.425701,0.00477,0.139362,0.406436,0.016027,0.224369,0.145564,0.050142,0.215156,-0.072358,-0.051083,-0.040551,0.42672,0.005802,-0.14584,0.414897,0.017963,-0.23159,0.153323,0.043852,-0.246385,-0.066824,-0.051739,0.094536,0.002424,-0.004295,0.126195,-0.462035,0.097643,0.14618,-0.780414,0.228888,-0.094535,-0.002424,0.004295,-0.169806,-0.4696,0.060835,-0.219344,-0.785482,0.190274
32.516666,0,0,0,-0.002247,0.078077,-0.007839,-0.004553,0.274703,0.001592,-0.001394,0.492316,-0.005759,-0.020114,0.641074,-0.021551,0.035518,0.425646,0.000944,0.139762,0.406299,0.012452,0.225075,0.14572,0.04801,0.216337,-0.072656,-0.052275,-0.040108,0.426774,0.001849,-0.145436,0.415168,0.013886,-0.231609,0.153882,0.041235,-0.24645,-0.06682,-0.053061,0.094539,0.002291,-0.004288,0.126799,-0.462151,0.09754,0.147216,-0.780734,0.228222,-0.094539,-0.002291,0.004289,-0.169669,-0.46952,0.060581,-0.219302,-0.785903,0.188753
32.533333,0,0,0,-0.002204,0.078073,-0.008238,-0.00438,0.274811,-0.000554,-0.000974,0.49228,-0.010074,-0.019433,0.640846,-0.027391,0.035857,0.425696,-0.002654,0.140079,0.406385,0.00911,0.22572,0.146132,0.046231,0.217492,-0.072783,-0.052915,-0.039769,0.426915,-0.001868,-0.145149,0.41556,0.009953,-0.231836,0.154617,0.038897,-0.246648,-0.066706,-0.053937,0.094541,0.002217,-0.004285,0.127166,-0.462146,0.097787,0.147971,-0.780901,0.22799,-0.094541,-0.002216,0.004284,-0.169642,-0.469429,0.060748,-0.219432,-0.786233,0.187814
32.55,0,0,0,-0.002178,0.078064,-0.008752,-0.004223,0.27492,-0.003175,-0.000521,0.492183,-0.015206,-0.018709,0.640503,-0.034174,0.036214,0.425719,-0.006971,0.14041,0.406432,0.005065,0.226382,0.146533,0.043863,0.218749,-0.072928,-0.054117,-0.039411,0.427044,-0.006299,-0.144842,0.415963,0.005328,-0.232019,0.155379,0.035994,-0.246816,-0.066566,-0.055344,0.09454,0.002153,-0.004333,0.127605,-0.462144,0.097898,0.148871,-0.781173,0.227351,-0.09454,-0.002152,0.004333,-0.169606,-0.469382,0.060703,-0.219531,-0.786716,0.186386
32.566666,0,0,0,-0.002138,0.07799,-0.009711,-0.003988,0.274941,-0.006573,0.000142,0.491922,-0.021304,-0.017732,0.639947,-0.041949,0.036742,0.425604,-0.012197,0.140893,0.406266,0.000138,0.227306,0.146798,0.040797,0.220294,-0.073168,-0.056092,-0.038882,0.427081,-0.011643,-0.144352,0.416283,-0.000108,-0.231966,0.156065,0.032368,-0.246748,-0.066501,-0.057449,0.094539,0.002043,-0.004415,0.128361,-0.462305,0.097337,0.150161,-0.781589,0.226071,-0.094539,-0.002042,0.004414,-0.169427,-0.469403,0.059925,-0.219335,-0.787284,0.184225
32.583333,0,0,0,-0.002082,0.077932,-0.010258,-0.003757,0.274919,-0.009398,0.000705,0.491638,-0.026874,-0.016887,0.639361,-0.049464,0.037197,0.425441,-0.016872,0.141325,0.406166,-0.004248,0.228187,0.147148,0.038279,0.221713,-0.073423,-0.057261,-0.038425,0.427032,-0.016456,-0.143952,0.416541,-0.005156,-0.232186,0.156786,0.029285,-0.246973,-0.066474,-0.058794,0.09454,0.001942,-0.004428,0.128731,-0.462356,0.097423,0.150932,-0.781878,0.225496,-0.09454,-0.001943,0.004429,-0.169421,-0.469308,0.059916,-0.219476,-0.787729,0.182766
32.6,0,0,0,-0.002,0.077849,-0.010903,-0.003489,0.274834,-0.012625,0.001332,0.491176,-0.033188,-0.015953,0.638497,-0.0579,0.037708,0.425171,-0.022186,0.141807,0.405943,-0.009252,0.22913,0.147418,0.035286,0.223243,-0.073803,-0.058779,-0.037912,0.426881,-0.02192,-0.143492,0.416703,-0.010832,-0.232333,0.157456,0.025801,-0.24717,-0.066521,-0.060431,0.094544,0.001812,-0.004403,0.129205,-0.462447,0.097468,0.151869,-0.782292,0.22465,-0.094544,-0.001813,0.004403,-0.16943,-0.469189,0.059792,-0.2197,-0.788219,0.180964
32.616666,0,0,0,-0.001869,0.077687,-0.011925,-0.00311,0.274614,-0.016451,0.002066,0.490545,-0.040175,-0.014932,0.637447,-0.067012,0.038327,0.424733,-0.028153,0.142383,0.405488,-0.014899,0.230187,0.147499,0.031747,0.224854,-0.074294,-0.060993,-0.037291,0.426558,-0.028037,-0.142914,0.416676,-0.017099,-0.2324,0.157979,0.021788,-0.247224,-0.0667,-0.062598,0.094551,0.001609,-0.004338,0.129916,-0.462763,0.096774,0.153056,-0.782843,0.223277,-0.09455,-0.00161,0.004339,-0.169394,-0.469084,0.058949,-0.219828,-0.788759,0.178339
32.633333,0,0,0,-0.00178,0.077604,-0.012603,-0.002803,0.274466,-0.020009,0.002748,0.48987,-0.047217,-0.013857,0.636231,-0.07655,0.03889,0.424311,-0.034087,0.142922,0.405153,-0.020528,0.231265,0.147768,0.028387,0.226456,-0.074684,-0.06279,-0.036725,0.426256,-0.034112,-0.142403,0.416731,-0.023379,-0.232613,0.15867,0.017977,-0.247431,-0.066732,-0.064461,0.094556,0.001474,-0.004274,0.130413,-0.462857,0.096853,0.154049,-0.783291,0.222367,-0.094556,-0.001474,0.004274,-0.169444,-0.468953,0.05878,-0.220148,-0.789296,0.176251
32.65,0,0,0,-0.001664,0.077389,-0.013819,-0.002382,0.274082,-0.024657,0.003609,0.488802,-0.055712,-0.012575,0.63454,-0.087523,0.039614,0.42357,-0.04138,0.143608,0.404428,-0.027516,0.232612,0.147785,0.024025,0.228265,-0.075303,-0.065612,-0.035998,0.425657,-0.041533,-0.141723,0.416507,-0.030948,-0.232727,0.159174,0.01312,-0.247503,-0.067006,-0.067163,0.09456,0.001273,-0.004261,0.131239,-0.463213,0.095858,0.155411,-0.783916,0.220578,-0.094559,-0.001272,0.004262,-0.169372,-0.468891,0.057664,-0.220202,-0.789937,0.173143
32.666666,0,0,0,-0.001551,0.077142,-0.015083,-0.002002,0.273597,-0.029477,0.004438,0.487535,-0.064445,-0.011305,0.632593,-0.098719,0.040302,0.422672,-0.048883,0.144256,0.403568,-0.034669,0.233894,0.147684,0.019483,0.22997,-0.076005,-0.068662,-0.035305,0.424897,-0.049196,-0.141079,0.416104,-0.038803,-0.232873,0.159535,0.007996,-0.247573,-0.067419,-0.070088,0.094565,0.001079,-0.004208,0.132016,-0.463571,0.094859,0.156721,-0.784587,0.218664,-0.094564,-0.001079,0.004207,-0.169355,-0.468846,0.05633,-0.220373,-0.790583,0.169786
32.683333,0,0,0,-0.001482,0.07699,-0.015859,-0.001679,0.273169,-0.033656,0.005227,0.486251,-0.072739,-0.010029,0.630523,-0.10988,0.040944,0.421759,-0.055887,0.144883,0.402798,-0.041369,0.235189,0.147737,0.015486,0.231454,-0.076648,-0.070879,-0.034658,0.424122,-0.056363,-0.140497,0.415743,-0.04629,-0.233279,0.160091,0.003483,-0.247845,-0.067674,-0.072231,0.094567,0.000961,-0.004172,0.132543,-0.463684,0.094715,0.157782,-0.785114,0.217336,-0.094567,-0.000962,0.004173,-0.169412,-0.468775,0.055798,-0.22068,-0.791182,0.167221
32.7,0,0,0,-0.001367,0.076605,-0.017279,-0.001268,0.272289,-0.039162,0.006175,0.484309,-0.082764,-0.008534,0.627691,-0.122817,0.041725,0.420273,-0.064501,0.14562,0.401375,-0.049593,0.23671,0.147308,0.010376,0.23324,-0.077806,-0.07408,-0.03387,0.422791,-0.065159,-0.139764,0.414843,-0.055315,-0.233598,0.160233,-0.00228,-0.248057,-0.068387,-0.075392,0.094571,0.000761,-0.00411,0.133365,-0.464131,0.093291,0.159226,-0.785835,0.215059,-0.094572,-0.000761,0.00411,-0.169418,-0.468744,0.054168,-0.220888,-0.791877,0.163374
32.716666,0,0,0,-0.001261,0.07627,-0.01857,-0.000889,0.271443,-0.044379,0.007048,0.482373,-0.092321,-0.007103,0.624833,-0.135278,0.042443,0.418787,-0.072698,0.146307,0.399994,-0.057443,0.238116,0.146905,0.005493,0.234696,-0.078855,-0.077224,-0.033146,0.421438,-0.07355,-0.139096,0.413882,-0.064007,-0.234015,0.160344,-0.007858,-0.248235,-0.069078,-0.07846,0.094577,0.000585,-0.004019,0.134053,-0.464503,0.092165,0.160376,-0.786462,0.213157,-0.094577,-0.000585,0.004018,-0.169468,-0.468703,0.052732,-0.221196,-0.792507,0.159806
32.733333,0,0,0,-0.001117,0.075837,-0.019875,-0.00039,0.270307,-0.049865,0.008107,0.479974,-0.102466,-0.005455,0.621396,-0.148503,0.043325,0.416886,-0.081383,0.147155,0.398223,-0.065741,0.239742,0.146259,0.000484,0.236364,-0.0802,-0.080302,-0.032256,0.419681,-0.082451,-0.138263,0.412542,-0.073232,-0.234378,0.160242,-0.013648,-0.248397,-0.070048,-0.08141,0.094584,0.000376,-0.003881,0.134809,-0.464891,0.09112,0.161748,-0.787122,0.211249,-0.094583,-0.000376,0.003881,-0.169463,-0.468611,0.051479,-0.221452,-0.793138,0.156212
32.75,0,0,0,-0.000915,0.075298,-0.02117,0.000237,0.268865,-0.055466,0.009316,0.477039,-0.112915,-0.003551,0.617241,-0.162177,0.044352,0.414567,-0.090314,0.148138,0.396043,-0.074226,0.241459,0.145287,-0.004537,0.238152,-0.081888,-0.083288,-0.03122,0.417498,-0.091638,-0.137283,0.410742,-0.082774,-0.234677,0.159833,-0.019506,-0.248466,-0.071316,-0.084327,0.094594,0.000127,-0.00364,0.135781,-0.465268,0.090314,0.163394,-0.787807,0.209462,-0.094593,-0.000126,0.00364,-0.169399,-0.468457,0.050397,-0.221691,-0.793713,0.152689
32.766666,0,0,0,-0.000683,0.074719,-0.022365,0.000967,0.267268,-0.060832,0.010636,0.473812,-0.122984,-0.001618,0.61268,-0.175371,0.04549,0.412029,-0.098933,0.14922,0.39363,-0.082344,0.243189,0.144085,-0.009261,0.240036,-0.083767,-0.086041,-0.030072,0.415095,-0.100498,-0.136185,0.408706,-0.091966,-0.234847,0.15923,-0.0251,-0.248371,-0.072709,-0.087091,0.094601,-0.000164,-0.003436,0.13686,-0.465605,0.089812,0.165223,-0.788451,0.207944,-0.094602,0.000165,0.003436,-0.169244,-0.468257,0.049546,-0.221747,-0.79424,0.149387
32.783333,0,0,0,-0.000334,0.07392,-0.024076,0.001996,0.265147,-0.067486,0.01228,0.469681,-0.134964,0.000655,0.606957,-0.190772,0.046944,0.408753,-0.109279,0.150598,0.390435,-0.092131,0.245208,0.142309,-0.015149,0.242132,-0.086201,-0.089951,-0.028606,0.411939,-0.111137,-0.134762,0.405862,-0.10292,-0.234859,0.158072,-0.032037,-0.248141,-0.074727,-0.090773,0.09461,-0.000592,-0.003129,0.138277,-0.466168,0.088787,0.167514,-0.789351,0.205781,-0.09461,0.000592,0.003129,-0.168933,-0.468004,0.04797,-0.221596,-0.794888,0.144732
32.8,0,0,0,-9.50E-05,0.073235,-0.025302,0.002725,0.263099,-0.07325,0.013586,0.465446,-0.145847,0.002641,0.600956,-0.205022,0.048077,0.405486,-0.118626,0.151675,0.387302,-0.101011,0.246817,0.140607,-0.020181,0.243929,-0.088591,-0.092854,-0.027461,0.408772,-0.120768,-0.133671,0.403001,-0.113033,-0.23521,0.156939,-0.038286,-0.248239,-0.076724,-0.093542,0.094616,-0.000871,-0.002878,0.139356,-0.466424,0.088636,0.169381,-0.790058,0.204173,-0.094616,0.000872,0.002878,-0.168829,-0.467789,0.047212,-0.221736,-0.795388,0.14139
32.816666,0,0,0,0.000146,0.07246,-0.02674,0.003464,0.260865,-0.0792,0.014783,0.461105,-0.156664,0.004422,0.59493,-0.219068,0.049134,0.402021,-0.127974,0.152674,0.383943,-0.109916,0.248334,0.138684,-0.025411,0.245514,-0.091171,-0.09598,-0.026394,0.405359,-0.130381,-0.132645,0.399785,-0.123081,-0.23559,0.155433,-0.044734,-0.248378,-0.079011,-0.096638,0.094617,-0.001189,-0.002702,0.140422,-0.466866,0.087647,0.171202,-0.790728,0.202346,-0.094618,0.001189,0.002702,-0.168731,-0.467596,0.045883,-0.221816,-0.795879,0.137546
32.833333,0,0,0,0.000328,0.071677,-0.027963,0.00405,0.258418,-0.085038,0.015887,0.456232,-0.167675,0.006111,0.588113,-0.233533,0.050081,0.398147,-0.137446,0.153564,0.380251,-0.118882,0.249727,0.136572,-0.030468,0.246972,-0.094007,-0.09864,-0.025435,0.401546,-0.140129,-0.131727,0.396187,-0.133283,-0.236142,0.153731,-0.051087,-0.248749,-0.081499,-0.099354,0.094619,-0.00142,-0.002528,0.141247,-0.467092,0.087426,0.172733,-0.791402,0.200658,-0.09462,0.001419,0.002528,-0.168749,-0.467424,0.045037,-0.222106,-0.796371,0.134126
32.85,0,0,0,0.000523,0.070717,-0.029535,0.004673,0.255551,-0.091541,0.016995,0.450782,-0.179416,0.007753,0.580678,-0.248637,0.051042,0.393733,-0.147626,0.154465,0.376044,-0.128538,0.251122,0.134049,-0.036131,0.248299,-0.097266,-0.10176,-0.024462,0.397158,-0.150602,-0.130786,0.391973,-0.14412,-0.236684,0.151507,-0.058068,-0.249153,-0.084466,-0.102596,0.09462,-0.001674,-0.00233,0.142078,-0.467531,0.08622,0.174229,-0.792164,0.198332,-0.09462,0.001674,0.002331,-0.16874,-0.467303,0.043361,-0.22234,-0.79687,0.129977
32.866666,0,0,0,0.000712,0.069804,-0.030938,0.005265,0.252687,-0.097635,0.018037,0.44531,-0.190462,0.009333,0.573252,-0.262803,0.051949,0.38929,-0.157217,0.155309,0.371829,-0.137584,0.252387,0.13151,-0.041321,0.249473,-0.100506,-0.10442,-0.023543,0.392736,-0.160453,-0.129889,0.387662,-0.154256,-0.237102,0.149114,-0.064567,-0.249553,-0.087513,-0.105482,0.094623,-0.001879,-0.002063,0.142923,-0.467902,0.085151,0.175734,-0.792812,0.196265,-0.094623,0.001879,0.002063,-0.168768,-0.467192,0.041942,-0.222632,-0.7973,0.126307
32.883333,0,0,0,0.000876,0.068835,-0.032449,0.005758,0.249537,-0.104152,0.018877,0.439182,-0.202159,0.010679,0.564966,-0.277614,0.052694,0.384362,-0.167468,0.156009,0.367173,-0.147363,0.253595,0.128775,-0.046926,0.250668,-0.104018,-0.107097,-0.022789,0.387812,-0.170897,-0.129154,0.382801,-0.164984,-0.23752,0.14624,-0.071496,-0.250042,-0.091039,-0.108416,0.094624,-0.00206,-0.001815,0.143633,-0.468254,0.084078,0.177015,-0.793463,0.194145,-0.094624,0.00206,0.001815,-0.168902,-0.4671,0.040384,-0.223066,-0.797745,0.122423
32.9,0,0,0,0.001013,0.067738,-0.033987,0.006259,0.246071,-0.110579,0.019803,0.43264,-0.213772,0.012004,0.556187,-0.292434,0.053492,0.379002,-0.177573,0.156771,0.362081,-0.157057,0.254697,0.125579,-0.052554,0.251624,-0.107987,-0.109638,-0.021979,0.382427,-0.181286,-0.128366,0.377504,-0.175704,-0.237984,0.143042,-0.078466,-0.250696,-0.094813,-0.111402,0.094628,-0.002157,-0.001477,0.144099,-0.468576,0.082912,0.177854,-0.79411,0.1919,-0.094628,0.002156,0.001477,-0.169191,-0.467067,0.038704,-0.223779,-0.798036,0.119139
32.916666,0,0,0,0.001123,0.066726,-0.035444,0.006665,0.242754,-0.116629,0.020594,0.426275,-0.224642,0.013211,0.547611,-0.306298,0.05417,0.373794,-0.187066,0.157418,0.35714,-0.166184,0.255684,0.122579,-0.057702,0.252482,-0.111716,-0.111713,-0.02129,0.377191,-0.191026,-0.127693,0.372313,-0.185716,-0.238394,0.139903,-0.084846,-0.25123,-0.098422,-0.114132,0.094631,-0.002228,-0.001196,0.144498,-0.468815,0.082027,0.178601,-0.794649,0.190005,-0.09463,0.002228,0.001196,-0.169724,-0.467015,0.037094,-0.224899,-0.798407,0.115353
32.933333,0,0,0,0.001268,0.065552,-0.036903,0.007183,0.238928,-0.122851,0.021567,0.419088,-0.235795,0.014623,0.537952,-0.320565,0.055017,0.367862,-0.196863,0.158229,0.351415,-0.175641,0.256912,0.11903,-0.062934,0.253438,-0.116048,-0.113409,-0.020431,0.371275,-0.201028,-0.126848,0.36648,-0.195918,-0.238522,0.136215,-0.091272,-0.25158,-0.102559,-0.116528,0.09463,-0.002363,-0.000946,0.144899,-0.469105,0.081161,0.179415,-0.79529,0.18794,-0.094629,0.002363,0.000945,-0.17011,-0.466909,0.035623,-0.225759,-0.798745,0.111636
32.95,0,0,0,0.001485,0.064385,-0.038202,0.007934,0.235042,-0.128633,0.022829,0.411815,-0.246241,0.016223,0.528195,-0.333958,0.056135,0.361837,-0.206024,0.159301,0.345556,-0.18445,0.258329,0.115345,-0.06766,0.254577,-0.1205,-0.114398,-0.019299,0.365267,-0.210422,-0.125728,0.360513,-0.205527,-0.238306,0.132416,-0.097169,-0.251678,-0.106728,-0.118442,0.094626,-0.002576,-0.000663,0.145442,-0.469415,0.080548,0.18044,-0.795875,0.186324,-0.094627,0.002577,0.000664,-0.170294,-0.466728,0.034476,-0.226277,-0.799065,0.108016
32.966666,0,0,0,0.001751,0.063276,-0.03929,0.008791,0.23128,-0.133749,0.024184,0.404738,-0.255669,0.017934,0.518749,-0.346045,0.057352,0.355962,-0.214285,0.160472,0.339834,-0.192383,0.259975,0.111826,-0.071738,0.255872,-0.124696,-0.114889,-0.018069,0.359417,-0.21889,-0.124506,0.354733,-0.214112,-0.237952,0.128753,-0.102277,-0.251491,-0.110663,-0.120111,0.094621,-0.002841,-0.000361,0.146098,-0.469787,0.079814,0.181643,-0.796452,0.184771,-0.09462,0.002842,0.00036,-0.170237,-0.466518,0.033512,-0.226372,-0.799268,0.105039
32.983333,0,0,0,0.002052,0.062068,-0.040378,0.009777,0.227153,-0.138967,0.025689,0.396974,-0.265457,0.019806,0.508478,-0.358581,0.058714,0.349466,-0.222839,0.161787,0.33339,-0.200678,0.261826,0.107945,-0.075735,0.257322,-0.129224,-0.115135,-0.016693,0.352958,-0.227637,-0.123137,0.348272,-0.223028,-0.237342,0.12455,-0.107488,-0.25081,-0.115154,-0.120989,0.094612,-0.003129,-1.00E-06,0.146649,-0.470225,0.07893,0.182658,-0.797079,0.183139,-0.094612,0.003128,1.00E-06,-0.170164,-0.466293,0.032428,-0.226449,-0.799456,0.101883
33,0,0,0,0.002369,0.060872,-0.041422,0.010856,0.222935,-0.144084,0.027305,0.389035,-0.274839,0.021737,0.497883,-0.370595,0.060186,0.342865,-0.231107,0.163213,0.32706,-0.20854,0.263596,0.103994,-0.079667,0.25877,-0.133813,-0.114963,-0.015206,0.346379,-0.236127,-0.121655,0.341674,-0.231671,-0.236735,0.120418,-0.112314,-0.250267,-0.119468,-0.121944,0.094601,-0.003432,0.000368,0.147022,-0.470815,0.077315,0.183345,-0.797612,0.181594,-0.094601,0.003432,-0.000367,-0.170052,-0.466045,0.03149,-0.226457,-0.799586,0.099006
33.016666,0,0,0,0.00264,0.059704,-0.042465,0.01179,0.218798,-0.14898,0.028776,0.381272,-0.283672,0.023519,0.487668,-0.381718,0.061514,0.33638,-0.238933,0.164509,0.320781,-0.21608,0.265243,0.100086,-0.083452,0.260097,-0.138265,-0.114814,-0.013862,0.339936,-0.24415,-0.120319,0.335251,-0.239845,-0.236215,0.116322,-0.117035,-0.249681,-0.123689,-0.122935,0.09459,-0.003671,0.00072,0.147411,-0.471156,0.07677,0.18408,-0.798223,0.180077,-0.09459,0.003671,-0.00072,-0.16987,-0.465885,0.030369,-0.22634,-0.799769,0.096112
33.033333,0,0,0,0.002829,0.058503,-0.04319,0.012586,0.214412,-0.15333,0.030228,0.373074,-0.292087,0.025381,0.476852,-0.392617,0.062782,0.329462,-0.246248,0.165737,0.314036,-0.223097,0.266841,0.09588,-0.086607,0.261403,-0.142987,-0.113706,-0.012574,0.333057,-0.251718,-0.119044,0.328391,-0.247711,-0.235731,0.111971,-0.121258,-0.249174,-0.128107,-0.123114,0.094581,-0.003823,0.001019,0.152317,-0.471064,0.074966,0.192634,-0.800129,0.170258,-0.094582,0.003822,-0.001019,-0.169675,-0.465776,0.029882,-0.226152,-0.800024,0.093744
33.05,0,0,0,0.003067,0.056886,-0.044651,0.013449,0.209192,-0.159016,0.031706,0.363923,-0.3018,0.027195,0.465129,-0.404684,0.064088,0.321604,-0.254874,0.166963,0.306371,-0.231247,0.268411,0.090914,-0.090782,0.262744,-0.148392,-0.11363,-0.011249,0.325228,-0.26058,-0.117721,0.320521,-0.256684,-0.235288,0.106775,-0.126552,-0.248697,-0.133302,-0.124409,0.094564,-0.004196,0.001151,0.15384,-0.471112,0.075928,0.196253,-0.80146,0.165713,-0.094564,0.004196,-0.001151,-0.169173,-0.465579,0.028201,-0.225424,-0.800226,0.09014
33.066666,0,0,0,0.003188,0.055406,-0.045634,0.013939,0.204399,-0.163392,0.032666,0.35556,-0.309664,0.028468,0.454416,-0.414607,0.064911,0.314455,-0.261775,0.167719,0.299469,-0.237702,0.26934,0.086465,-0.093667,0.263521,-0.153192,-0.112425,-0.010409,0.318007,-0.267749,-0.116883,0.313238,-0.263985,-0.235258,0.102083,-0.130401,-0.248588,-0.137935,-0.124503,0.094558,-0.004222,0.001481,0.154897,-0.471025,0.076115,0.19851,-0.801789,0.163769,-0.094558,0.004221,-0.00148,-0.169239,-0.465564,0.027516,-0.225728,-0.800363,0.08841
33.083333,0,0,0,0.003201,0.053826,-0.046659,0.014133,0.19924,-0.167942,0.033209,0.346566,-0.317676,0.029376,0.442889,-0.424626,0.065367,0.306778,-0.26894,0.168104,0.291992,-0.244443,0.26981,0.081724,-0.096498,0.263975,-0.158239,-0.11082,-0.009942,0.310291,-0.275077,-0.116416,0.305554,-0.27129,-0.235508,0.097039,-0.13424,-0.248759,-0.142853,-0.124361,0.094564,-0.003869,0.002022,0.155913,-0.47065,0.075972,0.20042,-0.801899,0.161312,-0.094563,0.00387,-0.002022,-0.169644,-0.465859,0.026854,-0.226685,-0.800891,0.085927
33.1,0,0,0,0.001543,0.052904,-0.05,0.009422,0.193998,-0.178753,0.027844,0.336312,-0.333719,0.024426,0.430266,-0.443134,0.060203,0.297992,-0.283616,0.163032,0.283805,-0.25915,0.265117,0.076332,-0.107568,0.258858,-0.163826,-0.117876,-0.015134,0.301355,-0.289484,-0.12164,0.297083,-0.28606,-0.241718,0.091151,-0.146,-0.254336,-0.148602,-0.132567,0.094622,-0.002809,-5.10E-05,0.153922,-0.470435,0.070129,0.197669,-0.803252,0.149559,-0.094622,0.00281,5.20E-05,-0.172824,-0.466901,0.019345,-0.231998,-0.802237,0.074464
33.116666,0,0,0,0.00125,0.050729,-0.051774,0.008557,0.187774,-0.18441,0.027617,0.326506,-0.3424,0.024525,0.41841,-0.45344,0.059788,0.289321,-0.291431,0.162588,0.275665,-0.266546,0.264935,0.070974,-0.1114,0.258384,-0.16931,-0.117893,-0.015528,0.292669,-0.297577,-0.122055,0.288855,-0.294271,-0.242459,0.085346,-0.150985,-0.255025,-0.154171,-0.13381,0.094633,-0.00241,-7.70E-05,0.154123,-0.470413,0.067379,0.198204,-0.803496,0.145496,-0.094633,0.00241,7.70E-05,-0.173977,-0.467224,0.01633,-0.234486,-0.80247,0.070538
33.133333,0,0,0,0.00119,0.04907,-0.053029,0.008659,0.182142,-0.189312,0.02826,0.316731,-0.350579,0.025502,0.406172,-0.463428,0.060286,0.280847,-0.298774,0.163051,0.267565,-0.273545,0.265539,0.065799,-0.114704,0.258827,-0.174557,-0.117033,-0.015014,0.284237,-0.305097,-0.121551,0.280605,-0.301925,-0.242474,0.079693,-0.155446,-0.254787,-0.159523,-0.134339,0.094632,-0.002454,-0.000147,0.154855,-0.47065,0.06529,0.199647,-0.803924,0.14218,-0.094632,0.002454,0.000147,-0.174168,-0.467205,0.014661,-0.235029,-0.802667,0.06711
33.15,0,0,0,0.00118,0.047543,-0.054086,0.008724,0.176756,-0.193705,0.028686,0.307242,-0.358149,0.026191,0.394191,-0.472821,0.060613,0.272654,-0.305512,0.163338,0.259715,-0.279945,0.265964,0.060925,-0.117482,0.259022,-0.179429,-0.115762,-0.014675,0.276001,-0.311995,-0.121218,0.272422,-0.308939,-0.242735,0.074143,-0.159397,-0.254779,-0.164713,-0.134416,0.094632,-0.002446,-8.70E-05,0.155349,-0.470694,0.064514,0.20058,-0.804321,0.139595,-0.094632,0.002447,8.60E-05,-0.174308,-0.467226,0.013349,-0.235442,-0.802897,0.064113
33.166666,0,0,0,0.001186,0.046123,-0.054982,0.008759,0.171779,-0.197481,0.028898,0.298456,-0.364608,0.026638,0.383038,-0.480801,0.060789,0.265121,-0.311367,0.163477,0.252492,-0.285497,0.26604,0.056548,-0.119575,0.258797,-0.183736,-0.113856,-0.014493,0.268412,-0.317944,-0.121036,0.264804,-0.314937,-0.24307,0.068998,-0.162583,-0.254919,-0.169458,-0.133952,0.094633,-0.002436,-3.00E-06,0.155576,-0.470677,0.064436,0.200994,-0.804627,0.137953,-0.094632,0.002437,4.00E-06,-0.174504,-0.467221,0.01256,-0.235916,-0.803039,0.062004
33.183333,0,0,0,0.001205,0.044686,-0.055899,0.008866,0.166602,-0.201344,0.029203,0.289259,-0.371271,0.027029,0.37133,-0.489107,0.061047,0.257211,-0.31735,0.163698,0.244921,-0.291173,0.266195,0.051948,-0.121764,0.258584,-0.188195,-0.112005,-0.014229,0.260426,-0.324037,-0.120774,0.256805,-0.321126,-0.243446,0.063666,-0.165907,-0.255073,-0.174327,-0.133569,0.094633,-0.002455,7.80E-05,0.155781,-0.470698,0.064304,0.201356,-0.805049,0.135872,-0.094632,0.002454,-7.80E-05,-0.174703,-0.467188,0.011774,-0.236399,-0.803163,0.059779
33.2,0,0,0,0.001383,0.043368,-0.056809,0.009236,0.161415,-0.205284,0.02956,0.279864,-0.378051,0.027508,0.35935,-0.497529,0.061415,0.24918,-0.323455,0.164044,0.237236,-0.297028,0.266303,0.047093,-0.124307,0.258141,-0.192829,-0.110446,-0.01386,0.252246,-0.330209,-0.120407,0.248577,-0.327392,-0.2438,0.058046,-0.169545,-0.25521,-0.179437,-0.133584,0.094635,-0.002238,0.000597,0.155903,-0.470601,0.063828,0.201501,-0.805287,0.133801,-0.094636,0.002238,-0.000596,-0.175044,-0.467366,0.010475,-0.237294,-0.803439,0.057053
33.216666,0,0,0,0.001508,0.042075,-0.057538,0.009586,0.156591,-0.208507,0.029959,0.271269,-0.383718,0.027961,0.348404,-0.504657,0.061806,0.241782,-0.328529,0.164419,0.230213,-0.301875,0.266466,0.042849,-0.12602,0.257772,-0.196802,-0.10832,-0.013468,0.244735,-0.335349,-0.120015,0.241033,-0.332594,-0.244006,0.05292,-0.172332,-0.255171,-0.18406,-0.133128,0.094635,-0.002177,0.000888,0.156145,-0.47064,0.063131,0.201919,-0.805529,0.13201,-0.094634,0.002177,-0.000888,-0.175283,-0.467395,0.009777,-0.237874,-0.803581,0.055066
33.233333,0,0,0,0.001595,0.040653,-0.05822,0.00986,0.151466,-0.211587,0.030328,0.262151,-0.389183,0.02829,0.336805,-0.511515,0.062153,0.233968,-0.333442,0.164743,0.222819,-0.306523,0.266662,0.038521,-0.127385,0.25733,-0.200795,-0.105881,-0.013117,0.236766,-0.340373,-0.119665,0.233045,-0.337683,-0.244267,0.047539,-0.174877,-0.255164,-0.188883,-0.132368,0.094633,-0.00215,0.001092,0.156413,-0.470609,0.063112,0.202364,-0.805755,0.130606,-0.094633,0.002149,-0.001091,-0.175472,-0.467398,0.009229,-0.238334,-0.803695,0.053305
33.25,0,0,0,0.001637,0.039253,-0.058908,0.00997,0.14637,-0.214605,0.03049,0.253084,-0.394423,0.028549,0.325199,-0.518088,0.062312,0.22619,-0.338213,0.164894,0.21545,-0.311099,0.266676,0.034283,-0.128718,0.256603,-0.204632,-0.103433,-0.012956,0.22886,-0.345217,-0.119505,0.225166,-0.342517,-0.244644,0.042192,-0.177276,-0.25531,-0.193646,-0.13158,0.094632,-0.0021,0.001231,0.15674,-0.470491,0.063427,0.20289,-0.805952,0.129201,-0.094633,0.0021,-0.00123,-0.175715,-0.467412,0.008789,-0.238851,-0.803824,0.051568
33.266666,0,0,0,0.001603,0.037938,-0.059507,0.009877,0.141599,-0.21727,0.03045,0.244768,-0.398996,0.028597,0.314573,-0.523839,0.062274,0.218959,-0.342409,0.164824,0.208487,-0.315069,0.26656,0.030267,-0.129783,0.255773,-0.208231,-0.101082,-0.012993,0.22162,-0.349419,-0.119541,0.217966,-0.346622,-0.244992,0.037143,-0.179264,-0.255389,-0.198121,-0.13064,0.094633,-0.00206,0.001236,0.15706,-0.470314,0.064141,0.203373,-0.806123,0.127996,-0.094633,0.002061,-0.001236,-0.175916,-0.467424,0.008415,-0.23926,-0.803929,0.050153
33.283333,0,0,0,0.001579,0.03654,-0.060063,0.009808,0.136513,-0.219877,0.030383,0.235824,-0.403557,0.028502,0.303194,-0.529553,0.062224,0.211227,-0.346605,0.164756,0.201107,-0.319064,0.266458,0.026181,-0.130647,0.254844,-0.211841,-0.098516,-0.013044,0.213822,-0.353633,-0.119588,0.210092,-0.350807,-0.245512,0.03162,-0.181293,-0.255586,-0.20304,-0.129768,0.094634,-0.002038,0.001248,0.157412,-0.470095,0.065263,0.203854,-0.806335,0.12671,-0.094634,0.002039,-0.001248,-0.176024,-0.467449,0.007257,-0.239562,-0.80396,0.048652
33.3,0,0,0,0.001668,0.035251,-0.060772,0.010181,0.131479,-0.222798,0.03098,0.226789,-0.4085,0.029109,0.291778,-0.53568,0.062759,0.203428,-0.351051,0.165287,0.193709,-0.323351,0.266954,0.021864,-0.1321,0.254395,-0.215641,-0.096675,-0.012501,0.205911,-0.358205,-0.119041,0.202018,-0.355447,-0.245462,0.025965,-0.183788,-0.255227,-0.208051,-0.129357,0.094631,-0.002022,0.001425,0.158091,-0.469899,0.066072,0.204857,-0.806598,0.124695,-0.094632,0.002021,-0.001426,-0.175567,-0.467566,0.005924,-0.238918,-0.804165,0.04688
33.316666,0,0,0,0.001952,0.034124,-0.061361,0.010704,0.126713,-0.225438,0.031176,0.218162,-0.413093,0.029122,0.280974,-0.541345,0.06305,0.196039,-0.355221,0.165611,0.186722,-0.327509,0.266992,0.017639,-0.133662,0.253468,-0.219327,-0.095121,-0.012221,0.198292,-0.362335,-0.118757,0.194281,-0.359565,-0.245832,0.020418,-0.186165,-0.2554,-0.213012,-0.129243,0.094627,-0.00162,0.002109,0.158266,-0.469652,0.065447,0.205131,-0.806573,0.122699,-0.094626,0.001621,-0.002109,-0.175757,-0.467933,0.005162,-0.239516,-0.804679,0.044238
33.333333,0,0,0,0.002383,0.03308,-0.061967,0.0115,0.121797,-0.228202,0.031288,0.20908,-0.417879,0.028981,0.269564,-0.547217,0.063362,0.188321,-0.359636,0.165963,0.179448,-0.331925,0.26688,0.013186,-0.135413,0.252405,-0.223184,-0.093683,-0.011933,0.190269,-0.366594,-0.118461,0.186083,-0.363808,-0.246368,0.014494,-0.188762,-0.255688,-0.21833,-0.12937,0.094608,-0.000993,0.003108,0.158134,-0.469489,0.06304,0.20504,-0.806369,0.120503,-0.094608,0.000992,-0.003109,-0.176381,-0.468456,0.003777,-0.241024,-0.805155,0.041789
33.35,0,0,0,0.002852,0.03208,-0.06254,0.012442,0.117022,-0.230778,0.031474,0.200189,-0.42234,0.028978,0.258379,-0.55269,0.063771,0.180763,-0.36379,0.166415,0.172328,-0.3361,0.266811,0.00882,-0.137029,0.251494,-0.226912,-0.092114,-0.011548,0.182436,-0.370547,-0.11807,0.17812,-0.367698,-0.246796,0.008709,-0.191139,-0.255918,-0.223512,-0.129399,0.094572,-0.000303,0.004157,0.157943,-0.469349,0.059794,0.2049,-0.806017,0.118444,-0.094572,0.000303,-0.004157,-0.177296,-0.468983,0.002446,-0.243073,-0.805595,0.039266
33.366666,0,0,0,0.003262,0.031094,-0.062985,0.013275,0.112635,-0.232842,0.031608,0.192133,-0.425958,0.028959,0.248306,-0.557123,0.064114,0.173897,-0.3672,0.166795,0.165861,-0.33953,0.266794,0.005006,-0.138111,0.250699,-0.230108,-0.090322,-0.011228,0.175334,-0.373761,-0.117742,0.170891,-0.370823,-0.247104,0.003404,-0.192898,-0.256013,-0.228279,-0.12914,0.094529,0.000264,0.005027,0.157899,-0.469195,0.057065,0.204961,-0.805619,0.117014,-0.09453,-0.000264,-0.005027,-0.178014,-0.469416,0.001543,-0.244716,-0.805922,0.037657
33.383333,0,0,0,0.003652,0.03004,-0.063342,0.014154,0.108183,-0.234629,0.031939,0.183987,-0.429214,0.029131,0.238063,-0.561193,0.064608,0.166929,-0.370251,0.167311,0.159294,-0.342548,0.266956,0.001298,-0.138705,0.250079,-0.233145,-0.087981,-0.01075,0.168161,-0.376658,-0.117255,0.163578,-0.373606,-0.247212,-0.001784,-0.194133,-0.255853,-0.232864,-0.128188,0.094485,0.000695,0.005778,0.158098,-0.469028,0.055069,0.205397,-0.805226,0.116092,-0.094485,-0.000696,-0.005778,-0.178469,-0.469754,0.001108,-0.24578,-0.806201,0.036637
33.4,0,0,0,0.003839,0.028957,-0.063843,0.014631,0.103772,-0.2366,0.032085,0.176062,-0.432551,0.029206,0.228059,-0.565364,0.064854,0.160069,-0.373342,0.167579,0.152805,-0.345621,0.267039,-0.002389,-0.139547,0.24948,-0.236123,-0.085865,-0.010515,0.161181,-0.379645,-0.117013,0.156521,-0.37648,-0.247393,-0.006861,-0.195507,-0.255757,-0.237333,-0.127432,0.094466,0.000855,0.006067,0.158368,-0.468968,0.054021,0.205933,-0.805137,0.114989,-0.094465,-0.000855,-0.006068,-0.178562,-0.469898,0.000517,-0.246094,-0.806359,0.035484
33.416666,0,0,0,0.003997,0.027808,-0.064002,0.014968,0.099638,-0.237674,0.032214,0.168879,-0.43466,0.029203,0.219014,-0.568104,0.065046,0.153848,-0.375309,0.167782,0.147026,-0.347519,0.267024,-0.005532,-0.139382,0.248865,-0.238596,-0.083053,-0.010329,0.154815,-0.381568,-0.11682,0.150091,-0.378271,-0.247539,-0.011424,-0.195872,-0.255806,-0.241305,-0.125817,0.09445,0.00092,0.006298,0.158598,-0.468838,0.054551,0.206329,-0.805094,0.114909,-0.094449,-0.000921,-0.006298,-0.178423,-0.469982,0.000543,-0.245934,-0.806463,0.035366
33.433333,0,0,0,0.004189,0.026736,-0.06408,0.015542,0.09565,-0.238542,0.032746,0.161774,-0.436436,0.029669,0.209914,-0.570447,0.0656,0.147713,-0.377011,0.168324,0.141226,-0.349097,0.267473,-0.008507,-0.138875,0.248661,-0.24084,-0.079809,-0.009776,0.148588,-0.383271,-0.116259,0.143809,-0.379812,-0.247282,-0.015775,-0.195938,-0.255361,-0.245062,-0.123939,0.094432,0.000928,0.00656,0.15913,-0.468653,0.0558,0.207219,-0.80503,0.115196,-0.094432,-0.000928,-0.00656,-0.177985,-0.470051,0.001056,-0.245159,-0.806613,0.035747
33.45,0,0,0,0.004396,0.025731,-0.064121,0.01614,0.091836,-0.23929,0.03331,0.154959,-0.438008,0.030193,0.201126,-0.572556,0.066184,0.141822,-0.378527,0.168894,0.13569,-0.350479,0.267985,-0.011162,-0.138207,0.248646,-0.2428,-0.076635,-0.009193,0.142619,-0.384786,-0.115666,0.13775,-0.381147,-0.246894,-0.01985,-0.195714,-0.254422,-0.24848,-0.121598,0.094414,0.000871,0.006823,0.1596,-0.468504,0.057356,0.207965,-0.805065,0.115469,-0.094414,-0.000872,-0.006823,-0.177633,-0.470045,0.00135,-0.244572,-0.806656,0.036026
33.466666,0,0,0,0.004683,0.024839,-0.063968,0.017358,0.08862,-0.239452,0.035039,0.149179,-0.438701,0.032008,0.193582,-0.573623,0.067777,0.136823,-0.379181,0.17045,0.130994,-0.350937,0.269865,-0.013273,-0.13705,0.250138,-0.244312,-0.073383,-0.007584,0.137599,-0.385633,-0.11405,0.132682,-0.381838,-0.245275,-0.023064,-0.194844,-0.252554,-0.251082,-0.118843,0.094385,0.000782,0.007214,0.160827,-0.468214,0.059601,0.209969,-0.80489,0.116378,-0.094386,-0.000783,-0.007214,-0.176279,-0.470165,0.00227,-0.242209,-0.806939,0.03729
33.483333,0,0,0,0.005165,0.024164,-0.063561,0.01924,0.08558,-0.239158,0.037876,0.143226,-0.438978,0.034999,0.185637,-0.57434,0.070355,0.131683,-0.379342,0.172995,0.12605,-0.350935,0.272898,-0.015397,-0.135398,0.252838,-0.245752,-0.069399,-0.004976,0.132555,-0.386116,-0.111434,0.127538,-0.382235,-0.2425,-0.026558,-0.193767,-0.249624,-0.253891,-0.115727,0.094344,0.00027,0.00777,0.162462,-0.468303,0.061765,0.212708,-0.804933,0.117851,-0.094344,-0.000271,-0.00777,-0.174313,-0.469942,0.003623,-0.238756,-0.806934,0.03931
33.5,0,0,0,0.005544,0.023499,-0.063739,0.020381,0.082332,-0.240116,0.039157,0.136938,-0.440638,0.03618,0.177463,-0.576438,0.071607,0.126294,-0.380946,0.174212,0.120831,-0.35238,0.274297,-0.017715,-0.13505,0.253851,-0.247401,-0.066876,-0.00372,0.127129,-0.387771,-0.110161,0.121956,-0.383627,-0.241454,-0.030299,-0.193826,-0.248331,-0.257011,-0.113977,0.094315,-0.000214,0.008123,0.163173,-0.468508,0.063578,0.21384,-0.805371,0.117857,-0.094314,0.000214,-0.008124,-0.172636,-0.469724,0.003723,-0.235811,-0.806924,0.039703
33.516666,0,0,0,0.005614,0.022717,-0.064015,0.020648,0.079141,-0.24116,0.0395,0.13115,-0.44232,0.036528,0.170166,-0.578517,0.071932,0.121278,-0.382526,0.174528,0.116099,-0.353879,0.274794,-0.019877,-0.135015,0.253897,-0.248942,-0.064913,-0.003393,0.122041,-0.389388,-0.10983,0.11689,-0.385117,-0.241337,-0.033492,-0.193976,-0.24784,-0.259686,-0.11264,0.09431,-0.000284,0.008171,0.163411,-0.468414,0.064703,0.214141,-0.80551,0.117448,-0.094311,0.000285,-0.00817,-0.171849,-0.469785,0.003594,-0.234498,-0.807076,0.039646
33.533333,0,0,0,0.005649,0.021842,-0.064316,0.020759,0.075716,-0.242247,0.039627,0.125085,-0.444017,0.036642,0.162552,-0.580596,0.072058,0.115997,-0.384147,0.174657,0.111137,-0.355452,0.275181,-0.022282,-0.135137,0.253895,-0.250652,-0.06292,-0.003266,0.116688,-0.391022,-0.109699,0.111525,-0.386663,-0.241455,-0.03685,-0.19413,-0.24754,-0.262474,-0.111194,0.094309,-0.000295,0.008183,0.163555,-0.468328,0.065335,0.214311,-0.805592,0.116971,-0.094309,0.000296,-0.008182,-0.171288,-0.469872,0.003327,-0.233625,-0.807212,0.039466
33.55,0,0,0,0.005526,0.020927,-0.06463,0.020451,0.071936,-0.243419,0.039281,0.118369,-0.445924,0.036289,0.154334,-0.582941,0.071726,0.110113,-0.385909,0.174354,0.10554,-0.357269,0.275231,-0.02541,-0.13564,0.253415,-0.253115,-0.061503,-0.0036,0.11077,-0.392762,-0.110033,0.105646,-0.388372,-0.242002,-0.040976,-0.194645,-0.247642,-0.266025,-0.11013,0.094331,-0.000442,0.007921,0.163463,-0.468525,0.064803,0.214118,-0.805963,0.115391,-0.094331,0.000443,-0.007922,-0.170822,-0.469835,0.00227,-0.23291,-0.80725,0.038132
33.566666,0,0,0,0.005494,0.020048,-0.06491,0.020302,0.068514,-0.244415,0.039179,0.112414,-0.447455,0.036192,0.147039,-0.584792,0.071612,0.10491,-0.387357,0.174252,0.100699,-0.358705,0.275259,-0.028001,-0.13582,0.253024,-0.255118,-0.060024,-0.003712,0.105484,-0.394236,-0.110147,0.100418,-0.389825,-0.242258,-0.04449,-0.194908,-0.247623,-0.268948,-0.108818,0.094339,-0.000536,0.00782,0.163484,-0.468594,0.064886,0.214114,-0.806132,0.114833,-0.094339,0.000536,-0.007819,-0.170396,-0.469826,0.001707,-0.232204,-0.807301,0.037486
33.583333,0,0,0,0.0056,0.019227,-0.065149,0.020561,0.065237,-0.245287,0.039382,0.106593,-0.448872,0.036318,0.139852,-0.58655,0.071831,0.099846,-0.388687,0.174481,0.095949,-0.360027,0.275615,-0.030536,-0.135934,0.253021,-0.257007,-0.058336,-0.003495,0.100324,-0.395554,-0.10993,0.095308,-0.391077,-0.242316,-0.047758,-0.19499,-0.247411,-0.271618,-0.107341,0.094327,-0.00048,0.007966,0.163675,-0.468486,0.065212,0.214402,-0.806117,0.114425,-0.094327,0.00048,-0.007965,-0.170079,-0.46993,0.001651,-0.231658,-0.807463,0.037279
33.6,0,0,0,0.005694,0.018421,-0.065374,0.020789,0.062084,-0.246084,0.039535,0.10107,-0.450102,0.036428,0.132968,-0.588061,0.07201,0.095016,-0.389895,0.174663,0.091406,-0.361211,0.275928,-0.032957,-0.135993,0.25305,-0.258813,-0.056701,-0.003319,0.095439,-0.396736,-0.109754,0.090482,-0.392187,-0.242364,-0.050875,-0.195015,-0.247266,-0.274132,-0.105831,0.094315,-0.000384,0.008107,0.163855,-0.468352,0.065427,0.214676,-0.806071,0.113936,-0.094316,0.000384,-0.008108,-0.169816,-0.470064,0.001607,-0.231199,-0.80765,0.037072
33.616666,0,0,0,0.005764,0.017668,-0.065576,0.020955,0.059185,-0.246783,0.039591,0.096015,-0.451198,0.036445,0.1267,-0.589418,0.0721,0.090593,-0.390962,0.174766,0.087256,-0.36229,0.276108,-0.035147,-0.136035,0.252917,-0.260449,-0.055272,-0.003233,0.090955,-0.397764,-0.109668,0.086059,-0.393162,-0.242509,-0.053616,-0.19495,-0.247183,-0.276298,-0.104326,0.094306,-0.000253,0.008221,0.163899,-0.468224,0.065456,0.214729,-0.806013,0.113463,-0.094306,0.000254,-0.008222,-0.169552,-0.470234,0.001546,-0.23074,-0.807862,0.036948
33.633333,0,0,0,0.005832,0.016874,-0.065778,0.021102,0.056217,-0.247463,0.039629,0.090858,-0.452293,0.036429,0.120306,-0.590803,0.07217,0.086073,-0.391998,0.174854,0.083021,-0.363361,0.276289,-0.037362,-0.136066,0.25277,-0.2621,-0.053838,-0.003167,0.086372,-0.398762,-0.109604,0.081563,-0.394114,-0.242699,-0.056417,-0.194888,-0.247163,-0.278512,-0.102824,0.094297,-0.000129,0.008328,0.163893,-0.468161,0.065057,0.214736,-0.805974,0.112884,-0.094297,0.000128,-0.008328,-0.169232,-0.470414,0.001233,-0.230239,-0.808059,0.036781
33.65,0,0,0,0.005897,0.0161,-0.065966,0.021241,0.053328,-0.248089,0.039623,0.08586,-0.453263,0.036358,0.114034,-0.592022,0.07221,0.081675,-0.392963,0.174925,0.07885,-0.364409,0.276484,-0.039601,-0.136157,0.252534,-0.263745,-0.052449,-0.003132,0.081949,-0.39967,-0.109573,0.077278,-0.394974,-0.242911,-0.05909,-0.194803,-0.247198,-0.280632,-0.10141,0.094289,-1.30E-05,0.008426,0.163817,-0.468159,0.064293,0.214661,-0.805939,0.112351,-0.094288,1.30E-05,-0.008425,-0.168995,-0.470566,0.001106,-0.229829,-0.808252,0.036564
33.666666,0,0,0,0.005976,0.015405,-0.066125,0.021415,0.050741,-0.248617,0.039673,0.081468,-0.454089,0.036357,0.108542,-0.593074,0.072301,0.077771,-0.393771,0.175027,0.075096,-0.365242,0.276694,-0.041615,-0.136144,0.252285,-0.265258,-0.051233,-0.003045,0.078069,-0.400422,-0.109487,0.073484,-0.39564,-0.24301,-0.061516,-0.194667,-0.247119,-0.28256,-0.100092,0.094278,7.60E-05,0.008538,0.163718,-0.4682,0.063416,0.214566,-0.805903,0.112006,-0.094278,-7.70E-05,-0.008538,-0.168964,-0.47067,0.000421,-0.229886,-0.808321,0.036056
33.683333,0,0,0,0.006064,0.014681,-0.066281,0.021659,0.048129,-0.249115,0.039817,0.076977,-0.454918,0.036425,0.102962,-0.594159,0.072473,0.07382,-0.394538,0.175233,0.071369,-0.366112,0.276979,-0.043756,-0.136247,0.252033,-0.266844,-0.050044,-0.002877,0.074071,-0.401151,-0.109318,0.069562,-0.396306,-0.243103,-0.063947,-0.194511,-0.247058,-0.284463,-0.098706,0.094267,0.000147,0.008657,0.163555,-0.468275,0.062474,0.214359,-0.805888,0.11173,-0.094267,-0.000147,-0.008657,-0.168912,-0.470756,-0.000213,-0.229909,-0.808351,0.035828
33.7,0,0,0,0.006148,0.01401,-0.066418,0.021878,0.045683,-0.249557,0.039935,0.072791,-0.455626,0.036457,0.097796,-0.595066,0.072623,0.070115,-0.39522,0.175412,0.067813,-0.366887,0.277223,-0.045791,-0.136295,0.251686,-0.268352,-0.048911,-0.002731,0.070365,-0.40179,-0.109173,0.065951,-0.396879,-0.243116,-0.066262,-0.194337,-0.246973,-0.286283,-0.097398,0.094256,0.000224,0.008773,0.163417,-0.468316,0.061711,0.214177,-0.805841,0.111612,-0.094257,-0.000225,-0.008772,-0.168817,-0.47085,-0.000451,-0.229784,-0.808443,0.035658
33.716666,0,0,0,0.006233,0.013435,-0.066529,0.02213,0.04356,-0.249914,0.040142,0.069077,-0.456228,0.036553,0.093197,-0.595858,0.072842,0.066854,-0.395776,0.17566,0.064698,-0.367537,0.277544,-0.047578,-0.136327,0.251388,-0.269661,-0.047918,-0.002513,0.067073,-0.402327,-0.108958,0.062748,-0.397382,-0.243073,-0.068288,-0.194191,-0.246858,-0.287846,-0.096204,0.094245,0.000289,0.008889,0.163373,-0.468322,0.061249,0.214141,-0.805766,0.111684,-0.094246,-0.000288,-0.008888,-0.168623,-0.470947,-0.000843,-0.229546,-0.808519,0.035528
33.733333,0,0,0,0.006323,0.012864,-0.066634,0.022368,0.041458,-0.250251,0.040283,0.065504,-0.456719,0.036605,0.088646,-0.59648,0.073019,0.063679,-0.396301,0.175861,0.061616,-0.368145,0.277799,-0.049497,-0.136398,0.251058,-0.271081,-0.046916,-0.00234,0.063922,-0.402812,-0.108784,0.059665,-0.397798,-0.242978,-0.070338,-0.193997,-0.246752,-0.289404,-0.094914,0.094234,0.000331,0.009004,0.163377,-0.468297,0.061189,0.214156,-0.805709,0.111828,-0.094234,-0.00033,-0.009005,-0.168335,-0.471039,-0.001341,-0.229127,-0.808591,0.035436
33.75,0,0,0,0.006406,0.012341,-0.066725,0.022587,0.039531,-0.250543,0.040412,0.062213,-0.457159,0.036656,0.084521,-0.59704,0.073181,0.060742,-0.396763,0.176044,0.058756,-0.368676,0.278033,-0.051133,-0.136369,0.250605,-0.272244,-0.045928,-0.002182,0.061033,-0.403233,-0.108625,0.056854,-0.398147,-0.242858,-0.072185,-0.19376,-0.246649,-0.290823,-0.093737,0.094224,0.000362,0.009112,0.163422,-0.468236,0.06149,0.214214,-0.80567,0.111976,-0.094223,-0.000361,-0.009113,-0.168054,-0.471117,-0.001749,-0.228693,-0.808662,0.035343
33.766666,0,0,0,0.006481,0.011907,-0.066797,0.022805,0.037899,-0.250776,0.040559,0.059366,-0.457535,0.036704,0.080948,-0.597534,0.073352,0.058219,-0.397138,0.17624,0.056283,-0.369138,0.278223,-0.052621,-0.136365,0.250163,-0.27332,-0.045119,-0.002013,0.058533,-0.403577,-0.108458,0.054434,-0.398455,-0.242814,-0.073732,-0.193599,-0.246654,-0.292013,-0.092802,0.094214,0.000387,0.009209,0.163454,-0.468155,0.062036,0.21423,-0.805657,0.112073,-0.094214,-0.000387,-0.00921,-0.167808,-0.471182,-0.002025,-0.228297,-0.808729,0.035294
33.783333,0,0,0,0.006552,0.011483,-0.066864,0.02302,0.03634,-0.250986,0.040712,0.056625,-0.457886,0.036721,0.077533,-0.597999,0.073524,0.055812,-0.397479,0.176445,0.053993,-0.369595,0.27837,-0.053964,-0.136356,0.249544,-0.274333,-0.04455,-0.001843,0.05611,-0.403894,-0.10829,0.052117,-0.398722,-0.242746,-0.075181,-0.193392,-0.24663,-0.293177,-0.091981,0.094205,0.000389,0.009298,0.163466,-0.468096,0.062595,0.21421,-0.805685,0.112074,-0.094206,-0.00039,-0.009298,-0.167551,-0.471226,-0.002248,-0.227857,-0.808786,0.035254
33.8,0,0,0,0.006615,0.011119,-0.066919,0.023222,0.034991,-0.251159,0.040859,0.054242,-0.458121,0.036816,0.074502,-0.598287,0.073692,0.053713,-0.397761,0.176644,0.051979,-0.369987,0.278555,-0.054881,-0.136237,0.248233,-0.275114,-0.044587,-0.001677,0.05402,-0.404156,-0.108124,0.050123,-0.398924,-0.242628,-0.076432,-0.193165,-0.246621,-0.294141,-0.091144,0.094198,0.000413,0.00938,0.16347,-0.468045,0.062901,0.214194,-0.805684,0.112065,-0.094197,-0.000413,-0.009379,-0.167303,-0.471287,-0.00237,-0.227418,-0.808863,0.035292
33.816666,0,0,0,0.006668,0.010825,-0.066961,0.02339,0.033874,-0.251297,0.041017,0.052298,-0.458354,0.036899,0.072085,-0.598606,0.073855,0.051985,-0.397977,0.17682,0.050296,-0.370246,0.278687,-0.055898,-0.136174,0.247849,-0.275876,-0.044084,-0.001514,0.052315,-0.404364,-0.107963,0.04851,-0.399086,-0.242545,-0.07745,-0.193014,-0.246651,-0.294976,-0.090609,0.09419,0.000444,0.009451,0.163438,-0.468023,0.062933,0.214133,-0.805676,0.112027,-0.09419,-0.000444,-0.00945,-0.167132,-0.471343,-0.002435,-0.227123,-0.808927,0.035358
33.833333,0,0,0,0.006715,0.010549,-0.067001,0.023536,0.032846,-0.25142,0.041145,0.050477,-0.458518,0.036987,0.069787,-0.598805,0.073994,0.050369,-0.398174,0.176976,0.04873,-0.370504,0.278823,-0.056747,-0.136099,0.247215,-0.276575,-0.043915,-0.001376,0.05073,-0.404552,-0.107826,0.04702,-0.399243,-0.242514,-0.0783,-0.19285,-0.246775,-0.295621,-0.090015,0.094184,0.000465,0.009512,0.163409,-0.468036,0.062715,0.214097,-0.805666,0.111972,-0.094184,-0.000466,-0.009512,-0.166938,-0.471395,-0.002509,-0.226779,-0.808988,0.035433
33.85,0,0,0,0.00675,0.010313,-0.067034,0.023644,0.031989,-0.25152,0.041254,0.049,-0.458655,0.03712,0.0679,-0.598985,0.074107,0.049049,-0.398327,0.177089,0.047463,-0.370656,0.278887,-0.057413,-0.13596,0.246799,-0.277129,-0.043673,-0.001263,0.04944,-0.404703,-0.107714,0.04581,-0.399362,-0.242488,-0.078953,-0.192688,-0.246925,-0.296126,-0.089548,0.094178,0.000499,0.009561,0.16336,-0.468062,0.062295,0.21404,-0.805636,0.111944,-0.094179,-0.000499,-0.009561,-0.166782,-0.471451,-0.002507,-0.226489,-0.80906,0.035501
33.866666,0,0,0,0.006775,0.01013,-0.06706,0.023723,0.031332,-0.251596,0.041364,0.047857,-0.458791,0.037266,0.066454,-0.599184,0.074207,0.04804,-0.398436,0.177191,0.046505,-0.37077,0.278965,-0.057965,-0.135883,0.24671,-0.277595,-0.043451,-0.001162,0.048428,-0.404822,-0.107616,0.044839,-0.399504,-0.242526,-0.079446,-0.192631,-0.247016,-0.296496,-0.089236,0.094175,0.000523,0.009593,0.16332,-0.468107,0.061754,0.214009,-0.805598,0.111955,-0.094175,-0.000523,-0.009594,-0.166608,-0.471501,-0.002583,-0.226177,-0.809122,0.035541
33.883333,0,0,0,0.006785,0.009978,-0.067081,0.023739,0.030806,-0.251659,0.041398,0.046973,-0.458848,0.037366,0.06527,-0.59925,0.074241,0.047238,-0.398524,0.177214,0.045736,-0.370812,0.278962,-0.058405,-0.135767,0.246743,-0.277983,-0.043201,-0.001127,0.047663,-0.404915,-0.107584,0.044114,-0.399617,-0.242583,-0.079839,-0.192602,-0.247099,-0.296738,-0.088893,0.094174,0.000547,0.009607,0.163242,-0.468164,0.061144,0.213913,-0.805555,0.11203,-0.094174,-0.000546,-0.009606,-0.166443,-0.47155,-0.002634,-0.225886,-0.809178,0.035624
33.9,0,0,0,0.006788,0.009863,-0.067099,0.023743,0.030416,-0.251707,0.041401,0.046314,-0.458917,0.037441,0.064364,-0.599352,0.074247,0.046639,-0.398595,0.177213,0.045191,-0.370856,0.278977,-0.058612,-0.135669,0.246706,-0.278196,-0.043134,-0.001122,0.047093,-0.404983,-0.10758,0.043572,-0.399699,-0.242685,-0.080025,-0.192541,-0.247169,-0.296799,-0.088567,0.094173,0.000566,0.009611,0.163186,-0.468208,0.060638,0.213848,-0.805503,0.112168,-0.094173,-0.000566,-0.009611,-0.166298,-0.471593,-0.002689,-0.225637,-0.809222,0.035722
33.916666,0,0,0,0.006791,0.00979,-0.067108,0.023745,0.030206,-0.251732,0.041417,0.045941,-0.458947,0.037514,0.063878,-0.599392,0.074259,0.046316,-0.398629,0.177224,0.044906,-0.370884,0.279014,-0.058662,-0.135605,0.246727,-0.278241,-0.043063,-0.00111,0.046759,-0.405023,-0.10757,0.043255,-0.399788,-0.242838,-0.080037,-0.192555,-0.247228,-0.296721,-0.088389,0.094173,0.000584,0.009616,0.163142,-0.468238,0.060263,0.213797,-0.805453,0.112317,-0.094172,-0.000583,-0.009615,-0.166205,-0.471625,-0.002716,-0.22551,-0.809245,0.035824
33.933333,0,0,0,0.00679,0.009748,-0.067115,0.023727,0.030109,-0.251746,0.041406,0.045764,-0.458984,0.037544,0.063661,-0.599454,0.074243,0.046172,-0.398648,0.177205,0.044799,-0.370888,0.27902,-0.058594,-0.135543,0.246788,-0.278143,-0.042908,-0.001125,0.046592,-0.405045,-0.107588,0.043098,-0.399854,-0.243005,-0.079922,-0.192556,-0.247283,-0.296535,-0.08824,0.094172,0.000604,0.009615,0.163098,-0.468257,0.059956,0.213737,-0.805411,0.112424,-0.094173,-0.000604,-0.009615,-0.166154,-0.47165,-0.00256,-0.225428,-0.809281,0.035933
33.95,0,0,0,0.006792,0.009748,-0.067115,0.023724,0.030154,-0.251742,0.041398,0.04581,-0.458982,0.037578,0.063696,-0.599456,0.074235,0.046229,-0.398644,0.177202,0.044888,-0.370903,0.279052,-0.058376,-0.135516,0.246709,-0.277918,-0.042906,-0.001133,0.046627,-0.405042,-0.107597,0.043128,-0.399876,-0.24312,-0.07974,-0.192558,-0.247332,-0.296305,-0.088138,0.094172,0.000619,0.009619,0.163071,-0.46825,0.05993,0.213693,-0.805387,0.112521,-0.094172,-0.000618,-0.00962,-0.166156,-0.471662,-0.002472,-0.225453,-0.809287,0.036046
33.966666,0,0,0,0.006789,0.009762,-0.067113,0.023699,0.030282,-0.251729,0.041352,0.046034,-0.458964,0.037555,0.063945,-0.599435,0.074194,0.046436,-0.398628,0.177163,0.045134,-0.370895,0.279026,-0.058048,-0.135478,0.246545,-0.277632,-0.043015,-0.001175,0.046813,-0.405019,-0.10764,0.043305,-0.399877,-0.243247,-0.079501,-0.192576,-0.247385,-0.29604,-0.0881,0.094172,0.000629,0.009617,0.163014,-0.468254,0.059872,0.213599,-0.805373,0.112617,-0.094172,-0.000629,-0.009617,-0.166176,-0.47167,-0.002377,-0.225506,-0.809284,0.036177
33.983333,0,0,0,0.006786,0.009799,-0.067107,0.023677,0.030492,-0.251707,0.041291,0.04643,-0.458923,0.037495,0.064436,-0.599375,0.074143,0.046788,-0.398599,0.17712,0.045498,-0.37089,0.27901,-0.057641,-0.135466,0.246339,-0.277255,-0.043141,-0.001227,0.047153,-0.404978,-0.107692,0.043629,-0.399839,-0.243359,-0.079192,-0.192587,-0.247427,-0.295737,-0.08812,0.094172,0.000635,0.009616,0.162958,-0.468267,0.059766,0.213511,-0.805358,0.112723,-0.094172,-0.000635,-0.009615,-0.166211,-0.471668,-0.002271,-0.225583,-0.809271,0.036322
34,0,0,0,0.006779,0.009858,-0.0671,0.023661,0.030778,-0.251674,0.041257,0.046959,-0.458902,0.037443,0.065158,-0.599357,0.074111,0.047255,-0.398552,0.17709,0.045973,-0.370849,0.27895,-0.057193,-0.135424,0.246142,-0.276848,-0.043246,-0.001259,0.047607,-0.404924,-0.107724,0.044073,-0.399792,-0.243442,-0.078807,-0.192609,-0.247446,-0.295385,-0.088209,0.094173,0.000638,0.009607,0.162902,-0.468289,0.059607,0.213425,-0.805346,0.112803,-0.094173,-0.000637,-0.009607,-0.166249,-0.471665,-0.002243,-0.225656,-0.80926,0.036359
34.016666,0,0,0,0.006774,0.009924,-0.067091,0.023649,0.031089,-0.251638,0.041241,0.047502,-0.458884,0.037395,0.065899,-0.599349,0.074093,0.047742,-0.398498,0.177074,0.046472,-0.370805,0.278897,-0.056788,-0.135405,0.246002,-0.276484,-0.043356,-0.001278,0.048073,-0.40487,-0.107744,0.044542,-0.399762,-0.243525,-0.078398,-0.192655,-0.247442,-0.295037,-0.088378,0.094174,0.000632,0.009601,0.162854,-0.468319,0.059438,0.213353,-0.805347,0.112841,-0.094173,-0.000632,-0.009601,-0.166285,-0.471653,-0.00222,-0.225726,-0.809243,0.036374
34.033333,0,0,0,0.006771,0.010008,-0.067078,0.023622,0.031503,-0.251589,0.041181,0.048287,-0.458839,0.037315,0.066956,-0.599298,0.074039,0.048427,-0.398428,0.177024,0.047135,-0.370751,0.278784,-0.056313,-0.135406,0.245727,-0.276068,-0.043555,-0.001333,0.04875,-0.404787,-0.107798,0.045215,-0.399668,-0.243549,-0.077923,-0.192659,-0.24737,-0.294666,-0.088593,0.094175,0.000622,0.009598,0.162811,-0.468352,0.059276,0.213291,-0.805347,0.112903,-0.094174,-0.000622,-0.009597,-0.166326,-0.471636,-0.002182,-0.225805,-0.809221,0.036404
34.05,0,0,0,0.006771,0.010106,-0.067064,0.023609,0.031963,-0.251534,0.041142,0.0492,-0.458728,0.037263,0.068187,-0.599122,0.074009,0.04921,-0.398341,0.176989,0.047874,-0.370647,0.278643,-0.055814,-0.135361,0.245558,-0.275611,-0.043623,-0.001363,0.049545,-0.404691,-0.107827,0.045991,-0.399549,-0.243498,-0.077446,-0.192666,-0.247255,-0.294297,-0.088825,0.094174,0.000609,0.009599,0.162763,-0.468387,0.059141,0.213222,-0.805351,0.112985,-0.094174,-0.000609,-0.0096,-0.166394,-0.471613,-0.002168,-0.225936,-0.809184,0.036439
34.066666,0,0,0,0.006769,0.010216,-0.067047,0.023601,0.032466,-0.25147,0.04111,0.050143,-0.458659,0.037197,0.069469,-0.599036,0.073979,0.050048,-0.398245,0.176961,0.048717,-0.370562,0.2785,-0.055269,-0.135358,0.24526,-0.275168,-0.043921,-0.001394,0.050347,-0.404589,-0.107856,0.04673,-0.399441,-0.243461,-0.076986,-0.192681,-0.247165,-0.293908,-0.088987,0.094174,0.000599,0.009599,0.162711,-0.468417,0.05902,0.213144,-0.805357,0.113042,-0.094174,-0.000599,-0.009598,-0.166492,-0.471589,-0.002223,-0.226115,-0.809148,0.036363
34.083333,0,0,0,0.006765,0.010354,-0.067027,0.023582,0.033096,-0.251392,0.041048,0.051336,-0.4585,0.037131,0.071,-0.598796,0.073929,0.051093,-0.398127,0.176918,0.049738,-0.370466,0.27833,-0.0546,-0.135363,0.244772,-0.274649,-0.044402,-0.001445,0.051381,-0.404457,-0.107903,0.047728,-0.399276,-0.243357,-0.076395,-0.19266,-0.246978,-0.293445,-0.08923,0.094174,0.00059,0.009596,0.162684,-0.468442,0.058903,0.21311,-0.805353,0.113104,-0.094174,-0.00059,-0.009597,-0.166587,-0.471565,-0.002225,-0.226296,-0.809106,0.03639
34.1,0,0,0,0.006752,0.01051,-0.067004,0.023547,0.033769,-0.251306,0.041005,0.052626,-0.458385,0.037072,0.072712,-0.598645,0.073886,0.052208,-0.397988,0.176872,0.050788,-0.370319,0.278156,-0.054022,-0.135372,0.244418,-0.274231,-0.044866,-0.001488,0.052502,-0.404316,-0.107945,0.048796,-0.399139,-0.243286,-0.075827,-0.192751,-0.246797,-0.293043,-0.089667,0.094176,0.000577,0.009581,0.162655,-0.468471,0.058786,0.213071,-0.805362,0.113119,-0.094176,-0.000578,-0.009581,-0.166707,-0.471536,-0.002239,-0.22652,-0.809062,0.036342
34.116666,0,0,0,0.006741,0.010676,-0.066978,0.023533,0.034492,-0.251209,0.041011,0.053984,-0.458266,0.037073,0.074482,-0.598504,0.073883,0.053389,-0.39783,0.176863,0.051891,-0.370143,0.278006,-0.053517,-0.135402,0.244249,-0.273856,-0.045222,-0.001491,0.053681,-0.404165,-0.107946,0.049933,-0.398983,-0.243162,-0.075239,-0.192846,-0.246601,-0.292627,-0.090121,0.094177,0.000567,0.009569,0.162631,-0.46849,0.058719,0.21304,-0.805368,0.11314,-0.094177,-0.000567,-0.009569,-0.166807,-0.471511,-0.002277,-0.226726,-0.809018,0.036305
34.133333,0,0,0,0.006728,0.010877,-0.066947,0.023492,0.035367,-0.251092,0.040978,0.055617,-0.458092,0.037052,0.076539,-0.598285,0.073845,0.054812,-0.397641,0.176816,0.053231,-0.369926,0.277791,-0.052899,-0.135438,0.24399,-0.273421,-0.045721,-0.001528,0.055102,-0.403979,-0.107981,0.051288,-0.398795,-0.243001,-0.074569,-0.192948,-0.24637,-0.292129,-0.090587,0.094179,0.000553,0.009555,0.162639,-0.468506,0.058679,0.213076,-0.805369,0.113172,-0.094179,-0.000553,-0.009555,-0.166939,-0.471477,-0.002309,-0.226955,-0.808989,0.03608
34.15,0,0,0,0.006712,0.011115,-0.066909,0.023439,0.036351,-0.250957,0.040924,0.057419,-0.457916,0.036997,0.078831,-0.598074,0.073789,0.056373,-0.397429,0.17675,0.054662,-0.369685,0.277555,-0.052249,-0.135479,0.243737,-0.272914,-0.046121,-0.001585,0.056688,-0.403765,-0.108035,0.052832,-0.398566,-0.242826,-0.073771,-0.193025,-0.246048,-0.291573,-0.091175,0.094181,0.000531,0.009536,0.162611,-0.46853,0.05868,0.213045,-0.805399,0.11314,-0.094181,-0.00053,-0.009535,-0.167127,-0.471425,-0.00228,-0.227264,-0.808937,0.035921
34.166666,0,0,0,0.006689,0.011376,-0.066868,0.023358,0.037428,-0.250808,0.040799,0.059366,-0.457672,0.0369,0.081231,-0.597753,0.073676,0.058071,-0.397204,0.176637,0.05626,-0.369466,0.277272,-0.051413,-0.135536,0.243209,-0.272322,-0.046877,-0.001699,0.058402,-0.403524,-0.108145,0.054469,-0.39829,-0.242665,-0.072972,-0.193091,-0.245726,-0.291021,-0.091766,0.094184,0.000512,0.009509,0.162572,-0.468549,0.058714,0.212995,-0.805432,0.113091,-0.094184,-0.000512,-0.00951,-0.167355,-0.47137,-0.002119,-0.227607,-0.808895,0.035784
34.183333,0,0,0,0.00667,0.011683,-0.066817,0.023305,0.03867,-0.250625,0.040739,0.061611,-0.457385,0.036853,0.084024,-0.597384,0.07362,0.060015,-0.396921,0.176574,0.058067,-0.369171,0.27698,-0.050541,-0.135575,0.24283,-0.271709,-0.047598,-0.001756,0.060391,-0.403235,-0.1082,0.05644,-0.397991,-0.242517,-0.071822,-0.193169,-0.245419,-0.290203,-0.092557,0.094186,0.000477,0.009486,0.16255,-0.468581,0.058751,0.212975,-0.805491,0.112964,-0.094186,-0.000477,-0.009485,-0.167651,-0.471286,-0.00189,-0.228026,-0.808834,0.03561
34.2,0,0,0,0.00666,0.012028,-0.066757,0.023284,0.040086,-0.250405,0.040699,0.0641,-0.457048,0.036802,0.087124,-0.596952,0.073583,0.0622,-0.396593,0.176544,0.060157,-0.368869,0.276679,-0.049369,-0.135586,0.242113,-0.270872,-0.048619,-0.001792,0.062589,-0.4029,-0.108235,0.058575,-0.397661,-0.242368,-0.070636,-0.193316,-0.245065,-0.289382,-0.093494,0.094188,0.000429,0.009473,0.16251,-0.468627,0.058818,0.212924,-0.805568,0.112843,-0.094187,-0.000429,-0.009473,-0.16805,-0.47117,-0.001499,-0.228572,-0.808748,0.035487
34.216666,0,0,0,0.006661,0.012382,-0.066692,0.023332,0.041507,-0.25017,0.04083,0.06663,-0.456703,0.036916,0.090326,-0.596522,0.073689,0.064399,-0.396217,0.176639,0.062171,-0.36847,0.276518,-0.04845,-0.135594,0.242209,-0.270134,-0.048987,-0.001684,0.06483,-0.402551,-0.108129,0.060817,-0.397358,-0.242149,-0.069256,-0.193486,-0.244663,-0.288375,-0.094482,0.094188,0.000391,0.009479,0.162515,-0.468646,0.058993,0.212942,-0.805625,0.112774,-0.094187,-0.00039,-0.009478,-0.168435,-0.471062,-0.001038,-0.229095,-0.808673,0.035425
34.233333,0,0,0,0.006664,0.0128,-0.066613,0.0234,0.043237,-0.249872,0.040978,0.069704,-0.456277,0.037012,0.09415,-0.596013,0.073808,0.067091,-0.395748,0.176755,0.064728,-0.368,0.276343,-0.047118,-0.135585,0.241679,-0.269167,-0.050063,-0.001563,0.067531,-0.40211,-0.108006,0.063455,-0.396946,-0.241824,-0.067697,-0.193634,-0.244135,-0.287242,-0.09557,0.094187,0.000355,0.00949,0.162548,-0.468645,0.059318,0.213002,-0.805666,0.112804,-0.094186,-0.000354,-0.00949,-0.168874,-0.470945,-0.000461,-0.229657,-0.808607,0.035313
34.25,0,0,0,0.00666,0.013261,-0.066523,0.023458,0.045172,-0.249525,0.041153,0.073146,-0.455722,0.037192,0.098404,-0.595314,0.073947,0.070106,-0.395193,0.176888,0.06758,-0.367437,0.276208,-0.045597,-0.135553,0.241145,-0.268015,-0.051159,-0.00142,0.070563,-0.401598,-0.107864,0.066431,-0.39647,-0.241446,-0.065876,-0.193753,-0.243535,-0.285856,-0.096667,0.094187,0.000327,0.009494,0.162607,-0.468605,0.059871,0.213094,-0.805682,0.112975,-0.094186,-0.000326,-0.009493,-0.169243,-0.470849,1.80E-05,-0.230127,-0.808561,0.035147
34.266666,0,0,0,0.006646,0.01374,-0.066427,0.023478,0.047182,-0.249152,0.041322,0.076763,-0.455142,0.037397,0.102874,-0.594607,0.074068,0.073266,-0.394583,0.176988,0.070595,-0.366766,0.276058,-0.043979,-0.135461,0.240675,-0.266826,-0.05234,-0.001294,0.073737,-0.401044,-0.107738,0.06953,-0.395982,-0.241074,-0.064006,-0.193909,-0.242914,-0.284459,-0.097895,0.094186,0.000301,0.009486,0.162683,-0.468555,0.060459,0.213206,-0.805694,0.11313,-0.094187,-0.000301,-0.009486,-0.169564,-0.470768,0.000293,-0.230578,-0.808514,0.034859
34.283333,0,0,0,0.006627,0.014299,-0.066311,0.023499,0.0495,-0.248702,0.041541,0.080925,-0.454442,0.037734,0.108047,-0.593757,0.074224,0.076901,-0.393843,0.177116,0.074058,-0.365939,0.275906,-0.042106,-0.135308,0.240229,-0.265434,-0.053618,-0.001132,0.07739,-0.400377,-0.107576,0.073074,-0.395401,-0.240626,-0.061871,-0.194077,-0.24217,-0.282815,-0.099192,0.09419,0.000228,0.009463,0.16281,-0.468516,0.061295,0.213391,-0.805734,0.113401,-0.094189,-0.000228,-0.009462,-0.170123,-0.470618,-0.000332,-0.231584,-0.808316,0.033909
34.3,0,0,0,0.006595,0.014909,-0.066179,0.023434,0.05206,-0.248187,0.041609,0.085566,-0.453601,0.037929,0.113873,-0.5927,0.074248,0.080952,-0.393007,0.177116,0.077923,-0.365031,0.275591,-0.039984,-0.135152,0.239787,-0.263819,-0.054916,-0.001103,0.081457,-0.399592,-0.107545,0.07703,-0.394672,-0.240226,-0.059461,-0.194148,-0.241447,-0.280968,-0.100584,0.094194,0.000151,0.00942,0.1629,-0.468473,0.062219,0.213496,-0.805794,0.113644,-0.094193,-0.000151,-0.009419,-0.170493,-0.470484,-0.000359,-0.232182,-0.808154,0.033744
34.316666,0,0,0,0.006546,0.01554,-0.066047,0.023333,0.054707,-0.247643,0.041651,0.090375,-0.452743,0.038109,0.119925,-0.591649,0.074239,0.085151,-0.392113,0.177077,0.081965,-0.364046,0.27518,-0.037741,-0.134938,0.239371,-0.26212,-0.056242,-0.001108,0.085653,-0.398754,-0.107546,0.081072,-0.393919,-0.23984,-0.057075,-0.194275,-0.240689,-0.279141,-0.10204,0.094201,8.80E-05,0.009356,0.162955,-0.468421,0.063103,0.213522,-0.805862,0.113763,-0.0942,-8.80E-05,-0.009356,-0.170875,-0.470352,4.60E-05,-0.232699,-0.808045,0.033685
34.333333,0,0,0,0.006484,0.016282,-0.06589,0.023195,0.057802,-0.246985,0.041637,0.09597,-0.451663,0.038237,0.126989,-0.590291,0.07418,0.090045,-0.391036,0.176989,0.08667,-0.362883,0.274686,-0.035104,-0.134693,0.238902,-0.260119,-0.057823,-0.001161,0.090543,-0.397732,-0.107596,0.085786,-0.392975,-0.239448,-0.05424,-0.194351,-0.239974,-0.276916,-0.103596,0.094209,2.10E-05,0.009276,0.163055,-0.468364,0.063977,0.21362,-0.805915,0.113898,-0.094208,-2.20E-05,-0.009276,-0.171308,-0.470203,0.000786,-0.233243,-0.807928,0.033883
34.35,0,0,0,0.006415,0.017094,-0.06569,0.023048,0.061183,-0.246184,0.041626,0.102078,-0.450391,0.03833,0.134771,-0.588704,0.074118,0.095384,-0.389753,0.176897,0.0918,-0.361519,0.274122,-0.032249,-0.134356,0.238556,-0.257968,-0.059473,-0.001219,0.095874,-0.396509,-0.107651,0.09097,-0.391853,-0.239096,-0.051079,-0.194399,-0.239278,-0.27446,-0.105393,0.094216,-3.50E-05,0.009193,0.163051,-0.468324,0.064723,0.213541,-0.805978,0.114019,-0.094217,3.50E-05,-0.009192,-0.171774,-0.470057,0.001516,-0.233822,-0.807821,0.033999
34.366666,0,0,0,0.006348,0.017931,-0.065506,0.022894,0.064616,-0.245387,0.041599,0.108325,-0.449049,0.038352,0.142689,-0.587008,0.074043,0.100833,-0.388432,0.176784,0.097044,-0.360087,0.273587,-0.029344,-0.134035,0.238371,-0.255808,-0.061267,-0.001288,0.101325,-0.395245,-0.107717,0.096266,-0.390675,-0.238698,-0.047879,-0.194435,-0.238591,-0.271969,-0.107228,0.094225,-9.00E-05,0.009106,0.163017,-0.468317,0.065207,0.213428,-0.806041,0.114103,-0.094225,9.00E-05,-0.009106,-0.172157,-0.469931,0.001973,-0.234333,-0.807714,0.03402
34.383333,0,0,0,0.006275,0.018873,-0.065225,0.022762,0.068499,-0.244299,0.041658,0.115398,-0.447269,0.038452,0.151675,-0.584775,0.074036,0.107001,-0.386702,0.176733,0.102982,-0.35823,0.273141,-0.026077,-0.133523,0.238297,-0.253396,-0.063286,-0.001288,0.107498,-0.3936,-0.107713,0.102253,-0.389153,-0.238202,-0.044296,-0.194372,-0.237869,-0.269154,-0.109165,0.094233,-0.000143,0.009024,0.162945,-0.468338,0.065485,0.213273,-0.806096,0.114233,-0.094233,0.000143,-0.009025,-0.172498,-0.469819,0.002242,-0.234835,-0.807594,0.034044
34.4,0,0,0,0.006282,0.019882,-0.06489,0.023071,0.072739,-0.242976,0.042481,0.123105,-0.445064,0.039398,0.161446,-0.58201,0.074699,0.113707,-0.38456,0.177344,0.109447,-0.355934,0.273527,-0.02231,-0.132701,0.239168,-0.250514,-0.065145,-0.000605,0.114253,-0.391656,-0.107028,0.108859,-0.387323,-0.236847,-0.040222,-0.194021,-0.236409,-0.265912,-0.111046,0.094231,-0.000276,0.009038,0.163326,-0.468374,0.065841,0.213929,-0.806052,0.114855,-0.094231,0.000275,-0.009038,-0.172348,-0.4697,0.00268,-0.23454,-0.807492,0.034587
34.416666,0,0,0,0.006223,0.020893,-0.064577,0.022945,0.076827,-0.241727,0.042532,0.130515,-0.443001,0.039474,0.170895,-0.579421,0.074685,0.120165,-0.382562,0.177295,0.115645,-0.353851,0.273246,-0.018899,-0.132186,0.23937,-0.247962,-0.06735,-0.000611,0.12072,-0.389741,-0.107027,0.115105,-0.38552,-0.236334,-0.036566,-0.193896,-0.235751,-0.26307,-0.11317,0.094238,-0.000388,0.008957,0.163203,-0.468507,0.065738,0.213736,-0.806146,0.115095,-0.094239,0.000387,-0.008957,-0.172547,-0.469555,0.0028,-0.234864,-0.807323,0.034731
34.433333,0,0,0,0.006115,0.02201,-0.064216,0.022669,0.081328,-0.240277,0.04236,0.138709,-0.440578,0.039348,0.181316,-0.576378,0.074471,0.127288,-0.380256,0.177055,0.122462,-0.351499,0.272874,-0.01519,-0.131694,0.239667,-0.245155,-0.069767,-0.00082,0.127875,-0.38749,-0.107228,0.122087,-0.383327,-0.235925,-0.032472,-0.193609,-0.235268,-0.25995,-0.115669,0.094253,-0.000501,0.008803,0.162972,-0.468682,0.065376,0.213382,-0.806243,0.115388,-0.094252,0.0005,-0.008802,-0.172774,-0.46941,0.00283,-0.235257,-0.807135,0.034874
34.45,0,0,0,0.006045,0.02387,-0.063554,0.021958,0.086917,-0.238374,0.041054,0.147666,-0.437738,0.03788,0.192351,-0.572866,0.073325,0.135354,-0.377677,0.175898,0.130099,-0.34896,0.271198,-0.011168,-0.131232,0.238776,-0.24201,-0.072222,-0.001983,0.135816,-0.384749,-0.108366,0.129581,-0.380595,-0.2368,-0.02797,-0.193175,-0.236271,-0.256439,-0.118189,0.094256,-0.000556,0.008757,0.161967,-0.468785,0.066138,0.211595,-0.806433,0.116346,-0.094257,0.000555,-0.008757,-0.174324,-0.469078,0.003502,-0.237814,-0.806619,0.035517
34.466666,0,0,0,0.005871,0.024842,-0.063256,0.021445,0.090911,-0.237045,0.040357,0.155161,-0.435476,0.03717,0.202136,-0.569974,0.072666,0.141815,-0.375519,0.175236,0.136279,-0.346841,0.270567,-0.008118,-0.13119,0.238838,-0.239842,-0.075347,-0.002646,0.142296,-0.382541,-0.109023,0.135904,-0.378468,-0.237033,-0.024552,-0.193236,-0.236305,-0.254015,-0.121348,0.094281,-0.000687,0.008481,0.16143,-0.469119,0.064858,0.210757,-0.806698,0.115821,-0.094281,0.000686,-0.008481,-0.174525,-0.468949,0.002473,-0.238292,-0.806419,0.034685
34.483333,0,0,0,0.005633,0.026048,-0.063183,0.020692,0.095453,-0.236103,0.039395,0.163434,-0.43347,0.036185,0.212931,-0.567221,0.071749,0.148981,-0.373645,0.174331,0.143152,-0.34507,0.269714,-0.004682,-0.131784,0.238704,-0.237334,-0.079506,-0.003568,0.149479,-0.380611,-0.10994,0.142913,-0.37668,-0.237502,-0.020728,-0.193941,-0.236681,-0.25122,-0.125427,0.094316,-0.000838,0.008063,0.160714,-0.469536,0.063109,0.209638,-0.807017,0.115094,-0.094316,0.000838,-0.008063,-0.174772,-0.468794,0.001346,-0.238764,-0.80623,0.03347
34.5,0,0,0,0.005135,0.027348,-0.063707,0.018988,0.10038,-0.236259,0.037113,0.172371,-0.432486,0.033742,0.224608,-0.56542,0.069607,0.156783,-0.37281,0.17223,0.150825,-0.344408,0.267663,-0.000421,-0.133551,0.237299,-0.23402,-0.085273,-0.005724,0.157153,-0.379632,-0.112097,0.150493,-0.375872,-0.23941,-0.016227,-0.195763,-0.238533,-0.247785,-0.130945,0.094374,-0.000534,0.007378,0.159341,-0.469621,0.060796,0.207344,-0.807171,0.113188,-0.094374,0.000534,-0.007377,-0.175855,-0.46896,-0.000115,-0.240579,-0.806336,0.031163
34.516666,0,0,0,0.004567,0.028336,-0.063863,0.017274,0.104476,-0.2357,0.035064,0.180203,-0.430819,0.031694,0.235053,-0.562967,0.067634,0.163481,-0.371243,0.170314,0.157318,-0.343093,0.266183,0.002888,-0.134756,0.236377,-0.231544,-0.090318,-0.007705,0.163844,-0.377971,-0.114087,0.157216,-0.374437,-0.241063,-0.012522,-0.196927,-0.240015,-0.245094,-0.13585,0.09443,-0.000257,0.006638,0.158123,-0.469695,0.058472,0.205348,-0.807223,0.111714,-0.094431,0.000258,-0.006639,-0.17678,-0.469115,-0.001735,-0.242323,-0.806349,0.029362
34.533333,0,0,0,0.004104,0.029462,-0.063871,0.0159,0.108909,-0.234758,0.033567,0.188552,-0.428626,0.03016,0.246127,-0.559911,0.066152,0.170598,-0.369142,0.168875,0.164195,-0.341201,0.265195,0.006289,-0.135698,0.236034,-0.22898,-0.095448,-0.00919,0.171018,-0.375836,-0.115581,0.164395,-0.372575,-0.242152,-0.008599,-0.19794,-0.240914,-0.242146,-0.140708,0.094475,-0.000206,0.005976,0.157113,-0.469997,0.055869,0.203763,-0.80739,0.110456,-0.094475,0.000206,-0.005976,-0.177364,-0.46909,-0.003294,-0.243475,-0.806219,0.027736
34.55,0,0,0,0.003918,0.03063,-0.063189,0.015446,0.113236,-0.232449,0.033358,0.196644,-0.424871,0.030028,0.256793,-0.555165,0.065865,0.177455,-0.36558,0.168612,0.170643,-0.337827,0.265539,0.009045,-0.135504,0.237025,-0.227007,-0.099619,-0.009472,0.178076,-0.372323,-0.115867,0.171395,-0.369337,-0.241853,-0.005153,-0.197867,-0.24043,-0.239647,-0.144649,0.0945,-0.000667,0.005535,0.1568,-0.470707,0.053463,0.203457,-0.807719,0.110347,-0.094499,0.000666,-0.005534,-0.176896,-0.468721,-0.003868,-0.242703,-0.805875,0.027538
34.566666,0,0,0,0.003821,0.032005,-0.06267,0.015126,0.117821,-0.2305,0.033077,0.204767,-0.421451,0.029718,0.267338,-0.550704,0.065566,0.184461,-0.362427,0.168337,0.17727,-0.334859,0.265788,0.012143,-0.13566,0.237918,-0.224586,-0.103974,-0.009769,0.185201,-0.369173,-0.116157,0.17833,-0.36635,-0.24157,-0.001671,-0.19808,-0.240267,-0.236971,-0.148548,0.094516,-0.001207,0.005146,0.156557,-0.471461,0.051273,0.203255,-0.808155,0.109978,-0.094516,0.001207,-0.005146,-0.176642,-0.46823,-0.005391,-0.242231,-0.80541,0.026196
34.583333,0,0,0,0.003579,0.033495,-0.062243,0.014428,0.122841,-0.228594,0.032333,0.213645,-0.417866,0.028928,0.27886,-0.545924,0.064823,0.192151,-0.359156,0.167616,0.184579,-0.331772,0.265578,0.015647,-0.136045,0.238518,-0.221729,-0.108807,-0.010512,0.192951,-0.365899,-0.116892,0.185891,-0.363271,-0.241779,0.002314,-0.198508,-0.240723,-0.233783,-0.152919,0.094539,-0.001586,0.004583,0.156127,-0.472055,0.049112,0.202715,-0.808496,0.10933,-0.09454,0.001586,-0.004584,-0.176384,-0.4679,-0.005565,-0.241504,-0.805219,0.025505
34.6,0,0,0,0.00328,0.034921,-0.061697,0.013637,0.127753,-0.226385,0.031545,0.222421,-0.413918,0.028112,0.29031,-0.540742,0.064021,0.199708,-0.355512,0.166838,0.191761,-0.328326,0.265406,0.01904,-0.136244,0.239124,-0.218915,-0.113705,-0.011312,0.200591,-0.36226,-0.117687,0.193373,-0.359831,-0.24204,0.006271,-0.198669,-0.240935,-0.230627,-0.157447,0.094562,-0.00198,0.003907,0.155658,-0.472628,0.0472,0.202086,-0.808864,0.108676,-0.094563,0.00198,-0.003907,-0.176155,-0.467541,-0.006911,-0.24099,-0.80486,0.024745
34.616666,0,0,0,0.002967,0.036238,-0.061205,0.012782,0.132337,-0.224297,0.030674,0.23071,-0.41018,0.027202,0.301226,-0.535828,0.063137,0.206793,-0.35201,0.165979,0.198505,-0.325021,0.265161,0.022229,-0.136518,0.239625,-0.216194,-0.118523,-0.012196,0.207755,-0.358751,-0.118564,0.200383,-0.356515,-0.242467,0.010009,-0.198878,-0.241327,-0.227576,-0.161814,0.09458,-0.002342,0.003199,0.15521,-0.473137,0.045535,0.201491,-0.809223,0.107941,-0.094581,0.002342,-0.003199,-0.176026,-0.467192,-0.007741,-0.24054,-0.80457,0.023941
34.633333,0,0,0,0.00263,0.03766,-0.0607,0.011865,0.13732,-0.222021,0.029727,0.239661,-0.405945,0.026203,0.312922,-0.530205,0.062183,0.214483,-0.348131,0.165055,0.205855,-0.321363,0.264836,0.025834,-0.136755,0.240107,-0.212993,-0.123666,-0.013149,0.215509,-0.354876,-0.119511,0.207988,-0.352805,-0.242823,0.014155,-0.198964,-0.241665,-0.224091,-0.166423,0.094594,-0.002679,0.002437,0.154718,-0.473614,0.04392,0.200819,-0.809547,0.107275,-0.094595,0.002678,-0.002436,-0.175956,-0.466858,-0.008187,-0.240123,-0.804327,0.023227
34.65,0,0,0,0.002294,0.039086,-0.060134,0.010943,0.142292,-0.219569,0.028783,0.248594,-0.401438,0.025168,0.3246,-0.52424,0.06123,0.222141,-0.344009,0.16413,0.213148,-0.317471,0.264414,0.029391,-0.13686,0.240498,-0.209741,-0.128815,-0.014101,0.223246,-0.350752,-0.120456,0.215593,-0.348855,-0.243169,0.018345,-0.198926,-0.242047,-0.220481,-0.17096,0.094602,-0.003016,0.001648,0.154189,-0.474095,0.042278,0.200083,-0.80989,0.106504,-0.094601,0.003016,-0.001648,-0.175982,-0.466501,-0.00852,-0.239803,-0.804075,0.022473
34.666666,0,0,0,0.002,0.040382,-0.059487,0.01008,0.146818,-0.217019,0.027833,0.256799,-0.396912,0.024071,0.335401,-0.518282,0.060291,0.229144,-0.339864,0.163219,0.219784,-0.313562,0.26396,0.032587,-0.136779,0.240733,-0.206727,-0.133511,-0.015042,0.230329,-0.346574,-0.121389,0.222526,-0.344842,-0.243546,0.022126,-0.198688,-0.242402,-0.217168,-0.175057,0.094599,-0.003378,0.000887,0.153624,-0.474588,0.040802,0.199305,-0.810223,0.106013,-0.094599,0.003379,-0.000886,-0.175812,-0.466137,-0.009605,-0.239227,-0.803762,0.021658
34.683333,0,0,0,0.00171,0.0418,-0.058782,0.009231,0.151653,-0.214253,0.026889,0.265445,-0.391938,0.022977,0.346709,-0.511706,0.059363,0.236561,-0.335361,0.16232,0.226823,-0.309311,0.263507,0.035987,-0.136722,0.240968,-0.203407,-0.13874,-0.015971,0.237821,-0.342041,-0.122309,0.229861,-0.340483,-0.243882,0.026182,-0.198431,-0.242724,-0.213523,-0.179408,0.094589,-0.003763,7.70E-05,0.153061,-0.475126,0.038988,0.198558,-0.810608,0.105102,-0.094589,0.003762,-7.60E-05,-0.175534,-0.465756,-0.010901,-0.238416,-0.803446,0.020741
34.7,0,0,0,0.001439,0.043198,-0.057997,0.00842,0.156461,-0.211252,0.025934,0.274065,-0.386623,0.021858,0.357985,-0.504712,0.058441,0.243939,-0.330565,0.161435,0.233814,-0.304811,0.263068,0.039449,-0.136476,0.241136,-0.199899,-0.14374,-0.016897,0.245287,-0.337184,-0.123227,0.23719,-0.335759,-0.244211,0.030307,-0.197898,-0.243067,-0.209723,-0.183558,0.09457,-0.004147,-0.000742,0.152537,-0.475633,0.03743,0.197876,-0.810927,0.1046,-0.09457,0.004147,0.000742,-0.175268,-0.465368,-0.011889,-0.237563,-0.803158,0.01985
34.716666,0,0,0,0.001039,0.044282,-0.057073,0.007935,0.16114,-0.207499,0.025909,0.282782,-0.380011,0.021973,0.369336,-0.496153,0.058301,0.251215,-0.324714,0.161296,0.240686,-0.299123,0.263657,0.04365,-0.134373,0.242421,-0.195558,-0.146611,-0.017031,0.253032,-0.331282,-0.123368,0.245054,-0.329753,-0.243253,0.035167,-0.195519,-0.242118,-0.205086,-0.185602,0.094498,-0.005128,-0.00226,0.1528,-0.476513,0.036647,0.198775,-0.81131,0.105834,-0.094497,0.005128,0.002261,-0.174216,-0.464535,-0.011062,-0.235032,-0.802553,0.021106
34.733333,0,0,0,0.000574,0.04601,-0.055574,0.006644,0.166708,-0.202852,0.025206,0.29209,-0.372668,0.021229,0.381002,-0.48708,0.057402,0.259321,-0.317901,0.160415,0.248274,-0.292605,0.263406,0.047796,-0.132462,0.242436,-0.191106,-0.149999,-0.017906,0.261242,-0.324714,-0.124212,0.252805,-0.323481,-0.243147,0.03978,-0.193408,-0.242221,-0.200615,-0.187856,0.094368,-0.00621,-0.004166,0.15274,-0.47725,0.038609,0.198672,-0.81224,0.106885,-0.094368,0.006209,0.004167,-0.173106,-0.463576,-0.010615,-0.232036,-0.801924,0.021593
34.75,0,0,0,0.000456,0.047161,-0.05483,0.006217,0.171033,-0.199689,0.024613,0.30022,-0.366838,0.020377,0.391743,-0.479355,0.056849,0.266183,-0.312705,0.1599,0.254755,-0.287736,0.263258,0.051026,-0.131994,0.242527,-0.187446,-0.154851,-0.018464,0.268208,-0.319429,-0.124757,0.259612,-0.318232,-0.243065,0.043684,-0.192446,-0.242165,-0.196773,-0.191609,0.094299,-0.006663,-0.004946,0.152366,-0.477774,0.037467,0.198263,-0.812681,0.106172,-0.0943,0.006662,0.004945,-0.172461,-0.463153,-0.011834,-0.230504,-0.801598,0.020962
34.766666,0,0,0,0.000382,0.048352,-0.053946,0.005899,0.175242,-0.196341,0.024071,0.30791,-0.360905,0.019584,0.401807,-0.471579,0.056368,0.272729,-0.307422,0.159461,0.260947,-0.282796,0.2631,0.054172,-0.131314,0.242521,-0.183787,-0.159126,-0.018953,0.27483,-0.314045,-0.125232,0.266048,-0.312926,-0.242951,0.04745,-0.191266,-0.242035,-0.192982,-0.194837,0.094224,-0.007113,-0.005708,0.152024,-0.478301,0.036212,0.197934,-0.813019,0.105825,-0.094223,0.007113,0.005708,-0.171854,-0.462726,-0.012758,-0.228992,-0.801289,0.020415
34.783333,0,0,0,0.000385,0.050262,-0.052216,0.005678,0.180694,-0.191428,0.023632,0.316706,-0.353374,0.018815,0.41291,-0.462146,0.055977,0.280484,-0.300523,0.159125,0.268222,-0.276364,0.262904,0.058106,-0.129649,0.242494,-0.179222,-0.162512,-0.019345,0.282552,-0.307137,-0.125589,0.273329,-0.306218,-0.242633,0.051964,-0.188992,-0.24185,-0.188362,-0.197022,0.094115,-0.007677,-0.006697,0.151895,-0.47876,0.03642,0.19777,-0.813396,0.106445,-0.094114,0.007677,0.006697,-0.170901,-0.46227,-0.012532,-0.226606,-0.801096,0.020385
34.8,0,0,0,0.000432,0.052014,-0.050508,0.005616,0.185932,-0.186409,0.023261,0.325422,-0.345563,0.018106,0.424017,-0.452319,0.055688,0.288063,-0.293422,0.158898,0.275344,-0.269766,0.262867,0.062096,-0.127781,0.242531,-0.174491,-0.165649,-0.019642,0.290166,-0.299931,-0.125858,0.280616,-0.299176,-0.242254,0.056555,-0.186516,-0.241532,-0.183572,-0.199159,0.09399,-0.008246,-0.007689,0.151794,-0.47926,0.036142,0.197757,-0.813675,0.107163,-0.09399,0.008246,0.007689,-0.169934,-0.461803,-0.012371,-0.224267,-0.800864,0.020421
34.816666,0,0,0,0.000486,0.053483,-0.049073,0.005616,0.190399,-0.182075,0.023018,0.333012,-0.338602,0.017576,0.433837,-0.44338,0.055514,0.29461,-0.287146,0.158776,0.281456,-0.263963,0.262987,0.065414,-0.12645,0.242572,-0.170352,-0.169096,-0.019824,0.296782,-0.293543,-0.126015,0.286946,-0.292935,-0.241766,0.060449,-0.184563,-0.241012,-0.179409,-0.201558,0.093869,-0.008727,-0.008582,0.151771,-0.479702,0.035526,0.197903,-0.813937,0.107283,-0.093869,0.008727,0.008582,-0.169003,-0.461404,-0.012586,-0.2221,-0.800676,0.020043
34.833333,0,0,0,0.000632,0.055042,-0.047255,0.00571,0.19527,-0.176706,0.022772,0.341299,-0.330194,0.016983,0.444442,-0.432778,0.055362,0.3018,-0.279545,0.158671,0.288216,-0.256821,0.262971,0.069314,-0.123978,0.24254,-0.165478,-0.171692,-0.019984,0.303987,-0.285841,-0.126144,0.293818,-0.285302,-0.241198,0.0649,-0.181365,-0.240564,-0.174594,-0.2029,0.093734,-0.009223,-0.00949,0.151816,-0.480034,0.036117,0.198037,-0.814146,0.108384,-0.093734,0.009224,0.00949,-0.168016,-0.46103,-0.011954,-0.219819,-0.800515,0.020537
34.85,0,0,0,0.000642,0.055882,-0.046475,0.005617,0.198816,-0.173141,0.02228,0.348362,-0.323439,0.01617,0.453927,-0.423702,0.05499,0.307656,-0.27367,0.158342,0.29377,-0.251325,0.262865,0.072316,-0.122965,0.242231,-0.161378,-0.175713,-0.020371,0.309947,-0.279745,-0.126524,0.299714,-0.279137,-0.240988,0.06856,-0.179591,-0.240285,-0.170462,-0.205845,0.093645,-0.009477,-0.010102,0.151476,-0.480425,0.034399,0.197775,-0.814271,0.107833,-0.093645,0.009477,0.010101,-0.167659,-0.460748,-0.012844,-0.218854,-0.800281,0.020115
34.866666,0,0,0,0.000661,0.056806,-0.045488,0.005547,0.202355,-0.169289,0.021837,0.355177,-0.316505,0.015428,0.462999,-0.414531,0.05466,0.31333,-0.267585,0.158053,0.299139,-0.245627,0.26269,0.075279,-0.121606,0.241876,-0.157305,-0.178988,-0.020715,0.315718,-0.273446,-0.126859,0.305391,-0.27283,-0.240734,0.072156,-0.177555,-0.240059,-0.16635,-0.208145,0.093526,-0.009794,-0.010874,0.151157,-0.480857,0.032657,0.197598,-0.814323,0.107712,-0.093525,0.009793,0.010873,-0.167215,-0.460409,-0.013546,-0.217661,-0.800025,0.019711
34.883333,0,0,0,0.000716,0.057876,-0.044282,0.005538,0.206194,-0.16491,0.021419,0.362383,-0.308826,0.014667,0.472536,-0.404439,0.054364,0.319369,-0.260813,0.157801,0.30487,-0.239272,0.262434,0.078507,-0.119875,0.241457,-0.152824,-0.182062,-0.021025,0.321829,-0.266462,-0.127154,0.311342,-0.265881,-0.24035,0.075952,-0.175205,-0.239688,-0.161946,-0.210216,0.093383,-0.010145,-0.011752,0.150832,-0.481294,0.031077,0.1974,-0.814373,0.107756,-0.093382,0.010146,0.011751,-0.166702,-0.460033,-0.014166,-0.216285,-0.799757,0.019283
34.9,0,0,0,0.00077,0.058974,-0.042968,0.005506,0.210005,-0.160336,0.02097,0.369447,-0.300889,0.013851,0.481836,-0.394043,0.054039,0.325315,-0.253813,0.157518,0.310516,-0.232682,0.262059,0.081737,-0.1179,0.240941,-0.148247,-0.184855,-0.021363,0.327826,-0.25926,-0.127476,0.317173,-0.258723,-0.239975,0.079764,-0.172555,-0.239374,-0.157459,-0.211878,0.093224,-0.010463,-0.012692,0.150517,-0.481658,0.029845,0.197191,-0.814391,0.107947,-0.093224,0.010464,0.012691,-0.166187,-0.459693,-0.014603,-0.214883,-0.79954,0.018901
34.916666,0,0,0,0.000784,0.059131,-0.042512,0.004674,0.21849,-0.148051,0.018014,0.387448,-0.275996,0.00958,0.503305,-0.363469,0.051492,0.341668,-0.231835,0.154788,0.327894,-0.209171,0.257301,0.097573,-0.095651,0.236854,-0.131153,-0.166981,-0.02381,0.342242,-0.238941,-0.129938,0.331924,-0.237004,-0.243265,0.095624,-0.148899,-0.243203,-0.140758,-0.192997,0.094554,-0.002873,-0.002257,0.150228,-0.473296,0.04984,0.192439,-0.805949,0.130769,-0.094553,0.002873,0.002258,-0.171969,-0.467321,0.00396,-0.228516,-0.804617,0.048852
34.933333,0,0,0,0.000368,0.060022,-0.042327,0.00386,0.222628,-0.144006,0.01567,0.395578,-0.267055,0.006903,0.513747,-0.351712,0.049742,0.348085,-0.224909,0.153198,0.334162,-0.203077,0.255618,0.102448,-0.092341,0.234996,-0.124824,-0.168128,-0.025687,0.349309,-0.230428,-0.13187,0.339615,-0.228239,-0.24461,0.101292,-0.144958,-0.244207,-0.13421,-0.193543,0.094657,-0.000956,-0.000533,0.149343,-0.472132,0.045498,0.189844,-0.803456,0.132529,-0.094658,0.000957,0.000533,-0.175705,-0.468652,0.004339,-0.23653,-0.803845,0.058524
34.95,0,0,0,0.00035,0.060808,-0.041828,0.003597,0.225798,-0.140303,0.014927,0.401785,-0.259358,0.005798,0.522086,-0.341257,0.049144,0.353186,-0.218326,0.152624,0.339102,-0.196715,0.254889,0.105422,-0.090041,0.23416,-0.120352,-0.170153,-0.0263,0.354455,-0.223628,-0.132483,0.344789,-0.221315,-0.244653,0.10486,-0.141972,-0.244176,-0.129718,-0.194832,0.094657,-0.000955,-0.000595,0.148726,-0.472303,0.044385,0.18851,-0.803248,0.13317,-0.094657,0.000954,0.000595,-0.175859,-0.468637,0.003169,-0.236795,-0.803497,0.05925
34.966666,0,0,0,0.000353,0.061647,-0.041124,0.003384,0.228912,-0.136296,0.014197,0.407699,-0.251452,0.004677,0.5299,-0.330737,0.048567,0.358106,-0.21151,0.152084,0.343898,-0.190155,0.254198,0.108407,-0.087391,0.233427,-0.115957,-0.171359,-0.026889,0.35937,-0.216632,-0.133071,0.349717,-0.214229,-0.244715,0.108329,-0.138656,-0.244099,-0.125253,-0.195755,0.094657,-0.000986,-0.000667,0.148132,-0.472456,0.043749,0.187144,-0.803066,0.134108,-0.094656,0.000986,0.000667,-0.175963,-0.46859,0.002411,-0.236888,-0.803135,0.060359
34.983333,0,0,0,0.000353,0.062563,-0.040196,0.003182,0.23216,-0.131697,0.013454,0.413826,-0.242738,0.003548,0.537986,-0.319296,0.047981,0.363179,-0.203925,0.151543,0.34883,-0.182887,0.253506,0.111509,-0.084263,0.23288,-0.111467,-0.171884,-0.027486,0.36442,-0.208875,-0.133667,0.35477,-0.20639,-0.244781,0.111928,-0.134796,-0.244107,-0.120599,-0.196053,0.094656,-0.001,-0.000723,0.147573,-0.472549,0.043516,0.185786,-0.802846,0.135351,-0.094656,0.000999,0.000723,-0.176063,-0.468562,0.001915,-0.236922,-0.802783,0.061769
35,0,0,0,0.000322,0.063467,-0.039146,0.002928,0.235285,-0.126866,0.012656,0.419644,-0.233743,0.002346,0.545633,-0.307507,0.047345,0.368034,-0.196108,0.150952,0.353521,-0.175405,0.252751,0.114473,-0.080871,0.2323,-0.107176,-0.171835,-0.028135,0.36925,-0.200882,-0.13431,0.35958,-0.198278,-0.244813,0.115342,-0.130594,-0.2441,-0.11609,-0.195864,0.094655,-0.000992,-0.000828,0.147116,-0.472571,0.043638,0.184632,-0.802579,0.136789,-0.094655,0.000991,0.000829,-0.176138,-0.468557,0.001815,-0.236854,-0.802488,0.063409
35.016666,0,0,0,0.000266,0.064301,-0.038111,0.002648,0.238095,-0.122262,0.011871,0.424855,-0.225235,0.001216,0.552458,-0.296419,0.046713,0.372377,-0.188718,0.150362,0.357697,-0.16835,0.251917,0.117029,-0.077746,0.231511,-0.103334,-0.171795,-0.028778,0.373571,-0.193314,-0.134945,0.363841,-0.190557,-0.24478,0.118335,-0.126472,-0.244094,-0.112041,-0.195377,0.094654,-0.000972,-0.00098,0.146854,-0.472534,0.043972,0.183896,-0.802298,0.13817,-0.094654,0.000973,0.00098,-0.176129,-0.468577,0.002019,-0.236616,-0.802292,0.064987
35.033333,0,0,0,0.000193,0.065124,-0.036947,0.002339,0.240871,-0.117256,0.011073,0.430041,-0.216082,2.10E-05,0.559249,-0.284546,0.046057,0.376699,-0.180732,0.149745,0.361859,-0.160677,0.250887,0.119454,-0.07434,0.230329,-0.099391,-0.171837,-0.029442,0.377848,-0.185207,-0.135597,0.368026,-0.182338,-0.244771,0.121291,-0.121953,-0.244228,-0.107956,-0.194527,0.094654,-0.000886,-0.001066,0.146611,-0.472411,0.044546,0.183203,-0.801957,0.139678,-0.094654,0.000885,0.001066,-0.176173,-0.468656,0.002471,-0.236476,-0.802134,0.066855
35.05,0,0,0,0.000135,0.065898,-0.035746,0.002065,0.243439,-0.112252,0.010365,0.43491,-0.207026,-0.00109,0.565674,-0.272835,0.045479,0.380687,-0.172817,0.149201,0.365649,-0.153093,0.250036,0.121716,-0.070797,0.229635,-0.095811,-0.171233,-0.030029,0.381817,-0.177147,-0.136175,0.371936,-0.174133,-0.244694,0.124057,-0.117357,-0.244297,-0.104,-0.193587,0.094653,-0.000837,-0.001185,0.146446,-0.472318,0.045072,0.182696,-0.801666,0.141016,-0.094653,0.000837,0.001185,-0.17608,-0.468719,0.00297,-0.236074,-0.801927,0.069022
35.066666,0,0,0,5.30E-05,0.066651,-0.034631,0.001755,0.245837,-0.107585,0.00967,0.439337,-0.198554,-0.002158,0.571452,-0.261907,0.044898,0.384338,-0.165428,0.148651,0.369099,-0.146021,0.249232,0.123847,-0.067417,0.229107,-0.09256,-0.170298,-0.030617,0.385452,-0.169628,-0.136753,0.37551,-0.166475,-0.244646,0.12664,-0.112933,-0.244433,-0.100322,-0.192365,0.094652,-0.000755,-0.001307,0.14634,-0.472189,0.045533,0.182328,-0.801353,0.142207,-0.094652,0.000755,0.001307,-0.176119,-0.468793,0.003287,-0.235905,-0.801801,0.07053
35.083333,0,0,0,-3.40E-05,0.067421,-0.033445,0.001413,0.248238,-0.10268,0.008906,0.443712,-0.189658,-0.00329,0.577161,-0.250362,0.044261,0.387983,-0.157681,0.148052,0.372576,-0.138611,0.248369,0.126062,-0.063702,0.228632,-0.089326,-0.168774,-0.031261,0.389063,-0.161761,-0.137384,0.379025,-0.158491,-0.24458,0.129173,-0.108225,-0.24458,-0.096667,-0.190794,0.094651,-0.000658,-0.001421,0.14615,-0.472049,0.046055,0.181799,-0.801035,0.143457,-0.094651,0.000658,0.00142,-0.176066,-0.468898,0.003693,-0.235581,-0.801699,0.072189
35.1,0,0,0,-0.000113,0.06812,-0.032212,0.001109,0.250397,-0.097782,0.008192,0.447694,-0.180848,-0.004446,0.582384,-0.238918,0.043673,0.391286,-0.150016,0.147503,0.37572,-0.131295,0.247476,0.127989,-0.06003,0.228214,-0.086434,-0.167144,-0.031857,0.392338,-0.153958,-0.137969,0.38222,-0.150576,-0.244551,0.131499,-0.103423,-0.244783,-0.093237,-0.188952,0.094649,-0.000585,-0.00157,0.145878,-0.471945,0.046513,0.181184,-0.800773,0.144569,-0.094649,0.000585,0.001569,-0.175978,-0.468984,0.004206,-0.23519,-0.801618,0.073764
35.116666,0,0,0,-0.000238,0.068968,-0.03042,0.000718,0.252596,-0.092193,0.007446,0.451372,-0.171769,-0.005526,0.587009,-0.227593,0.043036,0.394444,-0.141976,0.146918,0.378775,-0.123625,0.246515,0.129945,-0.055744,0.227959,-0.083769,-0.164387,-0.0325,0.395468,-0.145802,-0.138598,0.385216,-0.1424,-0.244557,0.133728,-0.098009,-0.245089,-0.090023,-0.18608,0.094647,-0.000439,-0.001737,0.145568,-0.471618,0.048402,0.180443,-0.80054,0.1463,-0.094647,0.00044,0.001737,-0.175843,-0.469141,0.005907,-0.234683,-0.801647,0.076388
35.133333,0,0,0,-0.000361,0.069749,-0.028903,0.00023,0.254755,-0.086834,0.00647,0.455135,-0.162566,-0.006834,0.591818,-0.215932,0.042211,0.397619,-0.133921,0.14614,0.381831,-0.115947,0.24537,0.131915,-0.051607,0.227615,-0.081078,-0.161788,-0.033334,0.398586,-0.137589,-0.139413,0.388165,-0.134086,-0.244728,0.13591,-0.092614,-0.245535,-0.086772,-0.183353,0.094644,-0.000302,-0.00191,0.145105,-0.471376,0.049655,0.179298,-0.800296,0.147799,-0.094644,0.000301,0.001911,-0.175843,-0.469272,0.00677,-0.234384,-0.801502,0.078786
35.15,0,0,0,-0.000434,0.07022,-0.028153,-8.00E-05,0.256303,-0.083067,0.005817,0.458152,-0.155308,-0.007754,0.595916,-0.206218,0.041665,0.400024,-0.127692,0.145609,0.38409,-0.109931,0.244574,0.13333,-0.048538,0.227605,-0.078909,-0.160288,-0.033887,0.400971,-0.131212,-0.139946,0.390438,-0.127465,-0.244663,0.137521,-0.08859,-0.245849,-0.084198,-0.181652,0.094642,-0.000238,-0.002055,0.144653,-0.471376,0.049371,0.178391,-0.800104,0.148313,-0.094641,0.000238,0.002054,-0.175923,-0.469326,0.006441,-0.234289,-0.801276,0.079871
35.166666,0,0,0,-0.000513,0.070682,-0.027334,-0.000414,0.257747,-0.079297,0.005107,0.460926,-0.148189,-0.008798,0.599643,-0.196784,0.041072,0.402253,-0.121566,0.145034,0.386195,-0.104024,0.243727,0.134641,-0.045509,0.227676,-0.077013,-0.158497,-0.034487,0.40316,-0.124947,-0.14053,0.392535,-0.121,-0.244708,0.139045,-0.084477,-0.246242,-0.081813,-0.17956,0.094638,-0.000165,-0.002205,0.144118,-0.471363,0.049181,0.177363,-0.799878,0.148993,-0.094638,0.000166,0.002204,-0.176048,-0.469379,0.00624,-0.234237,-0.801049,0.081065
35.183333,0,0,0,-0.000643,0.071324,-0.02573,-0.00083,0.259411,-0.074026,0.004299,0.464003,-0.139442,-0.00993,0.603649,-0.185977,0.040383,0.404695,-0.113824,0.144385,0.388593,-0.096563,0.242682,0.136185,-0.041144,0.22776,-0.075087,-0.154999,-0.035182,0.405548,-0.117082,-0.141212,0.394821,-0.113049,-0.244767,0.140747,-0.078899,-0.246857,-0.079331,-0.175766,0.094634,-1.50E-05,-0.002408,0.143269,-0.47116,0.050254,0.175753,-0.799529,0.150795,-0.094633,1.50E-05,0.002407,-0.176162,-0.4695,0.007463,-0.234064,-0.800938,0.083527
35.2,0,0,0,-0.000782,0.071874,-0.02427,-0.001285,0.260871,-0.069041,0.003566,0.466702,-0.131085,-0.010865,0.60713,-0.175724,0.039739,0.406836,-0.106472,0.143764,0.39055,-0.089527,0.241714,0.137423,-0.036839,0.228042,-0.073559,-0.151386,-0.035832,0.407678,-0.10959,-0.141843,0.396829,-0.10539,-0.244766,0.142221,-0.073367,-0.24749,-0.077103,-0.171913,0.094627,0.00014,-0.002632,0.142399,-0.470954,0.051259,0.174135,-0.799313,0.152069,-0.094627,-0.00014,0.002632,-0.176169,-0.46964,0.008684,-0.233749,-0.800856,0.085952
35.216666,0,0,0,-0.000892,0.072299,-0.023203,-0.001664,0.262059,-0.064948,0.002915,0.468983,-0.123832,-0.011803,0.610151,-0.166507,0.039174,0.408626,-0.100165,0.143219,0.392156,-0.083519,0.241003,0.138467,-0.033277,0.22836,-0.072251,-0.148428,-0.036402,0.409447,-0.103157,-0.142397,0.398502,-0.098799,-0.244693,0.143406,-0.068704,-0.248072,-0.075325,-0.168536,0.094621,0.000261,-0.002821,0.141633,-0.470851,0.051585,0.172716,-0.799116,0.152904,-0.094622,-0.000262,0.002821,-0.176177,-0.469754,0.009268,-0.233494,-0.800763,0.08761
35.233333,0,0,0,-0.000977,0.072708,-0.022169,-0.001973,0.263201,-0.060844,0.002345,0.471207,-0.116486,-0.012706,0.613127,-0.157106,0.038688,0.410345,-0.093787,0.142737,0.393677,-0.077374,0.240284,0.13943,-0.029549,0.228828,-0.071158,-0.145059,-0.036894,0.411147,-0.096656,-0.142873,0.400129,-0.092122,-0.244541,0.144572,-0.063864,-0.248617,-0.073578,-0.164935,0.094616,0.000359,-0.00299,0.140873,-0.470815,0.051527,0.17131,-0.798865,0.153734,-0.094616,-0.000359,0.00299,-0.176165,-0.469848,0.009762,-0.233226,-0.800644,0.089186
35.25,0,0,0,-0.001058,0.073104,-0.021183,-0.002295,0.264278,-0.056873,0.001705,0.473285,-0.109352,-0.013647,0.615876,-0.148077,0.038148,0.411958,-0.087611,0.142211,0.395145,-0.071427,0.239583,0.140428,-0.025801,0.229395,-0.070069,-0.141597,-0.037439,0.412718,-0.090346,-0.1434,0.401631,-0.08557,-0.244491,0.145668,-0.058974,-0.249268,-0.071923,-0.161213,0.094609,0.000443,-0.003198,0.140183,-0.470794,0.05134,0.170027,-0.798585,0.154549,-0.094609,-0.000443,0.003199,-0.176176,-0.469922,0.010405,-0.233004,-0.800493,0.090924
35.266666,0,0,0,-0.001105,0.073414,-0.020258,-0.002535,0.265124,-0.05322,0.001161,0.474976,-0.102816,-0.014526,0.618141,-0.139757,0.0377,0.413265,-0.081946,0.141773,0.396317,-0.06597,0.238944,0.141183,-0.022288,0.229972,-0.069347,-0.138124,-0.037891,0.413974,-0.084578,-0.143838,0.402834,-0.079618,-0.244429,0.146536,-0.054377,-0.249849,-0.070592,-0.157563,0.094603,0.000499,-0.003353,0.139541,-0.470771,0.051429,0.168872,-0.798396,0.155309,-0.094603,-0.000499,0.003353,-0.176194,-0.469972,0.01067,-0.232792,-0.800283,0.092409
35.283333,0,0,0,-0.001122,0.073723,-0.019293,-0.002685,0.26594,-0.049469,0.000704,0.476602,-0.096112,-0.015327,0.620312,-0.131241,0.037339,0.414523,-0.076132,0.141421,0.397451,-0.060348,0.238354,0.141911,-0.018551,0.230763,-0.068703,-0.134335,-0.038256,0.415177,-0.078673,-0.144184,0.403943,-0.073525,-0.244256,0.147326,-0.049492,-0.250423,-0.069398,-0.153483,0.094601,0.000546,-0.003414,0.13896,-0.47076,0.051531,0.167776,-0.798246,0.155994,-0.094601,-0.000546,0.003414,-0.176212,-0.470013,0.010918,-0.232626,-0.800052,0.093875
35.3,0,0,0,-0.001185,0.074014,-0.018383,-0.00298,0.266688,-0.045883,6.10E-05,0.478105,-0.089726,-0.016282,0.622323,-0.123207,0.036807,0.415668,-0.070615,0.140906,0.398496,-0.055058,0.237678,0.142629,-0.014919,0.231392,-0.06815,-0.130478,-0.038793,0.416257,-0.073019,-0.144703,0.404958,-0.067634,-0.244335,0.148074,-0.044657,-0.251188,-0.068327,-0.149277,0.094595,0.000632,-0.00355,0.138393,-0.470714,0.051501,0.166698,-0.798017,0.156671,-0.094596,-0.000632,0.003551,-0.17631,-0.470082,0.011003,-0.232529,-0.799819,0.095282
35.316666,0,0,0,-0.001254,0.074274,-0.017549,-0.003245,0.267339,-0.042599,-0.000512,0.479412,-0.083892,-0.017143,0.624077,-0.115872,0.036335,0.416654,-0.06558,0.140454,0.399411,-0.050235,0.237102,0.143287,-0.011459,0.232038,-0.067746,-0.126613,-0.03927,0.417187,-0.067846,-0.14516,0.405812,-0.062235,-0.244384,0.148693,-0.040135,-0.251959,-0.067462,-0.145212,0.094588,0.000718,-0.003719,0.137886,-0.470661,0.051446,0.165785,-0.797757,0.157368,-0.094588,-0.000718,0.003719,-0.176397,-0.470151,0.011159,-0.232394,-0.799602,0.096696
35.333333,0,0,0,-0.001313,0.074528,-0.016697,-0.003492,0.267965,-0.039178,-0.001061,0.480734,-0.077789,-0.017966,0.62588,-0.108262,0.035883,0.417608,-0.060305,0.14002,0.400287,-0.045172,0.236551,0.143913,-0.007782,0.232818,-0.067459,-0.122365,-0.039725,0.418083,-0.062452,-0.145592,0.406608,-0.056599,-0.244381,0.149248,-0.035384,-0.252685,-0.066648,-0.140937,0.094582,0.000802,-0.003856,0.137392,-0.470588,0.051599,0.164886,-0.797512,0.158156,-0.094582,-0.000803,0.003857,-0.176463,-0.470225,0.011242,-0.232207,-0.799356,0.098161
35.35,0,0,0,-0.001344,0.074755,-0.015856,-0.003671,0.268505,-0.035846,-0.001568,0.4819,-0.071852,-0.018752,0.627479,-0.100865,0.035482,0.418449,-0.055184,0.139641,0.401054,-0.040288,0.236059,0.14446,-0.004136,0.233584,-0.067307,-0.118024,-0.040131,0.418854,-0.057199,-0.145968,0.407245,-0.051101,-0.244399,0.149688,-0.030609,-0.253508,-0.06604,-0.136439,0.094577,0.000858,-0.003967,0.136922,-0.470548,0.051701,0.164005,-0.797266,0.158993,-0.094577,-0.000859,0.003968,-0.176507,-0.470271,0.011423,-0.232014,-0.799111,0.099589
35.366666,0,0,0,-0.001377,0.075007,-0.015074,-0.003828,0.269072,-0.032739,-0.001995,0.48309,-0.066365,-0.019439,0.629126,-0.094071,0.035143,0.419264,-0.050439,0.13932,0.4018,-0.03575,0.235617,0.145012,-0.000667,0.234342,-0.067185,-0.113769,-0.040473,0.419614,-0.052331,-0.146283,0.407878,-0.046005,-0.244341,0.15013,-0.026135,-0.254279,-0.065495,-0.132098,0.094571,0.000915,-0.004086,0.136469,-0.470512,0.051742,0.163189,-0.797004,0.159812,-0.094571,-0.000915,0.004086,-0.176541,-0.47032,0.011586,-0.231813,-0.798867,0.100983
35.383333,0,0,0,-0.001412,0.075217,-0.014258,-0.003981,0.269536,-0.029515,-0.002413,0.484155,-0.060642,-0.020062,0.63065,-0.086944,0.034813,0.419966,-0.045502,0.139007,0.402433,-0.031018,0.235168,0.145454,0.003025,0.235188,-0.067231,-0.109166,-0.040806,0.420263,-0.047264,-0.146586,0.408404,-0.040652,-0.244255,0.150464,-0.021372,-0.255148,-0.06507,-0.127427,0.094563,0.000966,-0.004268,0.135896,-0.4705,0.051663,0.1623,-0.796686,0.160728,-0.094563,-0.000966,0.004268,-0.176552,-0.470367,0.011797,-0.231534,-0.798604,0.1025
35.4,0,0,0,-0.001446,0.075404,-0.013458,-0.004127,0.269927,-0.026423,-0.002795,0.485045,-0.055169,-0.020705,0.631885,-0.080257,0.034509,0.420562,-0.040783,0.138716,0.402986,-0.026446,0.234746,0.145841,0.006697,0.236021,-0.067344,-0.104532,-0.041113,0.42081,-0.042429,-0.14686,0.408839,-0.03552,-0.244176,0.150732,-0.016692,-0.256084,-0.064772,-0.122699,0.094556,0.001026,-0.004413,0.135249,-0.47048,0.051636,0.161322,-0.796363,0.161684,-0.094555,-0.001026,0.004412,-0.176569,-0.470421,0.011985,-0.231318,-0.798408,0.103731
35.416666,0,0,0,-0.001499,0.075594,-0.012741,-0.004339,0.270308,-0.023615,-0.003276,0.485861,-0.050193,-0.0214,0.633013,-0.074197,0.034117,0.421122,-0.036502,0.138344,0.403529,-0.022328,0.234199,0.146227,0.010092,0.236656,-0.067483,-0.100106,-0.041507,0.421307,-0.038028,-0.147223,0.409228,-0.030829,-0.244175,0.15096,-0.012331,-0.257049,-0.064501,-0.118312,0.094547,0.001104,-0.004569,0.134684,-0.470368,0.052169,0.160392,-0.796151,0.162595,-0.094548,-0.001104,0.004568,-0.17665,-0.470486,0.012045,-0.231166,-0.79816,0.105037
35.433333,0,0,0,-0.001505,0.075822,-0.011982,-0.004329,0.270754,-0.020577,-0.003384,0.486739,-0.044794,-0.021738,0.634208,-0.067586,0.034052,0.421717,-0.031851,0.138289,0.404065,-0.01783,0.233999,0.146626,0.013931,0.237718,-0.067611,-0.095202,-0.041575,0.421888,-0.033274,-0.147262,0.409727,-0.025792,-0.243768,0.151277,-0.007522,-0.257656,-0.064202,-0.113342,0.094544,0.001146,-0.004624,0.134364,-0.47028,0.052718,0.159739,-0.79585,0.163849,-0.094544,-0.001146,0.004624,-0.176539,-0.470543,0.012334,-0.230774,-0.79784,0.106808
35.45,0,0,0,-0.001512,0.075984,-0.011215,-0.004428,0.271043,-0.017621,-0.003733,0.487366,-0.039603,-0.02233,0.635067,-0.061321,0.033788,0.422152,-0.027389,0.138044,0.404481,-0.013536,0.233546,0.146892,0.01763,0.238386,-0.067849,-0.090462,-0.041841,0.422263,-0.028686,-0.147489,0.409945,-0.020912,-0.243574,0.151317,-0.002929,-0.25851,-0.06415,-0.108627,0.09454,0.001191,-0.004679,0.133942,-0.470173,0.053452,0.158965,-0.795601,0.165078,-0.094541,-0.00119,0.00468,-0.176566,-0.470577,0.012665,-0.230599,-0.797536,0.108417
35.466666,0,0,0,-0.001598,0.076194,-0.010566,-0.004694,0.27142,-0.015063,-0.004197,0.488067,-0.035058,-0.023003,0.636024,-0.055721,0.03339,0.422643,-0.023485,0.137658,0.404922,-0.00978,0.233005,0.147221,0.020925,0.238963,-0.068,-0.086154,-0.042241,0.422707,-0.024679,-0.147861,0.41032,-0.016651,-0.243643,0.151572,0.001216,-0.259525,-0.063922,-0.10429,0.094537,0.001329,-0.004715,0.13349,-0.469986,0.054108,0.15813,-0.795302,0.166147,-0.094537,-0.001329,0.004714,-0.176675,-0.470684,0.013407,-0.230702,-0.797283,0.110382
35.483333,0,0,0,-0.001674,0.076304,-0.009873,-0.004983,0.271583,-0.012378,-0.004744,0.488544,-0.030325,-0.02376,0.636744,-0.049994,0.032929,0.42292,-0.019412,0.137207,0.405139,-0.005872,0.232338,0.147299,0.02434,0.239329,-0.068416,-0.081678,-0.042704,0.422913,-0.020507,-0.14829,0.410408,-0.012221,-0.243745,0.151525,0.005451,-0.260573,-0.064013,-0.099817,0.094533,0.00146,-0.004746,0.132947,-0.469814,0.054761,0.157188,-0.794957,0.167387,-0.094534,-0.00146,0.004746,-0.17692,-0.470767,0.01367,-0.230903,-0.796979,0.111962
35.5,0,0,0,-0.001731,0.076427,-0.009217,-0.005243,0.271758,-0.009782,-0.00527,0.489021,-0.025696,-0.024508,0.637473,-0.04432,0.032489,0.423198,-0.015436,0.13677,0.40533,-0.00203,0.231633,0.147329,0.027637,0.239523,-0.068788,-0.077495,-0.043144,0.423115,-0.016441,-0.148695,0.410464,-0.007924,-0.243834,0.151453,0.009567,-0.261649,-0.06416,-0.095385,0.094529,0.001562,-0.004803,0.132336,-0.469678,0.05536,0.156163,-0.794641,0.16859,-0.094529,-0.001562,0.004804,-0.177242,-0.470805,0.014033,-0.231244,-0.796631,0.113588
35.516666,0,0,0,-0.00178,0.076504,-0.008606,-0.005469,0.271835,-0.007365,-0.005767,0.489292,-0.021369,-0.025264,0.637896,-0.038965,0.032079,0.423364,-0.011719,0.13636,0.405413,0.001575,0.231016,0.147279,0.030752,0.239811,-0.069208,-0.073543,-0.043555,0.4232,-0.012656,-0.149077,0.410441,-0.003942,-0.24391,0.151306,0.013371,-0.262551,-0.064359,-0.091332,0.094523,0.001648,-0.004899,0.131747,-0.469551,0.055946,0.155245,-0.794325,0.169786,-0.094523,-0.001648,0.004898,-0.177528,-0.470834,0.014423,-0.231518,-0.796313,0.115113
35.533333,0,0,0,-0.001821,0.076618,-0.007981,-0.005618,0.271976,-0.004921,-0.006072,0.489656,-0.017022,-0.025732,0.63846,-0.033654,0.031827,0.423562,-0.007979,0.136106,0.405511,0.005195,0.23056,0.147245,0.033855,0.240251,-0.069586,-0.069642,-0.043808,0.423356,-0.008849,-0.149302,0.410496,5.10E-05,-0.243756,0.151207,0.017128,-0.263282,-0.064575,-0.087173,0.094517,0.001727,-0.004985,0.131193,-0.469427,0.05654,0.154402,-0.794086,0.170768,-0.094517,-0.001727,0.004985,-0.177632,-0.470888,0.014786,-0.231433,-0.795906,0.117053
35.55,0,0,0,-0.001885,0.076732,-0.007389,-0.005788,0.272106,-0.002575,-0.006298,0.489946,-0.012861,-0.026078,0.638894,-0.028641,0.031622,0.423721,-0.004398,0.135892,0.405565,0.008713,0.230148,0.147182,0.036955,0.240674,-0.069944,-0.06584,-0.044013,0.423506,-0.005208,-0.149487,0.410584,0.003844,-0.24361,0.151163,0.020744,-0.263969,-0.06473,-0.083166,0.094508,0.00183,-0.005099,0.130732,-0.46927,0.057104,0.153688,-0.793755,0.171874,-0.094509,-0.00183,0.005099,-0.177728,-0.470967,0.015137,-0.231456,-0.795758,0.118162
35.566666,0,0,0,-0.001922,0.076834,-0.006845,-0.005885,0.272215,-0.000459,-0.006434,0.490199,-0.009091,-0.026293,0.639293,-0.02406,0.0315,0.423846,-0.001141,0.135762,0.405605,0.011909,0.229869,0.147119,0.039716,0.241084,-0.070214,-0.062567,-0.044136,0.423624,-0.00193,-0.14959,0.410634,0.007243,-0.243359,0.151075,0.024002,-0.264493,-0.064937,-0.079506,0.094505,0.001905,-0.005148,0.130356,-0.469127,0.057778,0.15308,-0.79347,0.172993,-0.094504,-0.001905,0.005148,-0.177688,-0.471044,0.015422,-0.231233,-0.795516,0.119539
35.583333,0,0,0,-0.001964,0.076932,-0.006294,-0.006034,0.272305,0.001646,-0.006668,0.490423,-0.005351,-0.026625,0.639662,-0.019476,0.031294,0.42395,0.002091,0.135547,0.405616,0.015083,0.229428,0.146992,0.042358,0.241322,-0.070508,-0.059492,-0.044342,0.423706,0.001325,-0.149783,0.410656,0.010577,-0.243237,0.150969,0.027102,-0.265085,-0.065157,-0.076018,0.094498,0.001984,-0.00524,0.129965,-0.468994,0.058303,0.152478,-0.793159,0.174062,-0.094498,-0.001984,0.00524,-0.177713,-0.471114,0.015659,-0.231061,-0.79525,0.120919
35.6,0,0,0,-0.002028,0.077055,-0.00599,-0.00625,0.272473,0.003141,-0.006995,0.490723,-0.002377,-0.027015,0.640128,-0.015581,0.031002,0.424131,0.004604,0.13524,0.405715,0.017602,0.228917,0.146965,0.044375,0.241336,-0.07062,-0.057233,-0.044634,0.423854,0.00386,-0.150055,0.410773,0.013284,-0.243324,0.15101,0.029656,-0.265674,-0.065133,-0.073321,0.094493,0.002075,-0.005302,0.12928,-0.468914,0.058533,0.151717,-0.792027,0.177211,-0.094492,-0.002075,0.005302,-0.177839,-0.471184,0.015595,-0.231105,-0.795069,0.121666
35.616666,0,0,0,-0.001908,0.077222,-0.00565,-0.005752,0.272716,0.004868,-0.006178,0.4911,0.000883,-0.026134,0.640687,-0.011462,0.031721,0.424305,0.007404,0.135941,0.405812,0.020431,0.229597,0.147014,0.046807,0.24245,-0.070574,-0.054742,-0.043915,0.424144,0.006645,-0.149327,0.411068,0.016187,-0.242211,0.151153,0.032338,-0.264974,-0.065005,-0.070516,0.094506,0.001963,-0.0051,0.129906,-0.469022,0.05843,0.152255,-0.791611,0.178543,-0.094506,-0.001962,0.0051,-0.177255,-0.471167,0.015858,-0.230201,-0.794636,0.123349
35.633333,0,0,0,-0.001882,0.077269,-0.005212,-0.005707,0.272704,0.006651,-0.00622,0.491195,0.004147,-0.02624,0.64092,-0.007439,0.031707,0.424287,0.010213,0.135918,0.40574,0.023239,0.229358,0.146803,0.049017,0.242618,-0.070754,-0.052544,-0.04393,0.4241,0.009458,-0.149328,0.410928,0.019015,-0.241963,0.150904,0.034823,-0.26527,-0.065404,-0.067594,0.094506,0.001957,-0.005109,0.129602,-0.468987,0.058893,0.151703,-0.791397,0.179529,-0.094505,-0.001957,0.005109,-0.177171,-0.471167,0.016283,-0.229965,-0.794346,0.124716
35.65,0,0,0,-0.001888,0.077331,-0.004774,-0.005727,0.272715,0.008407,-0.006234,0.491269,0.007323,-0.02626,0.641098,-0.003559,0.03169,0.424271,0.012956,0.135878,0.405599,0.025985,0.229078,0.146515,0.051148,0.242667,-0.070938,-0.050592,-0.043946,0.424091,0.012196,-0.149336,0.410898,0.02181,-0.241722,0.150762,0.037232,-0.265346,-0.065481,-0.065249,0.094502,0.001989,-0.005156,0.129283,-0.468894,0.059465,0.151214,-0.791172,0.180484,-0.094502,-0.001989,0.005157,-0.177075,-0.471206,0.016687,-0.229694,-0.794121,0.12599
35.666666,0,0,0,-0.001905,0.077394,-0.004368,-0.005787,0.27273,0.010033,-0.006314,0.491312,0.010257,-0.026336,0.641214,2.10E-05,0.031616,0.424259,0.015493,0.135789,0.405476,0.028485,0.228754,0.146242,0.05297,0.242536,-0.071098,-0.048985,-0.04402,0.424077,0.014724,-0.1494,0.410825,0.024362,-0.24158,0.150585,0.039272,-0.265568,-0.065627,-0.063189,0.094501,0.002035,-0.005179,0.128996,-0.468798,0.05996,0.150753,-0.790967,0.181299,-0.0945,-0.002034,0.005178,-0.177035,-0.471245,0.017245,-0.22954,-0.793921,0.127302
35.683333,0,0,0,-0.001937,0.077439,-0.003957,-0.005923,0.272703,0.011662,-0.006473,0.491252,0.013168,-0.026446,0.641172,0.003539,0.031461,0.424202,0.018029,0.135613,0.405288,0.031001,0.228327,0.145891,0.054686,0.242214,-0.071277,-0.047622,-0.044175,0.424017,0.017223,-0.149558,0.410755,0.026814,-0.241518,0.150408,0.041196,-0.265603,-0.065656,-0.061556,0.094496,0.002095,-0.005222,0.128711,-0.468675,0.060507,0.150322,-0.790718,0.182208,-0.094497,-0.002096,0.005222,-0.177006,-0.471298,0.017791,-0.229404,-0.793733,0.128606
35.7,0,0,0,-0.001959,0.077448,-0.003611,-0.006017,0.272609,0.01313,-0.006572,0.491085,0.015832,-0.026488,0.640983,0.00673,0.031363,0.424071,0.020331,0.135491,0.405021,0.033292,0.22793,0.14546,0.056249,0.241806,-0.071459,-0.046588,-0.044272,0.423889,0.019513,-0.149653,0.410607,0.029106,-0.241436,0.150166,0.042908,-0.265474,-0.065664,-0.060343,0.094491,0.002144,-0.005292,0.128484,-0.468577,0.06091,0.14996,-0.790502,0.182947,-0.094492,-0.002143,0.005291,-0.176897,-0.471349,0.018362,-0.229113,-0.793582,0.129849
35.716666,0,0,0,-0.00199,0.077437,-0.003323,-0.006162,0.272486,0.01441,-0.006784,0.490892,0.01818,-0.026645,0.640772,0.00956,0.03117,0.423922,0.022363,0.135281,0.404756,0.035296,0.227437,0.145032,0.057536,0.241206,-0.071639,-0.045834,-0.044465,0.423721,0.021523,-0.14984,0.410389,0.031107,-0.241406,0.149838,0.044249,-0.265374,-0.06579,-0.059439,0.094488,0.002199,-0.005332,0.12829,-0.468478,0.061281,0.149659,-0.790295,0.183619,-0.094489,-0.002198,0.005331,-0.176838,-0.4714,0.018889,-0.228956,-0.793452,0.130945
35.733333,0,0,0,-0.001995,0.077414,-0.003012,-0.006232,0.272323,0.015802,-0.006939,0.490665,0.020694,-0.026715,0.64054,0.012538,0.03104,0.423731,0.024539,0.135138,0.404476,0.03744,0.226979,0.144579,0.058961,0.24051,-0.071788,-0.045075,-0.044595,0.423505,0.023688,-0.149962,0.410114,0.033289,-0.241345,0.149466,0.045764,-0.265124,-0.065839,-0.058639,0.094487,0.002228,-0.00534,0.128207,-0.468387,0.061746,0.149531,-0.790118,0.18432,-0.094487,-0.002227,0.00534,-0.176703,-0.471436,0.019455,-0.228722,-0.793283,0.132142
35.75,0,0,0,-0.002007,0.077422,-0.002692,-0.006306,0.272227,0.017145,-0.007097,0.490523,0.023095,-0.026804,0.640409,0.015345,0.030907,0.423605,0.026617,0.134993,0.404283,0.039516,0.226435,0.144194,0.0604,0.239555,-0.071828,-0.044404,-0.044728,0.423354,0.025761,-0.150084,0.409895,0.035378,-0.241307,0.149158,0.047154,-0.26485,-0.065794,-0.058026,0.094487,0.002265,-0.005323,0.12814,-0.468296,0.062178,0.149423,-0.789912,0.185059,-0.094487,-0.002265,0.005323,-0.176593,-0.471473,0.020091,-0.228542,-0.793133,0.133342
35.766666,0,0,0,-0.002022,0.077427,-0.002398,-0.006379,0.272135,0.018309,-0.007232,0.490428,0.025172,-0.026892,0.640364,0.017802,0.030791,0.423483,0.028416,0.134867,0.4041,0.041305,0.225902,0.143821,0.061583,0.238564,-0.071841,-0.044017,-0.044843,0.423214,0.027555,-0.150191,0.409694,0.037185,-0.24123,0.14886,0.048212,-0.264526,-0.065693,-0.057834,0.094485,0.002302,-0.005337,0.128057,-0.468211,0.06253,0.149299,-0.789749,0.185623,-0.094485,-0.002302,0.005336,-0.176477,-0.471515,0.020593,-0.228327,-0.793013,0.13435
35.783333,0,0,0,-0.002045,0.07748,-0.0021,-0.006474,0.272138,0.019457,-0.007419,0.490447,0.027236,-0.027036,0.640457,0.020298,0.030633,0.423458,0.030199,0.134709,0.404051,0.043044,0.225258,0.143555,0.062694,0.237264,-0.071727,-0.043753,-0.045002,0.423161,0.029335,-0.15034,0.409564,0.038961,-0.241152,0.148615,0.049113,-0.264193,-0.06553,-0.05781,0.094484,0.00235,-0.005336,0.127966,-0.468124,0.06285,0.149144,-0.789558,0.186227,-0.094484,-0.002349,0.005336,-0.176338,-0.471571,0.021049,-0.228095,-0.792877,0.135388
35.8,0,0,0,-0.002069,0.07751,-0.001816,-0.006583,0.272101,0.020543,-0.007602,0.490416,0.029211,-0.027158,0.640497,0.022789,0.030473,0.423388,0.0319,0.134548,0.40395,0.04471,0.224585,0.143231,0.063754,0.235869,-0.071593,-0.043694,-0.045162,0.423069,0.031035,-0.150493,0.409406,0.040636,-0.241081,0.148345,0.049861,-0.263891,-0.065339,-0.058029,0.094483,0.002396,-0.005329,0.127895,-0.468033,0.063196,0.149016,-0.789376,0.186819,-0.094484,-0.002397,0.00533,-0.176212,-0.471624,0.021523,-0.227853,-0.792765,0.136377
35.816666,0,0,0,-0.002085,0.077535,-0.001562,-0.006668,0.27206,0.021501,-0.007775,0.490305,0.030886,-0.02732,0.640361,0.024835,0.030326,0.423324,0.033362,0.134401,0.40387,0.046148,0.223984,0.142955,0.064643,0.234513,-0.071417,-0.043778,-0.045308,0.422978,0.032484,-0.150635,0.409258,0.042056,-0.24102,0.148102,0.050534,-0.263491,-0.06512,-0.058337,0.094485,0.002435,-0.005292,0.127827,-0.467953,0.063554,0.148889,-0.789198,0.187439,-0.094484,-0.002434,0.005292,-0.176072,-0.471667,0.022043,-0.227631,-0.79264,0.137401
35.833333,0,0,0,-0.002096,0.077537,-0.001333,-0.006761,0.271977,0.022425,-0.007958,0.490157,0.032538,-0.027499,0.640194,0.02677,0.030169,0.423215,0.034798,0.13424,0.403719,0.047552,0.223294,0.142584,0.065499,0.232962,-0.07134,-0.043883,-0.045465,0.422841,0.033906,-0.150789,0.409078,0.043444,-0.241068,0.147858,0.051071,-0.263163,-0.06483,-0.058915,0.094488,0.002465,-0.005223,0.127752,-0.467877,0.06397,0.148746,-0.789046,0.188065,-0.094487,-0.002466,0.005224,-0.175981,-0.471693,0.022559,-0.22751,-0.792499,0.138395
35.85,0,0,0,-0.002107,0.077531,-0.001124,-0.006844,0.271882,0.023265,-0.008124,0.490014,0.034036,-0.027658,0.640048,0.028578,0.030027,0.423095,0.036106,0.13409,0.403562,0.048867,0.22265,0.142223,0.066282,0.231522,-0.071255,-0.044035,-0.045607,0.422697,0.035189,-0.150927,0.408877,0.044683,-0.241079,0.147589,0.051404,-0.262767,-0.06459,-0.059642,0.094489,0.002493,-0.005193,0.127663,-0.4678,0.064378,0.148571,-0.788886,0.188701,-0.094488,-0.002494,0.005194,-0.175934,-0.471707,0.023134,-0.227462,-0.792387,0.139319
35.866666,0,0,0,-0.002115,0.077527,-0.000964,-0.006912,0.271797,0.023986,-0.008288,0.489873,0.035369,-0.027797,0.639895,0.03017,0.029889,0.422989,0.037276,0.133946,0.40344,0.050068,0.222046,0.141913,0.066977,0.230178,-0.071186,-0.044129,-0.045744,0.422562,0.03631,-0.151062,0.408669,0.045724,-0.241086,0.147316,0.051568,-0.262416,-0.064433,-0.060365,0.094492,0.002515,-0.005119,0.127583,-0.467723,0.064864,0.148412,-0.788767,0.189309,-0.094492,-0.002514,0.005119,-0.175881,-0.471711,0.023736,-0.227452,-0.792273,0.140227
35.883333,0,0,0,-0.002125,0.077522,-0.000803,-0.006992,0.271718,0.024664,-0.008482,0.489721,0.036601,-0.028007,0.639704,0.031607,0.029727,0.422894,0.038357,0.133777,0.403335,0.051194,0.221299,0.141579,0.067556,0.228413,-0.070997,-0.044614,-0.045905,0.422432,0.037356,-0.151215,0.408462,0.046752,-0.241087,0.147039,0.051703,-0.262044,-0.064198,-0.061263,0.094496,0.002538,-0.005036,0.1275,-0.46766,0.065255,0.148219,-0.788641,0.189879,-0.094495,-0.002539,0.005036,-0.175852,-0.471715,0.024285,-0.227486,-0.792136,0.141137
35.9,0,0,0,-0.002138,0.07754,-0.000645,-0.007064,0.271693,0.02526,-0.008604,0.489628,0.037718,-0.028131,0.639579,0.032956,0.029616,0.422842,0.039342,0.133656,0.40325,0.052206,0.220659,0.141287,0.068011,0.227,-0.070891,-0.044956,-0.046015,0.422368,0.038287,-0.151328,0.408367,0.047605,-0.241032,0.146872,0.051713,-0.261493,-0.06371,-0.06256,0.094498,0.002565,-0.004979,0.127482,-0.46759,0.065611,0.148167,-0.788504,0.190415,-0.094498,-0.002564,0.004978,-0.175801,-0.471729,0.024716,-0.227455,-0.792012,0.141938
35.916666,0,0,0,-0.002151,0.077546,-0.000506,-0.007151,0.271654,0.025766,-0.008755,0.48956,0.038636,-0.028219,0.639521,0.034048,0.02948,0.422785,0.04017,0.133513,0.403202,0.0531,0.22004,0.141055,0.068464,0.225612,-0.070685,-0.045363,-0.04615,0.422295,0.039043,-0.151468,0.408263,0.048253,-0.241082,0.146726,0.051685,-0.261086,-0.063349,-0.063597,0.094501,0.002589,-0.004909,0.127445,-0.46753,0.065935,0.148072,-0.788376,0.190923,-0.094501,-0.002589,0.004908,-0.17576,-0.471744,0.025078,-0.227462,-0.791921,0.142565
35.933333,0,0,0,-0.002173,0.077569,-0.00037,-0.007252,0.271651,0.026242,-0.008925,0.489488,0.039473,-0.028325,0.639413,0.034976,0.029326,0.422767,0.040931,0.133348,0.403198,0.05397,0.219426,0.140881,0.068953,0.224329,-0.070421,-0.045716,-0.046303,0.422259,0.039737,-0.151623,0.408176,0.048837,-0.241117,0.146588,0.051383,-0.26072,-0.063099,-0.064672,0.094504,0.002625,-0.004834,0.127405,-0.467469,0.066199,0.147961,-0.788257,0.191347,-0.094504,-0.002626,0.004834,-0.175717,-0.47177,0.025431,-0.227451,-0.791814,0.143266
35.95,0,0,0,-0.002191,0.077562,-0.000262,-0.00733,0.271599,0.026622,-0.009045,0.48939,0.040143,-0.02844,0.639292,0.035723,0.029214,0.4227,0.041548,0.133224,0.403127,0.054674,0.218904,0.14066,0.069305,0.223134,-0.07021,-0.046182,-0.046414,0.422183,0.040283,-0.151739,0.408064,0.049277,-0.241061,0.146411,0.051064,-0.260289,-0.062917,-0.065699,0.094507,0.002654,-0.004761,0.127362,-0.467417,0.066445,0.147863,-0.788168,0.191699,-0.094507,-0.002653,0.004762,-0.175679,-0.471789,0.025696,-0.227455,-0.791726,0.143804
35.966666,0,0,0,-0.002202,0.07757,-0.000182,-0.007404,0.271585,0.0269,-0.00919,0.489331,0.040645,-0.028553,0.639208,0.036319,0.029084,0.42268,0.042025,0.133085,0.403118,0.055241,0.218386,0.140513,0.069609,0.222056,-0.069986,-0.046572,-0.046542,0.422145,0.040676,-0.151874,0.407969,0.049505,-0.241055,0.146264,0.050692,-0.259909,-0.062769,-0.066659,0.094509,0.002672,-0.004704,0.127332,-0.467378,0.066649,0.147792,-0.788088,0.192014,-0.094509,-0.002671,0.004704,-0.175647,-0.471801,0.025914,-0.227424,-0.791622,0.144335
35.983333,0,0,0,-0.002205,0.077575,-0.000109,-0.007425,0.271572,0.027134,-0.009222,0.489279,0.041048,-0.028564,0.639133,0.036796,0.029049,0.422654,0.042419,0.133038,0.403099,0.055741,0.218021,0.14038,0.069909,0.221127,-0.069749,-0.046955,-0.046576,0.422122,0.040985,-0.151917,0.40793,0.049669,-0.241014,0.146195,0.050165,-0.259501,-0.062549,-0.067759,0.094511,0.00268,-0.004646,0.127328,-0.46735,0.066846,0.147758,-0.788013,0.192337,-0.094512,-0.00268,0.004646,-0.17557,-0.471809,0.026161,-0.227338,-0.791501,0.144933
36,0,0,0,-0.002214,0.077586,-5.20E-05,-0.007449,0.271576,0.027313,-0.009214,0.48923,0.041328,-0.028564,0.639036,0.037076,0.029041,0.422643,0.042708,0.133016,0.403086,0.05614,0.217781,0.140292,0.070202,0.220379,-0.069511,-0.047261,-0.046582,0.422127,0.041198,-0.151933,0.407937,0.049772,-0.240918,0.146164,0.049696,-0.25905,-0.062318,-0.068745,0.094515,0.002694,-0.004565,0.12735,-0.467318,0.067035,0.147743,-0.787931,0.192659,-0.094516,-0.002694,0.004566,-0.175474,-0.471827,0.026371,-0.227249,-0.791394,0.145478
36.016666,0,0,0,-0.002214,0.077564,-3.40E-05,-0.007453,0.271528,0.027359,-0.009195,0.489189,0.041397,-0.028538,0.639006,0.037169,0.029047,0.422587,0.042811,0.133008,0.403029,0.056344,0.217605,0.140179,0.070395,0.21978,-0.069388,-0.047497,-0.046575,0.422085,0.041219,-0.151935,0.407883,0.049644,-0.240842,0.146083,0.04917,-0.258669,-0.062264,-0.069554,0.094519,0.002696,-0.004486,0.127366,-0.467304,0.067189,0.147723,-0.787882,0.192907,-0.094519,-0.002696,0.004485,-0.175365,-0.47184,0.026497,-0.227142,-0.791311,0.145858
36.033333,0,0,0,-0.002215,0.07757,-3.30E-05,-0.00745,0.271548,0.027309,-0.009153,0.489191,0.041307,-0.028472,0.638989,0.03706,0.029071,0.422601,0.042771,0.133018,0.403023,0.05639,0.217453,0.14012,0.070412,0.219348,-0.069239,-0.047854,-0.046549,0.422117,0.041104,-0.151922,0.407918,0.04938,-0.240729,0.146085,0.048498,-0.258255,-0.062087,-0.070575,0.094522,0.002697,-0.004427,0.127405,-0.467295,0.067284,0.147737,-0.787836,0.193102,-0.094522,-0.002697,0.004426,-0.175247,-0.471855,0.026564,-0.226991,-0.791251,0.146143
36.05,0,0,0,-0.002213,0.077581,-4.70E-05,-0.007435,0.271584,0.02719,-0.009081,0.489205,0.041065,-0.028385,0.638971,0.036716,0.02912,0.422634,0.042605,0.133052,0.403045,0.056317,0.217381,0.140113,0.070444,0.219069,-0.069114,-0.048058,-0.046498,0.422173,0.040864,-0.151885,0.408001,0.049017,-0.240617,0.146144,0.047884,-0.25781,-0.061919,-0.071429,0.094525,0.002694,-0.004367,0.127471,-0.467278,0.067445,0.147803,-0.787777,0.193369,-0.094525,-0.002695,0.004367,-0.175112,-0.471871,0.026629,-0.22683,-0.791202,0.14639
36.066666,0,0,0,-0.002212,0.0776,-6.80E-05,-0.007429,0.27164,0.027044,-0.009016,0.489232,0.040749,-0.028285,0.638959,0.03629,0.029162,0.42269,0.042377,0.133081,0.403099,0.056185,0.217369,0.140164,0.070486,0.218985,-0.069019,-0.048094,-0.046455,0.422252,0.04057,-0.151853,0.40811,0.048631,-0.240523,0.146232,0.047382,-0.257399,-0.061722,-0.072167,0.094528,0.002691,-0.004293,0.127544,-0.467259,0.067629,0.147882,-0.787721,0.193647,-0.094528,-0.002691,0.004292,-0.174965,-0.471887,0.026685,-0.226673,-0.791143,0.146651
36.083333,0,0,0,-0.002205,0.077595,-0.000104,-0.007396,0.271658,0.026814,-0.0089,0.489233,0.040245,-0.028166,0.638922,0.035619,0.029247,0.42271,0.041991,0.133153,0.403117,0.055895,0.217479,0.140207,0.070441,0.21907,-0.069017,-0.048067,-0.046369,0.422303,0.040118,-0.151783,0.408216,0.048046,-0.240463,0.146341,0.046791,-0.257017,-0.061619,-0.072791,0.094532,0.00268,-0.004219,0.127625,-0.467246,0.067826,0.147983,-0.787686,0.193897,-0.094532,-0.002681,0.004218,-0.174797,-0.471895,0.026827,-0.226485,-0.791097,0.146946
36.1,0,0,0,-0.002199,0.077579,-0.000159,-0.007374,0.271662,0.026508,-0.00878,0.489244,0.0396,-0.027965,0.638922,0.034747,0.029332,0.422719,0.04148,0.133223,0.403117,0.055487,0.217642,0.140253,0.070299,0.21933,-0.069093,-0.047993,-0.046282,0.422347,0.039547,-0.151713,0.408328,0.047383,-0.240391,0.146452,0.046205,-0.256595,-0.061501,-0.073437,0.094533,0.00267,-0.004184,0.127708,-0.467224,0.068031,0.148109,-0.787647,0.194138,-0.094534,-0.00267,0.004185,-0.174629,-0.471904,0.027,-0.226278,-0.791079,0.147207
36.116666,0,0,0,-0.002192,0.077564,-0.000233,-0.007336,0.271677,0.0261,-0.008616,0.489265,0.038766,-0.027729,0.638922,0.033615,0.029453,0.42274,0.040806,0.133323,0.403116,0.054933,0.217857,0.140301,0.069981,0.21975,-0.069219,-0.047999,-0.04616,0.422411,0.038816,-0.15161,0.40848,0.046547,-0.240323,0.146615,0.045611,-0.256257,-0.061429,-0.073909,0.094535,0.002659,-0.004161,0.12782,-0.467197,0.068252,0.148312,-0.787623,0.194335,-0.094535,-0.002659,0.004161,-0.174455,-0.471915,0.027134,-0.226052,-0.791076,0.147401
36.133333,0,0,0,-0.002176,0.077559,-0.000378,-0.007275,0.271727,0.025526,-0.008367,0.489316,0.037634,-0.0274,0.638938,0.032097,0.02964,0.422794,0.039875,0.133482,0.403126,0.054142,0.218248,0.1404,0.069435,0.220439,-0.06938,-0.048076,-0.045972,0.422528,0.037827,-0.151444,0.408725,0.045492,-0.240182,0.146867,0.044957,-0.255866,-0.061317,-0.074352,0.094536,0.002632,-0.004165,0.127968,-0.467178,0.068482,0.1486,-0.78763,0.194476,-0.094535,-0.002633,0.004165,-0.17425,-0.471923,0.02715,-0.225753,-0.791092,0.147434
36.15,0,0,0,-0.002179,0.077569,-0.000496,-0.007246,0.271807,0.024963,-0.008175,0.489418,0.036478,-0.027078,0.639028,0.030477,0.029777,0.422883,0.038934,0.133596,0.403192,0.053338,0.218638,0.140575,0.068956,0.221243,-0.069502,-0.048016,-0.045833,0.422672,0.03682,-0.151328,0.408998,0.044395,-0.240166,0.147174,0.04438,-0.255561,-0.061185,-0.074661,0.094536,0.002629,-0.004163,0.12811,-0.467132,0.068725,0.148844,-0.787588,0.194695,-0.094536,-0.002629,0.004163,-0.174066,-0.471947,0.027232,-0.225476,-0.791128,0.147524
36.166666,0,0,0,-0.002184,0.0776,-0.000588,-0.007203,0.271934,0.024387,-0.00793,0.489555,0.035244,-0.026691,0.639137,0.028769,0.029957,0.423016,0.03792,0.133756,0.403294,0.052422,0.219065,0.140789,0.068455,0.222159,-0.069618,-0.047912,-0.045653,0.42287,0.03577,-0.151173,0.409347,0.043259,-0.240145,0.147569,0.043843,-0.25528,-0.061008,-0.074851,0.094536,0.00263,-0.004161,0.128264,-0.467078,0.069006,0.149113,-0.787544,0.194929,-0.094536,-0.002629,0.00416,-0.173862,-0.471974,0.027367,-0.225165,-0.791193,0.147604
36.183333,0,0,0,-0.002186,0.077606,-0.000722,-0.007143,0.272033,0.023587,-0.007637,0.489553,0.03355,-0.026166,0.63899,0.026404,0.030177,0.423129,0.036513,0.133955,0.403379,0.051133,0.219564,0.141005,0.067703,0.223251,-0.069793,-0.047936,-0.045432,0.423056,0.034347,-0.150975,0.409696,0.041821,-0.240064,0.147961,0.043269,-0.254958,-0.060862,-0.075021,0.094536,0.002625,-0.004168,0.12842,-0.467022,0.069315,0.149418,-0.787537,0.195089,-0.094536,-0.002624,0.004168,-0.173619,-0.472004,0.027497,-0.224795,-0.791295,0.147597
36.2,0,0,0,-0.002191,0.077635,-0.000881,-0.007086,0.272184,0.022709,-0.007341,0.489713,0.03171,-0.02569,0.6391,0.0238,0.030399,0.423294,0.034977,0.134155,0.403519,0.049716,0.220108,0.141297,0.0669,0.224435,-0.069902,-0.047981,-0.04521,0.423296,0.032792,-0.150776,0.410115,0.040254,-0.240047,0.148449,0.042617,-0.254734,-0.060662,-0.075189,0.094535,0.00262,-0.004186,0.128626,-0.46697,0.069564,0.149807,-0.787532,0.195187,-0.094535,-0.002621,0.004185,-0.173389,-0.472034,0.027635,-0.22445,-0.791423,0.147522
36.216666,0,0,0,-0.002185,0.077665,-0.001054,-0.006968,0.272339,0.021776,-0.006945,0.489928,0.029762,-0.025124,0.639311,0.021067,0.030709,0.423457,0.033345,0.134447,0.403666,0.048183,0.220752,0.141609,0.066108,0.225619,-0.069966,-0.048058,-0.0449,0.423546,0.031146,-0.150486,0.410542,0.038634,-0.239929,0.148946,0.042008,-0.254491,-0.06045,-0.075307,0.094536,0.002603,-0.004169,0.128875,-0.466935,0.069795,0.15025,-0.787548,0.195257,-0.094537,-0.002602,0.004169,-0.173142,-0.47205,0.027747,-0.2241,-0.791548,0.147391
36.233333,0,0,0,-0.002159,0.077664,-0.001273,-0.006814,0.272444,0.020683,-0.006512,0.490047,0.027488,-0.024487,0.639377,0.017916,0.031058,0.423573,0.03143,0.134789,0.403788,0.046328,0.22153,0.141939,0.065183,0.226945,-0.070112,-0.04807,-0.044551,0.423747,0.029235,-0.150157,0.410927,0.036753,-0.239841,0.149432,0.041378,-0.254285,-0.060341,-0.075274,0.094538,0.002559,-0.004159,0.129128,-0.466913,0.070105,0.150692,-0.787588,0.195374,-0.094538,-0.00256,0.00416,-0.172871,-0.472044,0.027931,-0.223711,-0.791698,0.147205
36.25,0,0,0,-0.002125,0.077677,-0.001534,-0.006638,0.272585,0.01944,-0.006046,0.490186,0.024939,-0.023813,0.639434,0.014378,0.031434,0.423726,0.029285,0.135148,0.403936,0.044296,0.222335,0.142316,0.064227,0.228279,-0.07021,-0.048108,-0.044173,0.423987,0.02708,-0.1498,0.411354,0.034626,-0.239759,0.149983,0.040663,-0.254091,-0.060231,-0.075207,0.094539,0.002504,-0.004153,0.129383,-0.466908,0.070379,0.151167,-0.787667,0.195395,-0.09454,-0.002504,0.004152,-0.172592,-0.472025,0.028105,-0.223326,-0.791879,0.14689
36.266666,0,0,0,-0.002089,0.077676,-0.001818,-0.006462,0.272697,0.018149,-0.005614,0.490307,0.022326,-0.023207,0.639483,0.010774,0.031787,0.42385,0.027076,0.135491,0.404064,0.042165,0.223126,0.142678,0.063173,0.229538,-0.07035,-0.048179,-0.04382,0.424187,0.024869,-0.149463,0.411716,0.032454,-0.239709,0.150482,0.039951,-0.253982,-0.060191,-0.075091,0.094541,0.002445,-0.004154,0.129645,-0.466903,0.07065,0.151656,-0.787737,0.195434,-0.094541,-0.002445,0.004153,-0.17231,-0.472003,0.028316,-0.222948,-0.792077,0.146545
36.283333,0,0,0,-0.002027,0.077678,-0.002327,-0.006241,0.272845,0.016342,-0.005138,0.490438,0.018989,-0.02254,0.639505,0.006289,0.032186,0.424012,0.02421,0.135867,0.404188,0.039398,0.223902,0.143048,0.061755,0.23071,-0.07049,-0.048592,-0.043421,0.424422,0.021994,-0.149077,0.412106,0.029654,-0.239673,0.151048,0.038874,-0.253937,-0.060194,-0.075121,0.094544,0.002344,-0.004147,0.129999,-0.466985,0.070617,0.152253,-0.787892,0.195168,-0.094544,-0.002343,0.004148,-0.172058,-0.471939,0.02838,-0.22266,-0.792287,0.14588
36.3,0,0,0,-0.001984,0.077697,-0.002658,-0.006048,0.273019,0.014661,-0.0047,0.490605,0.015593,-0.021902,0.639561,0.001619,0.032548,0.4242,0.021345,0.13622,0.404417,0.036653,0.224613,0.14352,0.060381,0.231803,-0.070575,-0.048858,-0.043058,0.424678,0.019111,-0.148735,0.412549,0.026783,-0.239697,0.151686,0.03775,-0.253971,-0.060169,-0.075099,0.094548,0.002275,-0.004091,0.130334,-0.467002,0.070844,0.152889,-0.788021,0.195052,-0.094548,-0.002274,0.004091,-0.171822,-0.471898,0.028554,-0.222437,-0.792528,0.145275
36.316666,0,0,0,-0.001933,0.077716,-0.003024,-0.005824,0.273191,0.012897,-0.004197,0.490774,0.012058,-0.021234,0.639617,-0.003246,0.032965,0.424372,0.018351,0.136626,0.404614,0.033767,0.22534,0.143957,0.058891,0.232862,-0.070675,-0.049267,-0.04264,0.424928,0.016112,-0.148338,0.413008,0.023817,-0.239687,0.152362,0.036579,-0.254003,-0.060125,-0.075071,0.094552,0.002195,-0.00403,0.130697,-0.467042,0.070978,0.15354,-0.788189,0.194801,-0.094553,-0.002195,0.00403,-0.171583,-0.471845,0.028754,-0.222206,-0.792778,0.144637
36.333333,0,0,0,-0.001851,0.077674,-0.003753,-0.005467,0.273281,0.010373,-0.003459,0.490858,0.007456,-0.02027,0.639578,-0.009369,0.03359,0.424438,0.014368,0.13722,0.40464,0.029935,0.226286,0.144282,0.056865,0.234192,-0.070931,-0.050103,-0.042015,0.425106,0.012154,-0.14773,0.413374,0.019922,-0.2395,0.152983,0.034714,-0.253902,-0.060317,-0.075363,0.094553,0.002056,-0.004101,0.131259,-0.467168,0.070719,0.154499,-0.788393,0.194265,-0.094552,-0.002056,0.004101,-0.171257,-0.471772,0.028581,-0.221773,-0.793108,0.143392
36.35,0,0,0,-0.001824,0.077682,-0.00415,-0.005246,0.273431,0.00835,-0.002914,0.490964,0.003317,-0.019513,0.639503,-0.015205,0.034036,0.424561,0.010871,0.137651,0.404802,0.026589,0.227038,0.144733,0.055195,0.235237,-0.071132,-0.050429,-0.041568,0.425321,0.008657,-0.147305,0.413819,0.016457,-0.239476,0.153698,0.033351,-0.25403,-0.060451,-0.075046,0.09455,0.001996,-0.004179,0.13163,-0.467143,0.070985,0.155247,-0.788499,0.194122,-0.094551,-0.001996,0.004178,-0.17099,-0.471745,0.02886,-0.221395,-0.793434,0.142724
36.366666,0,0,0,-0.001788,0.07767,-0.004601,-0.005032,0.273538,0.006134,-0.002383,0.490979,-0.00113,-0.018738,0.6393,-0.02133,0.03447,0.424629,0.007104,0.138073,0.404918,0.022962,0.227779,0.145158,0.053323,0.236231,-0.071337,-0.050984,-0.041133,0.425476,0.004883,-0.146894,0.414188,0.012672,-0.239441,0.154345,0.031653,-0.254065,-0.060653,-0.075043,0.094549,0.001925,-0.004259,0.132006,-0.467144,0.071159,0.156017,-0.788677,0.193754,-0.094548,-0.001924,0.004258,-0.170732,-0.471713,0.028972,-0.221047,-0.793803,0.141738
36.383333,0,0,0,-0.00172,0.077612,-0.005542,-0.00476,0.273603,0.002816,-0.001718,0.490869,-0.007111,-0.017813,0.638884,-0.029208,0.035016,0.424623,0.001936,0.138591,0.40489,0.01795,0.22865,0.145511,0.050443,0.237282,-0.071676,-0.052401,-0.040585,0.425579,-0.000302,-0.146364,0.414503,0.007558,-0.239302,0.15499,0.028995,-0.254111,-0.060964,-0.075724,0.094548,0.001787,-0.004327,0.132584,-0.467292,0.070736,0.157029,-0.789038,0.192685,-0.094548,-0.001786,0.004327,-0.170461,-0.471654,0.02836,-0.220703,-0.794218,0.139796
36.4,0,0,0,-0.001689,0.077607,-0.006057,-0.004529,0.273712,0.000182,-0.001137,0.490793,-0.012459,-0.01703,0.638478,-0.036546,0.03549,0.424645,-0.002581,0.139057,0.404986,0.013571,0.229449,0.145999,0.048194,0.238112,-0.071929,-0.053067,-0.040109,0.425695,-0.004842,-0.145922,0.414904,0.002953,-0.239351,0.155793,0.026965,-0.254245,-0.061172,-0.075631,0.094547,0.001715,-0.004383,0.133015,-0.467315,0.070764,0.157895,-0.789246,0.192136,-0.094547,-0.001714,0.004383,-0.170223,-0.471622,0.028385,-0.220405,-0.794646,0.138507
36.416666,0,0,0,-0.001646,0.077563,-0.006653,-0.004285,0.273734,-0.002695,-0.000523,0.490542,-0.018163,-0.016175,0.637851,-0.044129,0.035992,0.424549,-0.007424,0.13955,0.404961,0.008871,0.230259,0.14639,0.045709,0.238962,-0.072256,-0.053988,-0.039605,0.425698,-0.009707,-0.145451,0.415186,-0.001969,-0.239346,0.156492,0.024585,-0.254254,-0.061423,-0.075974,0.094546,0.001626,-0.004436,0.133468,-0.467344,0.070851,0.158799,-0.789528,0.191455,-0.094546,-0.001626,0.004437,-0.169953,-0.471587,0.028248,-0.220077,-0.795083,0.137004
36.433333,0,0,0,-0.001564,0.077423,-0.007783,-0.003972,0.273598,-0.006771,0.000175,0.490033,-0.025561,-0.015169,0.636888,-0.053603,0.036574,0.42425,-0.013819,0.140112,0.404718,0.002671,0.231208,0.146683,0.04221,0.239832,-0.072694,-0.055876,-0.039021,0.425499,-0.016116,-0.144889,0.415245,-0.008349,-0.239316,0.157061,0.02112,-0.25419,-0.061961,-0.07701,0.094546,0.001459,-0.004488,0.134144,-0.467566,0.070105,0.159943,-0.789979,0.189996,-0.094546,-0.001459,0.004487,-0.169627,-0.471525,0.027219,-0.219634,-0.795549,0.134446
36.45,0,0,0,-0.001515,0.077422,-0.00851,-0.003696,0.273668,-0.010319,0.000844,0.489606,-0.032602,-0.01415,0.635881,-0.062941,0.037126,0.424112,-0.019813,0.140664,0.404687,-0.003193,0.232084,0.147194,0.03904,0.240634,-0.073022,-0.057155,-0.038467,0.425462,-0.022126,-0.144369,0.415526,-0.014415,-0.23935,0.157909,0.018072,-0.254102,-0.062195,-0.077627,0.094546,0.001353,-0.004521,0.134729,-0.467602,0.070195,0.161015,-0.790274,0.189281,-0.094546,-0.001354,0.004522,-0.169316,-0.471482,0.026999,-0.219262,-0.796053,0.132585
36.466666,0,0,0,-0.001427,0.077269,-0.009696,-0.003353,0.273447,-0.014675,0.001571,0.488829,-0.040509,-0.013069,0.634528,-0.072977,0.03774,0.42364,-0.026658,0.141262,0.404284,-0.009859,0.232988,0.147386,0.035232,0.241368,-0.073567,-0.059273,-0.037851,0.425088,-0.028989,-0.143779,0.415455,-0.021246,-0.239327,0.158448,0.014276,-0.253914,-0.062676,-0.079065,0.094548,0.001178,-0.004531,0.135412,-0.467851,0.069348,0.162177,-0.790716,0.187803,-0.094548,-0.001178,0.004531,-0.169033,-0.471401,0.02594,-0.218923,-0.796502,0.129912
36.483333,0,0,0,-0.001343,0.07713,-0.011028,-0.002985,0.27322,-0.019702,0.002384,0.487904,-0.049675,-0.011897,0.63291,-0.084629,0.03842,0.423068,-0.034581,0.141928,0.403851,-0.017544,0.234037,0.147677,0.030772,0.24213,-0.074081,-0.061854,-0.037167,0.424627,-0.03695,-0.143127,0.415341,-0.029206,-0.239331,0.159096,0.009866,-0.253656,-0.063113,-0.080907,0.094551,0.001003,-0.004495,0.136278,-0.468106,0.068384,0.163594,-0.791225,0.186018,-0.094552,-0.001003,0.004495,-0.168727,-0.471326,0.024751,-0.218595,-0.797053,0.126758
36.5,0,0,0,-0.001291,0.077043,-0.011806,-0.002694,0.272993,-0.023725,0.003071,0.48689,-0.057722,-0.010851,0.631093,-0.09531,0.038989,0.422455,-0.041424,0.142508,0.403429,-0.024233,0.234955,0.147988,0.027218,0.242666,-0.074663,-0.063275,-0.036594,0.424108,-0.04384,-0.142595,0.415174,-0.036246,-0.239539,0.159774,0.006373,-0.253557,-0.063543,-0.081687,0.094554,0.000899,-0.004469,0.136904,-0.468142,0.068495,0.164759,-0.791526,0.18527,-0.094554,-0.000899,0.004469,-0.168496,-0.471265,0.024598,-0.218401,-0.797577,0.124694
36.516666,0,0,0,-0.001179,0.07682,-0.013125,-0.00227,0.272498,-0.028766,0.003911,0.48556,-0.06688,-0.009745,0.629011,-0.106865,0.039705,0.421509,-0.049346,0.143221,0.402647,-0.031963,0.236031,0.148012,0.022731,0.243288,-0.075469,-0.065728,-0.035875,0.423259,-0.051818,-0.141906,0.414654,-0.04428,-0.239561,0.160142,0.001886,-0.25325,-0.064187,-0.083616,0.094559,0.0007,-0.004392,0.137774,-0.468393,0.067722,0.16618,-0.792002,0.18374,-0.094559,-0.000701,0.004391,-0.168248,-0.471145,0.023567,-0.218197,-0.798058,0.121664
36.533333,0,0,0,-0.001065,0.076537,-0.014482,-0.00186,0.271814,-0.034139,0.004718,0.483894,-0.076721,-0.008603,0.626528,-0.119215,0.040393,0.420281,-0.057847,0.143909,0.401624,-0.04024,0.237077,0.147906,0.017987,0.243833,-0.076468,-0.068224,-0.035182,0.422115,-0.060385,-0.141248,0.413848,-0.052945,-0.239727,0.160393,-0.002883,-0.253019,-0.065046,-0.085479,0.094566,0.000508,-0.004268,0.138584,-0.468612,0.067179,0.167547,-0.792458,0.182394,-0.094566,-0.000508,0.004268,-0.168059,-0.471012,0.022736,-0.218131,-0.798533,0.11872
36.55,0,0,0,-0.000961,0.076096,-0.016354,-0.001446,0.27078,-0.040706,0.005562,0.481575,-0.088178,-0.007325,0.623172,-0.133408,0.041113,0.418565,-0.067876,0.144617,0.400151,-0.049949,0.238223,0.14753,0.012214,0.244412,-0.077704,-0.071767,-0.034459,0.420497,-0.070452,-0.140551,0.41258,-0.063014,-0.239919,0.160326,-0.00881,-0.252757,-0.066216,-0.088404,0.094572,0.000299,-0.004166,0.139501,-0.468945,0.065883,0.16903,-0.793022,0.180306,-0.094571,-0.000299,0.004166,-0.167963,-0.470871,0.021245,-0.218234,-0.79907,0.114776
36.566666,0,0,0,-0.000898,0.075736,-0.017654,-0.001173,0.269788,-0.046157,0.006196,0.479156,-0.098286,-0.006309,0.619533,-0.146348,0.041646,0.416849,-0.076642,0.145155,0.39867,-0.058502,0.239133,0.147116,0.007317,0.244746,-0.078966,-0.074395,-0.033922,0.418855,-0.079266,-0.140045,0.411263,-0.071935,-0.240259,0.160217,-0.013826,-0.252647,-0.067342,-0.090537,0.094576,0.000174,-0.004066,0.140206,-0.469055,0.065635,0.170317,-0.793478,0.178917,-0.094576,-0.000174,0.004067,-0.167932,-0.470771,0.020605,-0.218442,-0.79956,0.111906
36.583333,0,0,0,-0.000829,0.075376,-0.01896,-0.000847,0.268697,-0.051809,0.006871,0.476447,-0.108841,-0.005269,0.615464,-0.159902,0.042224,0.414917,-0.085788,0.145746,0.397027,-0.067441,0.240146,0.146654,0.002173,0.245134,-0.080348,-0.07699,-0.03334,0.416985,-0.088478,-0.139498,0.409692,-0.081336,-0.240686,0.160002,-0.019211,-0.252622,-0.068671,-0.092614,0.094579,3.60E-05,-0.003993,0.140928,-0.46918,0.06532,0.17167,-0.793872,0.177659,-0.09458,-3.60E-05,0.003992,-0.167879,-0.47066,0.020005,-0.218582,-0.800049,0.109007
36.6,0,0,0,-0.000702,0.074772,-0.020909,-0.000371,0.267048,-0.058969,0.007747,0.47288,-0.121445,-0.004053,0.610381,-0.175677,0.04299,0.41222,-0.096844,0.146514,0.39467,-0.078181,0.241394,0.145697,-0.004329,0.245668,-0.082189,-0.080952,-0.03257,0.414366,-0.099593,-0.138752,0.407392,-0.092505,-0.240974,0.159242,-0.026052,-0.252386,-0.070478,-0.096194,0.094585,-0.00019,-0.003853,0.141893,-0.469522,0.06401,0.173362,-0.794509,0.17529,-0.094585,0.00019,0.003853,-0.167857,-0.470483,0.01849,-0.218864,-0.800535,0.104826
36.616666,0,0,0,-0.000607,0.074227,-0.022527,3.00E-06,0.265441,-0.065277,0.008431,0.469394,-0.132687,-0.003068,0.605463,-0.189745,0.043592,0.40957,-0.106707,0.147141,0.392327,-0.087893,0.242475,0.144705,-0.010187,0.246005,-0.084028,-0.084281,-0.031965,0.411773,-0.109488,-0.138173,0.405078,-0.102518,-0.241367,0.15839,-0.032234,-0.252359,-0.072318,-0.099126,0.094586,-0.000382,-0.003804,0.142598,-0.469794,0.063003,0.174694,-0.794984,0.173508,-0.094587,0.000382,0.003805,-0.167905,-0.47031,0.017579,-0.219208,-0.800964,0.101396
36.633333,0,0,0,-0.000494,0.07354,-0.024168,0.000495,0.2634,-0.071914,0.009396,0.465223,-0.144664,-0.001695,0.599654,-0.204944,0.044423,0.406275,-0.117157,0.147984,0.389375,-0.098106,0.243921,0.143326,-0.016253,0.24662,-0.086304,-0.087557,-0.031128,0.408567,-0.120043,-0.137365,0.402148,-0.113266,-0.241539,0.157086,-0.038858,-0.252091,-0.074628,-0.10225,0.094592,-0.000559,-0.003634,0.143426,-0.47002,0.062231,0.176244,-0.795477,0.171732,-0.094593,0.00056,0.003634,-0.167809,-0.470166,0.016776,-0.219398,-0.801464,0.097831
36.65,0,0,0,-0.000403,0.072838,-0.025876,0.000929,0.261213,-0.07876,0.010255,0.460746,-0.156879,-0.000472,0.593472,-0.220351,0.045162,0.402718,-0.127848,0.148749,0.386147,-0.108646,0.24538,0.141786,-0.022659,0.247241,-0.088767,-0.090947,-0.030383,0.40508,-0.130834,-0.136646,0.39889,-0.124241,-0.241798,0.15551,-0.045798,-0.25202,-0.077197,-0.105498,0.094595,-0.000732,-0.003535,0.144235,-0.470241,0.061373,0.177788,-0.79595,0.169899,-0.094595,0.000733,0.003535,-0.167815,-0.470013,0.015909,-0.219703,-0.801891,0.094361
36.666666,0,0,0,-0.000322,0.072081,-0.0275,0.001319,0.258862,-0.085253,0.011081,0.455974,-0.168348,0.000657,0.58696,-0.234618,0.045867,0.398968,-0.137937,0.149466,0.382701,-0.118541,0.24676,0.140017,-0.028641,0.247838,-0.091383,-0.09402,-0.02967,0.401399,-0.141045,-0.135958,0.395421,-0.134663,-0.241952,0.153649,-0.052474,-0.251855,-0.079955,-0.108622,0.0946,-0.000868,-0.003384,0.14501,-0.470428,0.060557,0.179247,-0.796373,0.168154,-0.094599,0.000868,0.003384,-0.167839,-0.469893,0.015034,-0.220036,-0.802292,0.091035
36.683333,0,0,0,-0.000236,0.071207,-0.029203,0.001772,0.256113,-0.092121,0.012059,0.450644,-0.180567,0.001987,0.579762,-0.250053,0.046695,0.394598,-0.148634,0.150303,0.378646,-0.129026,0.248357,0.137872,-0.034915,0.248625,-0.094395,-0.097153,-0.028834,0.397118,-0.151875,-0.135144,0.391333,-0.145684,-0.241958,0.151313,-0.059516,-0.251641,-0.083172,-0.111904,0.094604,-0.001004,-0.003215,0.14585,-0.470581,0.059931,0.180862,-0.796789,0.166479,-0.094604,0.001004,0.003215,-0.167834,-0.469777,0.014086,-0.220334,-0.80267,0.08768
36.7,0,0,0,-0.000144,0.070287,-0.030886,0.002208,0.253124,-0.099027,0.012971,0.444803,-0.192839,0.003254,0.571848,-0.265566,0.047474,0.389849,-0.159418,0.151093,0.374212,-0.13961,0.249897,0.13546,-0.04123,0.24944,-0.097681,-0.100107,-0.028046,0.392441,-0.162786,-0.134375,0.386822,-0.15677,-0.241991,0.148598,-0.066703,-0.251466,-0.086732,-0.115196,0.094609,-0.001127,-0.003004,0.146552,-0.470753,0.0592,0.182234,-0.797229,0.1647,-0.09461,0.001127,0.003004,-0.167888,-0.469666,0.012992,-0.220746,-0.803035,0.084132
36.716666,0,0,0,-6.00E-05,0.069316,-0.032456,0.002591,0.250008,-0.10546,0.013783,0.438848,-0.204228,0.004359,0.563833,-0.279958,0.04817,0.384977,-0.169456,0.1518,0.369644,-0.149471,0.251349,0.132864,-0.047154,0.250246,-0.101084,-0.10273,-0.027343,0.387633,-0.172935,-0.133689,0.382173,-0.167077,-0.242127,0.145707,-0.073434,-0.251412,-0.09034,-0.118343,0.094614,-0.001241,-0.002827,0.147172,-0.47092,0.058456,0.183485,-0.797637,0.162989,-0.094613,0.001242,0.002826,-0.167935,-0.469563,0.011937,-0.221111,-0.803352,0.080835
36.733333,0,0,0,4.10E-05,0.068224,-0.034158,0.003001,0.246465,-0.11235,0.014622,0.432156,-0.216342,0.005523,0.554843,-0.295302,0.048886,0.379479,-0.180113,0.152513,0.364482,-0.159857,0.252779,0.129817,-0.053447,0.251093,-0.104932,-0.105522,-0.026617,0.382146,-0.183788,-0.13298,0.376804,-0.178136,-0.242323,0.142299,-0.08069,-0.251382,-0.09446,-0.12173,0.094619,-0.001343,-0.002569,0.14773,-0.47111,0.057553,0.184652,-0.798113,0.160973,-0.09462,0.001343,0.002569,-0.168041,-0.469465,0.010634,-0.221614,-0.803556,0.077741
36.75,0,0,0,0.000142,0.06706,-0.035793,0.003434,0.242599,-0.119207,0.015529,0.42491,-0.228494,0.006778,0.545199,-0.310676,0.049659,0.373472,-0.190798,0.153282,0.358782,-0.170304,0.254297,0.126326,-0.059832,0.252168,-0.109203,-0.108235,-0.025835,0.376163,-0.194664,-0.132216,0.370955,-0.189236,-0.242426,0.138478,-0.087983,-0.251197,-0.098932,-0.125143,0.094622,-0.001478,-0.002393,0.148413,-0.471372,0.056112,0.18602,-0.798602,0.15856,-0.094622,0.001478,0.002393,-0.16819,-0.469332,0.008871,-0.222187,-0.803831,0.073556
36.766666,0,0,0,0.000278,0.065915,-0.037341,0.003894,0.238773,-0.1256,0.016398,0.417789,-0.239753,0.007973,0.535783,-0.324857,0.050412,0.367548,-0.200719,0.154017,0.353103,-0.179958,0.255655,0.122789,-0.065639,0.253244,-0.113438,-0.110501,-0.025072,0.370241,-0.204762,-0.131469,0.365122,-0.199563,-0.242561,0.134674,-0.094701,-0.251001,-0.103277,-0.12831,0.094627,-0.001597,-0.002116,0.148976,-0.471616,0.054845,0.187151,-0.799013,0.156547,-0.094626,0.001596,0.002115,-0.168246,-0.469222,0.00728,-0.222598,-0.804061,0.069878
36.783333,0,0,0,0.000427,0.064622,-0.038964,0.00444,0.234468,-0.132264,0.017384,0.409813,-0.251492,0.009299,0.525192,-0.339737,0.051278,0.360884,-0.211098,0.154867,0.34667,-0.190099,0.257215,0.118777,-0.071636,0.254534,-0.118152,-0.11261,-0.024196,0.363601,-0.215298,-0.130607,0.358576,-0.210287,-0.242626,0.13035,-0.101619,-0.250608,-0.10811,-0.131526,0.094628,-0.001765,-0.00189,0.149611,-0.471904,0.053451,0.188445,-0.799452,0.154416,-0.094629,0.001764,0.00189,-0.168249,-0.469068,0.005448,-0.222889,-0.804214,0.066125
36.8,0,0,0,0.000576,0.063279,-0.040536,0.004996,0.229919,-0.138819,0.018438,0.401417,-0.263077,0.010685,0.514104,-0.354406,0.052192,0.353842,-0.221314,0.155748,0.339849,-0.200009,0.258721,0.114442,-0.077403,0.25587,-0.123139,-0.114397,-0.023271,0.356562,-0.225723,-0.129696,0.351585,-0.220981,-0.242665,0.125699,-0.108477,-0.250178,-0.113218,-0.134619,0.094631,-0.001885,-0.001599,0.150199,-0.472148,0.052082,0.189629,-0.79984,0.152348,-0.094632,0.001886,0.001598,-0.168322,-0.468945,0.003523,-0.223324,-0.804347,0.062432
36.816666,0,0,0,0.000669,0.061946,-0.041941,0.005376,0.225459,-0.144694,0.019268,0.393263,-0.273459,0.011875,0.503327,-0.367599,0.052901,0.346976,-0.230511,0.156418,0.333125,-0.208926,0.259974,0.11009,-0.082532,0.257103,-0.128055,-0.115699,-0.022552,0.34972,-0.235076,-0.128986,0.344808,-0.23048,-0.242793,0.121074,-0.114569,-0.249829,-0.118213,-0.137232,0.094633,-0.001964,-0.00139,0.150446,-0.472371,0.050743,0.190264,-0.800195,0.150422,-0.094633,0.001964,0.001389,-0.168479,-0.468847,0.001786,-0.223868,-0.804445,0.059197
36.833333,0,0,0,0.000766,0.060501,-0.043402,0.005819,0.220553,-0.150826,0.020262,0.384362,-0.284375,0.013249,0.491631,-0.381526,0.053738,0.339389,-0.240109,0.157207,0.325702,-0.218194,0.261374,0.105243,-0.087844,0.258467,-0.133449,-0.116818,-0.021701,0.342156,-0.244874,-0.128145,0.337229,-0.24051,-0.242728,0.115839,-0.120921,-0.249152,-0.123826,-0.139379,0.094635,-0.002043,-0.001177,0.150578,-0.472622,0.049235,0.19071,-0.800602,0.148273,-0.094634,0.002042,0.001176,-0.168522,-0.468761,-5.90E-05,-0.224249,-0.804583,0.055685
36.85,0,0,0,0.000846,0.058921,-0.045018,0.006283,0.215284,-0.157201,0.02147,0.374956,-0.295314,0.014849,0.479384,-0.395281,0.054735,0.331332,-0.249802,0.158131,0.317799,-0.227448,0.262834,0.100033,-0.093065,0.260055,-0.139134,-0.117823,-0.020686,0.334173,-0.25481,-0.127141,0.329334,-0.250633,-0.242426,0.110359,-0.127334,-0.248312,-0.129597,-0.14175,0.094636,-0.002092,-0.000959,0.151324,-0.472584,0.049421,0.192552,-0.801682,0.144195,-0.094636,0.002091,0.00096,-0.168304,-0.468739,-0.001919,-0.224235,-0.804794,0.052197
36.866666,0,0,0,0.000892,0.057429,-0.046177,0.006626,0.210114,-0.162544,0.022404,0.36573,-0.304948,0.016104,0.46734,-0.40761,0.055502,0.323416,-0.258271,0.158848,0.309982,-0.23563,0.263978,0.094651,-0.097703,0.26138,-0.144916,-0.118251,-0.019904,0.326294,-0.26348,-0.126368,0.32144,-0.259559,-0.242309,0.104752,-0.132879,-0.247745,-0.135409,-0.143569,0.094638,-0.002083,-0.000762,0.157233,-0.472174,0.046275,0.202807,-0.803789,0.129602,-0.094638,0.002084,0.000762,-0.168262,-0.468742,-0.00348,-0.224472,-0.80496,0.049318
36.883333,0,0,0,0.000893,0.055548,-0.047773,0.006819,0.204038,-0.168766,0.023182,0.3553,-0.315463,0.017256,0.454011,-0.420692,0.056116,0.314416,-0.267641,0.15939,0.301199,-0.244549,0.264829,0.088557,-0.102738,0.262488,-0.15135,-0.118886,-0.019274,0.317299,-0.273077,-0.125745,0.312507,-0.269289,-0.242447,0.098429,-0.138923,-0.247517,-0.141884,-0.145678,0.094638,-0.002102,-0.000675,0.158154,-0.472007,0.046982,0.204909,-0.804674,0.125317,-0.094638,0.002102,0.000675,-0.168269,-0.468695,-0.005974,-0.224802,-0.805102,0.045255
36.9,0,0,0,0.000839,0.053716,-0.049078,0.006978,0.197935,-0.174349,0.024076,0.344726,-0.325142,0.018581,0.44047,-0.432818,0.056808,0.305278,-0.276252,0.160017,0.292259,-0.252758,0.265867,0.082412,-0.107144,0.263738,-0.157755,-0.118842,-0.018561,0.308235,-0.281919,-0.125042,0.303558,-0.278232,-0.242426,0.092055,-0.144326,-0.247126,-0.148343,-0.147143,0.094641,-0.001975,-0.000544,0.159345,-0.471882,0.045467,0.207319,-0.804901,0.121535,-0.094642,0.001975,0.000544,-0.168158,-0.468812,-0.007871,-0.224959,-0.805433,0.041621
36.916666,0,0,0,0.000781,0.052041,-0.050311,0.00705,0.192152,-0.179601,0.024748,0.334628,-0.334164,0.019628,0.427546,-0.444073,0.05732,0.296542,-0.284317,0.160476,0.283711,-0.260486,0.266593,0.076553,-0.11126,0.264632,-0.163783,-0.118733,-0.018034,0.299573,-0.29015,-0.124521,0.295008,-0.286523,-0.242504,0.085946,-0.149348,-0.246862,-0.154473,-0.148437,0.094646,-0.001814,-0.000409,0.160504,-0.471751,0.043621,0.209665,-0.805047,0.117694,-0.094645,0.001814,0.000409,-0.1682,-0.468937,-0.009589,-0.225332,-0.805859,0.037414
36.933333,0,0,0,0.000727,0.050235,-0.051574,0.007133,0.185913,-0.184946,0.025457,0.32381,-0.343324,0.020708,0.413728,-0.455513,0.057862,0.287148,-0.292501,0.160953,0.274522,-0.268287,0.26728,0.070249,-0.11528,0.265432,-0.170187,-0.118275,-0.017475,0.290252,-0.298514,-0.12397,0.285824,-0.294923,-0.242537,0.079408,-0.154288,-0.246624,-0.16097,-0.149463,0.094648,-0.001677,-0.0003,0.161586,-0.471604,0.042174,0.211858,-0.805209,0.114082,-0.094649,0.001677,0.000299,-0.168143,-0.46905,-0.011127,-0.225556,-0.806223,0.033679
36.95,0,0,0,0.000728,0.048395,-0.052786,0.007326,0.179538,-0.190083,0.026208,0.312829,-0.352207,0.021835,0.399793,-0.466637,0.058457,0.277574,-0.300374,0.16149,0.265206,-0.275782,0.268027,0.063886,-0.119054,0.266146,-0.176563,-0.117569,-0.016864,0.280695,-0.306581,-0.123365,0.276383,-0.303056,-0.242608,0.072697,-0.159053,-0.246429,-0.167575,-0.15032,0.09465,-0.001578,-0.00014,0.162429,-0.471483,0.041219,0.21353,-0.805509,0.11054,-0.094651,0.001577,0.000139,-0.168199,-0.469115,-0.012358,-0.22597,-0.806508,0.030282
36.966666,0,0,0,0.000726,0.04676,-0.053917,0.007435,0.173748,-0.194732,0.026736,0.30272,-0.360178,0.022622,0.386932,-0.476575,0.058872,0.268785,-0.307479,0.161858,0.256632,-0.282585,0.268487,0.058128,-0.122367,0.266455,-0.182257,-0.116673,-0.016437,0.271915,-0.313824,-0.122945,0.267729,-0.310358,-0.24288,0.066647,-0.163302,-0.246596,-0.17346,-0.150799,0.09465,-0.001587,-0.000101,0.1629,-0.471447,0.041003,0.214461,-0.805909,0.107837,-0.094651,0.001587,0.000101,-0.168465,-0.469023,-0.013824,-0.226649,-0.806555,0.027118
36.983333,0,0,0,0.000791,0.045129,-0.055069,0.00764,0.167828,-0.199408,0.027208,0.292247,-0.368199,0.023318,0.373496,-0.486617,0.059278,0.259704,-0.314656,0.16222,0.247845,-0.289441,0.268872,0.052517,-0.12538,0.266606,-0.187717,-0.115178,-0.016024,0.262821,-0.321089,-0.122537,0.258757,-0.317611,-0.243116,0.060432,-0.167371,-0.246766,-0.179437,-0.150905,0.094649,-0.001667,-7.00E-06,0.163196,-0.47147,0.041248,0.215015,-0.806337,0.105818,-0.094649,0.001668,7.00E-06,-0.168794,-0.468869,-0.014635,-0.227405,-0.806548,0.024441
37,0,0,0,0.000941,0.043511,-0.05609,0.008055,0.161903,-0.2037,0.027803,0.281768,-0.375637,0.02406,0.359949,-0.496012,0.05983,0.250641,-0.321321,0.162733,0.239099,-0.295797,0.269292,0.046877,-0.128049,0.266554,-0.193132,-0.11357,-0.015467,0.2537,-0.327837,-0.121984,0.249766,-0.324355,-0.243337,0.054222,-0.171124,-0.247026,-0.185353,-0.150829,0.09465,-0.001645,0.000311,0.163331,-0.471417,0.041699,0.215168,-0.806737,0.103854,-0.094649,0.001644,-0.000311,-0.169275,-0.468808,-0.015198,-0.22855,-0.806516,0.022617
37.016666,0,0,0,0.001166,0.042085,-0.056966,0.008686,0.156477,-0.207479,0.028602,0.27199,-0.382231,0.024958,0.347306,-0.504307,0.060589,0.242237,-0.327233,0.163458,0.231003,-0.301438,0.269757,0.041725,-0.130211,0.266562,-0.198002,-0.111716,-0.014702,0.245203,-0.333852,-0.121225,0.241384,-0.330411,-0.24331,0.048485,-0.174433,-0.247226,-0.190748,-0.150477,0.094648,-0.001517,0.000816,0.163459,-0.471312,0.041731,0.215302,-0.806967,0.102048,-0.094648,0.001517,-0.000816,-0.169662,-0.468881,-0.01545,-0.229485,-0.806725,0.02022
37.033333,0,0,0,0.001356,0.040527,-0.0578,0.009237,0.15074,-0.211098,0.029343,0.26179,-0.388587,0.025791,0.334091,-0.512367,0.061285,0.233427,-0.332933,0.164097,0.222522,-0.306773,0.270091,0.036424,-0.131911,0.266323,-0.202951,-0.109394,-0.014001,0.23632,-0.339651,-0.120528,0.23259,-0.336256,-0.243324,0.042515,-0.177395,-0.2475,-0.196307,-0.149681,0.094645,-0.001455,0.001199,0.163646,-0.471235,0.041958,0.21554,-0.807133,0.100861,-0.094645,0.001455,-0.0012,-0.170105,-0.468887,-0.015355,-0.230436,-0.806826,0.01852
37.05,0,0,0,0.001474,0.038953,-0.058575,0.009587,0.144999,-0.214475,0.029875,0.251637,-0.394491,0.026509,0.320863,-0.519889,0.061774,0.224661,-0.33825,0.164528,0.214128,-0.311715,0.270278,0.031285,-0.133306,0.26599,-0.207672,-0.106808,-0.013506,0.22746,-0.345076,-0.120036,0.223789,-0.341705,-0.24348,0.036444,-0.180126,-0.247925,-0.201924,-0.148783,0.094643,-0.001424,0.001434,0.16383,-0.471182,0.042132,0.215802,-0.807366,0.099312,-0.094642,0.001425,-0.001433,-0.170459,-0.468867,-0.015349,-0.231157,-0.80689,0.01699
37.066666,0,0,0,0.00166,0.037633,-0.059282,0.010056,0.14008,-0.217411,0.03041,0.242664,-0.399738,0.027209,0.309041,-0.526649,0.062289,0.216959,-0.342914,0.165008,0.206887,-0.316061,0.270375,0.027206,-0.134247,0.265574,-0.211316,-0.104154,-0.012988,0.219606,-0.349828,-0.119522,0.216017,-0.346478,-0.243695,0.031327,-0.182423,-0.248329,-0.20657,-0.147709,0.094637,-0.001549,0.001667,0.16308,-0.471371,0.042888,0.214328,-0.807792,0.099317,-0.094636,0.001549,-0.001666,-0.170787,-0.468689,-0.01558,-0.231816,-0.806758,0.015646
37.083333,0,0,0,0.001759,0.036216,-0.059956,0.010309,0.134627,-0.22042,0.030735,0.232908,-0.404985,0.027736,0.296267,-0.533328,0.062606,0.208528,-0.347674,0.165267,0.198836,-0.320464,0.270265,0.022526,-0.13517,0.264881,-0.215478,-0.101307,-0.012669,0.211105,-0.354633,-0.119202,0.207496,-0.351256,-0.244055,0.025571,-0.184647,-0.248876,-0.211799,-0.146514,0.094633,-0.001609,0.001805,0.162977,-0.471439,0.043097,0.214066,-0.808074,0.098383,-0.094633,0.001609,-0.001804,-0.17092,-0.468601,-0.015919,-0.232141,-0.806727,0.014287
37.1,0,0,0,0.001802,0.034692,-0.06044,0.010466,0.128955,-0.222956,0.03104,0.222818,-0.409663,0.028231,0.283207,-0.539311,0.062877,0.199814,-0.351882,0.165478,0.190519,-0.324309,0.269978,0.017523,-0.13564,0.263901,-0.219908,-0.098072,-0.012393,0.202284,-0.358934,-0.118923,0.198583,-0.355576,-0.24445,0.019357,-0.186565,-0.249418,-0.217441,-0.145046,0.094631,-0.00165,0.001875,0.163427,-0.471386,0.043482,0.214816,-0.808268,0.09696,-0.094631,0.00165,-0.001875,-0.171045,-0.468518,-0.016699,-0.232751,-0.806437,0.014805
37.116666,0,0,0,0.002046,0.0334,-0.061025,0.011123,0.123512,-0.225728,0.031861,0.212938,-0.414565,0.02927,0.270527,-0.545469,0.063649,0.191306,-0.356245,0.166219,0.182404,-0.328428,0.270324,0.012472,-0.13678,0.263591,-0.224399,-0.095936,-0.011615,0.193617,-0.363416,-0.118141,0.189789,-0.360088,-0.244386,0.012933,-0.189126,-0.249579,-0.223297,-0.144518,0.094622,-0.001465,0.002372,0.164323,-0.471131,0.043261,0.216342,-0.808281,0.094383,-0.094623,0.001465,-0.002372,-0.170256,-0.468743,-0.019699,-0.23174,-0.80662,0.012681
37.133333,0,0,0,0.002474,0.032068,-0.061544,0.011854,0.11773,-0.228412,0.03193,0.202459,-0.419461,0.029339,0.257132,-0.551596,0.063907,0.182378,-0.360703,0.166473,0.173971,-0.33272,0.26971,0.007053,-0.137977,0.262284,-0.229148,-0.093533,-0.011379,0.184314,-0.367756,-0.117895,0.180278,-0.364365,-0.245225,0.006016,-0.191554,-0.250626,-0.2296,-0.143831,0.0946,-0.000776,0.003398,0.164718,-0.470559,0.04217,0.217076,-0.807884,0.09177,-0.094599,0.000775,-0.003398,-0.170421,-0.46931,-0.02308,-0.232607,-0.80696,0.010311
37.15,0,0,0,0.003047,0.03082,-0.061974,0.012989,0.112067,-0.230825,0.032168,0.192094,-0.423986,0.029479,0.243932,-0.557262,0.064405,0.173554,-0.36486,0.166971,0.16564,-0.336732,0.269203,0.001677,-0.138974,0.261072,-0.233811,-0.091007,-0.01091,0.175121,-0.371689,-0.117415,0.170849,-0.368218,-0.245893,-0.000918,-0.193766,-0.251547,-0.235899,-0.143038,0.09455,-3.00E-06,0.004646,0.165056,-0.469987,0.040136,0.217824,-0.807291,0.089446,-0.09455,3.00E-06,-0.004646,-0.170478,-0.469878,-0.028358,-0.233309,-0.807095,0.008072
37.166666,0,0,0,0.003621,0.029701,-0.062424,0.014144,0.106982,-0.233028,0.032398,0.182721,-0.42799,0.029549,0.231948,-0.562241,0.064902,0.165595,-0.368593,0.167478,0.158169,-0.340369,0.268767,-0.002985,-0.139836,0.259858,-0.23777,-0.088672,-0.010442,0.16681,-0.375175,-0.116935,0.162313,-0.371624,-0.246537,-0.007131,-0.195737,-0.252363,-0.241512,-0.142323,0.094485,0.000623,0.005777,0.165192,-0.469573,0.037908,0.218253,-0.80679,0.087492,-0.094486,-0.000623,-0.005778,-0.170204,-0.47046,-0.031003,-0.233303,-0.807472,0.006823
37.183333,0,0,0,0.004207,0.028579,-0.062707,0.015438,0.10196,-0.234782,0.032864,0.173404,-0.431409,0.029863,0.220015,-0.566562,0.065607,0.157677,-0.37178,0.168193,0.150731,-0.343469,0.268582,-0.007498,-0.140173,0.258885,-0.24146,-0.085502,-0.009761,0.158576,-0.378133,-0.116238,0.153819,-0.37446,-0.246831,-0.013351,-0.197137,-0.252772,-0.247112,-0.141084,0.094408,0.001153,0.00686,0.165321,-0.469225,0.035714,0.218669,-0.806249,0.086297,-0.094408,-0.001154,-0.006859,-0.170339,-0.470986,-0.031522,-0.234218,-0.807916,0.005724
37.2,0,0,0,0.004218,0.02733,-0.063572,0.015732,0.096621,-0.237623,0.033441,0.163733,-0.43575,0.030654,0.207906,-0.571728,0.066108,0.149256,-0.375759,0.168702,0.14279,-0.347367,0.268998,-0.012155,-0.141511,0.258283,-0.245362,-0.083883,-0.009253,0.150138,-0.382197,-0.115735,0.145377,-0.378667,-0.246832,-0.019773,-0.19983,-0.25298,-0.252849,-0.141013,0.094421,0.001007,0.006698,0.165553,-0.469468,0.033337,0.219297,-0.806452,0.083766,-0.094422,-0.001006,-0.006697,-0.169429,-0.470869,-0.033511,-0.232654,-0.807979,0.003215
37.216666,0,0,0,0.004745,0.02618,-0.063389,0.017406,0.092386,-0.237935,0.035457,0.156218,-0.436967,0.032662,0.198154,-0.573509,0.068024,0.142791,-0.376812,0.170579,0.136824,-0.34817,0.270434,-0.015224,-0.139954,0.258967,-0.247661,-0.07943,-0.007324,0.143511,-0.383415,-0.113796,0.138585,-0.379799,-0.245413,-0.024533,-0.199484,-0.251907,-0.256928,-0.138071,0.094367,0.000909,0.007438,0.166403,-0.469448,0.033729,0.220783,-0.80625,0.084693,-0.094367,-0.000908,-0.007438,-0.168163,-0.471055,-0.032567,-0.230575,-0.808297,0.00435
37.233333,0,0,0,0.005305,0.025234,-0.063092,0.019283,0.088465,-0.238011,0.037766,0.148854,-0.437842,0.035029,0.188428,-0.574858,0.070218,0.136501,-0.37761,0.172718,0.130909,-0.348694,0.272306,-0.018063,-0.138139,0.260026,-0.249672,-0.074672,-0.005115,0.13713,-0.384389,-0.11157,0.131977,-0.380591,-0.243673,-0.029099,-0.198801,-0.250528,-0.260768,-0.134738,0.094311,0.000542,0.008148,0.167407,-0.469627,0.034873,0.222499,-0.806248,0.08626,-0.094311,-0.000542,-0.008147,-0.166578,-0.471035,-0.031174,-0.227727,-0.808537,0.005471
37.25,0,0,0,0.005815,0.024552,-0.063316,0.021026,0.085102,-0.239078,0.040026,0.142165,-0.439625,0.037411,0.179506,-0.577063,0.072338,0.13083,-0.379313,0.174779,0.125539,-0.350131,0.274255,-0.020312,-0.137349,0.261183,-0.251091,-0.071081,-0.002977,0.131393,-0.386288,-0.109413,0.125992,-0.382313,-0.241941,-0.033147,-0.199133,-0.24907,-0.264164,-0.132789,0.094265,6.30E-05,0.008682,0.168347,-0.469871,0.036789,0.224034,-0.806448,0.08782,-0.094265,-6.40E-05,-0.008681,-0.16508,-0.470866,-0.029819,-0.224675,-0.808821,0.005175
37.266666,0,0,0,0.006108,0.023803,-0.063574,0.022126,0.081844,-0.24011,0.041585,0.135939,-0.441294,0.039065,0.171259,-0.579127,0.073772,0.125497,-0.380882,0.176179,0.120547,-0.351524,0.275697,-0.022437,-0.136826,0.261941,-0.252474,-0.068158,-0.001528,0.126004,-0.388029,-0.107954,0.120493,-0.383938,-0.240842,-0.036925,-0.199535,-0.248191,-0.267331,-0.131121,0.09424,-0.000292,0.008946,0.168966,-0.469998,0.03909,0.224956,-0.806709,0.088894,-0.09424,0.000291,-0.008946,-0.164133,-0.470706,-0.028772,-0.22287,-0.808806,0.00627
37.283333,0,0,0,0.006061,0.022836,-0.063932,0.022084,0.07803,-0.241378,0.04169,0.129012,-0.443296,0.039228,0.162402,-0.58155,0.073839,0.119499,-0.38277,0.17623,0.114908,-0.353298,0.275861,-0.024949,-0.136601,0.261436,-0.25428,-0.065744,-0.001456,0.119927,-0.389973,-0.10788,0.11442,-0.385827,-0.241322,-0.04097,-0.200109,-0.248818,-0.270827,-0.129886,0.094253,-0.000368,0.008804,0.168957,-0.469957,0.040779,0.224755,-0.807014,0.088408,-0.094253,0.000367,-0.008803,-0.163841,-0.470662,-0.028931,-0.22224,-0.808835,0.005973
37.3,0,0,0,0.005974,0.021599,-0.064369,0.021917,0.073781,-0.242731,0.041782,0.121818,-0.445299,0.039435,0.153358,-0.583942,0.073863,0.113155,-0.384651,0.176234,0.108875,-0.355063,0.276162,-0.027949,-0.136574,0.261093,-0.256614,-0.063727,-0.001425,0.113557,-0.391939,-0.107851,0.108091,-0.387806,-0.241601,-0.045264,-0.200623,-0.248462,-0.274409,-0.12805,0.094271,-0.000416,0.008609,0.168904,-0.469889,0.04239,0.224458,-0.807315,0.087632,-0.09427,0.000417,-0.00861,-0.163085,-0.47068,-0.02978,-0.220734,-0.808947,0.005457
37.316666,0,0,0,0.005741,0.020489,-0.064751,0.021474,0.069568,-0.24401,0.041792,0.11456,-0.447285,0.039603,0.144486,-0.586342,0.073738,0.106768,-0.386399,0.176124,0.102925,-0.356802,0.276443,-0.031404,-0.136948,0.260742,-0.259494,-0.06245,-0.001534,0.107124,-0.393843,-0.107971,0.101744,-0.389874,-0.242218,-0.049553,-0.201378,-0.249065,-0.277859,-0.126205,0.09431,-0.000685,0.008146,0.168801,-0.470147,0.042393,0.224194,-0.807827,0.085906,-0.09431,0.000685,-0.008145,-0.162149,-0.470457,-0.031359,-0.218736,-0.808906,0.003852
37.333333,0,0,0,0.00588,0.019532,-0.065034,0.021813,0.065802,-0.245021,0.042231,0.107835,-0.44893,0.039999,0.136045,-0.588355,0.074143,0.100947,-0.387907,0.176531,0.097541,-0.358264,0.276936,-0.034423,-0.137021,0.260761,-0.26191,-0.060801,-0.001124,0.101155,-0.395401,-0.107567,0.095822,-0.391507,-0.242567,-0.053117,-0.201676,-0.249654,-0.280416,-0.123531,0.094295,-0.00068,0.008321,0.16879,-0.47016,0.042309,0.224153,-0.807934,0.085129,-0.094295,0.000681,-0.008321,-0.161482,-0.470532,-0.032,-0.217417,-0.809074,0.003356
37.35,0,0,0,0.005257,0.01784,-0.065592,0.01974,0.061409,-0.246395,0.039433,0.101416,-0.450889,0.03707,0.128334,-0.590674,0.071541,0.095213,-0.389795,0.173993,0.092475,-0.360306,0.274404,-0.036783,-0.137475,0.257682,-0.263737,-0.059796,-0.00375,0.09516,-0.397056,-0.110218,0.090207,-0.393363,-0.246246,-0.055913,-0.202079,-0.25342,-0.282235,-0.121158,0.094346,0.000598,0.007724,0.167332,-0.469226,0.040193,0.221589,-0.80731,0.081968,-0.094346,-0.000598,-0.007724,-0.162501,-0.471513,-0.034353,-0.219086,-0.809954,0.000946
37.366666,0,0,0,0.004707,0.016045,-0.066646,0.017864,0.056997,-0.248709,0.037054,0.095277,-0.453758,0.03469,0.121081,-0.593927,0.069299,0.089584,-0.392523,0.171838,0.087473,-0.363286,0.272512,-0.039219,-0.139103,0.255202,-0.265724,-0.060253,-0.00601,0.089437,-0.399598,-0.112511,0.085004,-0.396217,-0.249317,-0.058655,-0.20363,-0.25652,-0.284055,-0.120177,0.094379,0.001832,0.007106,0.165794,-0.468449,0.036297,0.219083,-0.806514,0.079448,-0.094379,-0.001831,-0.007106,-0.1629,-0.472492,-0.037093,-0.219467,-0.810841,-0.000894
37.383333,0,0,0,0.004922,0.015015,-0.067015,0.018287,0.053355,-0.249777,0.037275,0.089168,-0.45529,0.034785,0.113457,-0.595726,0.069585,0.084174,-0.394028,0.172165,0.082447,-0.364909,0.272869,-0.042108,-0.139544,0.255056,-0.2681,-0.059347,-0.005731,0.084016,-0.401015,-0.11224,0.079671,-0.397742,-0.249639,-0.062007,-0.204112,-0.257258,-0.286343,-0.117874,0.094354,0.00204,0.007387,0.165309,-0.468612,0.031222,0.218596,-0.806088,0.078764,-0.094353,-0.002041,-0.007386,-0.161962,-0.472772,-0.038331,-0.21734,-0.811265,-0.001645
37.4,0,0,0,0.005209,0.014376,-0.067217,0.019041,0.05049,-0.250479,0.037872,0.08382,-0.456439,0.035278,0.106672,-0.597131,0.070231,0.079543,-0.395134,0.172841,0.078107,-0.366104,0.273688,-0.044435,-0.139703,0.255352,-0.269944,-0.058272,-0.005092,0.079342,-0.402054,-0.111604,0.075079,-0.398795,-0.249564,-0.064702,-0.204188,-0.257518,-0.288077,-0.115522,0.094322,0.00211,0.00776,0.165129,-0.468812,0.026053,0.218483,-0.805548,0.078506,-0.094321,-0.002111,-0.007761,-0.158361,-0.473392,-0.037908,-0.210104,-0.812712,-0.003643
37.416666,0,0,0,0.005434,0.013693,-0.067436,0.019598,0.047715,-0.251167,0.038278,0.078878,-0.457479,0.035617,0.100412,-0.598376,0.070686,0.07522,-0.396161,0.17331,0.074033,-0.367172,0.274241,-0.04665,-0.139811,0.255463,-0.271745,-0.057345,-0.004643,0.074998,-0.403015,-0.111157,0.070798,-0.399765,-0.249567,-0.067288,-0.204268,-0.257839,-0.289843,-0.113592,0.094295,0.002215,0.008049,0.164937,-0.468886,0.021822,0.218169,-0.804989,0.078307,-0.094295,-0.002215,-0.008048,-0.157525,-0.4736,-0.038286,-0.208469,-0.81307,-0.004298
37.433333,0,0,0,0.00563,0.012969,-0.067608,0.020109,0.044939,-0.251726,0.038686,0.073914,-0.458399,0.035954,0.094123,-0.599523,0.071122,0.070912,-0.397029,0.173766,0.070075,-0.368099,0.274768,-0.048712,-0.139774,0.25538,-0.273441,-0.056451,-0.00421,0.070599,-0.403844,-0.110728,0.066447,-0.400636,-0.249603,-0.069864,-0.204226,-0.258026,-0.291654,-0.111707,0.094273,0.002253,0.008283,0.164779,-0.468969,0.018069,0.217782,-0.804482,0.078165,-0.094274,-0.002253,-0.008284,-0.157051,-0.473679,-0.038831,-0.207384,-0.813242,-0.00487
37.45,0,0,0,0.005787,0.012287,-0.067725,0.020517,0.042314,-0.252154,0.03904,0.069214,-0.459118,0.036229,0.088144,-0.600424,0.071488,0.066848,-0.397722,0.17413,0.06637,-0.368774,0.275176,-0.050537,-0.1395,0.255301,-0.274972,-0.055504,-0.003845,0.066426,-0.404519,-0.110367,0.062356,-0.401335,-0.249556,-0.072267,-0.203985,-0.258042,-0.293384,-0.109875,0.094259,0.002237,0.008461,0.164645,-0.469058,0.015005,0.217339,-0.804056,0.078168,-0.094259,-0.002236,-0.008461,-0.15666,-0.473684,-0.039431,-0.20639,-0.813319,-0.005304
37.466666,0,0,0,0.005894,0.011676,-0.067804,0.020787,0.039939,-0.25248,0.03928,0.065013,-0.459691,0.036468,0.082822,-0.601157,0.071735,0.063189,-0.398265,0.174366,0.063007,-0.369274,0.275462,-0.052069,-0.139098,0.255062,-0.276252,-0.054555,-0.003599,0.062702,-0.405048,-0.110122,0.058673,-0.401855,-0.249533,-0.074574,-0.20373,-0.257994,-0.295133,-0.108315,0.09425,0.002185,0.008569,0.164527,-0.469154,0.012567,0.216879,-0.803759,0.078057,-0.09425,-0.002185,-0.008569,-0.156419,-0.473621,-0.040187,-0.205625,-0.813298,-0.005718
37.483333,0,0,0,0.006003,0.011081,-0.0679,0.021072,0.037613,-0.252822,0.039505,0.060871,-0.460267,0.036691,0.077607,-0.60188,0.071978,0.059576,-0.398822,0.174603,0.059704,-0.36981,0.275686,-0.05332,-0.138613,0.25474,-0.277262,-0.053568,-0.003358,0.059046,-0.405576,-0.109881,0.055075,-0.402322,-0.249423,-0.076769,-0.203352,-0.257831,-0.296784,-0.106688,0.094242,0.002092,0.008674,0.164453,-0.469272,0.010212,0.216452,-0.803428,0.078223,-0.094243,-0.002092,-0.008674,-0.15621,-0.473508,-0.04098,-0.204945,-0.81321,-0.006094
37.5,0,0,0,0.006216,0.010658,-0.067818,0.021685,0.035455,-0.252818,0.040074,0.056743,-0.460454,0.037281,0.072348,-0.602174,0.072565,0.056014,-0.399031,0.175203,0.056412,-0.370067,0.276268,-0.054589,-0.137885,0.254716,-0.278246,-0.052243,-0.002773,0.055459,-0.40576,-0.109291,0.051448,-0.402368,-0.248847,-0.079219,-0.202633,-0.257133,-0.298776,-0.104921,0.094226,0.00181,0.00892,0.164564,-0.469537,0.008292,0.216351,-0.803285,0.078435,-0.094225,-0.00181,-0.00892,-0.155897,-0.47322,-0.041857,-0.204173,-0.812921,-0.00632
37.516666,0,0,0,0.006506,0.01045,-0.06762,0.022574,0.033688,-0.25257,0.040945,0.053015,-0.460348,0.038125,0.067518,-0.602134,0.073448,0.052847,-0.398975,0.176102,0.053433,-0.370075,0.277057,-0.055729,-0.136975,0.254931,-0.279091,-0.050711,-0.001892,0.052272,-0.40569,-0.108399,0.048168,-0.402092,-0.247921,-0.081529,-0.201701,-0.256186,-0.300676,-0.103072,0.094198,0.00139,0.009278,0.164861,-0.469903,0.006886,0.216619,-0.803255,0.07891,-0.094198,-0.00139,-0.009279,-0.155461,-0.472832,-0.042534,-0.20332,-0.812522,-0.006337
37.533333,0,0,0,0.006842,0.010315,-0.067387,0.023609,0.032035,-0.252239,0.04201,0.049327,-0.460169,0.039107,0.062726,-0.602037,0.074507,0.049751,-0.398817,0.177173,0.0505,-0.369963,0.277994,-0.056726,-0.135908,0.255086,-0.279716,-0.04889,-0.000832,0.04913,-0.405537,-0.107327,0.044914,-0.401711,-0.246826,-0.083778,-0.200659,-0.255145,-0.302452,-0.10099,0.09416,0.000967,0.009708,0.165297,-0.470245,0.005843,0.217146,-0.803231,0.079476,-0.09416,-0.000966,-0.009708,-0.154727,-0.472611,-0.041311,-0.202303,-0.812385,-0.005532
37.55,0,0,0,0.007151,0.010184,-0.067163,0.024597,0.030498,-0.251901,0.043064,0.045884,-0.459975,0.040066,0.058266,-0.601934,0.07554,0.04688,-0.39862,0.178219,0.047778,-0.369813,0.278938,-0.057693,-0.134919,0.255234,-0.280215,-0.046922,0.000204,0.046179,-0.405358,-0.106278,0.041809,-0.401338,-0.245737,-0.085823,-0.199583,-0.253996,-0.304053,-0.09894,0.094119,0.000623,0.010116,0.165777,-0.470498,0.005007,0.21776,-0.803138,0.080094,-0.09412,-0.000623,-0.010116,-0.154161,-0.472433,-0.040221,-0.201701,-0.812295,-0.005239
37.566666,0,0,0,0.007335,0.009942,-0.067042,0.025183,0.028976,-0.251742,0.043688,0.042803,-0.459897,0.040601,0.054299,-0.601904,0.076152,0.044276,-0.398568,0.178834,0.045366,-0.36978,0.279388,-0.058573,-0.134133,0.25492,-0.280629,-0.045173,0.000817,0.043492,-0.405318,-0.105654,0.038995,-0.401167,-0.245105,-0.087555,-0.198725,-0.253264,-0.305359,-0.097157,0.094095,0.000413,0.010355,0.166056,-0.470654,0.004534,0.218088,-0.803079,0.080534,-0.094094,-0.000412,-0.010356,-0.153801,-0.472287,-0.04011,-0.201004,-0.812193,-0.005102
37.583333,0,0,0,0.007432,0.009574,-0.067072,0.025462,0.027282,-0.251874,0.043954,0.039614,-0.460167,0.040821,0.050329,-0.602275,0.076411,0.041577,-0.398808,0.179094,0.042954,-0.370033,0.279457,-0.059374,-0.133602,0.254185,-0.280973,-0.043731,0.001078,0.040641,-0.405551,-0.105384,0.036002,-0.401308,-0.244892,-0.089311,-0.198138,-0.252779,-0.306727,-0.09572,0.094082,0.000321,0.01047,0.166163,-0.470723,0.004261,0.218146,-0.803042,0.080758,-0.094083,-0.000322,-0.010471,-0.153628,-0.472222,-0.040143,-0.200465,-0.812179,-0.005138
37.6,0,0,0,0.007436,0.009106,-0.067136,0.025428,0.025486,-0.252064,0.043797,0.036446,-0.460461,0.040651,0.046437,-0.602638,0.076285,0.038843,-0.399119,0.178982,0.040464,-0.370407,0.279243,-0.060176,-0.133208,0.253169,-0.281265,-0.042318,0.000949,0.0378,-0.405814,-0.105508,0.033126,-0.401515,-0.245065,-0.090996,-0.197648,-0.252608,-0.308052,-0.094442,0.094083,0.000333,0.010466,0.166096,-0.470717,0.003989,0.217906,-0.803007,0.080729,-0.094083,-0.000332,-0.010466,-0.153669,-0.472216,-0.040317,-0.200209,-0.81222,-0.005379
37.616666,0,0,0,0.007407,0.008643,-0.0672,0.025265,0.023832,-0.252243,0.043443,0.033602,-0.460739,0.040268,0.04298,-0.602981,0.075982,0.036378,-0.399417,0.178698,0.038229,-0.37079,0.278844,-0.060827,-0.132877,0.252103,-0.281475,-0.041111,0.00064,0.035239,-0.406039,-0.105814,0.030571,-0.401656,-0.245525,-0.092385,-0.197189,-0.252784,-0.309185,-0.093426,0.094087,0.000434,0.010426,0.165925,-0.47064,0.003745,0.217481,-0.802947,0.080582,-0.094087,-0.000435,-0.010425,-0.153808,-0.472271,-0.040751,-0.200108,-0.812296,-0.005694
37.633333,0,0,0,0.005846,0.009268,-0.067272,0.020725,0.023914,-0.252621,0.037996,0.032147,-0.460841,0.034834,0.040436,-0.602735,0.07082,0.035421,-0.400093,0.173467,0.037076,-0.371208,0.2732,-0.06092,-0.132683,0.246063,-0.280907,-0.039459,-0.004547,0.034165,-0.406394,-0.110965,0.029167,-0.401512,-0.250204,-0.093422,-0.196504,-0.257723,-0.309763,-0.091808,0.094287,0.001176,0.008355,0.162951,-0.470416,0.006587,0.212557,-0.802661,0.084959,-0.094287,-0.001176,-0.008356,-0.157038,-0.472688,-0.037607,-0.204507,-0.81242,-0.001295
37.65,0,0,0,0.004923,0.009616,-0.067296,0.018156,0.023641,-0.252818,0.035143,0.030509,-0.46091,0.032112,0.037846,-0.60266,0.068063,0.03417,-0.400427,0.170667,0.035669,-0.371378,0.270345,-0.06121,-0.132375,0.242818,-0.280649,-0.03798,-0.007312,0.032904,-0.406622,-0.113712,0.027785,-0.401466,-0.25259,-0.094477,-0.196018,-0.260274,-0.310508,-0.090694,0.09438,0.001621,0.007136,0.161593,-0.47018,0.008463,0.210395,-0.802643,0.086418,-0.094381,-0.001622,-0.007136,-0.158575,-0.472937,-0.036424,-0.206626,-0.812594,-0.000176
37.666666,0,0,0,0.004426,0.009793,-0.067306,0.016765,0.023163,-0.252938,0.033821,0.028834,-0.460988,0.030909,0.035396,-0.602708,0.066734,0.032789,-0.400587,0.169307,0.034132,-0.371421,0.269127,-0.061637,-0.13203,0.241045,-0.280624,-0.036754,-0.008641,0.031598,-0.406799,-0.115032,0.026491,-0.40146,-0.253596,-0.095491,-0.195634,-0.261435,-0.311404,-0.090079,0.094423,0.001864,0.006481,0.161067,-0.470004,0.010292,0.209632,-0.802833,0.086819,-0.094423,-0.001864,-0.006481,-0.159346,-0.473056,-0.036131,-0.207792,-0.812641,0.000267
37.683333,0,0,0,0.004096,0.009871,-0.067315,0.015815,0.022517,-0.253038,0.033002,0.027024,-0.461057,0.030184,0.032803,-0.602765,0.065891,0.031241,-0.400707,0.168437,0.032421,-0.37144,0.268424,-0.062268,-0.131689,0.239743,-0.280779,-0.035503,-0.009483,0.030169,-0.406958,-0.115868,0.025107,-0.401471,-0.254165,-0.096678,-0.195349,-0.262108,-0.312583,-0.089786,0.09445,0.001984,0.006039,0.160806,-0.469899,0.012377,0.20939,-0.803134,0.0871,-0.09445,-0.001983,-0.006039,-0.159875,-0.473091,-0.035925,-0.208603,-0.812608,0.000735
37.7,0,0,0,0.003889,0.00988,-0.067326,0.015191,0.021852,-0.253119,0.032498,0.025368,-0.461111,0.029709,0.030472,-0.602809,0.065366,0.029797,-0.400799,0.167888,0.03082,-0.371446,0.26802,-0.062973,-0.131403,0.23876,-0.281056,-0.034423,-0.010007,0.028848,-0.407087,-0.116389,0.023845,-0.401493,-0.254497,-0.097793,-0.195157,-0.262413,-0.313807,-0.089815,0.094468,0.002017,0.005753,0.160678,-0.469848,0.01447,0.209372,-0.803503,0.08722,-0.094467,-0.002017,-0.005752,-0.16027,-0.47311,-0.035027,-0.209344,-0.81263,0.00114
37.716666,0,0,0,0.003761,0.009848,-0.067338,0.014772,0.02123,-0.253186,0.032098,0.023896,-0.461136,0.029355,0.02842,-0.602802,0.06497,0.028521,-0.400891,0.167491,0.029485,-0.371531,0.267746,-0.063464,-0.131211,0.23737,-0.281403,-0.034251,-0.010403,0.027648,-0.407183,-0.116782,0.02269,-0.401488,-0.254775,-0.098828,-0.195004,-0.262573,-0.315009,-0.089998,0.094479,0.002025,0.005572,0.160604,-0.469809,0.016385,0.209418,-0.803865,0.087191,-0.094478,-0.002024,-0.005573,-0.160553,-0.473169,-0.033363,-0.21031,-0.812728,0.001473
37.733333,0,0,0,0.003675,0.009799,-0.067349,0.014484,0.02058,-0.253245,0.031863,0.022504,-0.461234,0.029105,0.026579,-0.602949,0.064728,0.027276,-0.400963,0.16723,0.028077,-0.371532,0.267518,-0.064436,-0.131058,0.236993,-0.281992,-0.033288,-0.010645,0.026516,-0.407268,-0.117028,0.021662,-0.401538,-0.255076,-0.099704,-0.195002,-0.262587,-0.316171,-0.090565,0.094486,0.002017,0.005449,0.160532,-0.469777,0.018276,0.209451,-0.804253,0.086995,-0.094485,-0.002016,-0.005449,-0.160901,-0.473236,-0.031073,-0.211625,-0.812853,0.001756
37.75,0,0,0,0.003612,0.009764,-0.067358,0.014244,0.02006,-0.253292,0.031568,0.021355,-0.461276,0.028804,0.025069,-0.602986,0.064457,0.026254,-0.401042,0.166958,0.026942,-0.371602,0.267282,-0.065221,-0.131009,0.236464,-0.282571,-0.032874,-0.010919,0.025585,-0.407325,-0.117302,0.020831,-0.401519,-0.255412,-0.100401,-0.194946,-0.262563,-0.317193,-0.091158,0.09449,0.002021,0.005361,0.160475,-0.469728,0.02003,0.209479,-0.804589,0.086786,-0.094491,-0.002021,-0.005361,-0.16131,-0.473304,-0.028668,-0.212996,-0.812978,0.001988
37.766666,0,0,0,0.003558,0.009752,-0.067363,0.014044,0.019718,-0.253323,0.031286,0.020585,-0.461284,0.028534,0.024053,-0.60297,0.064207,0.025562,-0.401105,0.166713,0.026156,-0.371683,0.267072,-0.065768,-0.131013,0.235839,-0.283069,-0.032899,-0.011173,0.024973,-0.407357,-0.117555,0.02029,-0.401481,-0.255774,-0.100892,-0.194952,-0.262573,-0.317998,-0.0918,0.094494,0.002036,0.005285,0.160429,-0.469667,0.021557,0.209492,-0.80486,0.086582,-0.094495,-0.002035,-0.005286,-0.161697,-0.473345,-0.026907,-0.214166,-0.813045,0.002088
37.783333,0,0,0,0.003503,0.009748,-0.067367,0.013862,0.019438,-0.253348,0.031029,0.01993,-0.461333,0.028262,0.023219,-0.603039,0.063977,0.024968,-0.401158,0.16649,0.025443,-0.371757,0.266959,-0.066362,-0.131087,0.235622,-0.283587,-0.032838,-0.011405,0.024462,-0.407381,-0.11779,0.019887,-0.40146,-0.256214,-0.101209,-0.195018,-0.26262,-0.318678,-0.092608,0.094498,0.002069,0.005213,0.160411,-0.469578,0.023113,0.209534,-0.805094,0.086404,-0.094498,-0.00207,-0.005213,-0.162084,-0.473381,-0.025573,-0.215193,-0.813091,0.002109
37.8,0,0,0,0.003444,0.009753,-0.067368,0.013679,0.019276,-0.253365,0.030791,0.019542,-0.461396,0.028018,0.022788,-0.603144,0.063758,0.024604,-0.401195,0.166271,0.024935,-0.371791,0.266873,-0.067049,-0.131245,0.23581,-0.284158,-0.032654,-0.011626,0.024175,-0.407396,-0.118013,0.019725,-0.401434,-0.256666,-0.10127,-0.195086,-0.262691,-0.319131,-0.09349,0.0945,0.002111,0.005138,0.160405,-0.469475,0.024618,0.20958,-0.805292,0.086253,-0.094501,-0.002112,-0.005137,-0.162392,-0.473407,-0.024829,-0.215936,-0.813112,0.002064
37.816666,0,0,0,0.003386,0.00977,-0.067369,0.013506,0.019271,-0.253373,0.030569,0.019499,-0.461413,0.0278,0.022748,-0.603165,0.063552,0.024552,-0.401215,0.166066,0.024812,-0.371813,0.266803,-0.067455,-0.131432,0.235769,-0.284626,-0.032968,-0.011834,0.024162,-0.407399,-0.118221,0.019776,-0.401392,-0.257025,-0.101246,-0.195161,-0.262797,-0.319434,-0.094254,0.094504,0.002154,0.005063,0.160398,-0.469372,0.025987,0.209604,-0.805464,0.086077,-0.094504,-0.002154,-0.005063,-0.162581,-0.47343,-0.024579,-0.216366,-0.813127,0.001929
37.833333,0,0,0,0.003325,0.009799,-0.067368,0.01333,0.019365,-0.253376,0.030358,0.019667,-0.46143,0.027594,0.022996,-0.603192,0.063353,0.02468,-0.401224,0.16587,0.024881,-0.371833,0.266834,-0.06766,-0.131653,0.235654,-0.28499,-0.033588,-0.012034,0.024328,-0.407395,-0.118421,0.019994,-0.401354,-0.25735,-0.101103,-0.195251,-0.262889,-0.319595,-0.094992,0.094508,0.002181,0.004981,0.160383,-0.469281,0.027352,0.20961,-0.80566,0.085793,-0.094507,-0.002182,-0.004982,-0.162709,-0.473434,-0.024623,-0.216622,-0.813124,0.001715
37.85,0,0,0,0.003278,0.009844,-0.067364,0.013186,0.019574,-0.253368,0.030172,0.020109,-0.461425,0.027411,0.023621,-0.603182,0.063183,0.025033,-0.40122,0.165704,0.025148,-0.371844,0.266939,-0.067763,-0.131921,0.235607,-0.285295,-0.034353,-0.012206,0.024732,-0.407376,-0.118593,0.020443,-0.40129,-0.257594,-0.100822,-0.195335,-0.262935,-0.319621,-0.095734,0.094511,0.002193,0.00492,0.160384,-0.4692,0.028701,0.20963,-0.805863,0.085465,-0.094511,-0.002193,-0.004919,-0.162765,-0.473424,-0.024891,-0.216708,-0.813111,0.001429
37.866666,0,0,0,0.003243,0.009901,-0.067357,0.013087,0.019876,-0.253352,0.030035,0.020778,-0.461415,0.027283,0.024539,-0.603169,0.06306,0.025575,-0.401203,0.165586,0.025603,-0.371844,0.267065,-0.067761,-0.1322,0.235645,-0.285502,-0.035128,-0.01233,0.025326,-0.407346,-0.118714,0.021054,-0.401189,-0.257714,-0.100487,-0.195396,-0.262926,-0.319552,-0.096376,0.094513,0.002191,0.004872,0.160412,-0.469131,0.029955,0.209689,-0.806048,0.085168,-0.094513,-0.002191,-0.004873,-0.162794,-0.473404,-0.025183,-0.216718,-0.813091,0.00118
37.883333,0,0,0,0.003223,0.00999,-0.067344,0.013046,0.020341,-0.253319,0.030005,0.02175,-0.461414,0.027264,0.025865,-0.603194,0.063025,0.026393,-0.401155,0.165554,0.026349,-0.371805,0.267303,-0.067623,-0.132514,0.235822,-0.285658,-0.036125,-0.012365,0.026173,-0.4073,-0.118744,0.021862,-0.401098,-0.257736,-0.100092,-0.195544,-0.262826,-0.319404,-0.097065,0.094514,0.002186,0.004849,0.160474,-0.469054,0.031272,0.209791,-0.806227,0.08486,-0.094515,-0.002185,-0.004848,-0.162795,-0.473381,-0.025563,-0.216676,-0.813067,0.000889
37.9,0,0,0,0.00326,0.01019,-0.067312,0.013145,0.021349,-0.253228,0.030167,0.02363,-0.461364,0.027411,0.028254,-0.603185,0.063169,0.027995,-0.40102,0.165686,0.027825,-0.37163,0.267596,-0.066932,-0.132717,0.236714,-0.285102,-0.036438,-0.012219,0.027851,-0.407186,-0.118599,0.023554,-0.400978,-0.25759,-0.098833,-0.195681,-0.262574,-0.318392,-0.09775,0.094513,0.001964,0.004868,0.160715,-0.46917,0.032538,0.210122,-0.806732,0.082809,-0.094513,-0.001964,-0.004868,-0.162847,-0.473129,-0.026067,-0.216724,-0.812798,0.000614
37.916666,0,0,0,0.004364,0.012605,-0.06684,0.01527,0.033331,-0.251885,0.031818,0.042465,-0.459703,0.028816,0.048538,-0.601294,0.064999,0.0446,-0.399499,0.167578,0.044684,-0.370324,0.269326,-0.048936,-0.130894,0.238718,-0.267533,-0.035499,-0.010402,0.04515,-0.405479,-0.116808,0.041307,-0.399422,-0.256244,-0.080278,-0.193951,-0.261,-0.300151,-0.096716,0.094439,-0.003465,0.005513,0.163047,-0.47426,0.03311,0.21245,-0.815582,0.040033,-0.09444,0.003465,-0.005513,-0.164067,-0.467365,-0.029746,-0.218712,-0.806575,0.000919
37.933333,0,0,0,0.004403,0.01326,-0.06671,0.015479,0.035401,-0.251582,0.032066,0.0456,-0.459341,0.029048,0.052062,-0.60091,0.065213,0.047607,-0.39912,0.167815,0.047613,-0.370027,0.269595,-0.047263,-0.131106,0.239156,-0.266138,-0.036297,-0.010188,0.047827,-0.405129,-0.116583,0.043616,-0.399138,-0.256057,-0.078139,-0.193793,-0.260668,-0.298164,-0.096896,0.094428,-0.003859,0.005465,0.160512,-0.474955,0.034065,0.208069,-0.816567,0.039462,-0.094427,0.00386,-0.005464,-0.164693,-0.466861,-0.02998,-0.219834,-0.805863,0.00206
37.95,0,0,0,0.004405,0.013842,-0.066592,0.015565,0.037329,-0.251293,0.0322,0.048663,-0.459017,0.029148,0.055653,-0.600588,0.065313,0.050479,-0.398745,0.167925,0.050377,-0.369687,0.269712,-0.045776,-0.13128,0.239462,-0.265025,-0.037278,-0.010086,0.050454,-0.404784,-0.11647,0.04595,-0.398797,-0.255761,-0.07638,-0.193669,-0.260348,-0.296523,-0.097039,0.094424,-0.004012,0.005412,0.158552,-0.475332,0.034762,0.204587,-0.817167,0.039178,-0.094424,0.004013,-0.005413,-0.165564,-0.466576,-0.029929,-0.221484,-0.805356,0.003105
37.966666,0,0,0,0.00441,0.014377,-0.066479,0.015638,0.039181,-0.251002,0.032313,0.051706,-0.458686,0.029224,0.059297,-0.600255,0.0654,0.053265,-0.398363,0.168023,0.05304,-0.369344,0.269834,-0.044359,-0.131454,0.23968,-0.264024,-0.038397,-0.009996,0.053095,-0.404427,-0.116368,0.048356,-0.398419,-0.255381,-0.074772,-0.193581,-0.260003,-0.294992,-0.097128,0.094421,-0.004121,0.005372,0.157207,-0.475579,0.035394,0.202105,-0.817575,0.038965,-0.094422,0.004121,-0.005373,-0.166424,-0.466347,-0.029705,-0.223111,-0.804949,0.003833
37.983333,0,0,0,0.004427,0.014966,-0.066347,0.01573,0.041309,-0.250653,0.03243,0.055292,-0.458219,0.029272,0.063651,-0.59972,0.065502,0.056496,-0.397901,0.168131,0.056149,-0.368904,0.269895,-0.042617,-0.131558,0.239869,-0.262799,-0.039691,-0.009892,0.056234,-0.403985,-0.116252,0.051274,-0.397937,-0.254868,-0.072948,-0.19349,-0.259491,-0.293266,-0.097259,0.094418,-0.004234,0.005345,0.156206,-0.475783,0.036002,0.200157,-0.81791,0.038752,-0.094418,0.004235,-0.005345,-0.167206,-0.466131,-0.029293,-0.224568,-0.804599,0.004457
38,0,0,0,0.004452,0.015645,-0.066189,0.015912,0.043687,-0.250234,0.032736,0.059249,-0.457662,0.029541,0.068495,-0.599092,0.065769,0.060022,-0.39733,0.168397,0.059484,-0.368335,0.270189,-0.040707,-0.131598,0.240143,-0.261451,-0.041094,-0.009621,0.059753,-0.403465,-0.115969,0.054597,-0.397359,-0.254058,-0.070977,-0.193383,-0.258708,-0.29146,-0.097535,0.09441,-0.00445,0.005299,0.155667,-0.476008,0.036874,0.198978,-0.81822,0.03905,-0.094411,0.004451,-0.005299,-0.167354,-0.465729,-0.032257,-0.223925,-0.803979,0.004837
38.016666,0,0,0,0.004469,0.016265,-0.066038,0.01601,0.046044,-0.249805,0.032906,0.063388,-0.457071,0.029628,0.073628,-0.598418,0.065915,0.063669,-0.396735,0.168537,0.062948,-0.367719,0.270278,-0.038673,-0.131571,0.240199,-0.259937,-0.042356,-0.009472,0.0634,-0.402903,-0.115807,0.058044,-0.396749,-0.253377,-0.068934,-0.193291,-0.258028,-0.289619,-0.097908,0.094407,-0.00458,0.005261,0.155322,-0.476125,0.037688,0.198115,-0.818406,0.039147,-0.094407,0.004581,-0.00526,-0.166722,-0.465579,-0.034168,-0.222405,-0.804052,0.002241
38.033333,0,0,0,0.004502,0.016898,-0.065876,0.016164,0.048604,-0.249313,0.033174,0.067945,-0.45642,0.02981,0.079372,-0.597699,0.066141,0.067697,-0.396036,0.168759,0.066819,-0.367013,0.270366,-0.036535,-0.13156,0.240163,-0.258413,-0.043929,-0.009243,0.067379,-0.402257,-0.115566,0.061798,-0.396119,-0.252636,-0.066814,-0.193351,-0.257206,-0.28783,-0.098733,0.094401,-0.004718,0.005242,0.155035,-0.476225,0.038731,0.197334,-0.818569,0.039471,-0.0944,0.004718,-0.005241,-0.166917,-0.465445,-0.033593,-0.22251,-0.804034,0.001855
38.05,0,0,0,0.004537,0.017566,-0.065699,0.016295,0.051385,-0.248751,0.033407,0.072999,-0.45565,0.029984,0.085733,-0.59684,0.066333,0.072155,-0.395226,0.168936,0.07115,-0.366154,0.270371,-0.034193,-0.13151,0.240219,-0.256739,-0.045569,-0.009046,0.071767,-0.4015,-0.115356,0.065924,-0.395374,-0.251793,-0.064518,-0.19335,-0.256328,-0.285889,-0.099564,0.094395,-0.004847,0.005222,0.154852,-0.476285,0.039967,0.196733,-0.818682,0.040079,-0.094396,0.004846,-0.005222,-0.167081,-0.465337,-0.032803,-0.222663,-0.803997,0.001978
38.066666,0,0,0,0.004565,0.018238,-0.065514,0.01639,0.054258,-0.248142,0.033579,0.078261,-0.454796,0.030147,0.092391,-0.595879,0.06647,0.076793,-0.39434,0.169055,0.075672,-0.365209,0.270308,-0.031688,-0.131402,0.240327,-0.254898,-0.047142,-0.008904,0.076325,-0.400664,-0.115202,0.070233,-0.394566,-0.251007,-0.062025,-0.193298,-0.255428,-0.283813,-0.100499,0.094391,-0.004949,0.005201,0.154764,-0.476301,0.041238,0.196317,-0.818738,0.040841,-0.094392,0.004949,-0.0052,-0.167115,-0.465295,-0.031624,-0.222672,-0.804045,0.002312
38.083333,0,0,0,0.004597,0.019015,-0.06529,0.016504,0.057622,-0.247384,0.033767,0.084437,-0.453718,0.030354,0.100205,-0.594658,0.066622,0.082226,-0.393236,0.169188,0.081008,-0.364044,0.270227,-0.028619,-0.131199,0.240637,-0.252577,-0.048802,-0.008747,0.081677,-0.399613,-0.115032,0.075312,-0.393558,-0.250093,-0.059071,-0.193199,-0.254259,-0.281391,-0.101668,0.094388,-0.005037,0.005178,0.154811,-0.476268,0.042676,0.196124,-0.818733,0.041784,-0.094388,0.005036,-0.005179,-0.167111,-0.465265,-0.030564,-0.222644,-0.80409,0.002652
38.1,0,0,0,0.00464,0.019869,-0.065032,0.016634,0.061338,-0.246489,0.033931,0.09123,-0.452501,0.030516,0.108847,-0.593324,0.066753,0.088217,-0.391938,0.169312,0.086942,-0.362721,0.270077,-0.025114,-0.130916,0.240874,-0.249924,-0.050733,-0.008611,0.087542,-0.398364,-0.114882,0.080875,-0.39239,-0.249211,-0.055763,-0.193067,-0.253121,-0.278651,-0.102917,0.094384,-0.005108,0.005174,0.154873,-0.476223,0.044002,0.195993,-0.81871,0.042746,-0.094384,0.005108,-0.005174,-0.167186,-0.465239,-0.029462,-0.222795,-0.804107,0.003188
38.116666,0,0,0,0.004673,0.020732,-0.064759,0.016721,0.065062,-0.245535,0.03399,0.09808,-0.451116,0.030556,0.117573,-0.591735,0.066805,0.094229,-0.390555,0.169358,0.092859,-0.361321,0.269873,-0.021506,-0.130537,0.241108,-0.247143,-0.052551,-0.008556,0.093478,-0.397006,-0.114813,0.086548,-0.391089,-0.248421,-0.052329,-0.192831,-0.252006,-0.275839,-0.10422,0.094382,-0.005166,0.005158,0.154967,-0.476179,0.045061,0.195979,-0.818679,0.043737,-0.094382,0.005166,-0.005157,-0.167312,-0.465215,-0.028388,-0.223037,-0.804111,0.003764
38.133333,0,0,0,0.004715,0.021713,-0.064434,0.016866,0.06928,-0.244379,0.034151,0.105843,-0.449409,0.030673,0.127484,-0.589764,0.066942,0.101042,-0.388855,0.169485,0.099564,-0.359595,0.269751,-0.017483,-0.13005,0.241443,-0.244078,-0.054719,-0.008414,0.100199,-0.395358,-0.114657,0.092985,-0.389541,-0.247524,-0.048408,-0.192569,-0.25074,-0.272633,-0.105768,0.09438,-0.005193,0.005158,0.155165,-0.476103,0.045958,0.196193,-0.818601,0.044703,-0.094381,0.005193,-0.005157,-0.167441,-0.465221,-0.027283,-0.22332,-0.80413,0.004467
38.15,0,0,0,0.004758,0.022751,-0.064072,0.017016,0.073724,-0.243074,0.03432,0.114022,-0.447443,0.030765,0.13799,-0.587459,0.067086,0.108215,-0.386925,0.169619,0.10661,-0.357634,0.269612,-0.013217,-0.129408,0.241701,-0.240786,-0.056918,-0.008263,0.107283,-0.393488,-0.114494,0.099776,-0.387806,-0.246681,-0.044213,-0.192261,-0.249441,-0.26922,-0.107494,0.09438,-0.005192,0.005166,0.155332,-0.476024,0.046623,0.196432,-0.818514,0.045709,-0.094381,0.005193,-0.005165,-0.16756,-0.465252,-0.026204,-0.223609,-0.804162,0.005234
38.166666,0,0,0,0.004798,0.023774,-0.063696,0.017171,0.078083,-0.241706,0.034513,0.122048,-0.445372,0.03086,0.148336,-0.585024,0.067247,0.115254,-0.384886,0.169772,0.113507,-0.355574,0.269518,-0.009165,-0.128757,0.242038,-0.237655,-0.059055,-0.008094,0.114224,-0.391524,-0.114313,0.106423,-0.38602,-0.245904,-0.040138,-0.191989,-0.248224,-0.265905,-0.109254,0.09438,-0.005174,0.005179,0.155494,-0.475945,0.047076,0.196729,-0.81842,0.046649,-0.094381,0.005173,-0.005178,-0.167637,-0.465302,-0.025249,-0.223823,-0.804211,0.005963
38.183333,0,0,0,0.004834,0.0249,-0.063262,0.017306,0.08287,-0.240108,0.034679,0.130884,-0.442957,0.030934,0.159783,-0.58219,0.06738,0.122978,-0.382494,0.1699,0.12102,-0.353176,0.269447,-0.004834,-0.12802,0.242526,-0.23429,-0.061335,-0.007953,0.121863,-0.389209,-0.114161,0.113795,-0.383894,-0.24512,-0.035536,-0.191555,-0.246845,-0.262196,-0.111283,0.094382,-0.005138,0.00519,0.15565,-0.475855,0.047469,0.197085,-0.818306,0.047844,-0.094382,0.005138,-0.00519,-0.167648,-0.465376,-0.024291,-0.223912,-0.804281,0.006819
38.2,0,0,0,0.004893,0.026076,-0.062782,0.017498,0.087913,-0.238302,0.034913,0.140241,-0.440111,0.031112,0.171869,-0.578781,0.06758,0.131155,-0.379764,0.170078,0.128991,-0.350387,0.269407,-9.10E-05,-0.12697,0.243115,-0.230523,-0.063479,-0.007743,0.129957,-0.386575,-0.113938,0.121608,-0.381422,-0.244238,-0.030624,-0.190919,-0.245317,-0.258258,-0.11344,0.094383,-0.005053,0.005258,0.155863,-0.475698,0.048028,0.197602,-0.81811,0.049395,-0.094382,0.005052,-0.005257,-0.167486,-0.465527,-0.023342,-0.223696,-0.804421,0.007975
38.216666,0,0,0,0.005404,0.027435,-0.062158,0.01889,0.093971,-0.235885,0.036483,0.151144,-0.436168,0.032543,0.185469,-0.574003,0.069079,0.140801,-0.376162,0.171503,0.13846,-0.346538,0.27043,0.00626,-0.124772,0.244871,-0.225103,-0.064443,-0.006224,0.139451,-0.383162,-0.112395,0.130812,-0.377996,-0.241983,-0.023952,-0.189054,-0.24267,-0.252467,-0.114208,0.094346,-0.004789,0.00609,0.156226,-0.475185,0.050978,0.198635,-0.817504,0.053895,-0.094347,0.004789,-0.00609,-0.166972,-0.466003,-0.020089,-0.223049,-0.804799,0.012508
38.233333,0,0,0,0.00566,0.028905,-0.061465,0.01956,0.099805,-0.233425,0.036926,0.161638,-0.43237,0.032807,0.198713,-0.569517,0.069564,0.150028,-0.372591,0.171968,0.147437,-0.342923,0.270543,0.011595,-0.12321,0.245737,-0.22072,-0.066326,-0.005735,0.148566,-0.379618,-0.111873,0.13951,-0.374502,-0.240881,-0.01838,-0.187762,-0.240884,-0.247953,-0.116224,0.094326,-0.004659,0.006494,0.15641,-0.474968,0.052001,0.199244,-0.817224,0.055952,-0.094326,0.004658,-0.006495,-0.166852,-0.466216,-0.018086,-0.222949,-0.805016,0.014431
38.25,0,0,0,0.005775,0.030352,-0.060753,0.01989,0.105535,-0.230866,0.037063,0.171972,-0.428379,0.032788,0.211879,-0.564764,0.069736,0.159082,-0.368844,0.172127,0.156165,-0.33916,0.270455,0.016522,-0.121731,0.246418,-0.216733,-0.068479,-0.005559,0.157555,-0.375904,-0.111675,0.148145,-0.370954,-0.240118,-0.012956,-0.186583,-0.2393,-0.243597,-0.118571,0.094318,-0.004543,0.006696,0.156632,-0.47477,0.052741,0.199876,-0.816959,0.057867,-0.094317,0.004543,-0.006696,-0.166707,-0.466384,-0.016876,-0.222799,-0.805152,0.015984
38.266666,0,0,0,0.005809,0.03167,-0.060073,0.01999,0.110859,-0.228352,0.036992,0.181661,-0.424442,0.032576,0.224356,-0.560058,0.069694,0.167528,-0.365129,0.172082,0.164292,-0.335467,0.270297,0.021205,-0.120238,0.246941,-0.212903,-0.070546,-0.005597,0.165971,-0.37222,-0.111699,0.156334,-0.36743,-0.239555,-0.007754,-0.185299,-0.237944,-0.239406,-0.120831,0.094317,-0.004436,0.006782,0.156794,-0.474598,0.053266,0.200364,-0.816725,0.059607,-0.094316,0.004436,-0.006781,-0.166633,-0.466528,-0.015646,-0.222718,-0.805274,0.017455
38.283333,0,0,0,0.005811,0.033037,-0.059332,0.019995,0.116444,-0.225562,0.036885,0.191942,-0.420084,0.032303,0.237704,-0.554868,0.069595,0.176429,-0.360956,0.171967,0.172873,-0.331274,0.270115,0.026273,-0.118392,0.24756,-0.208735,-0.07274,-0.005691,0.174869,-0.368098,-0.111788,0.165068,-0.363511,-0.239023,-0.00205,-0.183716,-0.236758,-0.234697,-0.122955,0.094319,-0.004326,0.006829,0.156944,-0.474429,0.053709,0.20084,-0.816487,0.06142,-0.094318,0.004326,-0.006828,-0.166473,-0.466682,-0.014654,-0.222482,-0.805401,0.018849
38.3,0,0,0,0.005784,0.034362,-0.058577,0.019927,0.121945,-0.222648,0.036725,0.20217,-0.415409,0.032042,0.250968,-0.549248,0.06944,0.185269,-0.356545,0.171804,0.181377,-0.326879,0.269875,0.031153,-0.116502,0.248115,-0.204686,-0.074934,-0.00584,0.183716,-0.363751,-0.11193,0.17375,-0.359373,-0.238477,0.00335,-0.18219,-0.235295,-0.230348,-0.125656,0.094322,-0.004226,0.006835,0.157084,-0.474282,0.053992,0.201287,-0.816265,0.063141,-0.094322,0.004225,-0.006834,-0.166416,-0.466807,-0.013723,-0.222349,-0.80552,0.019964
38.316666,0,0,0,0.005749,0.03556,-0.057862,0.019794,0.127026,-0.219809,0.036488,0.211776,-0.41078,0.031685,0.263537,-0.543641,0.069209,0.193539,-0.352186,0.171567,0.189323,-0.322543,0.269581,0.035602,-0.114681,0.24859,-0.200963,-0.07703,-0.006064,0.191983,-0.359457,-0.112148,0.181864,-0.355288,-0.238009,0.008372,-0.180636,-0.234099,-0.226241,-0.128077,0.094326,-0.004108,0.006847,0.157089,-0.474148,0.054162,0.201487,-0.816066,0.064695,-0.094327,0.004108,-0.006848,-0.16633,-0.466954,-0.012502,-0.222184,-0.80569,0.021089
38.333333,0,0,0,0.005659,0.036723,-0.057139,0.019345,0.132174,-0.216802,0.035724,0.221744,-0.405789,0.030728,0.276722,-0.537537,0.068507,0.202096,-0.347507,0.170869,0.197581,-0.317926,0.268737,0.040091,-0.112833,0.248564,-0.197181,-0.079421,-0.006764,0.200473,-0.3548,-0.112844,0.190209,-0.350885,-0.238098,0.013424,-0.179123,-0.233447,-0.222114,-0.13094,0.094335,-0.003828,0.006883,0.1568,-0.473939,0.053899,0.201181,-0.815822,0.065553,-0.094336,0.003828,-0.006883,-0.166675,-0.467213,-0.00876,-0.22279,-0.806174,0.022011
38.35,0,0,0,0.005578,0.037901,-0.056372,0.018996,0.137413,-0.213558,0.035108,0.231894,-0.400294,0.029986,0.290082,-0.53078,0.067944,0.210799,-0.342431,0.170312,0.205936,-0.312924,0.268056,0.044597,-0.110786,0.248797,-0.193296,-0.081503,-0.007322,0.209152,-0.349759,-0.113401,0.198804,-0.346052,-0.237818,0.018588,-0.177273,-0.232461,-0.217813,-0.133602,0.094341,-0.003496,0.006984,0.156409,-0.473672,0.053869,0.200752,-0.81549,0.067443,-0.094341,0.003495,-0.006983,-0.1669,-0.467516,-0.006863,-0.223296,-0.806505,0.023066
38.366666,0,0,0,0.00548,0.038982,-0.05564,0.018589,0.142269,-0.210399,0.034436,0.241352,-0.394911,0.029192,0.302628,-0.524119,0.067326,0.218885,-0.337459,0.169698,0.21373,-0.308014,0.26736,0.048878,-0.108692,0.248915,-0.189535,-0.08338,-0.007937,0.217214,-0.344821,-0.114018,0.206806,-0.341353,-0.237722,0.023439,-0.175469,-0.231741,-0.213707,-0.136136,0.094347,-0.003185,0.00706,0.156039,-0.473435,0.053699,0.200306,-0.815196,0.06886,-0.094347,0.003186,-0.007059,-0.167048,-0.467797,-0.004561,-0.223443,-0.806887,0.024196
38.383333,0,0,0,0.005414,0.040171,-0.054848,0.018342,0.147435,-0.206945,0.034002,0.251367,-0.389004,0.028645,0.315899,-0.516822,0.066923,0.227402,-0.331985,0.169308,0.221893,-0.302651,0.266934,0.053157,-0.106587,0.249285,-0.185738,-0.085624,-0.008336,0.225765,-0.339393,-0.114417,0.21527,-0.336195,-0.237293,0.028442,-0.173589,-0.230624,-0.209415,-0.138932,0.094349,-0.003003,0.007112,0.155756,-0.473317,0.053483,0.19999,-0.814991,0.070575,-0.094348,0.003003,-0.007112,-0.16683,-0.468009,-0.004005,-0.223095,-0.807084,0.025186
38.4,0,0,0,0.005403,0.041418,-0.054099,0.018273,0.152532,-0.203594,0.033833,0.261126,-0.383098,0.028359,0.328917,-0.509383,0.066766,0.235691,-0.326569,0.169153,0.229779,-0.297317,0.266698,0.057189,-0.104596,0.249801,-0.182102,-0.087988,-0.00849,0.23415,-0.334025,-0.114569,0.223555,-0.331091,-0.23662,0.033234,-0.171953,-0.229314,-0.205251,-0.142079,0.09435,-0.003082,0.007064,0.155693,-0.473403,0.05345,0.199986,-0.814958,0.072635,-0.09435,0.003082,-0.007064,-0.165896,-0.468083,-0.005963,-0.221757,-0.806967,0.026081
38.416666,0,0,0,0.005409,0.042625,-0.053422,0.018254,0.157343,-0.200438,0.03375,0.270315,-0.377409,0.028145,0.341176,-0.502168,0.066688,0.243476,-0.321372,0.16907,0.237165,-0.292189,0.266542,0.060898,-0.102788,0.250429,-0.178703,-0.090415,-0.008566,0.242046,-0.328874,-0.114641,0.231346,-0.326204,-0.235884,0.037661,-0.170543,-0.228033,-0.201321,-0.145099,0.094353,-0.003304,0.006917,0.155775,-0.473601,0.053445,0.200177,-0.815036,0.074427,-0.094353,0.003305,-0.006917,-0.164721,-0.468033,-0.009092,-0.219952,-0.80664,0.026748
38.433333,0,0,0,0.005379,0.044279,-0.051764,0.018211,0.162971,-0.195298,0.033679,0.280378,-0.369514,0.027869,0.354339,-0.492599,0.06661,0.252123,-0.314039,0.16899,0.245227,-0.284978,0.26632,0.064988,-0.099279,0.251124,-0.174856,-0.091181,-0.008638,0.250802,-0.32161,-0.114687,0.239772,-0.319256,-0.234954,0.042435,-0.167473,-0.226648,-0.196987,-0.146746,0.094358,-0.00371,0.006632,0.156556,-0.473653,0.05563,0.201544,-0.814957,0.07749,-0.094358,0.003709,-0.006632,-0.163559,-0.467788,-0.010906,-0.217642,-0.806112,0.029111
38.45,0,0,0,0.005311,0.045803,-0.050608,0.017938,0.168605,-0.190838,0.033198,0.290731,-0.361918,0.027112,0.367894,-0.483123,0.066166,0.261029,-0.307119,0.168549,0.253596,-0.278204,0.265673,0.069282,-0.096437,0.251317,-0.170719,-0.09262,-0.009075,0.259715,-0.314768,-0.115106,0.248459,-0.312713,-0.234575,0.047551,-0.16504,-0.22565,-0.19223,-0.14934,0.094365,-0.003752,0.006509,0.156685,-0.473535,0.056869,0.201816,-0.81474,0.079936,-0.094365,0.003751,-0.006509,-0.16283,-0.467843,-0.011621,-0.216475,-0.805857,0.031481
38.466666,0,0,0,0.005073,0.047558,-0.050359,0.016994,0.17528,-0.187542,0.0319,0.302641,-0.35511,0.025648,0.383189,-0.474384,0.064926,0.271327,-0.300975,0.167333,0.263703,-0.272194,0.264212,0.075866,-0.093937,0.250453,-0.1642,-0.094449,-0.0103,0.269899,-0.308753,-0.116343,0.258715,-0.306966,-0.235282,0.054928,-0.162854,-0.225748,-0.185103,-0.152118,0.094376,-0.002875,0.006792,0.156111,-0.472699,0.057489,0.200949,-0.81386,0.081753,-0.094376,0.002876,-0.006791,-0.165082,-0.468347,0.001205,-0.219655,-0.80706,0.037049
38.483333,0,0,0,0.004893,0.049188,-0.048931,0.016318,0.181278,-0.182102,0.030776,0.313573,-0.346041,0.024342,0.39737,-0.463233,0.06392,0.280671,-0.292758,0.166357,0.272563,-0.264217,0.262915,0.080764,-0.090052,0.249992,-0.159301,-0.094903,-0.011312,0.279319,-0.300484,-0.117344,0.26798,-0.298978,-0.235504,0.060702,-0.159271,-0.225446,-0.179485,-0.15372,0.094375,-0.002462,0.006964,0.155624,-0.472226,0.058792,0.200222,-0.813249,0.085323,-0.094375,0.002461,-0.006963,-0.164765,-0.468752,0.003981,-0.219047,-0.807452,0.040387
38.5,0,0,0,0.005832,0.050822,-0.050668,0.020229,0.186581,-0.183336,0.037209,0.323405,-0.34426,0.031084,0.411264,-0.459398,0.069585,0.288338,-0.291035,0.172103,0.280241,-0.262786,0.269894,0.085386,-0.092751,0.257172,-0.154527,-0.10282,-0.005597,0.287904,-0.299338,-0.111709,0.27727,-0.298449,-0.228392,0.066391,-0.162954,-0.217456,-0.173821,-0.162768,0.09434,-0.004316,0.006529,0.161556,-0.473616,0.055064,0.210313,-0.8141,0.08119,-0.09434,0.004316,-0.006528,-0.159301,-0.467767,-0.000729,-0.209809,-0.807041,0.035769
38.516666,0,0,0,0.005584,0.051661,-0.050614,0.019405,0.190717,-0.180676,0.036201,0.332101,-0.338004,0.029844,0.42341,-0.450765,0.068592,0.295512,-0.285502,0.171131,0.287327,-0.257355,0.268784,0.088898,-0.091423,0.256769,-0.150825,-0.105909,-0.006578,0.295079,-0.293916,-0.112713,0.284665,-0.293228,-0.228753,0.070852,-0.161841,-0.217266,-0.169284,-0.166699,0.09437,-0.004108,0.006218,0.161319,-0.473552,0.053724,0.209838,-0.813867,0.082382,-0.09437,0.004108,-0.006218,-0.159161,-0.468013,-0.001739,-0.209598,-0.80717,0.035922
38.533333,0,0,0,0.0053,0.05271,-0.050233,0.018472,0.195468,-0.176996,0.034959,0.341685,-0.33021,0.02834,0.436622,-0.440235,0.067418,0.303449,-0.278653,0.169954,0.294915,-0.2506,0.267505,0.092863,-0.089037,0.256023,-0.146543,-0.108389,-0.007752,0.303107,-0.287069,-0.113906,0.292875,-0.2865,-0.229222,0.075964,-0.159633,-0.217298,-0.163979,-0.169982,0.094399,-0.003821,0.00595,0.16055,-0.473426,0.052971,0.208465,-0.813577,0.084462,-0.094399,0.003821,-0.00595,-0.159252,-0.468296,-0.001892,-0.209792,-0.807263,0.037308
38.55,0,0,0,0.004993,0.053833,-0.04958,0.017467,0.200226,-0.172745,0.033615,0.351105,-0.32166,0.026758,0.449519,-0.42881,0.066159,0.311281,-0.27116,0.168708,0.302361,-0.243272,0.266158,0.09677,-0.086175,0.255172,-0.142223,-0.110321,-0.009015,0.311053,-0.279542,-0.115184,0.300982,-0.279115,-0.229745,0.080978,-0.156976,-0.217461,-0.158645,-0.172816,0.094429,-0.003583,0.005618,0.159691,-0.473312,0.052649,0.206926,-0.813292,0.086883,-0.094429,0.003583,-0.005619,-0.159392,-0.46852,-0.001716,-0.210025,-0.807263,0.039256
38.566666,0,0,0,0.004743,0.054938,-0.048798,0.016562,0.20473,-0.16832,0.032338,0.359936,-0.313038,0.025184,0.461543,-0.417407,0.064976,0.318628,-0.263573,0.167538,0.309336,-0.235853,0.264868,0.100406,-0.083149,0.254251,-0.138088,-0.111946,-0.010201,0.318482,-0.271924,-0.116383,0.308533,-0.271648,-0.230318,0.085748,-0.154049,-0.217709,-0.153469,-0.174964,0.094449,-0.003333,0.005428,0.158755,-0.473151,0.052876,0.20525,-0.812975,0.089592,-0.094449,0.003332,-0.005429,-0.159551,-0.46875,-0.001394,-0.210256,-0.807294,0.041114
38.583333,0,0,0,0.004504,0.056299,-0.046736,0.01515,0.209631,-0.161253,0.029581,0.369799,-0.301116,0.022249,0.474887,-0.402447,0.062573,0.326913,-0.252827,0.165212,0.317489,-0.225442,0.262591,0.105147,-0.07755,0.25259,-0.132742,-0.111169,-0.012612,0.326464,-0.261099,-0.11872,0.315762,-0.260741,-0.228917,0.086248,-0.152926,-0.215556,-0.151647,-0.185312,0.094446,-0.002735,0.005807,0.157006,-0.472521,0.055848,0.202193,-0.812277,0.094755,-0.094446,0.002735,-0.005807,-0.160322,-0.4692,0.001517,-0.211533,-0.807441,0.045792
38.6,0,0,0,0.004223,0.057607,-0.04525,0.014215,0.214144,-0.155521,0.027437,0.378594,-0.291259,0.020155,0.487087,-0.3897,0.060774,0.334126,-0.243987,0.163528,0.324459,-0.217122,0.261378,0.109021,-0.074099,0.251726,-0.128125,-0.112697,-0.014442,0.333588,-0.251966,-0.120449,0.321939,-0.251351,-0.228337,0.087174,-0.152919,-0.213125,-0.148744,-0.196879,0.094462,-0.002474,0.005667,0.156296,-0.472256,0.056628,0.200888,-0.811863,0.097474,-0.094462,0.002473,-0.005667,-0.160439,-0.469432,0.002642,-0.211596,-0.807536,0.048011
38.616666,0,0,0,0.004032,0.058496,-0.044618,0.01351,0.217795,-0.151457,0.026128,0.386098,-0.282936,0.018676,0.497639,-0.378359,0.059628,0.340235,-0.236727,0.162404,0.330296,-0.210045,0.260397,0.112004,-0.071517,0.251113,-0.12432,-0.114942,-0.015596,0.339701,-0.24463,-0.121557,0.327644,-0.24392,-0.228081,0.089718,-0.151794,-0.212771,-0.144897,-0.20222,0.094477,-0.002344,0.005465,0.155707,-0.47221,0.056386,0.199753,-0.811596,0.09959,-0.094477,0.002343,-0.005466,-0.160372,-0.469583,0.002249,-0.211472,-0.807466,0.049296
38.633333,0,0,0,0.003815,0.059543,-0.043753,0.012726,0.221917,-0.146488,0.024834,0.39417,-0.273218,0.017112,0.508759,-0.365328,0.058473,0.346874,-0.228237,0.161262,0.336627,-0.201721,0.259258,0.115246,-0.068189,0.250318,-0.12006,-0.116902,-0.016758,0.346391,-0.236081,-0.122707,0.334229,-0.235381,-0.228916,0.094309,-0.148194,-0.213095,-0.139001,-0.204209,0.094489,-0.002136,0.005331,0.154922,-0.472086,0.056433,0.19825,-0.81122,0.102261,-0.09449,0.002137,-0.005331,-0.160397,-0.46979,0.002245,-0.211483,-0.807409,0.051169
38.65,0,0,0,0.003603,0.060699,-0.04279,0.012,0.226154,-0.141243,0.023792,0.402077,-0.263087,0.015761,0.51943,-0.351834,0.057521,0.353454,-0.219425,0.160304,0.342857,-0.193024,0.258116,0.118396,-0.064596,0.249565,-0.115762,-0.118618,-0.017715,0.353095,-0.227224,-0.123688,0.341141,-0.22658,-0.23037,0.10024,-0.142739,-0.214201,-0.13201,-0.202903,0.094501,-0.001944,0.0052,0.154101,-0.47196,0.056662,0.196663,-0.810811,0.105226,-0.094501,0.001943,-0.0052,-0.160469,-0.46997,0.002656,-0.211517,-0.807351,0.053236
38.666666,0,0,0,0.003412,0.061856,-0.041826,0.01137,0.230144,-0.136205,0.023001,0.40934,-0.25336,0.014607,0.529143,-0.338887,0.056773,0.359522,-0.210969,0.159529,0.348565,-0.184613,0.257078,0.121269,-0.061064,0.249016,-0.111706,-0.120046,-0.018465,0.359311,-0.218761,-0.124477,0.347703,-0.218291,-0.23185,0.106247,-0.136964,-0.215614,-0.125232,-0.200014,0.094512,-0.001797,0.005051,0.153416,-0.471856,0.056921,0.195311,-0.810421,0.107993,-0.094511,0.001796,-0.005052,-0.1605,-0.470108,0.003241,-0.211449,-0.807267,0.055371
38.683333,0,0,0,0.003245,0.063824,-0.039434,0.010903,0.235438,-0.128405,0.02289,0.417782,-0.240244,0.013961,0.539671,-0.322424,0.05656,0.366855,-0.199362,0.159299,0.355254,-0.173214,0.256126,0.124715,-0.055232,0.248751,-0.107009,-0.119037,-0.01867,0.366975,-0.207229,-0.124783,0.356316,-0.207338,-0.233417,0.115273,-0.126462,-0.218849,-0.116485,-0.188888,0.094518,-0.001759,0.004932,0.153042,-0.471465,0.06031,0.194615,-0.809838,0.112899,-0.094519,0.001759,-0.004932,-0.160274,-0.470102,0.006896,-0.210707,-0.807244,0.059636
38.7,0,0,0,0.003158,0.064831,-0.038246,0.010495,0.238863,-0.122972,0.022214,0.424375,-0.229752,0.012881,0.548594,-0.308545,0.055952,0.372278,-0.190233,0.158671,0.360295,-0.16418,0.255407,0.127165,-0.051324,0.248656,-0.103085,-0.120322,-0.019277,0.372494,-0.198113,-0.125416,0.362104,-0.198392,-0.233579,0.119546,-0.121513,-0.220349,-0.111584,-0.186513,0.094523,-0.001735,0.004865,0.152624,-0.471397,0.061055,0.193734,-0.809451,0.116004,-0.094523,0.001734,-0.004866,-0.160059,-0.470139,0.007659,-0.210229,-0.807076,0.061936
38.716666,0,0,0,0.003053,0.06562,-0.037359,0.010043,0.241767,-0.118192,0.021385,0.430119,-0.220121,0.011797,0.55647,-0.295604,0.055232,0.376975,-0.181961,0.157935,0.364672,-0.155994,0.254785,0.129323,-0.047944,0.248622,-0.099416,-0.121848,-0.020002,0.377274,-0.189779,-0.126156,0.36703,-0.189934,-0.233755,0.122825,-0.117613,-0.221403,-0.10704,-0.187116,0.094531,-0.001709,0.004722,0.152207,-0.471417,0.060967,0.192794,-0.809076,0.118665,-0.09453,0.001708,-0.004722,-0.159855,-0.470197,0.007683,-0.209774,-0.806884,0.06372
38.733333,0,0,0,0.002873,0.066513,-0.036279,0.009403,0.244829,-0.112877,0.020345,0.436042,-0.209735,0.010457,0.564543,-0.28178,0.054309,0.381793,-0.172994,0.157011,0.369142,-0.147192,0.253981,0.131541,-0.044301,0.248342,-0.095491,-0.123335,-0.020934,0.382182,-0.180726,-0.127105,0.37211,-0.180844,-0.234195,0.126336,-0.113238,-0.222242,-0.102065,-0.187479,0.094543,-0.001628,0.004502,0.151748,-0.471352,0.061102,0.19178,-0.808581,0.121631,-0.094543,0.001629,-0.004502,-0.159738,-0.470293,0.00795,-0.209373,-0.806743,0.065635
38.75,0,0,0,0.002664,0.067452,-0.03517,0.008671,0.247834,-0.10762,0.019124,0.441693,-0.199536,0.00891,0.57222,-0.26817,0.05323,0.386416,-0.164182,0.155956,0.373489,-0.138612,0.253064,0.133775,-0.040883,0.247994,-0.091486,-0.124865,-0.022022,0.386848,-0.171829,-0.128199,0.376852,-0.171936,-0.23478,0.12962,-0.109002,-0.223248,-0.097387,-0.187463,0.094554,-0.001487,0.004312,0.151207,-0.471236,0.061254,0.190635,-0.808067,0.124344,-0.094554,0.001487,-0.004311,-0.159719,-0.470437,0.008253,-0.209129,-0.806669,0.067381
38.766666,0,0,0,0.002419,0.068264,-0.034087,0.007894,0.250414,-0.102648,0.017879,0.446626,-0.189974,0.007359,0.578956,-0.255467,0.052124,0.390398,-0.155922,0.154884,0.377218,-0.130621,0.252165,0.135654,-0.037738,0.247584,-0.087882,-0.126236,-0.023139,0.390873,-0.163459,-0.129321,0.380933,-0.163496,-0.235383,0.132409,-0.104927,-0.224195,-0.093221,-0.187313,0.094567,-0.001317,0.004074,0.150653,-0.471085,0.061415,0.189483,-0.807515,0.126967,-0.094567,0.001316,-0.004075,-0.15972,-0.470604,0.008687,-0.208889,-0.806638,0.069132
38.783333,0,0,0,0.002146,0.069103,-0.032935,0.007053,0.253004,-0.09743,0.016579,0.451557,-0.179973,0.005703,0.58569,-0.24219,0.050961,0.394343,-0.147282,0.153758,0.3809,-0.122267,0.251253,0.137518,-0.034498,0.247244,-0.084154,-0.127595,-0.024313,0.394871,-0.154697,-0.130501,0.38499,-0.154654,-0.236077,0.135247,-0.100559,-0.225306,-0.088917,-0.186906,0.09458,-0.001119,0.003814,0.150007,-0.470918,0.061547,0.188169,-0.806932,0.129575,-0.09458,0.001119,-0.003814,-0.159776,-0.470787,0.009214,-0.208714,-0.806614,0.070983
38.8,0,0,0,0.001871,0.069891,-0.03176,0.006208,0.255375,-0.092276,0.015288,0.456051,-0.170124,0.004052,0.591809,-0.229146,0.049808,0.397937,-0.138803,0.152644,0.384216,-0.114104,0.250357,0.13917,-0.031349,0.246936,-0.08064,-0.128783,-0.02548,0.398525,-0.14607,-0.131672,0.388684,-0.145887,-0.236699,0.137809,-0.096137,-0.226417,-0.08488,-0.186278,0.094593,-0.00092,0.003549,0.149401,-0.470734,0.061741,0.186923,-0.806283,0.132373,-0.094593,0.000919,-0.003549,-0.159848,-0.470971,0.009781,-0.208564,-0.80659,0.072842
38.816666,0,0,0,0.001622,0.070599,-0.030637,0.005466,0.257454,-0.087452,0.014195,0.459984,-0.160974,0.002617,0.597158,-0.217084,0.048826,0.401052,-0.130918,0.151698,0.387051,-0.106531,0.249699,0.140609,-0.028391,0.246785,-0.077414,-0.129776,-0.026475,0.401709,-0.138051,-0.13267,0.391912,-0.137739,-0.237171,0.140066,-0.091947,-0.227362,-0.081209,-0.185555,0.094604,-0.000746,0.003288,0.148874,-0.470583,0.0618,0.185828,-0.805687,0.134803,-0.094604,0.000746,-0.003287,-0.159884,-0.471131,0.010365,-0.208367,-0.806566,0.074571
38.833333,0,0,0,0.001388,0.071263,-0.029422,0.004763,0.259407,-0.08234,0.013143,0.463717,-0.151361,0.001209,0.602224,-0.20451,0.047885,0.403997,-0.122639,0.150801,0.389712,-0.098602,0.249144,0.141931,-0.025272,0.246687,-0.074218,-0.130604,-0.027428,0.404724,-0.12963,-0.133626,0.394955,-0.12919,-0.237599,0.142189,-0.08744,-0.228384,-0.077686,-0.184349,0.094612,-0.000578,0.003066,0.148296,-0.470415,0.062114,0.184631,-0.805055,0.137517,-0.094613,0.000578,-0.003066,-0.159871,-0.471286,0.011168,-0.208095,-0.806515,0.076632
38.85,0,0,0,0.001173,0.071889,-0.028199,0.004125,0.26121,-0.07725,0.012181,0.467248,-0.141869,-0.000135,0.607031,-0.192261,0.047027,0.406692,-0.114454,0.149986,0.392124,-0.090771,0.248674,0.143136,-0.022144,0.246676,-0.071139,-0.131247,-0.0283,0.407498,-0.121276,-0.134499,0.397747,-0.120656,-0.237889,0.144119,-0.082877,-0.229328,-0.074386,-0.182895,0.094621,-0.000438,0.002817,0.147828,-0.470253,0.062475,0.183638,-0.804401,0.140273,-0.094621,0.000439,-0.002818,-0.159828,-0.471411,0.012086,-0.207746,-0.806443,0.078771
38.866666,0,0,0,0.000987,0.072433,-0.027032,0.003589,0.262735,-0.07253,0.011388,0.47036,-0.133205,-0.001281,0.611312,-0.181277,0.046318,0.40895,-0.106956,0.149314,0.394113,-0.083603,0.248306,0.144123,-0.019188,0.246657,-0.06841,-0.131653,-0.029024,0.409837,-0.113604,-0.135223,0.400106,-0.112774,-0.23814,0.145785,-0.078534,-0.230245,-0.071471,-0.181292,0.094628,-0.000335,0.002559,0.147436,-0.470113,0.06286,0.182807,-0.803771,0.142929,-0.094629,0.000335,-0.002558,-0.15975,-0.471506,0.012997,-0.207337,-0.806377,0.080719
38.883333,0,0,0,0.000823,0.073027,-0.025782,0.003049,0.264344,-0.067445,0.010494,0.473455,-0.123866,-0.002464,0.615449,-0.16956,0.045541,0.411294,-0.098909,0.148584,0.396199,-0.075933,0.247885,0.145233,-0.01594,0.246546,-0.065473,-0.131796,-0.029817,0.412233,-0.105372,-0.13601,0.402466,-0.104327,-0.238435,0.147472,-0.073811,-0.231253,-0.068502,-0.179286,0.094637,-0.000265,0.00227,0.14702,-0.469985,0.063389,0.18195,-0.803101,0.145872,-0.094636,0.000264,-0.002269,-0.159717,-0.471556,0.014062,-0.206974,-0.80623,0.082982
38.9,0,0,0,0.000659,0.073518,-0.024537,0.002548,0.265649,-0.062586,0.009646,0.476097,-0.114968,-0.003587,0.619045,-0.158427,0.044807,0.413238,-0.091245,0.147909,0.39791,-0.068692,0.247551,0.146075,-0.013066,0.246431,-0.062888,-0.132038,-0.030565,0.414215,-0.097533,-0.13675,0.40438,-0.096264,-0.238668,0.14878,-0.069331,-0.232217,-0.065942,-0.177378,0.094641,-0.000151,0.00209,0.146552,-0.469846,0.063803,0.181022,-0.802485,0.148376,-0.094641,0.00015,-0.00209,-0.159656,-0.471653,0.014972,-0.206604,-0.80616,0.084906
38.916666,0,0,0,0.000505,0.073958,-0.023391,0.00209,0.266789,-0.058088,0.00887,0.478357,-0.106698,-0.004638,0.622108,-0.148066,0.044139,0.414918,-0.084154,0.147291,0.399372,-0.06198,0.2472,0.146815,-0.010242,0.246298,-0.060552,-0.131977,-0.031248,0.415932,-0.090256,-0.137423,0.406029,-0.088757,-0.238803,0.149891,-0.065104,-0.233107,-0.063692,-0.175428,0.094646,-5.70E-05,0.001859,0.146099,-0.469716,0.064228,0.180166,-0.801877,0.15082,-0.094645,5.80E-05,-0.00186,-0.15963,-0.471727,0.015801,-0.206269,-0.806082,0.086663
38.933333,0,0,0,0.000346,0.074404,-0.022204,0.001612,0.267908,-0.053428,0.008058,0.480568,-0.09815,-0.005685,0.625115,-0.137403,0.043443,0.416543,-0.076833,0.146646,0.400785,-0.055054,0.24681,0.147543,-0.007305,0.246112,-0.058202,-0.131764,-0.03196,0.417588,-0.08273,-0.138125,0.407606,-0.080983,-0.238949,0.150967,-0.060615,-0.234146,-0.06151,-0.173095,0.09465,3.30E-05,0.001587,0.145606,-0.46957,0.06477,0.179279,-0.801226,0.153429,-0.094651,-3.30E-05,-0.001587,-0.159614,-0.471798,0.016682,-0.205921,-0.805997,0.088495
38.95,0,0,0,0.000206,0.074849,-0.021043,0.001232,0.268982,-0.048833,0.007439,0.482592,-0.08974,-0.00649,0.627825,-0.127004,0.042912,0.418044,-0.069645,0.146158,0.402054,-0.04824,0.246533,0.14821,-0.004286,0.246097,-0.05603,-0.131199,-0.032506,0.419147,-0.075331,-0.138661,0.409117,-0.073285,-0.238835,0.152002,-0.055933,-0.234948,-0.059401,-0.170453,0.094655,0.000109,0.001311,0.145219,-0.469413,0.065407,0.178584,-0.800546,0.156116,-0.094655,-0.000108,-0.001312,-0.159481,-0.471868,0.017569,-0.205378,-0.805908,0.090376
38.966666,0,0,0,8.20E-05,0.0752,-0.019949,0.000856,0.26981,-0.044581,0.006769,0.484252,-0.082003,-0.007377,0.630099,-0.117483,0.042346,0.419236,-0.063028,0.145643,0.403074,-0.042005,0.246211,0.14874,-0.001454,0.245955,-0.054181,-0.130467,-0.033087,0.420358,-0.068517,-0.139227,0.410233,-0.066193,-0.238812,0.152718,-0.051618,-0.235845,-0.057738,-0.167898,0.094658,0.000183,0.001081,0.14483,-0.469251,0.066123,0.177901,-0.799913,0.158637,-0.094658,-0.000184,-0.00108,-0.159334,-0.471942,0.018347,-0.204845,-0.805836,0.092056
38.983333,0,0,0,-6.50E-05,0.075536,-0.018821,0.000403,0.270575,-0.040217,0.006002,0.485919,-0.074058,-0.008292,0.632496,-0.107664,0.041686,0.420339,-0.056227,0.145032,0.403976,-0.0356,0.245681,0.149141,0.001456,0.245681,-0.0525,-0.129548,-0.03376,0.421469,-0.061516,-0.139881,0.411218,-0.058908,-0.238821,0.153314,-0.04707,-0.236826,-0.056217,-0.165029,0.09466,0.000293,0.000849,0.144371,-0.469063,0.066796,0.17711,-0.799225,0.161194,-0.094659,-0.000294,-0.000849,-0.159198,-0.472046,0.019169,-0.204336,-0.805811,0.093685
39,0,0,0,-0.000214,0.075826,-0.017723,-2.30E-05,0.271207,-0.035989,0.005271,0.487308,-0.066376,-0.009189,0.634518,-0.098128,0.041065,0.421255,-0.049675,0.144463,0.40469,-0.029478,0.245149,0.14942,0.004337,0.245373,-0.051125,-0.12834,-0.034397,0.422391,-0.054744,-0.140496,0.411994,-0.051815,-0.238768,0.153731,-0.042509,-0.237769,-0.054939,-0.161997,0.094661,0.000411,0.000619,0.143936,-0.468854,0.06754,0.176388,-0.798521,0.163749,-0.094661,-0.000412,-0.000619,-0.159027,-0.472161,0.02004,-0.203775,-0.805788,0.095406
