time_ms,nose_x,nose_y,nose_z,left_shoulder_x,left_shoulder_y,left_shoulder_z,left_elbow_x,left_elbow_y,left_elbow_z,left_wrist_x,left_wrist_y,left_wrist_z,left_hip_x,left_hip_y,left_hip_z,left_knee_x,left_knee_y,left_knee_z,left_ankle_x,left_ankle_y,left_ankle_z,right_shoulder_x,right_shoulder_y,right_shoulder_z,right_elbow_x,right_elbow_y,right_elbow_z,right_wrist_x,right_wrist_y,right_wrist_z,right_hip_x,right_hip_y,right_hip_z,right_knee_x,right_knee_y,right_knee_z,right_ankle_x,right_ankle_y,right_ankle_z
20,-0.011122012,0.562415659,-0.444308609,0.18272084,0.444050103,-0.24031657,0.230639651,0.210731521,-0.219544798,0.199903458,-0.024960613,-0.317128599,0.116268292,-0.000333408,-0.005000459,0.128287345,-0.372083634,0.124367192,0.191298082,-0.642787039,0.365725189,-0.171803966,0.447922021,-0.237928331,-0.230981514,0.196420744,-0.182738379,-0.205079019,-0.050426755,-0.269867748,-0.116575874,0.000917093,0.005914188,-0.126379594,-0.363480896,0.194697201,-0.137467861,-0.666533053,0.451335311
20.01666667,-0.011564575,0.562159121,-0.444314718,0.182729349,0.444173574,-0.239917427,0.22901544,0.210533082,-0.218909428,0.199685305,-0.025615793,-0.316670656,0.116267182,-0.000351127,-0.004958701,0.128416315,-0.372106701,0.126943111,0.192834631,-0.642911613,0.366703153,-0.171879858,0.448849559,-0.236956686,-0.230280846,0.197323352,-0.179702148,-0.20678848,-0.048771068,-0.267409354,-0.116581194,0.000938809,0.005871026,-0.126341715,-0.363445222,0.195966676,-0.137449816,-0.666992843,0.453261197
20.03333333,-0.01120179,0.562260687,-0.443939775,0.182756096,0.444381356,-0.238588244,0.228414029,0.210532531,-0.216610938,0.199638471,-0.025708923,-0.315075576,0.116268694,-0.0003654,-0.004937676,0.128417924,-0.372144461,0.127090737,0.192763403,-0.643157184,0.367348522,-0.171921432,0.449769557,-0.236315817,-0.230085164,0.198203892,-0.178831071,-0.207771003,-0.04698921,-0.267029941,-0.116588771,0.000956973,0.005849067,-0.126158118,-0.363437861,0.196568102,-0.137399122,-0.667220771,0.454859495
20.05,-0.010947739,0.563692689,-0.442564398,0.182774469,0.445140302,-0.236973688,0.228061035,0.210701078,-0.215275541,0.199560985,-0.025724813,-0.314496607,0.116270624,-0.00037438,-0.004924432,0.128414959,-0.372165948,0.12647678,0.192600429,-0.643277287,0.367338598,-0.172085226,0.450702637,-0.234919965,-0.229880363,0.198944345,-0.177675903,-0.208500504,-0.044936433,-0.26677072,-0.116596177,0.000968758,0.005836553,-0.125790194,-0.363427073,0.196771979,-0.137364149,-0.667462707,0.45571816
20.06666667,-0.009524818,0.565513134,-0.441018313,0.183015928,0.446340799,-0.235345945,0.227568835,0.210871294,-0.214010134,0.19929038,-0.025776559,-0.313986748,0.116279997,-0.000379767,-0.004914856,0.128381893,-0.372196555,0.125969529,0.192739874,-0.64330256,0.367262304,-0.172131911,0.451510072,-0.233560562,-0.229848787,0.199649125,-0.176174685,-0.210062757,-0.043414555,-0.266012549,-0.116610669,0.000976029,0.005827792,-0.125617132,-0.363431782,0.196879894,-0.137130752,-0.667526126,0.456509471
20.08333333,-0.006120024,0.56694752,-0.439765841,0.183560774,0.447285384,-0.233814105,0.22754477,0.211395875,-0.212652341,0.199274555,-0.025636056,-0.313070446,0.11628864,-0.000374799,-0.004901256,0.128147855,-0.372215182,0.125001341,0.192645073,-0.643271923,0.367151588,-0.172114894,0.451695204,-0.233118221,-0.229797453,0.199864075,-0.176282957,-0.210681528,-0.042695567,-0.26602909,-0.11662329,0.000972569,0.005814707,-0.12543121,-0.363400877,0.196474746,-0.136888474,-0.667497277,0.455983341
20.1,-0.00291303,0.56994766,-0.436917216,0.184249267,0.448411554,-0.231608614,0.227570236,0.21248661,-0.211013824,0.199345604,-0.02469798,-0.31221059,0.116305746,-0.000372096,-0.004911994,0.128058031,-0.372213006,0.122830257,0.192614913,-0.643192887,0.365897864,-0.171960592,0.452805787,-0.231100842,-0.22967726,0.201183513,-0.174847022,-0.210971192,-0.040863696,-0.26524362,-0.116645053,0.000971452,0.005827721,-0.124864057,-0.363404065,0.196153179,-0.135906294,-0.667564869,0.455714822
20.11666667,-0.000626036,0.570598602,-0.436633676,0.185099393,0.448635161,-0.231288537,0.227569148,0.212737083,-0.210945085,0.199334562,-0.024383321,-0.312271714,0.116329819,-0.000375311,-0.004893204,0.12797755,-0.372330487,0.122673281,0.192446187,-0.643219113,0.366129458,-0.171776295,0.45305112,-0.231269151,-0.229729146,0.201730549,-0.175240993,-0.211371422,-0.040051602,-0.265343279,-0.116673291,0.000976449,0.005811904,-0.124774255,-0.363379568,0.196000382,-0.135705009,-0.667526066,0.455605626
20.13333333,8.23E-05,0.572253764,-0.436023891,0.18531844,0.448827654,-0.231124952,0.227498516,0.213022098,-0.21099931,0.199327528,-0.024196694,-0.312327415,0.116343036,-0.000371723,-0.004889648,0.127961665,-0.372498959,0.122536331,0.192371845,-0.643395007,0.366103351,-0.171768546,0.453181267,-0.231230617,-0.22996366,0.202249154,-0.175444737,-0.211977571,-0.039630808,-0.265351117,-0.116690122,0.000974163,0.005810221,-0.124749653,-0.363391936,0.195910633,-0.135684729,-0.667575121,0.454413235
20.15,0.000165526,0.572882831,-0.435654163,0.185816795,0.4488796,-0.231232077,0.227572113,0.213162303,-0.211378768,0.199448824,-0.023913255,-0.313301325,0.11634808,-0.000384502,-0.004885788,0.127956331,-0.372591555,0.122574702,0.192483976,-0.643392146,0.366551042,-0.171390563,0.453618288,-0.230888113,-0.230257332,0.20318234,-0.175189555,-0.213149607,-0.039108168,-0.265013039,-0.116697788,0.000988497,0.005808174,-0.124753073,-0.363399893,0.195907027,-0.135678053,-0.66762042,0.454401821
20.16666667,0.000528407,0.573358953,-0.43512091,0.18647036,0.449296832,-0.231126606,0.227828205,0.213652223,-0.211461365,0.199749917,-0.023389906,-0.313331634,0.116348751,-0.000390274,-0.004919379,0.127949178,-0.372588933,0.122559518,0.192791566,-0.643422663,0.366419852,-0.171110421,0.45399648,-0.230482206,-0.230482757,0.203772515,-0.175025463,-0.213344023,-0.038667478,-0.264938444,-0.116701476,0.000995491,0.005843843,-0.124746867,-0.36333701,0.197644264,-0.135621279,-0.667610943,0.456377238
20.18333333,0.000523615,0.572796583,-0.435316503,0.187080666,0.449300736,-0.231170714,0.227852821,0.213621899,-0.211554453,0.199876383,-0.023422945,-0.313263595,0.116369151,-0.00040115,-0.004897135,0.127933115,-0.37259981,0.121288508,0.192819014,-0.643296659,0.365225106,-0.170848742,0.454016149,-0.230556354,-0.230388954,0.203821182,-0.174877763,-0.213565499,-0.038682166,-0.264550894,-0.116726846,0.001008683,0.005823644,-0.124799401,-0.363261551,0.197475806,-0.135609299,-0.667431295,0.456643879
20.2,0.000387394,0.572728693,-0.435361654,0.187348649,0.449330539,-0.231218025,0.227840245,0.213630408,-0.211594015,0.199904248,-0.023438932,-0.313146681,0.11637032,-0.00039678,-0.004850637,0.127895951,-0.3721852,0.125253141,0.192804784,-0.642990708,0.369280249,-0.170759827,0.453945547,-0.230576143,-0.230336994,0.203822613,-0.174865484,-0.213619262,-0.038705219,-0.264467716,-0.116731286,0.001006011,0.005775679,-0.124884844,-0.362970084,0.199456915,-0.135977626,-0.667329371,0.459084332
20.21666667,0.000150715,0.571901798,-0.436491489,0.187420055,0.449020773,-0.231301591,0.227295712,0.213269502,-0.211538792,0.199878454,-0.023903718,-0.312773168,0.116394371,-0.000395249,-0.004443861,0.127878845,-0.37219286,0.12701574,0.192428514,-0.642976165,0.372097284,-0.170701221,0.453487635,-0.23177506,-0.229743153,0.203306973,-0.175634742,-0.213623345,-0.03932019,-0.264698625,-0.11676117,0.001006542,0.00537355,-0.125325575,-0.362762958,0.199115545,-0.136714637,-0.666997492,0.458759934
20.23333333,0.000116641,0.571489215,-0.439392716,0.187447116,0.448204041,-0.231428176,0.226511389,0.212539598,-0.211491302,0.199545532,-0.024751468,-0.3124488,0.116445199,-0.000385892,-0.00379834,0.127494276,-0.372537285,0.126850694,0.19086875,-0.642636836,0.373500794,-0.170700982,0.451769173,-0.236122459,-0.229603887,0.201068744,-0.181860879,-0.212961197,-0.041813508,-0.269460618,-0.116819106,0.001000423,0.004738861,-0.125916108,-0.362715483,0.19815968,-0.137339994,-0.665592253,0.458951443
20.25,0.000182927,0.571438372,-0.441406995,0.187467158,0.447252363,-0.231547624,0.225647107,0.211739883,-0.211296678,0.199350193,-0.026037717,-0.311277181,0.116491243,-0.000365136,-0.003059589,0.127439886,-0.373084605,0.125181124,0.189454943,-0.642516375,0.373440295,-0.170669988,0.449749231,-0.239316806,-0.229552463,0.198701993,-0.185927555,-0.212738082,-0.044925917,-0.271251142,-0.116871074,0.000983229,0.004014346,-0.126674742,-0.362682372,0.195302859,-0.1379399,-0.66424793,0.458742976
20.26666667,0.000155909,0.571714163,-0.441558212,0.187488258,0.446967214,-0.231905311,0.225301996,0.211418048,-0.211729631,0.198992997,-0.02655009,-0.31145227,0.116518274,-0.000371505,-0.002930651,0.127356857,-0.37342903,0.121025093,0.188862905,-0.642476261,0.372751236,-0.170656279,0.449599475,-0.239812359,-0.229639962,0.198570535,-0.187296703,-0.212660298,-0.045395717,-0.272438645,-0.116901524,0.000991495,0.003888183,-0.127157435,-0.362676561,0.193507358,-0.137943536,-0.663433552,0.458591044
20.28333333,0.000940078,0.572028995,-0.441548884,0.187756553,0.446921468,-0.231954098,0.224743351,0.211299106,-0.211748406,0.198596537,-0.027042659,-0.311357051,0.116548203,-0.000371326,-0.002703096,0.127296135,-0.373555064,0.117127836,0.188061744,-0.642102122,0.372690856,-0.170414656,0.449483544,-0.240219623,-0.229881227,0.198505595,-0.188573882,-0.212496743,-0.045581307,-0.273305982,-0.116934404,0.000992328,0.003667734,-0.127276585,-0.362637252,0.190603048,-0.137741998,-0.662267089,0.457411289
20.3,0.001984388,0.572800338,-0.441211134,0.187975928,0.446618289,-0.231746539,0.224318013,0.210957408,-0.21147199,0.198306054,-0.027891029,-0.310566455,0.116570696,-0.000360384,-0.002366049,0.127283782,-0.373569429,0.114948042,0.187428683,-0.641325057,0.372645676,-0.170049712,0.449077398,-0.240282774,-0.229473576,0.198066324,-0.189159095,-0.211141855,-0.046283595,-0.273569286,-0.116958737,0.000982642,0.003337109,-0.127264872,-0.362461686,0.188943952,-0.137552992,-0.660898924,0.457324594
20.31666667,0.003103864,0.573936701,-0.440290064,0.18831937,0.446598202,-0.231284857,0.224272311,0.210946605,-0.210893497,0.198273331,-0.028095912,-0.309728175,0.116586648,-0.000359365,-0.002108443,0.127318352,-0.373585045,0.114011139,0.187371448,-0.64110595,0.372626513,-0.169494033,0.449164748,-0.240147725,-0.229331106,0.198293239,-0.18905504,-0.210329488,-0.046280984,-0.273539156,-0.116975866,0.000982763,0.003087651,-0.12718749,-0.362394094,0.187333569,-0.137156397,-0.660556674,0.456119001
20.33333333,0.003899175,0.574111342,-0.440356761,0.188471437,0.446487159,-0.231210724,0.224204212,0.210936889,-0.209908649,0.198300034,-0.028487993,-0.307594806,0.116596192,-0.000339718,-0.001734776,0.12731564,-0.374255955,0.113674916,0.186966836,-0.641371965,0.372591525,-0.169257194,0.448867738,-0.241082281,-0.229337662,0.198123723,-0.190439582,-0.209233537,-0.046701174,-0.273694068,-0.116987176,0.000964768,0.002720332,-0.12718308,-0.362379789,0.184478417,-0.137147933,-0.660070658,0.452500612
20.35,0.004208603,0.575187385,-0.440343589,0.188485771,0.446447164,-0.230888397,0.223921821,0.210969061,-0.208550215,0.198271021,-0.028701922,-0.305340469,0.116614722,-0.000309401,-0.001178592,0.127296448,-0.37529549,0.112962127,0.186420485,-0.642353714,0.372661293,-0.169235319,0.448390573,-0.241987169,-0.229336008,0.197631106,-0.192127347,-0.209036529,-0.047096342,-0.27416417,-0.117007516,0.000936712,0.002170773,-0.127235085,-0.362459779,0.179362997,-0.137152046,-0.659989715,0.445789158
20.36666667,0.004223171,0.57511586,-0.440387905,0.188590735,0.446429282,-0.230898619,0.223288551,0.210811555,-0.208425075,0.197890043,-0.029479058,-0.30485642,0.116645306,-0.00033531,-0.000796352,0.127254829,-0.375931144,0.111593634,0.185512885,-0.642778635,0.372240424,-0.168922365,0.44850409,-0.242137238,-0.228873849,0.197698683,-0.192063808,-0.209107816,-0.047105115,-0.274127841,-0.117039211,0.000965668,0.001795466,-0.127320305,-0.362509757,0.176905826,-0.137088194,-0.65994072,0.443843663
20.38333333,0.00421557,0.575078845,-0.440823138,0.188612029,0.446043581,-0.231141642,0.222893357,0.210395962,-0.208649009,0.197388276,-0.030381061,-0.304897308,0.11667753,-0.000341247,-0.000361686,0.127230853,-0.376810968,0.109674253,0.184937641,-0.643137515,0.371709257,-0.168659478,0.448234826,-0.242722526,-0.228682026,0.19752945,-0.192365125,-0.209280163,-0.047388237,-0.274128854,-0.117071658,0.00097361,0.001374313,-0.127508596,-0.362612754,0.173793525,-0.13728191,-0.659940481,0.44124952
20.4,0.004178083,0.574899912,-0.440811425,0.188631669,0.446068078,-0.231009901,0.222675025,0.210414708,-0.20855999,0.197228163,-0.030465664,-0.30489099,0.116688803,-0.0003574,-8.06E-05,0.127211496,-0.376820534,0.109714389,0.184995309,-0.642916739,0.371530652,-0.168366969,0.448399097,-0.242548466,-0.228146866,0.197865397,-0.191851258,-0.209498152,-0.047001734,-0.273826987,-0.117084123,0.000992097,0.001097333,-0.127557322,-0.362615168,0.17420055,-0.137469262,-0.659959018,0.44211787
20.41666667,0.004166652,0.57473743,-0.440784365,0.188697442,0.446116924,-0.230608448,0.222459018,0.210351333,-0.207858801,0.197160184,-0.030678509,-0.304033607,0.116717599,-0.000358213,0.000132473,0.127213344,-0.376816094,0.108514383,0.185028791,-0.642726541,0.368990749,-0.168210611,0.448479593,-0.242346764,-0.226859331,0.19784224,-0.191179097,-0.209489942,-0.047037929,-0.273211867,-0.117114641,0.000994464,0.000885771,-0.127560452,-0.362630427,0.174153686,-0.137482673,-0.660084188,0.442336529
20.43333333,0.004098406,0.574240267,-0.441316158,0.188727334,0.446015209,-0.230807692,0.222402379,0.210167602,-0.208004415,0.197087675,-0.031039435,-0.304061055,0.116727367,-0.000358258,0.000273392,0.127276123,-0.376810819,0.108476907,0.185066298,-0.642612338,0.369226187,-0.167977467,0.448463649,-0.242679849,-0.226393998,0.197846711,-0.19147031,-0.209086105,-0.047041584,-0.273429722,-0.117126085,0.00099577,0.000744105,-0.127487212,-0.362632364,0.174266845,-0.137482047,-0.660084426,0.442512244
20.45,0.004087399,0.573998868,-0.441513062,0.188746706,0.44598797,-0.230689332,0.222277015,0.209978938,-0.207473576,0.197039977,-0.031644732,-0.303197622,0.116746448,-0.000361464,0.000448302,0.127263278,-0.376841664,0.108406611,0.185102031,-0.642655432,0.368675649,-0.167941153,0.448470384,-0.242707357,-0.225661814,0.19783397,-0.191423804,-0.209091589,-0.047065381,-0.273399711,-0.117146507,0.001000953,0.000570584,-0.127490833,-0.36287111,0.174424961,-0.137484834,-0.660658836,0.443019301
20.46666667,0.003872429,0.573958755,-0.441528708,0.188736886,0.445932776,-0.230559096,0.220868394,0.209350616,-0.207386583,0.195931256,-0.032914519,-0.303016424,0.116767652,-0.000357752,0.000617474,0.127250284,-0.376879036,0.109425858,0.185063779,-0.64268738,0.368798435,-0.16793488,0.44840923,-0.24266772,-0.225486681,0.197763771,-0.19122678,-0.209226683,-0.047181889,-0.273243338,-0.117168963,0.00099922,0.000401793,-0.127515465,-0.363045514,0.174839422,-0.137819454,-0.661194682,0.44400689
20.48333333,0.003859553,0.573526502,-0.442458063,0.188787341,0.445694983,-0.230844542,0.220710829,0.208984569,-0.207435399,0.195820093,-0.033392217,-0.303010315,0.116786532,-0.000358152,0.000797456,0.127108604,-0.377561241,0.109776951,0.184510827,-0.643085897,0.370046854,-0.167875409,0.448018968,-0.243600115,-0.225441441,0.197431386,-0.19181484,-0.209285021,-0.047338467,-0.273436129,-0.117189087,0.001000812,0.000219374,-0.127824709,-0.363191694,0.174659595,-0.138567418,-0.661199033,0.443936408
20.5,0.003998308,0.573462367,-0.442698181,0.188829273,0.445500523,-0.230829209,0.220648423,0.208623335,-0.207440928,0.195671842,-0.033774775,-0.303044766,0.116798043,-0.00034737,0.000934831,0.127102226,-0.377626985,0.109781697,0.18440634,-0.642989397,0.370109856,-0.167854726,0.447862178,-0.243841335,-0.225444987,0.197315037,-0.19217737,-0.209255353,-0.047353607,-0.273804843,-0.117201328,0.000992025,8.21E-05,-0.127785325,-0.363227963,0.174749404,-0.138809547,-0.661188364,0.444334269
20.51666667,0.003789072,0.573435783,-0.442706078,0.188849092,0.445351213,-0.230777428,0.220497385,0.208279565,-0.207412049,0.195500717,-0.034068938,-0.303003848,0.116825767,-0.000348411,0.0009648,0.127036765,-0.377623707,0.10982918,0.184365988,-0.642655492,0.370479792,-0.167836919,0.447858304,-0.24378778,-0.225304633,0.197316065,-0.192072168,-0.209183872,-0.047228523,-0.273800462,-0.117231399,0.000994868,5.22E-05,-0.127898455,-0.363246232,0.17525515,-0.139342681,-0.661161423,0.446027905
20.53333333,0.003719999,0.572608829,-0.443562001,0.188863233,0.444217861,-0.231162816,0.220337063,0.207290277,-0.207666084,0.19530499,-0.034785513,-0.303137958,0.116839334,-0.000336426,0.000998181,0.127101362,-0.377654165,0.110764407,0.184363469,-0.642493844,0.373490632,-0.167820081,0.447252423,-0.244395688,-0.225358427,0.197178528,-0.192507103,-0.208861485,-0.047264013,-0.273960263,-0.117246076,0.000984691,1.70E-05,-0.127905458,-0.363243878,0.175117552,-0.139824376,-0.660934985,0.445375681
20.55,0.003587536,0.572318912,-0.444426268,0.189005449,0.44383806,-0.232332081,0.220338404,0.206949264,-0.209286362,0.195222259,-0.035065979,-0.304765254,0.116863012,-0.000331758,0.001022973,0.127250314,-0.377653092,0.112223685,0.184374765,-0.642024696,0.377712905,-0.167791352,0.446950793,-0.244990289,-0.225734413,0.197189406,-0.192919701,-0.20901686,-0.046967156,-0.274401307,-0.117271282,0.000981147,-8.18E-06,-0.12795648,-0.363185108,0.175114989,-0.140096664,-0.660487711,0.444955826
20.56666667,0.003613442,0.571566999,-0.445363194,0.189185277,0.44328028,-0.23255825,0.220325232,0.206268534,-0.209578797,0.195161417,-0.035540987,-0.305054694,0.1168762,-0.000340669,0.001049681,0.127138749,-0.377572417,0.112390228,0.184393868,-0.641294599,0.377617031,-0.167658135,0.446848452,-0.245600909,-0.225774065,0.197175071,-0.193878144,-0.209027112,-0.046969753,-0.275959492,-0.117285542,0.0009923,-3.55E-05,-0.127971068,-0.363069803,0.1766994,-0.140216574,-0.66006273,0.448181123
20.58333333,0.004189676,0.571581006,-0.445631534,0.189256698,0.442860007,-0.232717961,0.220408574,0.205953255,-0.210424036,0.195121273,-0.035657991,-0.306401789,0.116886176,-0.000335525,0.001052986,0.126842886,-0.377488673,0.112426892,0.184335515,-0.640494347,0.378060907,-0.167639539,0.446624964,-0.246043101,-0.226346001,0.197056785,-0.195647746,-0.209000632,-0.046955168,-0.278930724,-0.117296636,0.000987863,-3.91E-05,-0.12791194,-0.363060266,0.178146884,-0.140226752,-0.659736693,0.451102138
20.6,0.004427731,0.571545959,-0.445825249,0.189450279,0.442700803,-0.232771575,0.220547765,0.205909446,-0.210540831,0.195146427,-0.035673115,-0.306520551,0.116891399,-0.00032975,0.001074397,0.12663357,-0.377462655,0.114759937,0.184149131,-0.640289068,0.38097024,-0.167465895,0.446493328,-0.246339455,-0.226363853,0.19704932,-0.196474165,-0.208980933,-0.046802532,-0.280062318,-0.117303334,0.000983107,-6.05E-05,-0.127913922,-0.363057107,0.179228276,-0.140353173,-0.659644365,0.452052206
20.61666667,0.004387712,0.571533859,-0.445962965,0.189399213,0.442580283,-0.232910782,0.220415503,0.205827028,-0.210735261,0.194976375,-0.035793878,-0.306553751,0.116901278,-0.00030539,0.001153871,0.126431152,-0.377494127,0.114867665,0.182891592,-0.640355706,0.38141942,-0.167554379,0.446012825,-0.24668619,-0.226906121,0.196819007,-0.196933165,-0.209648222,-0.046800632,-0.280174583,-0.117313698,0.00096021,-0.000139474,-0.128161252,-0.363025278,0.177236274,-0.140975565,-0.659500599,0.446303159
20.63333333,0.004365643,0.57147032,-0.446358562,0.189355582,0.442462564,-0.233207166,0.22039105,0.205808833,-0.210812882,0.194968805,-0.035841569,-0.306553125,0.116903782,-0.000285174,0.001142064,0.126065657,-0.377413899,0.11963436,0.182697698,-0.640353918,0.385381877,-0.167671695,0.445755839,-0.246887803,-0.226926416,0.196761221,-0.196920231,-0.209660575,-0.046782672,-0.280140489,-0.117317826,0.000940668,-0.000131443,-0.128197342,-0.362936914,0.179405987,-0.141329899,-0.659449816,0.447204381
20.65,0.004147415,0.57149291,-0.446435302,0.189330146,0.44233647,-0.233553797,0.220401242,0.205788299,-0.211660415,0.195036173,-0.035858613,-0.307545483,0.116910703,-0.000271418,0.001128119,0.125697345,-0.377260029,0.120989732,0.182390124,-0.639877796,0.386695236,-0.16775085,0.445625663,-0.246895134,-0.227163553,0.196744159,-0.196883455,-0.209888905,-0.046704251,-0.280111313,-0.117325641,0.000927576,-0.000118618,-0.128336981,-0.362634122,0.180313736,-0.141703039,-0.659004569,0.447668821
20.66666667,0.00408501,0.571474254,-0.446556389,0.189294145,0.442076117,-0.233635366,0.220416248,0.205601171,-0.211677641,0.195172608,-0.036200248,-0.307608604,0.116915792,-0.000258037,0.001114097,0.125698,-0.377190053,0.124600947,0.183032468,-0.639864147,0.388181478,-0.167833552,0.445520014,-0.246872738,-0.227166429,0.196717039,-0.196108833,-0.209939554,-0.046710666,-0.279270649,-0.117331631,0.00091479,-0.000106529,-0.128325924,-0.362578273,0.182030484,-0.141934007,-0.659034669,0.448470771
20.68333333,0.003990395,0.571406007,-0.446727157,0.188915789,0.44187659,-0.233627081,0.220215395,0.205557764,-0.211281493,0.195170879,-0.036309384,-0.307014138,0.116920352,-0.000197382,0.001206251,0.125643432,-0.377219468,0.124628969,0.182521954,-0.639912665,0.391910136,-0.168199748,0.444606006,-0.247910365,-0.227375284,0.195685595,-0.197948143,-0.209964871,-0.047525961,-0.279835492,-0.117337003,0.000854431,-0.000204068,-0.128758401,-0.362560183,0.176842541,-0.143543378,-0.658988535,0.438668549
20.7,0.003865748,0.571467757,-0.446040004,0.188812718,0.441851109,-0.233345345,0.220255166,0.205538601,-0.211088702,0.195166573,-0.03628685,-0.306966424,0.116920933,-0.000183374,0.001214014,0.125633061,-0.377171993,0.123701908,0.182546809,-0.639905691,0.391597807,-0.168285996,0.444590151,-0.247592852,-0.227747425,0.195673659,-0.197839618,-0.210128546,-0.047444295,-0.279710472,-0.117338195,0.000840221,-0.000212982,-0.128893226,-0.362558693,0.174467161,-0.144135341,-0.659061909,0.435534596
20.71666667,0.003647816,0.571392357,-0.446037203,0.188602954,0.440962881,-0.23331359,0.220018104,0.204704672,-0.210889488,0.195001036,-0.03682876,-0.306648254,0.116924226,-0.000153483,0.001261606,0.125848472,-0.377286613,0.123666875,0.182505697,-0.640212655,0.39215821,-0.16836144,0.444058329,-0.2476096,-0.228074312,0.195191845,-0.197782397,-0.210206762,-0.04765572,-0.278964698,-0.117341906,0.00081082,-0.000261085,-0.128904983,-0.362541288,0.170169741,-0.144972146,-0.659057796,0.427473158
20.73333333,0.003585376,0.571757495,-0.445594102,0.188449323,0.441093236,-0.233253658,0.220018283,0.204788119,-0.210914925,0.195040777,-0.036702961,-0.306940764,0.11691203,-0.000125406,0.001205903,0.125807583,-0.376812637,0.126580223,0.183212593,-0.640216887,0.39217791,-0.16868329,0.444176674,-0.247076556,-0.228226349,0.195287794,-0.197077334,-0.210722625,-0.047408517,-0.278817534,-0.117330767,0.000781756,-0.000211051,-0.128932789,-0.362533838,0.174380511,-0.145018324,-0.659474552,0.430860698
20.75,0.003147672,0.57191962,-0.444556981,0.18819724,0.441545218,-0.232689366,0.220210657,0.205506653,-0.210050538,0.195244864,-0.035992146,-0.306107908,0.116904356,-0.000115062,0.001196167,0.125816777,-0.37659961,0.126429945,0.183806777,-0.640063584,0.391763091,-0.16885969,0.444641471,-0.245757803,-0.228236407,0.195761159,-0.194520682,-0.210900486,-0.046816278,-0.276427776,-0.117323712,0.000771124,-0.000203008,-0.129009515,-0.362515867,0.174736202,-0.145136565,-0.659588933,0.431145579
20.76666667,0.003245782,0.572345912,-0.443442553,0.188154697,0.442515105,-0.231592745,0.220398068,0.206757173,-0.208795682,0.19552502,-0.034684181,-0.30498606,0.116883919,-0.000106109,0.001194272,0.1258035,-0.376479417,0.124364547,0.183880657,-0.639988303,0.390047014,-0.168854266,0.445204079,-0.24493143,-0.228136063,0.196019799,-0.194011047,-0.210945696,-0.046590239,-0.276067227,-0.117304169,0.000762036,-0.000202855,-0.128985673,-0.362529784,0.174806833,-0.145068109,-0.659748912,0.432448506
20.78333333,0.003646871,0.573272705,-0.442078114,0.188165724,0.443460405,-0.230429783,0.220522776,0.207633153,-0.208120465,0.195579171,-0.033675782,-0.304841965,0.116879605,-9.76E-05,0.001226847,0.125797182,-0.376299143,0.122567929,0.184125632,-0.639934778,0.386368275,-0.168822423,0.446147293,-0.244004488,-0.228109062,0.196769968,-0.193385676,-0.211461365,-0.046055023,-0.275874108,-0.117300242,0.000753884,-0.000235756,-0.128968671,-0.362587214,0.174874038,-0.144982055,-0.660342693,0.433162749
20.8,0.003952301,0.57327342,-0.442073613,0.188166216,0.443729371,-0.229830548,0.220479906,0.207874537,-0.207118973,0.195583373,-0.033388861,-0.30421257,0.116881713,-7.41E-05,0.001425317,0.125820905,-0.376292914,0.122265019,0.184112281,-0.639998376,0.385806143,-0.168818206,0.44614175,-0.244031772,-0.227832228,0.196615711,-0.193377376,-0.211772159,-0.046164561,-0.275765419,-0.117302366,0.000731523,-0.00043306,-0.128969714,-0.362668633,0.173580721,-0.145013615,-0.660806477,0.432796538
20.81666667,0.004492328,0.572878718,-0.442640305,0.188388899,0.443716019,-0.229890361,0.22050263,0.207866967,-0.206989974,0.195586935,-0.033398777,-0.303935766,0.116882488,-6.58E-05,0.001549982,0.125902936,-0.376329243,0.122041821,0.18414101,-0.64062047,0.385107666,-0.168613359,0.445904106,-0.244948521,-0.227114469,0.196230754,-0.193954766,-0.211728692,-0.046685953,-0.275810719,-0.117303677,0.00072363,-0.000559931,-0.128922224,-0.362796307,0.173188895,-0.144982114,-0.661317348,0.432994336
20.83333333,0.004782324,0.572920501,-0.442649722,0.188563257,0.443838269,-0.229896978,0.220527619,0.207905591,-0.207186803,0.195629627,-0.033311196,-0.304519862,0.116881169,-6.70E-05,0.001553316,0.125975713,-0.376142204,0.121624187,0.184956074,-0.640561998,0.382682979,-0.168490022,0.446173549,-0.2449058,-0.226846561,0.196318761,-0.193912864,-0.211820275,-0.046678986,-0.275916457,-0.117302708,0.000725168,-0.000564088,-0.128849521,-0.362795442,0.175278425,-0.144696668,-0.6613608,0.438172489
20.85,0.005098516,0.572759032,-0.442858875,0.188567087,0.443826705,-0.229925558,0.220627218,0.207889542,-0.207274437,0.19563596,-0.033319056,-0.304765671,0.116889656,-5.23E-05,0.0015889,0.126001507,-0.376223654,0.118607104,0.184867382,-0.640608311,0.381311566,-0.168531671,0.446165562,-0.245316982,-0.226823241,0.196216688,-0.194558129,-0.211815119,-0.046785187,-0.276557654,-0.117311038,0.000710993,-0.000599672,-0.128865242,-0.362814844,0.172567889,-0.144779399,-0.661368012,0.434924483
20.86666667,0.005425497,0.572865665,-0.442302942,0.188639194,0.44397679,-0.228923872,0.220768124,0.207886189,-0.205620304,0.195828751,-0.033319183,-0.303089499,0.116900481,-4.02E-05,0.001600713,0.126214743,-0.37618205,0.113629937,0.185376272,-0.640720487,0.37360698,-0.168519795,0.446258277,-0.244678915,-0.226657912,0.196147293,-0.193430781,-0.21175018,-0.046805531,-0.275451183,-0.117322981,0.000699674,-0.000611868,-0.128768086,-0.362938881,0.171257704,-0.144294977,-0.661946774,0.433506578
20.88333333,0.006163386,0.572385013,-0.442792416,0.189080298,0.443848968,-0.228737727,0.220968187,0.207833827,-0.204858288,0.196306467,-0.033318393,-0.302108645,0.116908677,4.72E-06,0.001890216,0.126268029,-0.376182705,0.116962425,0.185643241,-0.640860319,0.375195414,-0.168400094,0.445115179,-0.245420739,-0.226286024,0.194784999,-0.194282308,-0.211045325,-0.048753019,-0.275805146,-0.117332205,0.000656472,-0.000899751,-0.12841247,-0.362921923,0.171289295,-0.144203901,-0.662203193,0.432883829
20.9,0.006482386,0.572300315,-0.442802846,0.189277247,0.444164783,-0.228279829,0.220997065,0.207863525,-0.204052925,0.196585998,-0.033232309,-0.301108032,0.116910353,1.19E-05,0.001899688,0.126084819,-0.376080185,0.117117926,0.186009571,-0.641185641,0.372652143,-0.168374926,0.445370644,-0.245263472,-0.225577056,0.194888636,-0.193793684,-0.211049974,-0.048715878,-0.275661498,-0.117334642,0.000650254,-0.000909546,-0.128265217,-0.362924218,0.175436184,-0.143818483,-0.663078427,0.437736601
20.91666667,0.006632743,0.572253883,-0.442925364,0.189700797,0.444261581,-0.22823517,0.221004441,0.207822114,-0.203686103,0.196730584,-0.033251259,-0.300535113,0.116923563,7.25E-06,0.00189889,0.126078933,-0.376065731,0.117755368,0.186573327,-0.641470134,0.372338235,-0.168155134,0.445587665,-0.245076746,-0.224555567,0.194946855,-0.192271292,-0.211107343,-0.048690215,-0.274383247,-0.117349721,0.000657195,-0.000909435,-0.128272265,-0.362964094,0.177867696,-0.143734202,-0.663782775,0.440517515
20.93333333,0.007852101,0.571302235,-0.443513423,0.189759791,0.444520324,-0.22795701,0.221015245,0.20793514,-0.203081682,0.197095975,-0.033210747,-0.300006956,0.116926968,2.39E-05,0.001906455,0.126016676,-0.375869989,0.118204318,0.187127843,-0.641492546,0.370387137,-0.168155447,0.445780754,-0.245200306,-0.223213911,0.194951892,-0.192276686,-0.210802302,-0.049096674,-0.274416119,-0.117353335,0.00064266,-0.000916869,-0.128167331,-0.362951517,0.181973025,-0.143704176,-0.664183557,0.446303099
20.95,0.008325412,0.571128249,-0.443716466,0.189812377,0.444587111,-0.227770731,0.221154988,0.207942545,-0.202731624,0.197701246,-0.03318426,-0.299672127,0.116930142,4.63E-05,0.001898077,0.125941783,-0.375806004,0.11815387,0.187280148,-0.641608357,0.369252294,-0.168150291,0.445809752,-0.245231912,-0.222893462,0.194810346,-0.192282706,-0.21058023,-0.049185917,-0.274449408,-0.117357045,0.000622285,-0.000908231,-0.128160268,-0.362952739,0.182158068,-0.143653691,-0.664415658,0.446151793
20.96666667,0.009389227,0.571180999,-0.443538785,0.189927623,0.444671422,-0.227186993,0.221260011,0.208010182,-0.201987281,0.198005408,-0.033112668,-0.299035907,0.116933741,5.87E-05,0.001905131,0.125852659,-0.375811964,0.117279276,0.187260717,-0.64176923,0.368303478,-0.16812548,0.445909232,-0.245166197,-0.222674698,0.194813907,-0.192266181,-0.210240111,-0.049249411,-0.274417311,-0.117361061,0.000610715,-0.000915136,-0.127986759,-0.362931281,0.182049304,-0.143479019,-0.664422035,0.446144849
20.98333333,0.010118406,0.571063876,-0.443543732,0.190083265,0.444675416,-0.227098346,0.221635133,0.208048373,-0.201681048,0.198514715,-0.033109505,-0.298443884,0.116935171,7.32E-05,0.001940055,0.125816584,-0.375979602,0.114589386,0.18707779,-0.642020226,0.36823824,-0.167907521,0.445854306,-0.245402887,-0.222576112,0.194712907,-0.192851365,-0.209694088,-0.049291927,-0.27447173,-0.117362745,0.000596409,-0.000949974,-0.127977386,-0.362971336,0.17774339,-0.143463761,-0.664429784,0.440881282
21,0.011144494,0.570073485,-0.443921775,0.190227106,0.444743812,-0.226918802,0.221616611,0.208117008,-0.200774133,0.198592082,-0.033085689,-0.29684788,0.116938919,9.96E-05,0.002064545,0.125798225,-0.376107901,0.114246875,0.186344713,-0.642272472,0.368351519,-0.167803228,0.445820779,-0.246330619,-0.222531021,0.194610491,-0.194431871,-0.209416345,-0.04950862,-0.274988294,-0.117366709,0.000571723,-0.001072434,-0.127975121,-0.362962186,0.17573902,-0.143543556,-0.664340198,0.438042462
21.01666667,0.011630549,0.570074081,-0.443750709,0.190400809,0.444968253,-0.226126432,0.221710905,0.208189189,-0.199640274,0.19896251,-0.033038981,-0.295794338,0.11694473,0.000106978,0.002069805,0.12575458,-0.376109391,0.112299606,0.186346024,-0.642269969,0.366010696,-0.167710587,0.446060002,-0.246143997,-0.222459778,0.19464381,-0.194241554,-0.209282339,-0.049505305,-0.274847597,-0.11737296,0.00056526,-0.001077242,-0.127893612,-0.362975448,0.176186427,-0.143180624,-0.664328337,0.440662086
21.03333333,0.012272204,0.570208192,-0.443130225,0.190449983,0.445164114,-0.224865898,0.221716315,0.208266541,-0.197695449,0.199207053,-0.033028163,-0.293637663,0.116948143,0.000113531,0.002089757,0.125688106,-0.376112044,0.110993706,0.186427131,-0.642373562,0.362692267,-0.167654648,0.44657141,-0.245550737,-0.222236946,0.195015281,-0.193159282,-0.209241569,-0.049364705,-0.273605794,-0.117376283,0.000559559,-0.001096005,-0.127775297,-0.36302653,0.176322386,-0.142781675,-0.664478838,0.441651583
21.05,0.012288229,0.570256293,-0.443033695,0.190437406,0.445059896,-0.224857166,0.22172609,0.208065346,-0.197719678,0.199137926,-0.033230871,-0.2936818,0.116951495,0.000136934,0.002101735,0.125680357,-0.376357585,0.109187797,0.186027005,-0.643090725,0.362920374,-0.167686641,0.446394235,-0.245578915,-0.222618669,0.194732398,-0.193327695,-0.209272087,-0.049359646,-0.273629993,-0.117379561,0.000535462,-0.001109055,-0.127775595,-0.363124669,0.169496715,-0.143021896,-0.664496422,0.430141479
21.06666667,0.012687375,0.570228517,-0.44317776,0.190456316,0.444812119,-0.224863663,0.221727669,0.207805321,-0.197725356,0.199132934,-0.033666175,-0.293705791,0.11695718,0.000154255,0.00215402,0.125683546,-0.376771569,0.10882391,0.185757935,-0.643585861,0.363935024,-0.167655155,0.445910335,-0.246216953,-0.222593635,0.194113612,-0.19440572,-0.209106311,-0.049572222,-0.273975909,-0.117384687,0.000517812,-0.001163195,-0.127747461,-0.363223702,0.166540667,-0.143076882,-0.664495468,0.426990509
21.08333333,0.012975098,0.570233941,-0.44321236,0.190479308,0.444726288,-0.224909022,0.221672714,0.207531944,-0.198192239,0.198748931,-0.033904254,-0.29432568,0.116961181,0.000168308,0.002160901,0.125711456,-0.37687403,0.105983406,0.185746133,-0.643611789,0.36274299,-0.167610675,0.445798695,-0.246418476,-0.222554162,0.193791687,-0.19505465,-0.209008709,-0.049881119,-0.27440688,-0.117388062,0.000503979,-0.001169587,-0.127711549,-0.363293558,0.166100115,-0.143169641,-0.664488196,0.427338451
21.1,0.012943466,0.57023859,-0.44328171,0.190462172,0.444758207,-0.224898741,0.221461475,0.207505003,-0.198194563,0.198707163,-0.033925682,-0.294350505,0.116973899,0.000183,0.002186418,0.125767633,-0.376887143,0.105786629,0.185900137,-0.643856883,0.361026585,-0.167728677,0.445798934,-0.246461704,-0.222575054,0.193714395,-0.19502756,-0.209215254,-0.049992494,-0.274374366,-0.117401108,0.00049048,-0.001193626,-0.127633035,-0.363299549,0.166356236,-0.143180728,-0.664521635,0.427806288
21.11666667,0.012953455,0.570241332,-0.443461508,0.190390751,0.444912136,-0.224774465,0.221297145,0.207604706,-0.197967991,0.19870548,-0.033857603,-0.294279277,0.116989076,0.00019776,0.002294682,0.125674322,-0.376899093,0.106331423,0.185855612,-0.643937588,0.361058831,-0.167939723,0.445845842,-0.246621832,-0.222562492,0.193702728,-0.195040017,-0.209340736,-0.049985923,-0.274435461,-0.117416441,0.000477359,-0.001298027,-0.127621278,-0.363311768,0.16714859,-0.143306375,-0.664607286,0.429334879
21.13333333,0.013150507,0.570202112,-0.443686396,0.190346748,0.444995046,-0.224407002,0.22126542,0.20771648,-0.19725512,0.198861763,-0.033721175,-0.293986022,0.116998546,0.000220072,0.002440441,0.125607282,-0.37696749,0.106801406,0.185853735,-0.644270897,0.360954106,-0.168103158,0.445793092,-0.24710229,-0.222601682,0.19344452,-0.195753023,-0.209260479,-0.050162937,-0.275209129,-0.117426157,0.000456512,-0.001439809,-0.127536848,-0.363324791,0.167991623,-0.143329069,-0.664685726,0.430814236
21.15,0.01315056,0.570348263,-0.443302184,0.190190017,0.445156813,-0.22350958,0.221077442,0.207733631,-0.196526155,0.198712587,-0.033632021,-0.293576211,0.117004931,0.000236567,0.002453899,0.125618309,-0.376953214,0.105467543,0.185974568,-0.644283056,0.358893842,-0.168223381,0.445811361,-0.246647865,-0.222551659,0.193151638,-0.195434496,-0.20912379,-0.050516333,-0.275115162,-0.117432453,0.000440957,-0.001453,-0.127422035,-0.363326877,0.168303251,-0.143338427,-0.664693832,0.432430565
21.16666667,0.013165073,0.569999516,-0.444049865,0.189893886,0.445140988,-0.223740473,0.220942095,0.207791775,-0.196602449,0.19868353,-0.033541709,-0.29372409,0.117007956,0.000269169,0.002467204,0.125479281,-0.37696597,0.107681677,0.18570213,-0.644529462,0.360780776,-0.168769196,0.445605129,-0.24781689,-0.222667575,0.192943946,-0.197046414,-0.208723336,-0.050775208,-0.276697218,-0.117435783,0.000408571,-0.001466644,-0.127407193,-0.363269061,0.170012638,-0.143435821,-0.664587677,0.433609456
21.18333333,0.013124543,0.570510626,-0.44403547,0.189696535,0.445253551,-0.223731264,0.220935926,0.207920685,-0.19667992,0.198685437,-0.033423692,-0.294285476,0.117011115,0.000289168,0.002457332,0.125469416,-0.376908839,0.109224901,0.185987204,-0.644547522,0.361770809,-0.169146374,0.445707083,-0.247792944,-0.222732708,0.192971975,-0.197032079,-0.208701819,-0.050591659,-0.276919276,-0.117439151,0.000389176,-0.001457019,-0.127331659,-0.363288015,0.172163755,-0.143443227,-0.66470772,0.435689181
21.2,0.013089577,0.57080096,-0.443978757,0.189495236,0.445109129,-0.223690659,0.220880553,0.207919031,-0.196628243,0.198642045,-0.03339633,-0.294192404,0.117016338,0.000319626,0.002467066,0.125305757,-0.377130717,0.109230809,0.185612693,-0.644695103,0.363250434,-0.169233084,0.445253372,-0.247828931,-0.2227588,0.192449003,-0.197103858,-0.208698511,-0.05102367,-0.276909739,-0.117444307,0.000359,-0.001466655,-0.127472818,-0.363352358,0.170808285,-0.144450948,-0.664713144,0.433352143
21.21666667,0.012679216,0.5707919,-0.445126206,0.188833535,0.444547325,-0.224600583,0.220691651,0.207705855,-0.198645502,0.198029265,-0.03342877,-0.296541154,0.117018677,0.000354713,0.002529264,0.125209317,-0.377297521,0.109331764,0.184780076,-0.644758523,0.365507931,-0.169608131,0.444765449,-0.249497995,-0.222954229,0.191661611,-0.20074895,-0.208669692,-0.052162435,-0.280941814,-0.117446542,0.000324796,-0.001527574,-0.127477452,-0.363387734,0.170309454,-0.144872531,-0.664684474,0.432776809
21.23333333,0.012414612,0.570775568,-0.445334822,0.188757837,0.444491059,-0.225338355,0.220406353,0.207715183,-0.199228466,0.197372288,-0.033418596,-0.296560526,0.117018729,0.000366807,0.002540179,0.125019923,-0.377426863,0.109989792,0.183371216,-0.644917607,0.369788468,-0.169624433,0.444383591,-0.25007233,-0.22295481,0.191296116,-0.201486647,-0.208637029,-0.052380219,-0.28110382,-0.117446907,0.000313119,-0.001538381,-0.127878234,-0.363262773,0.170000777,-0.145529136,-0.663954973,0.431739748
21.25,0.01241532,0.570184112,-0.445335478,0.188744351,0.444677532,-0.225156829,0.220371261,0.207908958,-0.198616162,0.197366104,-0.033101391,-0.295532584,0.117024094,0.000389903,0.002592415,0.124925427,-0.377572864,0.109332681,0.182550222,-0.645242155,0.369553685,-0.169640064,0.444374382,-0.25017941,-0.222952813,0.191105276,-0.201674342,-0.208021984,-0.05247039,-0.281145334,-0.117452756,0.000291243,-0.001590025,-0.128140986,-0.363206655,0.16809693,-0.145797148,-0.663790822,0.42828232
21.26666667,0.011985889,0.570236027,-0.445442468,0.188522682,0.444674999,-0.225301415,0.220051095,0.207896098,-0.199112654,0.197241008,-0.033111814,-0.296038985,0.117033355,0.000426738,0.002599803,0.124905474,-0.377589345,0.109874986,0.182620794,-0.645266354,0.369489938,-0.169889927,0.444304585,-0.250202477,-0.223100066,0.191011459,-0.201632917,-0.208303705,-0.052643199,-0.281119883,-0.117462263,0.000255867,-0.001596743,-0.128262386,-0.363203973,0.16823633,-0.146132812,-0.66380775,0.428391397
21.28333333,0.011446801,0.570359945,-0.445516974,0.188373268,0.444779098,-0.225605786,0.21994926,0.208134517,-0.200027213,0.197243437,-0.032805365,-0.29733327,0.117035486,0.000462985,0.002607186,0.124914497,-0.377535909,0.114978097,0.182999954,-0.645264864,0.372750133,-0.170194134,0.444302976,-0.250243932,-0.223398715,0.191091433,-0.201664463,-0.208363831,-0.052514642,-0.281413376,-0.117464885,0.000219856,-0.001604388,-0.128311932,-0.363149464,0.170020938,-0.146307141,-0.663803518,0.428984642
21.3,0.010843822,0.569866478,-0.446138561,0.18817164,0.444747388,-0.225895539,0.219701707,0.208087593,-0.200288773,0.197144911,-0.032828443,-0.297423273,0.117037937,0.000522413,0.002659855,0.124904357,-0.377526134,0.117718421,0.182803884,-0.645266414,0.375919044,-0.170448557,0.443889588,-0.250751853,-0.223415151,0.19049564,-0.202028364,-0.208370104,-0.052761469,-0.281634629,-0.117467768,0.000161252,-0.001658586,-0.128424957,-0.362955779,0.1698623,-0.147484586,-0.663648725,0.427601218
21.31666667,0.010441229,0.56943512,-0.446480036,0.188135371,0.444699019,-0.225917473,0.219606802,0.207806781,-0.200290456,0.197139189,-0.033063952,-0.297419518,0.117080323,0.000535228,0.002666889,0.12491744,-0.377482891,0.116844311,0.182836756,-0.644600391,0.373955041,-0.170528635,0.44401744,-0.250705481,-0.223417774,0.190495938,-0.201322675,-0.208416492,-0.052715737,-0.281345069,-0.117510147,0.000149641,-0.00166419,-0.128570229,-0.362908453,0.170157567,-0.147539601,-0.66349268,0.429198325
21.33333333,0.010427481,0.569658577,-0.445963174,0.188120916,0.44521755,-0.224912539,0.219403356,0.208011881,-0.199411228,0.197121471,-0.032893058,-0.296675473,0.117104359,0.000548265,0.002676108,0.124911092,-0.377116978,0.116102777,0.182872474,-0.64361304,0.372229069,-0.170550585,0.444363356,-0.249899581,-0.223022759,0.190487817,-0.200144291,-0.208441362,-0.052752472,-0.28069672,-0.117534064,0.000137117,-0.001672971,-0.128634334,-0.362735212,0.171105072,-0.147539422,-0.663241923,0.432340771
21.35,0.010424829,0.569616795,-0.446104646,0.188101247,0.445286632,-0.224922165,0.219385117,0.208190605,-0.199416965,0.197197288,-0.03253755,-0.296786487,0.117126659,0.000560243,0.002663788,0.124883227,-0.377132863,0.114940442,0.182886079,-0.643582106,0.370020598,-0.170575276,0.444519371,-0.249913514,-0.223026097,0.190515339,-0.200125352,-0.208459154,-0.05278549,-0.280718982,-0.117556512,0.00012608,-0.001657161,-0.128663942,-0.362733036,0.171439573,-0.14752613,-0.663226306,0.43325904
21.36666667,0.010402718,0.569628596,-0.44589597,0.188085765,0.445326924,-0.224615395,0.219390497,0.208257616,-0.199319005,0.197207898,-0.03241263,-0.296786845,0.117138356,0.000576502,0.002677802,0.124831192,-0.377045542,0.114815228,0.182878241,-0.642919123,0.369936764,-0.170666367,0.444707185,-0.249661535,-0.223285988,0.190798044,-0.200032637,-0.208480582,-0.052651796,-0.280757129,-0.117568433,0.000110985,-0.001669268,-0.12865755,-0.362660766,0.172459453,-0.147529975,-0.662978053,0.436378926
21.38333333,0.010496936,0.569780827,-0.44521299,0.188096941,0.445626706,-0.223867312,0.219379291,0.20847325,-0.198563948,0.197276354,-0.032329235,-0.296187103,0.117139012,0.000589206,0.002682608,0.124841504,-0.376757056,0.115300335,0.18342647,-0.64287293,0.369620979,-0.170678258,0.444869369,-0.249016702,-0.223112971,0.191014409,-0.199456349,-0.208259866,-0.052507136,-0.280474514,-0.117569797,9.86E-05,-0.001673617,-0.128244713,-0.362647504,0.175619915,-0.14720501,-0.663201869,0.440009385
21.4,0.010516237,0.569700181,-0.445132941,0.188114107,0.445617974,-0.223625258,0.219212964,0.208418131,-0.198184788,0.197265059,-0.032325327,-0.295761436,0.117152065,0.000602093,0.002732766,0.124928772,-0.376705736,0.114962853,0.183433637,-0.642609298,0.369240105,-0.170638397,0.444882125,-0.24887082,-0.222817451,0.190960184,-0.199006394,-0.20822379,-0.053071614,-0.279830217,-0.117582619,8.72E-05,-0.001719429,-0.128132701,-0.36255002,0.175444871,-0.147057384,-0.663069427,0.439950883
21.41666667,0.010318818,0.568896711,-0.445366532,0.188008487,0.445541412,-0.223628104,0.21905081,0.208243296,-0.198171124,0.197084516,-0.032479592,-0.295713067,0.117164746,0.000618633,0.002787684,0.125041842,-0.37681368,0.114591882,0.183454633,-0.642784178,0.368635476,-0.170664728,0.4447712,-0.249017596,-0.22225441,0.190596849,-0.199117064,-0.207693011,-0.053444065,-0.279868126,-0.117595039,7.19E-05,-0.001771657,-0.12800549,-0.36261189,0.173953205,-0.146969825,-0.663226902,0.437211335
21.43333333,0.010276465,0.568738937,-0.445373088,0.187983707,0.445538163,-0.22331132,0.219015613,0.208240673,-0.197405845,0.19709751,-0.032479085,-0.294837296,0.117172517,0.000628023,0.002861108,0.12505345,-0.37673378,0.114733927,0.183589369,-0.642795086,0.368191123,-0.17068176,0.444800258,-0.249006599,-0.221777707,0.190591589,-0.198990643,-0.207379386,-0.053505763,-0.279810786,-0.117603138,6.38E-05,-0.001841356,-0.127822116,-0.362567395,0.174428999,-0.146898374,-0.663235366,0.43791914
21.45,0.010248608,0.568932354,-0.44535172,0.187774912,0.445603132,-0.222876981,0.218586564,0.208224952,-0.196766317,0.196854755,-0.032496937,-0.29469648,0.117196731,0.000653813,0.002913247,0.124954492,-0.376746804,0.114111036,0.183622643,-0.642801702,0.367686838,-0.171098173,0.444764465,-0.249024689,-0.221983165,0.190256789,-0.199085876,-0.207415283,-0.053627003,-0.280014604,-0.117628492,3.92E-05,-0.001892861,-0.127809003,-0.362651497,0.174072042,-0.147000715,-0.663424611,0.437853962
21.46666667,0.010251178,0.569062054,-0.445286155,0.187757269,0.446059555,-0.222837716,0.218576491,0.208388343,-0.196822092,0.196801677,-0.032234035,-0.295459777,0.11721544,0.000657767,0.002925311,0.12489371,-0.376741469,0.111087672,0.183758616,-0.642650664,0.365475833,-0.171179041,0.44507581,-0.248983607,-0.222057179,0.190281749,-0.199124694,-0.207533479,-0.053600088,-0.280589908,-0.117647514,3.60E-05,-0.001904439,-0.127860069,-0.362662911,0.174024865,-0.147049636,-0.663403571,0.438927829
21.48333333,0.01017463,0.569139481,-0.444894373,0.18762593,0.446220279,-0.222174644,0.218449026,0.208438128,-0.195653096,0.196795478,-0.032189712,-0.294685841,0.117258698,0.000664517,0.002950233,0.124880716,-0.376800656,0.106100127,0.183627442,-0.64245683,0.361655533,-0.171355516,0.445328891,-0.248471692,-0.222192422,0.190399989,-0.197998956,-0.20761928,-0.053457949,-0.279300302,-0.117690533,3.03E-05,-0.001927326,-0.12799333,-0.362671316,0.172369003,-0.147223771,-0.663369179,0.438655883
21.5,0.010113484,0.56936425,-0.444700778,0.187647313,0.446275741,-0.222108126,0.218371406,0.208439484,-0.195630133,0.196751475,-0.032222096,-0.29462719,0.117269203,0.000669983,0.002949488,0.124872804,-0.376749068,0.106278934,0.183955625,-0.642339587,0.361426741,-0.171334431,0.445387632,-0.248038799,-0.221998885,0.190512314,-0.197240412,-0.207623214,-0.053346746,-0.278734505,-0.117701806,2.56E-05,-0.001926617,-0.127973109,-0.362738967,0.173543379,-0.147111803,-0.663536608,0.440773666
21.51666667,0.010091196,0.569639266,-0.444240689,0.187577382,0.446724176,-0.221872002,0.218349397,0.208711088,-0.195557177,0.196768016,-0.032118671,-0.294521093,0.117275856,0.000682454,0.002948059,0.124839053,-0.376712233,0.106293485,0.184123591,-0.642342091,0.359763801,-0.171399891,0.445594937,-0.247637019,-0.221820503,0.190590143,-0.196806684,-0.207548931,-0.053332034,-0.278319895,-0.117708646,1.37E-05,-0.001923856,-0.127964765,-0.362758189,0.174147323,-0.147042394,-0.663647532,0.44146046
21.53333333,0.009646663,0.569920182,-0.4441275,0.18744196,0.446769863,-0.221861377,0.218331262,0.208723471,-0.195642576,0.196761638,-0.03211841,-0.2947357,0.117283247,0.000689809,0.002933756,0.124796838,-0.376693308,0.106888667,0.18428418,-0.642231643,0.359900564,-0.171573624,0.445695251,-0.247318283,-0.221891999,0.190711856,-0.196305454,-0.207643121,-0.052919324,-0.278179556,-0.11771626,6.85E-06,-0.001908995,-0.127933472,-0.36281836,0.175148964,-0.147009626,-0.663778782,0.442790657
21.55,0.009460357,0.569927871,-0.444129825,0.187419623,0.446839362,-0.221842349,0.218328714,0.20872286,-0.195642576,0.196837142,-0.032161187,-0.294739366,0.117293529,0.000693619,0.002899395,0.124762848,-0.376601398,0.107229128,0.184700251,-0.642122447,0.359910876,-0.171677306,0.445944101,-0.247190475,-0.221906722,0.191071048,-0.1960738,-0.20770739,-0.052141309,-0.278170496,-0.117726862,3.97E-06,-0.001874999,-0.127965569,-0.362924188,0.176280469,-0.146980003,-0.664133012,0.444058865
21.56666667,0.009425675,0.571522176,-0.442451537,0.187401429,0.448423475,-0.221309662,0.218354136,0.209593177,-0.195385218,0.197054148,-0.031751294,-0.294654876,0.117308557,0.000686329,0.002761791,0.124649495,-0.376431644,0.107066996,0.185217217,-0.642123401,0.357578278,-0.171831504,0.448236942,-0.2443773,-0.221764952,0.193022937,-0.191805482,-0.207942277,-0.050059516,-0.276094615,-0.117741667,1.28E-05,-0.001737938,-0.128202111,-0.362961024,0.177336723,-0.146842614,-0.664446294,0.4449251
21.58333333,0.009328878,0.571470618,-0.442438722,0.18722038,0.44854179,-0.221253529,0.217853159,0.209604084,-0.195192337,0.196933433,-0.031807028,-0.294375569,0.117327668,0.000690679,0.00276573,0.124586806,-0.376423597,0.107016042,0.1852137,-0.642139971,0.357387483,-0.172265276,0.448272079,-0.244378164,-0.222348109,0.193054199,-0.191750884,-0.208315894,-0.050102945,-0.275812387,-0.117760949,9.11E-06,-0.001741114,-0.128347635,-0.362960607,0.17711319,-0.146845058,-0.664432347,0.444328845
21.6,0.009174878,0.571557343,-0.442432284,0.187095031,0.448548645,-0.221331909,0.217742085,0.209570423,-0.195413888,0.196924761,-0.032109708,-0.294526726,0.11733225,0.000693368,0.002719975,0.124579862,-0.376429826,0.108396389,0.185730636,-0.642382801,0.357427716,-0.172341794,0.448392242,-0.244290829,-0.222354844,0.193331584,-0.19156611,-0.208434939,-0.049916472,-0.275577694,-0.117765598,6.86E-06,-0.001696271,-0.128332034,-0.363195598,0.178272828,-0.146680862,-0.665160656,0.444943428
21.61666667,0.008929232,0.57181412,-0.442296207,0.187020957,0.448571861,-0.221323073,0.217727154,0.209580675,-0.195486978,0.196952596,-0.03205917,-0.294683099,0.117327467,0.000697507,0.002639193,0.124549426,-0.376371175,0.110032775,0.186290756,-0.642427921,0.357991517,-0.172364116,0.448430151,-0.244045362,-0.222355306,0.193345174,-0.19145672,-0.208488539,-0.049993668,-0.275551111,-0.117761537,3.07E-06,-0.001618778,-0.128297225,-0.363393933,0.179915205,-0.146587536,-0.665946007,0.446098924
21.63333333,0.008830726,0.571967721,-0.442391872,0.186964229,0.448611259,-0.221587405,0.217528254,0.209660083,-0.196011975,0.196998656,-0.032058291,-0.295289844,0.117325388,0.000699342,0.002615084,0.124465294,-0.376371354,0.115285687,0.186401904,-0.642948449,0.36027351,-0.172436506,0.448541999,-0.24416922,-0.222394705,0.19378598,-0.191701099,-0.208570138,-0.049996369,-0.275875717,-0.117760159,1.61E-06,-0.001596361,-0.128292754,-0.363575101,0.183610424,-0.146515608,-0.666440606,0.449264795
21.65,0.008810348,0.571934044,-0.442531139,0.186947644,0.448664874,-0.221710682,0.217519864,0.209698424,-0.196527749,0.197055086,-0.03205343,-0.29591462,0.117329873,0.000703784,0.00260149,0.124282092,-0.376404643,0.115246885,0.186392292,-0.642947674,0.360414952,-0.172433153,0.44860357,-0.244199961,-0.222341269,0.193823248,-0.191799387,-0.208570927,-0.050131321,-0.276077777,-0.117764771,-2.30E-06,-0.001582434,-0.128248706,-0.363779247,0.183505476,-0.146406054,-0.666689038,0.449221998
21.66666667,0.008784764,0.572027564,-0.442544013,0.186932728,0.448703259,-0.222017244,0.217548162,0.20976387,-0.197219789,0.197104588,-0.03202492,-0.296664268,0.117323905,0.00070233,0.002532533,0.124171697,-0.37627694,0.116277315,0.186477289,-0.642986357,0.36077401,-0.172449365,0.448778152,-0.244193122,-0.222385228,0.194381014,-0.1918208,-0.20867838,-0.049907573,-0.276301265,-0.117759764,-5.98E-07,-0.001517772,-0.128235564,-0.36384958,0.185176149,-0.146199822,-0.66691792,0.451046944
21.68333333,0.008774527,0.572036147,-0.442418396,0.186928645,0.448712081,-0.222083166,0.21750778,0.209756836,-0.197594032,0.196725905,-0.032125719,-0.296785146,0.117316231,0.000711599,0.002523046,0.124161318,-0.37629959,0.116213277,0.186488584,-0.643244505,0.360935748,-0.172444075,0.448753089,-0.244210199,-0.222444236,0.194391906,-0.192198902,-0.208695456,-0.049936667,-0.27644074,-0.11775215,-1.03E-05,-0.001508442,-0.12823686,-0.363866091,0.183475181,-0.146245122,-0.666927159,0.446192443
21.7,0.008778712,0.571522474,-0.443887204,0.186916202,0.448450834,-0.22341837,0.217587069,0.209681034,-0.199698731,0.196697831,-0.032249223,-0.299313307,0.117316812,0.000716857,0.002520596,0.123910591,-0.376565486,0.116178602,0.186359599,-0.643298686,0.363573104,-0.172455892,0.448295981,-0.246580347,-0.222843647,0.19414483,-0.197142869,-0.208610192,-0.050223518,-0.281208754,-0.117752627,-1.57E-05,-0.001505927,-0.128252,-0.363928527,0.181841567,-0.146229818,-0.666884184,0.444075763
21.71666667,0.008680309,0.570403814,-0.444822282,0.186663315,0.448400855,-0.223693281,0.217129886,0.209506348,-0.199779257,0.19628188,-0.032611884,-0.299347967,0.117332302,0.000718181,0.002512706,0.123634435,-0.376802653,0.116109297,0.185966983,-0.643379211,0.363554537,-0.172737852,0.448251426,-0.246916577,-0.22284773,0.194083646,-0.197092324,-0.208772734,-0.050236255,-0.281144828,-0.117766656,-1.64E-05,-0.001496879,-0.128413334,-0.364020169,0.181468993,-0.14653936,-0.666923881,0.443969756
21.73333333,0.00869908,0.570123255,-0.445024997,0.186659843,0.448498607,-0.223713547,0.217117026,0.209548399,-0.199712887,0.196277142,-0.032646164,-0.299258798,0.1173345,0.000730179,0.002518642,0.123618774,-0.376816988,0.116223045,0.186012104,-0.643411696,0.363733441,-0.172744751,0.448163688,-0.247060224,-0.222754478,0.193824217,-0.197050601,-0.208688781,-0.050675813,-0.281010389,-0.11776904,-2.80E-05,-0.001503039,-0.128406018,-0.364038974,0.181358993,-0.146610364,-0.666940212,0.443937808
21.75,0.00868796,0.570059538,-0.445299238,0.186645672,0.448655844,-0.224012107,0.217094585,0.209678069,-0.199925005,0.196293086,-0.032654826,-0.299413681,0.117334284,0.000728979,0.002524688,0.123575628,-0.376813412,0.117237642,0.186005622,-0.643453002,0.364059955,-0.17275618,0.44823879,-0.247197509,-0.222585142,0.193943426,-0.197014257,-0.208778396,-0.050596759,-0.280950725,-0.117768772,-2.67E-05,-0.001509468,-0.128377229,-0.36407423,0.181788847,-0.146651745,-0.666978121,0.445151418
21.76666667,0.008695851,0.569845617,-0.445415825,0.186706886,0.448746353,-0.224016801,0.217174947,0.209696725,-0.199867204,0.19647786,-0.032673273,-0.299370676,0.117339239,0.000718152,0.002523765,0.123497315,-0.376905859,0.116853222,0.186013848,-0.643533349,0.36298582,-0.172664866,0.448361456,-0.247198701,-0.222411096,0.19396849,-0.196865708,-0.208726376,-0.05059167,-0.280826569,-0.117773771,-1.48E-05,-0.001508407,-0.1283779,-0.364188254,0.181813344,-0.146571502,-0.667075872,0.446106881
21.78333333,0.008642378,0.569515705,-0.445469588,0.186760664,0.449139804,-0.223961115,0.217210501,0.210036367,-0.199460089,0.196640357,-0.032384299,-0.299070835,0.117359847,0.000703777,0.002531247,0.12332955,-0.376914948,0.116333842,0.185771719,-0.643460512,0.362810522,-0.172667101,0.448596418,-0.247168794,-0.222409651,0.194122642,-0.196325436,-0.208846614,-0.050393779,-0.280424356,-0.117795169,1.42E-06,-0.001515418,-0.128568918,-0.364205033,0.181794748,-0.146617427,-0.667030156,0.446758389
21.8,0.008603894,0.568690777,-0.445629358,0.186725289,0.449232787,-0.22386682,0.217207417,0.210109845,-0.198973894,0.196741059,-0.032350119,-0.298595428,0.117370263,0.000698018,0.002555602,0.123287067,-0.376967728,0.116167173,0.185754597,-0.643520117,0.361484051,-0.172734946,0.448765546,-0.247171834,-0.222333923,0.194242865,-0.195984259,-0.209016964,-0.050380729,-0.28009811,-0.117805682,8.13E-06,-0.001538989,-0.128580406,-0.364263445,0.181810111,-0.146713123,-0.667156816,0.447300345
21.81666667,0.00858452,0.567452312,-0.446886629,0.186720952,0.449205458,-0.223951578,0.217076719,0.21004568,-0.198783532,0.196754292,-0.03245094,-0.298337281,0.117413081,0.00069786,0.002672774,0.123247251,-0.377156258,0.116187699,0.185521588,-0.643539071,0.361500531,-0.172905609,0.448642105,-0.248204842,-0.222315192,0.194156915,-0.196231931,-0.209027261,-0.050410856,-0.28008607,-0.117849544,9.01E-06,-0.001652464,-0.128878757,-0.364248574,0.181505695,-0.14710319,-0.666900337,0.447241575
21.83333333,0.008511614,0.565317214,-0.447913349,0.186765134,0.449298859,-0.224486694,0.217108026,0.210122705,-0.199013337,0.196807399,-0.032466237,-0.298359513,0.11741887,0.000693596,0.002663248,0.123160511,-0.377160072,0.116204061,0.185463116,-0.643516719,0.361447513,-0.172901765,0.448622406,-0.24857749,-0.221921176,0.194164023,-0.196217,-0.208931133,-0.050404977,-0.280044615,-0.117855728,1.39E-05,-0.001642817,-0.128894314,-0.364242226,0.181647584,-0.147128999,-0.666819751,0.447505146
21.85,0.008511917,0.564762473,-0.447984844,0.186796203,0.449532509,-0.224537849,0.21714668,0.210302234,-0.198994428,0.196832731,-0.032339156,-0.298325837,0.117424257,0.000686947,0.002650298,0.123112917,-0.377188355,0.114323534,0.185450077,-0.643567443,0.360471427,-0.17286332,0.448618174,-0.248589545,-0.221776381,0.194105417,-0.196164563,-0.208821997,-0.050410286,-0.279939145,-0.117861226,2.10E-05,-0.001630566,-0.128907442,-0.364256382,0.180813834,-0.14711839,-0.66683048,0.446708143
21.86666667,0.008430844,0.564789832,-0.447917759,0.186833158,0.449560285,-0.224322662,0.217137277,0.210305199,-0.19839938,0.196936488,-0.032347567,-0.297691256,0.117432252,0.000684494,0.002672411,0.123164594,-0.377225101,0.114512868,0.18585293,-0.64358294,0.360539168,-0.17276746,0.448630363,-0.248437718,-0.221336201,0.19406268,-0.195553228,-0.208535165,-0.050388526,-0.278989434,-0.117869548,2.41E-05,-0.001652949,-0.128913924,-0.364305139,0.180755481,-0.147105604,-0.666893661,0.446702659
21.88333333,0.007944696,0.566157401,-0.446216375,0.186787814,0.449886411,-0.223629162,0.217041984,0.210513681,-0.197675467,0.196892887,-0.031965312,-0.296916485,0.117452204,0.000679697,0.002634806,0.12283428,-0.37723121,0.112769216,0.184789479,-0.643229246,0.360311151,-0.17289263,0.448719412,-0.247015238,-0.22139667,0.194048151,-0.193894565,-0.20853731,-0.050369032,-0.277538598,-0.117890038,2.95E-05,-0.001614198,-0.12906979,-0.364243358,0.180218309,-0.147108823,-0.666267514,0.446549088
21.9,0.007931937,0.566175282,-0.44610697,0.186533779,0.449886709,-0.223150164,0.216545403,0.210449234,-0.196960419,0.196620226,-0.032059416,-0.296200782,0.117466904,0.000681892,0.002662487,0.122656092,-0.377262115,0.112117618,0.184173748,-0.643011987,0.36025694,-0.172986388,0.448729306,-0.246859938,-0.221231058,0.193877026,-0.193676144,-0.208468661,-0.050616246,-0.277275145,-0.117903315,2.82E-05,-0.001639726,-0.12908265,-0.364267886,0.178787097,-0.147157401,-0.666264594,0.445713103
21.91666667,0.007686661,0.566625416,-0.446083844,0.186530665,0.449899554,-0.223204762,0.216725439,0.210430726,-0.197228327,0.196816012,-0.032058079,-0.296693206,0.117479138,0.000671739,0.002567762,0.122574352,-0.377549857,0.110663064,0.184165329,-0.643089354,0.359614074,-0.172994852,0.448721915,-0.246746242,-0.221235976,0.193583891,-0.193548903,-0.208356813,-0.05064176,-0.277220517,-0.117915273,3.87E-05,-0.001545121,-0.129142195,-0.364354193,0.178754494,-0.147011489,-0.66624856,0.445826858
21.93333333,0.007622867,0.566511691,-0.446115047,0.186567381,0.44991672,-0.223207101,0.216826141,0.210393935,-0.197231874,0.196852446,-0.032067474,-0.296734303,0.117491037,0.000666605,0.002519295,0.122520275,-0.377591789,0.109295607,0.184161976,-0.643016398,0.359109014,-0.172974288,0.448708385,-0.246644974,-0.220994562,0.193223208,-0.193165228,-0.208296388,-0.050823156,-0.276962191,-0.117926873,4.44E-05,-0.001497776,-0.129169136,-0.364389181,0.178119883,-0.147004545,-0.666238546,0.445551842
21.95,0.007378584,0.566515148,-0.446042269,0.186478361,0.449910462,-0.223027617,0.216725916,0.210290179,-0.196989521,0.196744725,-0.032109849,-0.296429187,0.117498741,0.000667815,0.002516138,0.122498974,-0.377553493,0.108900927,0.184122637,-0.642618954,0.359139323,-0.173012853,0.448590726,-0.246445045,-0.221047357,0.192873552,-0.19297561,-0.208335534,-0.050914265,-0.276741832,-0.117934398,4.37E-05,-0.001494448,-0.129175872,-0.364380002,0.177910969,-0.146994278,-0.66610235,0.445553631
21.96666667,0.007287555,0.566567004,-0.445809722,0.186374888,0.44993937,-0.22280027,0.216584116,0.210286871,-0.196745664,0.196504816,-0.032119174,-0.295967728,0.117508568,0.000667438,0.002520829,0.122396529,-0.377553403,0.108612791,0.183694199,-0.642490327,0.359083384,-0.173117518,0.448600322,-0.246129632,-0.221052006,0.192862287,-0.19246687,-0.208559573,-0.050912563,-0.276093602,-0.117943481,4.46E-05,-0.001498516,-0.129307032,-0.364361614,0.177455842,-0.147105202,-0.666006327,0.445221066
21.98333333,0.007253059,0.566063583,-0.446199715,0.186337918,0.449883878,-0.22281383,0.216337502,0.210092321,-0.196612313,0.196436986,-0.032266345,-0.295727611,0.117525712,0.000670063,0.002529662,0.122339003,-0.377670079,0.108753353,0.183141127,-0.642478883,0.360153496,-0.173136771,0.44832024,-0.246462941,-0.220978171,0.192100182,-0.192620546,-0.208517626,-0.051164143,-0.276076704,-0.11795976,4.26E-05,-0.001506982,-0.129614115,-0.364370316,0.175644204,-0.147319391,-0.665886819,0.442093015
22,0.007273474,0.566037595,-0.446231663,0.18636851,0.449901283,-0.222729683,0.216141388,0.210073844,-0.196177974,0.196218655,-0.032276034,-0.295322239,0.117550127,0.000671258,0.002565792,0.122302905,-0.377679527,0.10897816,0.182802707,-0.642414451,0.361106426,-0.173136637,0.44820106,-0.246486187,-0.220990583,0.191884801,-0.192613587,-0.208595902,-0.051141847,-0.27605927,-0.11798393,4.21E-05,-0.001543654,-0.129839152,-0.364374995,0.175204352,-0.147443399,-0.665764511,0.441805363
22.01666667,0.007263557,0.565368831,-0.446781933,0.186397359,0.449550599,-0.222728312,0.216057017,0.209344283,-0.19606337,0.1961108,-0.033029158,-0.295110703,0.117583752,0.000668441,0.002615876,0.122280732,-0.377824277,0.108935125,0.182386771,-0.642407894,0.361088753,-0.173156217,0.447801173,-0.246982336,-0.220971689,0.191345945,-0.192992061,-0.208587274,-0.051598649,-0.276204824,-0.118017063,4.56E-05,-0.001591832,-0.129882008,-0.364397377,0.175018713,-0.147464156,-0.665606678,0.441912115
22.03333333,0.006872039,0.56512475,-0.446839958,0.186410442,0.449533165,-0.222707719,0.216032684,0.209224299,-0.196012065,0.196092129,-0.033242248,-0.294998676,0.117597647,0.000662808,0.002616058,0.122170426,-0.377826035,0.109490626,0.182379588,-0.642241418,0.361223817,-0.17313394,0.447809994,-0.246837035,-0.220680356,0.191333607,-0.192500129,-0.208612427,-0.051600169,-0.275945902,-0.118031248,5.25E-05,-0.001592003,-0.129943326,-0.364444077,0.175546929,-0.147490442,-0.665651977,0.443223417
22.05,0.006628585,0.565082788,-0.446846485,0.186420858,0.449408263,-0.222720966,0.216038659,0.208907276,-0.19604215,0.196087718,-0.033605456,-0.295024186,0.117608756,0.00065538,0.002592742,0.122142479,-0.377803981,0.109727383,0.182375029,-0.64204812,0.361204237,-0.173177361,0.447843909,-0.246761352,-0.220810786,0.191438377,-0.192287341,-0.208710358,-0.051514473,-0.275893748,-0.118042797,6.08E-05,-0.001568353,-0.129950538,-0.364454657,0.176354557,-0.147486836,-0.665620983,0.444693834
22.06666667,0.006612204,0.565141797,-0.446782887,0.186412796,0.449403465,-0.222666934,0.215918034,0.208900526,-0.195951283,0.19587253,-0.033664487,-0.294895709,0.117617913,0.000657117,0.002596556,0.122106239,-0.377692819,0.109858051,0.18207702,-0.641669631,0.362187147,-0.173223063,0.44784081,-0.246745601,-0.22093831,0.19150044,-0.192339748,-0.208739728,-0.051470283,-0.275953412,-0.118051909,5.96E-05,-0.001572264,-0.129964903,-0.364373863,0.176344618,-0.147493348,-0.665263712,0.444690078
22.08333333,0.006607673,0.565184653,-0.446718872,0.186427817,0.449402094,-0.222623631,0.215794832,0.208808616,-0.195877329,0.195659533,-0.033831973,-0.294667184,0.117641672,0.000647819,0.002592747,0.122083299,-0.377721012,0.107016385,0.18151404,-0.641608417,0.360514551,-0.173223257,0.447783262,-0.246669218,-0.220936835,0.191399738,-0.192237064,-0.208885774,-0.051470786,-0.275612295,-0.118075237,6.94E-05,-0.001567898,-0.130081624,-0.36436969,0.175640568,-0.147498772,-0.66492033,0.444575071
22.1,0.006838444,0.56433481,-0.447748899,0.186571717,0.44911468,-0.222883224,0.215783045,0.208531395,-0.195915073,0.195680112,-0.034224257,-0.294650823,0.117656328,0.000643407,0.002656895,0.122063361,-0.377820939,0.107099682,0.181136861,-0.64156127,0.3615143,-0.17311357,0.447275966,-0.247954458,-0.220858663,0.190981627,-0.1939293,-0.208721131,-0.051906869,-0.276566625,-0.118089736,7.43E-05,-0.001630246,-0.13005884,-0.364351809,0.175400153,-0.147336707,-0.664494038,0.444570094
22.11666667,0.006697204,0.564338923,-0.447750211,0.186570957,0.449072391,-0.222813129,0.215655074,0.208413437,-0.195588112,0.195681155,-0.034437556,-0.294076294,0.117665417,0.000631654,0.002735251,0.122087419,-0.377833039,0.107719138,0.181184351,-0.641554296,0.361567736,-0.17310442,0.44727093,-0.248000085,-0.220863774,0.190977022,-0.19403699,-0.208738953,-0.051941503,-0.276570082,-0.118098855,8.69E-05,-0.00170599,-0.130068168,-0.364337295,0.176084027,-0.147332653,-0.664380252,0.446640819
22.13333333,0.006677773,0.564319134,-0.447945476,0.186583742,0.44877556,-0.222942814,0.215641484,0.207997397,-0.195994005,0.19563894,-0.034910079,-0.294774055,0.117673129,0.000626198,0.002770458,0.122134499,-0.377824247,0.109084785,0.181412324,-0.641415358,0.362767488,-0.173084572,0.44723928,-0.248198241,-0.220919251,0.190970525,-0.194577917,-0.208742857,-0.051952295,-0.277410656,-0.118106373,9.28E-05,-0.001740206,-0.13004072,-0.364350706,0.176600575,-0.147307485,-0.664364934,0.447672307
22.15,0.006645496,0.564330459,-0.447908729,0.186575308,0.448682666,-0.222941443,0.215579808,0.207769081,-0.196058795,0.19544141,-0.035325114,-0.294793755,0.117681138,0.000624967,0.00280056,0.122245423,-0.377757519,0.108901858,0.181499809,-0.641222954,0.362630814,-0.173091531,0.447237432,-0.248160228,-0.22092025,0.190954745,-0.194568843,-0.208714142,-0.052000329,-0.277401984,-0.118114308,9.45E-05,-0.00177013,-0.130043581,-0.364216775,0.176572576,-0.147294447,-0.664045393,0.44768697
22.16666667,0.006476271,0.565046787,-0.447796881,0.18656683,0.448616713,-0.223031104,0.215588629,0.207722053,-0.196873471,0.195079088,-0.035344593,-0.295785815,0.117686808,0.00062895,0.002798998,0.122249559,-0.377711296,0.108716853,0.181536809,-0.640881777,0.363040596,-0.17309171,0.446759939,-0.248141482,-0.220947385,0.190284774,-0.19487904,-0.20869188,-0.052327227,-0.277890772,-0.118119806,9.04E-05,-0.00176865,-0.130060032,-0.364152193,0.176539391,-0.147290453,-0.663728058,0.447683185
22.18333333,0.006415274,0.565069735,-0.447707266,0.186575502,0.448610485,-0.223078519,0.215592995,0.207704529,-0.196939185,0.194939151,-0.035356134,-0.295833737,0.117693789,0.000628083,0.002795977,0.122355014,-0.377703696,0.107986353,0.181454331,-0.64082706,0.363047242,-0.173106998,0.446686327,-0.248091564,-0.221075967,0.190202743,-0.194819704,-0.20868133,-0.052335843,-0.277771145,-0.11812672,9.13E-05,-0.001765848,-0.130128205,-0.363903731,0.175723419,-0.147386834,-0.663000882,0.446252972
22.2,0.006383583,0.565623522,-0.447215527,0.186577126,0.448614031,-0.223162606,0.215840816,0.207712159,-0.197664663,0.194929093,-0.035341613,-0.296819061,0.117700025,0.000633918,0.002724699,0.122460194,-0.37751475,0.107637487,0.181713745,-0.640595436,0.363026768,-0.173183829,0.446676493,-0.247849181,-0.22132659,0.190207824,-0.194807813,-0.208661228,-0.052323896,-0.277791888,-0.118132792,8.49E-05,-0.001695014,-0.130108029,-0.363747716,0.175726771,-0.147139713,-0.662685156,0.446185708
22.21666667,0.006314994,0.565663815,-0.447070152,0.186562076,0.448680133,-0.223273188,0.216004148,0.20781076,-0.19814612,0.194945738,-0.035093669,-0.297659487,0.117705978,0.000620635,0.0025892,0.122451261,-0.377365887,0.107308805,0.181847036,-0.640357137,0.362426132,-0.173225403,0.447074682,-0.247455642,-0.221463218,0.190687299,-0.194289252,-0.208766535,-0.051880233,-0.277706027,-0.118138492,9.82E-05,-0.001555986,-0.130126879,-0.363576859,0.176632315,-0.147134095,-0.662316322,0.447574437
22.23333333,0.006310373,0.565669477,-0.447075963,0.186577767,0.44879517,-0.223443553,0.216036379,0.208055794,-0.198423967,0.194921955,-0.034713589,-0.297960311,0.117710203,0.000609001,0.002599616,0.122433983,-0.377349377,0.107253648,0.181851238,-0.640339255,0.362375587,-0.173227176,0.447223276,-0.247631997,-0.221545145,0.191041201,-0.195164993,-0.208765626,-0.051834483,-0.278767288,-0.11814262,0.000110054,-0.001566404,-0.13016288,-0.363555521,0.176558688,-0.147105336,-0.662264824,0.447426528
22.25,0.006273996,0.56564337,-0.44707188,0.186562255,0.448815703,-0.223555073,0.216065183,0.20821853,-0.198483005,0.195124939,-0.03462971,-0.29791832,0.117708556,0.000599211,0.002598363,0.122470289,-0.37731421,0.107181206,0.182194531,-0.640374422,0.360755682,-0.173221439,0.447412014,-0.247609511,-0.22155267,0.191617668,-0.194997951,-0.20886074,-0.051811084,-0.278383374,-0.118140794,0.000120301,-0.001564685,-0.130065858,-0.363508165,0.177487582,-0.146735147,-0.6622473,0.44873789
22.26666667,0.006352463,0.565651417,-0.446918845,0.186795488,0.448933691,-0.223783433,0.216459736,0.20847097,-0.198863402,0.19532679,-0.034509424,-0.298055857,0.117701702,0.000573926,0.002581799,0.122502208,-0.37726891,0.107234038,0.182465494,-0.640423298,0.360209078,-0.172878504,0.447748363,-0.247387066,-0.221246839,0.19240351,-0.19451496,-0.208856165,-0.051470242,-0.277963817,-0.118133768,0.000145127,-0.001548266,-0.129926965,-0.363461316,0.178146183,-0.146036863,-0.662229598,0.449296087
22.28333333,0.006343715,0.566438377,-0.445716321,0.186887309,0.449239194,-0.223519161,0.216589525,0.208950445,-0.19871375,0.195431307,-0.034069035,-0.297921002,0.11770051,0.000540916,0.002565048,0.122520305,-0.376984119,0.106935248,0.182667688,-0.640150428,0.359620482,-0.172639474,0.44863686,-0.246157646,-0.221140772,0.193401918,-0.19327414,-0.208860651,-0.050955873,-0.27725637,-0.118132517,0.000179296,-0.001530467,-0.129695579,-0.363442987,0.1787467,-0.144712642,-0.662219286,0.450905353
22.3,0.006649196,0.566472828,-0.445712417,0.186971053,0.449292123,-0.223479703,0.216639459,0.209108636,-0.198476911,0.195658028,-0.033787616,-0.297633678,0.117701203,0.000531102,0.00256147,0.122521557,-0.376977772,0.106877051,0.183439553,-0.640243351,0.358940303,-0.172489315,0.448752284,-0.246146396,-0.221119359,0.193448141,-0.193264857,-0.208837435,-0.050952598,-0.277243942,-0.118133292,0.000189502,-0.001527008,-0.129674301,-0.363429964,0.179001212,-0.144399166,-0.662225485,0.451227903
22.31666667,0.006735943,0.566561639,-0.445645601,0.187036201,0.449312419,-0.223406181,0.216633335,0.209152848,-0.198352545,0.195657656,-0.033689324,-0.297519624,0.117702626,0.000526885,0.002602801,0.12254332,-0.377003968,0.106888451,0.183543175,-0.640252531,0.358951092,-0.172405526,0.44872272,-0.246156976,-0.221087873,0.193331748,-0.193300605,-0.208797067,-0.051084656,-0.277226031,-0.118134752,0.000193853,-0.001568316,-0.129686683,-0.363402218,0.178784639,-0.144371092,-0.662179768,0.450850308
22.33333333,0.00670824,0.566547275,-0.445651829,0.187022969,0.449359745,-0.223089963,0.216490418,0.20931758,-0.197509483,0.195702821,-0.033516198,-0.29682228,0.117711358,0.000522955,0.002685343,0.122554518,-0.377097636,0.107929528,0.183758929,-0.64053303,0.358460575,-0.172408804,0.448763937,-0.246171728,-0.220909566,0.193337977,-0.193196684,-0.20866327,-0.051149197,-0.277012676,-0.11814402,0.000198335,-0.001648828,-0.129705474,-0.36348629,0.179090977,-0.144411683,-0.662589788,0.451024115
22.35,0.006711904,0.566621125,-0.445330828,0.187152818,0.449398786,-0.22305499,0.216970518,0.209361106,-0.197487056,0.196168348,-0.033466004,-0.296757251,0.117721535,0.000514404,0.00264054,0.122714348,-0.37707749,0.107922941,0.184295177,-0.640628219,0.357582092,-0.172354609,0.449435204,-0.245362386,-0.22084628,0.194099247,-0.191483811,-0.20853059,-0.050301619,-0.275910139,-0.118154369,0.000207694,-0.001603804,-0.129703149,-0.363513201,0.179070547,-0.144065186,-0.66277653,0.450102329
22.36666667,0.006777325,0.566996157,-0.44498685,0.187181741,0.449470937,-0.222844511,0.216977969,0.209402815,-0.197304383,0.196282074,-0.033381611,-0.296678871,0.117720962,0.000508806,0.002584403,0.122941904,-0.376805097,0.108813882,0.184822351,-0.640628874,0.357683033,-0.17233105,0.449776351,-0.24493672,-0.220801637,0.194565848,-0.190931424,-0.208472401,-0.049314361,-0.275619358,-0.118153781,0.00021373,-0.001548022,-0.12945646,-0.363497198,0.180124402,-0.144013748,-0.662934124,0.450481176
22.38333333,0.006783067,0.56713897,-0.444833905,0.187195867,0.449628532,-0.222800404,0.217024416,0.209478483,-0.197120249,0.196470901,-0.033340834,-0.296331644,0.117724217,0.000498602,0.002508247,0.123053782,-0.376796871,0.108622283,0.184951931,-0.641116619,0.355067998,-0.172311783,0.450300813,-0.244218141,-0.220631182,0.194842935,-0.188543528,-0.208469436,-0.048987962,-0.27301687,-0.11815694,0.00022471,-0.001472071,-0.129453942,-0.363508344,0.18018651,-0.143970311,-0.663237631,0.450227618
22.4,0.006757754,0.567266583,-0.444735855,0.187130257,0.449631184,-0.222770914,0.217020676,0.209522218,-0.19704257,0.196520075,-0.033329014,-0.296089292,0.117724597,0.000494404,0.002507194,0.122930966,-0.376756847,0.108846694,0.184762627,-0.641097248,0.355363816,-0.172312185,0.45034799,-0.244049951,-0.220621556,0.195057318,-0.188285723,-0.208663777,-0.048687566,-0.272726655,-0.118157052,0.000229187,-0.001470871,-0.129465386,-0.363491952,0.180193722,-0.144004539,-0.663288772,0.450131029
22.41666667,0.006660288,0.567294657,-0.444780409,0.187122434,0.449533731,-0.223031253,0.217018083,0.209431142,-0.197454035,0.196543545,-0.033340141,-0.296505302,0.117725179,0.000480879,0.002480243,0.122956984,-0.376755744,0.10879536,0.184773535,-0.641133547,0.355442494,-0.172305137,0.4503555,-0.244105339,-0.220627427,0.195063964,-0.188517541,-0.208625987,-0.048694681,-0.272954702,-0.118157506,0.000242876,-0.001444171,-0.12946564,-0.363502651,0.180158243,-0.143979102,-0.663326204,0.449944556
22.43333333,0.006929722,0.56697005,-0.444776118,0.187131792,0.449564308,-0.222963482,0.217098191,0.209659457,-0.197203323,0.196652725,-0.033191793,-0.296243191,0.117732599,0.000442184,0.002507605,0.122956112,-0.376743078,0.104747869,0.1847509,-0.641130328,0.351350069,-0.172209963,0.450514078,-0.244150683,-0.220605463,0.195339158,-0.188655347,-0.208610058,-0.048655998,-0.273021787,-0.118164547,0.000282598,-0.001468581,-0.129471824,-0.363483459,0.179872677,-0.143955261,-0.66330266,0.450161129
22.45,0.006872187,0.567572176,-0.444445968,0.187021613,0.449679822,-0.222912818,0.21709767,0.209864631,-0.197204873,0.196667045,-0.033012841,-0.296344668,0.117730208,0.000435532,0.002480346,0.122987159,-0.37662372,0.104622662,0.184991986,-0.641026676,0.351377875,-0.1722752,0.450567275,-0.244022816,-0.220930889,0.195373565,-0.188674808,-0.208626002,-0.048629377,-0.273060262,-0.118162006,0.000289392,-0.00144076,-0.129500583,-0.363384813,0.180094272,-0.144111603,-0.663198113,0.450656384
22.46666667,0.006936511,0.567882061,-0.444170892,0.187087864,0.449724108,-0.22292833,0.217563435,0.21010749,-0.19752261,0.197076902,-0.032644138,-0.297086775,0.11773131,0.000415971,0.002444677,0.123016044,-0.376598597,0.10416422,0.185422152,-0.640809655,0.35144943,-0.172162324,0.450810581,-0.243905902,-0.22095561,0.195818216,-0.188734248,-0.20861268,-0.048135687,-0.273308396,-0.118162937,0.000308498,-0.001404892,-0.129560545,-0.36333406,0.180032596,-0.144113451,-0.663089037,0.450665116
22.48333333,0.006520155,0.568586767,-0.444101274,0.187023848,0.449658483,-0.223208636,0.218512669,0.210123911,-0.198988289,0.197404414,-0.032496415,-0.299796253,0.117721587,0.000397417,0.002246662,0.123009525,-0.376546502,0.104152337,0.185926184,-0.640742302,0.351792932,-0.172247291,0.450917721,-0.243843421,-0.221744642,0.196001843,-0.189174175,-0.208564848,-0.047789797,-0.275082856,-0.118153326,0.000326262,-0.001209882,-0.129563421,-0.363335878,0.181304112,-0.144086927,-0.663077235,0.453073174
22.5,0.006520306,0.56909585,-0.443742275,0.187001884,0.449691564,-0.223238632,0.219431743,0.210402697,-0.199551359,0.19781521,-0.032120559,-0.300659299,0.117701769,0.000391314,0.002088967,0.123021051,-0.376311392,0.104255453,0.186437756,-0.64063251,0.352294385,-0.172265142,0.451024801,-0.243455797,-0.221900538,0.196179196,-0.189185977,-0.208471254,-0.047606733,-0.275301158,-0.118132502,0.000332073,-0.001053332,-0.129472494,-0.363242596,0.181908965,-0.144043922,-0.663064539,0.453212649
22.51666667,0.00648469,0.569369495,-0.443696797,0.186946377,0.449921817,-0.223184288,0.219450831,0.210742921,-0.199478745,0.197980434,-0.031770825,-0.300611466,0.117705941,0.000385206,0.002078608,0.122938529,-0.376301438,0.104277596,0.186401486,-0.640633166,0.352346092,-0.172376752,0.451115072,-0.243418381,-0.221870899,0.196216106,-0.189201012,-0.208585083,-0.047366507,-0.275329202,-0.118136801,0.000338239,-0.001042866,-0.129678547,-0.363235444,0.181904525,-0.144626677,-0.663067222,0.453205526
22.53333333,0.006586786,0.569538295,-0.44326508,0.187080711,0.449910879,-0.223053664,0.220051825,0.210761234,-0.1993891,0.198669493,-0.031607028,-0.300524324,0.11769899,0.00037046,0.00207037,0.123056091,-0.376319885,0.103619598,0.186765015,-0.640631855,0.352362752,-0.17194888,0.451134264,-0.243157104,-0.221873999,0.196255997,-0.189157933,-0.208595529,-0.047133282,-0.275147438,-0.118129373,0.000352386,-0.001034535,-0.129670411,-0.363242179,0.181494698,-0.14456448,-0.663066626,0.453117728
22.55,0.006789445,0.569837868,-0.443012863,0.187137574,0.449918181,-0.222832501,0.220190942,0.21078901,-0.19911623,0.198963687,-0.031531729,-0.300382316,0.117696367,0.000333239,0.002065093,0.123163775,-0.376311511,0.103552118,0.186936527,-0.640631139,0.352238208,-0.171828747,0.45143652,-0.24305132,-0.221868724,0.196743861,-0.189169139,-0.208622739,-0.046394419,-0.275203198,-0.118126288,0.000389103,-0.001028734,-0.129373074,-0.363280147,0.181527361,-0.144121423,-0.663161457,0.453547686
22.56666667,0.00676025,0.570441246,-0.442757279,0.187153533,0.449964851,-0.222842529,0.220593452,0.210994422,-0.199208409,0.199619234,-0.031168735,-0.300455838,0.117685027,0.000312164,0.002002533,0.123181395,-0.376364022,0.103654943,0.187196597,-0.640927851,0.352273285,-0.171536162,0.451637477,-0.242591187,-0.221840769,0.197041154,-0.188856423,-0.208748162,-0.045930669,-0.274986982,-0.118114337,0.000410192,-0.000966484,-0.129326627,-0.363607615,0.181515232,-0.143798545,-0.664202452,0.453167021
22.58333333,0.006791537,0.570958674,-0.441698462,0.187214032,0.450153083,-0.222553566,0.220903412,0.211276516,-0.198993728,0.199951097,-0.030705731,-0.300332218,0.117681608,0.000279247,0.001929201,0.123196594,-0.376267374,0.102939948,0.187541455,-0.640834033,0.351562709,-0.17141889,0.451983243,-0.241349682,-0.221845433,0.197706014,-0.187676713,-0.208865792,-0.045004986,-0.274237007,-0.118110508,0.00044212,-0.000892854,-0.129221559,-0.363603324,0.181686133,-0.143382892,-0.664202571,0.453922272
22.6,0.007344367,0.571109176,-0.44150874,0.187310725,0.450352222,-0.222468808,0.221058041,0.211669043,-0.19897297,0.20010446,-0.030384243,-0.300359339,0.117673382,0.000269738,0.001913047,0.123204038,-0.376123726,0.103247799,0.187660947,-0.640766501,0.351815999,-0.171309695,0.452175885,-0.241251796,-0.221852735,0.19818823,-0.187656879,-0.209086448,-0.044564284,-0.274242133,-0.118101753,0.000451556,-0.000876576,-0.129032433,-0.363567054,0.18198517,-0.14332439,-0.664238036,0.454150856
22.61666667,0.007349893,0.571176171,-0.441711932,0.187339813,0.449906856,-0.222467735,0.221070364,0.21146901,-0.198633626,0.200220779,-0.030510109,-0.299413979,0.117671981,0.00026135,0.001928761,0.123195514,-0.376044095,0.104296684,0.187450677,-0.640471697,0.355647624,-0.171254709,0.451818645,-0.241654128,-0.221754313,0.197814345,-0.188249841,-0.208689213,-0.044743996,-0.274435371,-0.118100435,0.000459891,-0.000892671,-0.12905331,-0.363426775,0.181871995,-0.14340809,-0.663798451,0.453937203
22.63333333,0.007404788,0.571813107,-0.441530079,0.187366903,0.449916065,-0.222135931,0.221033007,0.211566269,-0.197813541,0.200292543,-0.030234909,-0.298701763,0.117669724,0.0002585,0.001992495,0.123246677,-0.375965208,0.105886683,0.187643141,-0.64035964,0.357441157,-0.171242222,0.451761246,-0.241666764,-0.221769273,0.197808176,-0.188347295,-0.208684564,-0.044733532,-0.274438292,-0.118098319,0.000462543,-0.000956643,-0.129047826,-0.363312215,0.181938916,-0.143609464,-0.663683176,0.453986228
22.65,0.007997308,0.572633743,-0.441019326,0.187445775,0.449987948,-0.221867338,0.221025869,0.211827636,-0.197586656,0.200309664,-0.02989294,-0.298427701,0.117670596,0.000251624,0.002017914,0.12329454,-0.375945777,0.105314054,0.187715635,-0.640278816,0.357404292,-0.171072453,0.451738596,-0.241602689,-0.221608326,0.197817728,-0.188457444,-0.208668217,-0.044778734,-0.274447978,-0.118098646,0.000469282,-0.000980987,-0.129046947,-0.3633084,0.18114993,-0.143521309,-0.663659692,0.453338534
22.66666667,0.008099308,0.572358847,-0.441359788,0.187511846,0.449955553,-0.221979916,0.220992208,0.211822823,-0.197627738,0.200208679,-0.029883154,-0.298462689,0.117669545,0.000243565,0.002021319,0.123304442,-0.375972241,0.105261602,0.187707573,-0.640279114,0.357728451,-0.170926705,0.451381296,-0.242081285,-0.221680045,0.197674781,-0.189338923,-0.208667681,-0.044825863,-0.274892271,-0.118097283,0.000476966,-0.00098451,-0.129049852,-0.363366872,0.1804391,-0.143587619,-0.663663268,0.452515036
22.68333333,0.008363022,0.572387576,-0.441476285,0.187503457,0.449928612,-0.221953496,0.220834538,0.211841643,-0.197526053,0.20018968,-0.029814869,-0.298427969,0.117662698,0.000249388,0.002053564,0.123295337,-0.375957996,0.106656469,0.187703446,-0.640305638,0.359881669,-0.170910612,0.451036096,-0.242624387,-0.221682653,0.197319418,-0.190949544,-0.208549932,-0.045250773,-0.276147038,-0.118090175,0.000470911,-0.001017997,-0.128956124,-0.363394976,0.180449873,-0.143573895,-0.663734198,0.452466726
22.7,0.008435166,0.571618795,-0.442309946,0.187464446,0.449592441,-0.222083986,0.220868558,0.211818829,-0.19758451,0.200198025,-0.029807787,-0.298652887,0.117643774,0.000271881,0.002055456,0.123379678,-0.375621319,0.110721692,0.187782422,-0.63973254,0.365938783,-0.170949832,0.44983393,-0.24388206,-0.221639216,0.196397722,-0.193237111,-0.207866848,-0.046135847,-0.278203756,-0.118071094,0.000446721,-0.001020716,-0.128554478,-0.363193661,0.182108849,-0.143643245,-0.663485527,0.454370469
22.71666667,0.00844772,0.571437776,-0.442442864,0.187450245,0.449204326,-0.222295776,0.220866576,0.211610675,-0.197833791,0.200157017,-0.029835293,-0.29881081,0.117629737,0.00027736,0.00199377,0.123716004,-0.375490695,0.11069908,0.188110471,-0.639724851,0.365915805,-0.17094101,0.449504286,-0.244003668,-0.221625611,0.19607155,-0.193389878,-0.207693189,-0.046657797,-0.278230399,-0.118056588,0.000440554,-0.000961147,-0.128353074,-0.363099188,0.18235229,-0.143672273,-0.663414836,0.454377919
22.73333333,0.008554682,0.571448386,-0.442420959,0.187443346,0.448998481,-0.222207889,0.220677406,0.211452559,-0.19750151,0.20011045,-0.030061146,-0.298125297,0.117616832,0.000286973,0.002001108,0.123859838,-0.37520203,0.112342201,0.188278794,-0.639609754,0.366467744,-0.170937732,0.449376017,-0.244000867,-0.221527562,0.196045041,-0.193314627,-0.207678974,-0.046791125,-0.277871042,-0.118043505,0.000430257,-0.000968903,-0.128041759,-0.362981349,0.183802128,-0.143672526,-0.663368046,0.456033945
22.75,0.008580701,0.570888579,-0.443002611,0.187444121,0.448494941,-0.222237945,0.220457241,0.210902661,-0.197348684,0.199994117,-0.030416509,-0.29768151,0.117615879,0.000286316,0.002089459,0.123939633,-0.375314891,0.112235881,0.188207597,-0.639733255,0.366320431,-0.17091988,0.448881716,-0.244552776,-0.221465945,0.195542961,-0.193484113,-0.20762457,-0.047345046,-0.277826786,-0.118042074,0.00043099,-0.00105624,-0.128031209,-0.362977773,0.182996944,-0.143874079,-0.66332233,0.455318123
22.76666667,0.008835169,0.570960641,-0.442965806,0.187419772,0.448469013,-0.222132578,0.22042419,0.210916892,-0.197281837,0.199877009,-0.030419566,-0.297675908,0.117612407,0.000289436,0.002215591,0.123972349,-0.375229239,0.111782759,0.188211948,-0.63947624,0.366229683,-0.170934737,0.448751509,-0.244730815,-0.221489459,0.195480898,-0.194055572,-0.207678646,-0.047442243,-0.278209001,-0.11803823,0.000427322,-0.001179853,-0.127979413,-0.362894684,0.182696864,-0.143895864,-0.663099647,0.455298454
22.78333333,0.009000887,0.571078122,-0.442777365,0.187367231,0.448693335,-0.221740261,0.220288843,0.211121276,-0.196840584,0.199864998,-0.030091889,-0.297592551,0.117616758,0.000284103,0.00225155,0.123984672,-0.374955207,0.109438106,0.188145369,-0.638944924,0.36518994,-0.171024397,0.449029773,-0.244720861,-0.221528172,0.195667133,-0.194082782,-0.207842678,-0.047342539,-0.278366238,-0.118041925,0.000432714,-0.001213711,-0.127967149,-0.362800717,0.182594538,-0.14389649,-0.66277808,0.455900609
22.8,0.009018494,0.57105118,-0.442765921,0.187359527,0.44875285,-0.221626103,0.220243171,0.21128042,-0.196650028,0.199764594,-0.029824901,-0.297428608,0.117613114,0.000282486,0.002276309,0.123990133,-0.374680012,0.109461546,0.188137159,-0.638608336,0.365085661,-0.171022981,0.449046612,-0.244725004,-0.221374601,0.195686683,-0.194140539,-0.207766861,-0.04734404,-0.278547317,-0.118038245,0.000434331,-0.001238451,-0.127978712,-0.362707496,0.182815641,-0.143952623,-0.662665129,0.456529021
22.81666667,0.008974995,0.571072817,-0.442762882,0.187367693,0.448716104,-0.221668333,0.220059335,0.211194828,-0.19667244,0.199501932,-0.02982448,-0.297420532,0.117607661,0.000273745,0.002253783,0.124030806,-0.374649256,0.109207019,0.188176811,-0.63859725,0.364999533,-0.170993716,0.449026793,-0.244731337,-0.22137168,0.195653871,-0.194190368,-0.207724392,-0.04729386,-0.278627545,-0.118032761,0.000442926,-0.001217507,-0.127971113,-0.362695098,0.182790935,-0.143919855,-0.662588179,0.456505924
22.83333333,0.009526571,0.571543217,-0.442371666,0.187453851,0.448877722,-0.22156392,0.220154896,0.211326241,-0.196567193,0.199741259,-0.02978331,-0.297333777,0.117587976,0.000264504,0.002220162,0.124074787,-0.374582559,0.108851641,0.188723266,-0.638588548,0.364272118,-0.17079705,0.449283242,-0.244522288,-0.221252635,0.195921883,-0.1940853,-0.20762673,-0.04682849,-0.278576642,-0.118012674,0.000451151,-0.00118579,-0.127768174,-0.362695515,0.183282256,-0.143406346,-0.662596166,0.457701027
22.85,0.009539389,0.570776045,-0.443072408,0.187498376,0.448693395,-0.22172527,0.220162854,0.21100615,-0.196565345,0.199711412,-0.029879414,-0.297300309,0.117589228,0.000255323,0.002228128,0.124080397,-0.374634624,0.10788852,0.18856883,-0.638694167,0.363038599,-0.17077361,0.44909972,-0.244903892,-0.221237525,0.195531815,-0.194221064,-0.207497954,-0.046975635,-0.278624028,-0.118013725,0.000460547,-0.001193248,-0.12776494,-0.362691969,0.182556584,-0.143544406,-0.662581503,0.456804484
22.86666667,0.009615527,0.570021331,-0.443741888,0.18762818,0.448627204,-0.222234115,0.220157385,0.210910916,-0.197064385,0.199594751,-0.029939516,-0.297564358,0.11758665,0.000235921,0.002200395,0.124091201,-0.374699056,0.107371263,0.188518003,-0.638745964,0.362333953,-0.17062068,0.449067146,-0.245217413,-0.221230134,0.195523366,-0.194526613,-0.207495287,-0.046983231,-0.278903902,-0.118010931,0.000480023,-0.001165257,-0.127707615,-0.362688512,0.182533205,-0.143541813,-0.662568808,0.456771135
22.88333333,0.009465079,0.569926262,-0.443544954,0.18771857,0.448968887,-0.222230241,0.220152646,0.210999325,-0.197043955,0.199519053,-0.029804865,-0.297553331,0.117577881,0.000198187,0.002114358,0.124199659,-0.374704242,0.107274875,0.188756526,-0.638975978,0.360394955,-0.170575812,0.449580997,-0.244319513,-0.2215949,0.196125656,-0.192181006,-0.208396047,-0.046409905,-0.277081013,-0.118002057,0.00051752,-0.001078077,-0.127647102,-0.362648666,0.183198497,-0.143579036,-0.662570655,0.457110316
22.9,0.009887675,0.569988966,-0.442666471,0.18800275,0.449520618,-0.221310556,0.220233858,0.211306348,-0.196231574,0.199754938,-0.029575707,-0.29725939,0.117573991,0.00017662,0.002087547,0.124390341,-0.374648541,0.107255414,0.190026507,-0.638969541,0.357628524,-0.170332,0.451018512,-0.24266918,-0.22122018,0.197418496,-0.189367145,-0.208598077,-0.045780256,-0.275254935,-0.117997736,0.000539894,-0.001049856,-0.126969218,-0.362653285,0.18481791,-0.142982915,-0.663022935,0.459617853
22.91666667,0.00987164,0.570319355,-0.442488313,0.188054472,0.449606478,-0.22127302,0.220365047,0.211442128,-0.196130082,0.200065449,-0.02946247,-0.297126532,0.117567003,0.000170722,0.002064987,0.124397539,-0.374657482,0.10823071,0.190145463,-0.639258623,0.357650608,-0.170324549,0.451138347,-0.2424611,-0.221257165,0.197649732,-0.188964456,-0.208808839,-0.045514185,-0.274767876,-0.117991097,0.000545723,-0.001027977,-0.12694253,-0.362668991,0.185340881,-0.142991066,-0.663321257,0.459590971
22.93333333,0.009880443,0.570917964,-0.441302359,0.188206524,0.450076014,-0.220727995,0.220409498,0.211893618,-0.195294276,0.200324684,-0.028988484,-0.296221673,0.117557019,0.00016484,0.001994652,0.124434255,-0.374453723,0.108687058,0.190761581,-0.639321029,0.357135445,-0.170283526,0.451569408,-0.240973175,-0.221209824,0.198229015,-0.186538458,-0.208813131,-0.045348961,-0.272559762,-0.117982358,0.00055177,-0.000959826,-0.126840398,-0.362642437,0.187400952,-0.142910063,-0.66362381,0.460732013
22.95,0.009772991,0.571551323,-0.440231532,0.188224122,0.450358331,-0.220429927,0.220408425,0.212144181,-0.195132896,0.200372845,-0.028784201,-0.296060026,0.117543221,0.000148091,0.00189724,0.12443658,-0.37431708,0.109272301,0.191266298,-0.639341772,0.35631761,-0.170239687,0.452310622,-0.239096567,-0.221045747,0.199033082,-0.183521986,-0.208894014,-0.04508565,-0.270084828,-0.117969036,0.000568913,-0.000863836,-0.12682642,-0.362639308,0.190603137,-0.142922372,-0.664095044,0.464401841
22.96666667,0.009735076,0.571555078,-0.440243036,0.188287452,0.450357378,-0.220403984,0.220407516,0.212093234,-0.195108578,0.200408682,-0.0288059,-0.29606387,0.117534906,0.000138506,0.001887997,0.124447137,-0.374305934,0.110777408,0.191494197,-0.639359593,0.356607378,-0.170131087,0.45229584,-0.239088848,-0.220948875,0.198970839,-0.183564618,-0.208918616,-0.045114279,-0.270063341,-0.117960818,0.000578397,-0.000855053,-0.126696691,-0.362760752,0.191883609,-0.142914534,-0.664623678,0.466576517
22.98333333,0.009752476,0.571301818,-0.440499365,0.188349947,0.450281262,-0.22044526,0.220412359,0.21192576,-0.195103437,0.200428933,-0.029039608,-0.2960639,0.117532909,0.000131105,0.001879917,0.124497972,-0.374296337,0.110560022,0.191493139,-0.639194131,0.356773317,-0.170062885,0.452106595,-0.239311337,-0.221010774,0.198724315,-0.183806702,-0.208895653,-0.04524738,-0.27012378,-0.117958628,0.000585381,-0.000846997,-0.126670107,-0.362758309,0.191470876,-0.14291206,-0.664489508,0.466499448
23,0.009871097,0.571297109,-0.440501243,0.188394099,0.450323969,-0.220478818,0.220553771,0.211979479,-0.195259005,0.200502157,-0.029034711,-0.296463311,0.117521949,0.000118248,0.001753096,0.124506995,-0.374256968,0.110205166,0.191674739,-0.639196157,0.356628358,-0.169934139,0.452110589,-0.239336327,-0.220960453,0.198720217,-0.183889881,-0.208817929,-0.045201171,-0.270332038,-0.117947087,0.000597548,-0.000720582,-0.126577705,-0.36283499,0.19154869,-0.142686769,-0.664731801,0.466542095
23.01666667,0.009963519,0.571207225,-0.440531284,0.188421041,0.450324714,-0.220500797,0.220560417,0.211973056,-0.195278212,0.200555593,-0.029052543,-0.296492368,0.117514156,9.64E-05,0.001724317,0.1245718,-0.374251693,0.109457716,0.191715196,-0.639202952,0.356296331,-0.169817165,0.452130795,-0.239387661,-0.220941007,0.198724195,-0.184074759,-0.208826289,-0.045186397,-0.270438671,-0.11793866,0.000618669,-0.000690972,-0.126517281,-0.362845272,0.191493735,-0.142616779,-0.664721549,0.466511369
23.03333333,0.010317118,0.571156383,-0.440562844,0.188454121,0.450299352,-0.220542207,0.220587105,0.211958319,-0.195423916,0.200568229,-0.029113032,-0.296786278,0.117512897,8.08E-05,0.001679409,0.124661401,-0.374150872,0.106388107,0.19180347,-0.638874888,0.354898036,-0.169786364,0.452130854,-0.239595577,-0.22093448,0.198752522,-0.184721321,-0.208827928,-0.045113675,-0.270998061,-0.117936626,0.000633717,-0.000642418,-0.126407012,-0.362839907,0.191280901,-0.142278627,-0.664639354,0.466488332
23.05,0.010718383,0.570659876,-0.440797567,0.188495591,0.44995755,-0.220551237,0.220575646,0.211718515,-0.195386544,0.200523376,-0.029210813,-0.296595573,0.11751122,7.68E-05,0.001685746,0.124712773,-0.374280751,0.105042741,0.19150117,-0.63887769,0.35494414,-0.169641525,0.451754451,-0.240227237,-0.220927775,0.198225722,-0.186130688,-0.20865421,-0.045735113,-0.271404326,-0.117934249,0.000637728,-0.000647373,-0.126397431,-0.362824082,0.187988162,-0.142271355,-0.664408863,0.462679982
23.06666667,0.010714026,0.570591986,-0.44082582,0.188521907,0.449682593,-0.220633999,0.220535398,0.211401254,-0.19542031,0.200463429,-0.029344743,-0.296574116,0.117510818,6.79E-05,0.00160373,0.124883823,-0.374313593,0.104430124,0.191495463,-0.638905764,0.354736596,-0.169461742,0.451618552,-0.240241915,-0.220701844,0.197912723,-0.186093926,-0.208336502,-0.046038851,-0.271069765,-0.117933303,0.000646812,-0.000563251,-0.126386285,-0.362829983,0.187552035,-0.142241985,-0.66439718,0.461788952
23.08333333,0.010795794,0.570583582,-0.440848798,0.188606024,0.449633151,-0.220858186,0.220559821,0.211257845,-0.195836455,0.200519562,-0.029537747,-0.2971178,0.117500842,4.62E-05,0.001442366,0.124899961,-0.374309927,0.104449429,0.191544592,-0.638905942,0.354811281,-0.169344649,0.451625675,-0.240261689,-0.220696345,0.197930172,-0.186135724,-0.208312169,-0.046037495,-0.271103084,-0.11792253,0.000667657,-0.000401754,-0.126372352,-0.362820059,0.187763184,-0.142079502,-0.664323807,0.46190238
23.1,0.010802265,0.570725679,-0.44085139,0.188631505,0.449626774,-0.220898241,0.220603213,0.211266503,-0.195878223,0.200909138,-0.029513886,-0.29722479,0.117490329,4.00E-05,0.001388502,0.124939919,-0.374238729,0.106386699,0.191748679,-0.638914704,0.355766267,-0.169319585,0.451583296,-0.240280554,-0.220765546,0.197933525,-0.186179638,-0.20830448,-0.046012882,-0.271138072,-0.11791236,0.000673607,-0.000348984,-0.126323864,-0.362792879,0.189453304,-0.141945973,-0.664321542,0.463373482
23.11666667,0.010809572,0.570652485,-0.441170454,0.188672781,0.449484795,-0.221406847,0.220821902,0.21126765,-0.196440876,0.201110736,-0.029523406,-0.297886074,0.117461778,3.38E-05,0.001312201,0.124926694,-0.374099433,0.112853564,0.191809431,-0.638929665,0.360649675,-0.169311136,0.451315761,-0.240803063,-0.2207883,0.197923481,-0.187042132,-0.208230376,-0.046114016,-0.272070825,-0.117884584,0.000679385,-0.00027577,-0.126276761,-0.362554133,0.19496727,-0.141858786,-0.664013982,0.469072789
23.13333333,0.010994113,0.570709944,-0.441185832,0.188752308,0.449365526,-0.221442327,0.220886216,0.211258247,-0.196504697,0.201266468,-0.029553063,-0.298086166,0.117435515,2.73E-05,0.001281623,0.124971315,-0.374001384,0.114598088,0.192149371,-0.638951659,0.361672729,-0.169280127,0.451082677,-0.241019875,-0.220815614,0.197925776,-0.18774347,-0.208214864,-0.046132501,-0.272755504,-0.117858864,0.000685505,-0.000246929,-0.126101598,-0.362490624,0.197348088,-0.141753092,-0.663989723,0.472338051
23.15,0.011049463,0.57092303,-0.440727621,0.18878895,0.449370265,-0.221092343,0.220899031,0.211289883,-0.195906907,0.201289192,-0.029542817,-0.297459245,0.117422782,1.46E-06,0.001250431,0.125005379,-0.373992503,0.112271503,0.19220303,-0.639174759,0.358442366,-0.169241995,0.451075882,-0.240834326,-0.220824599,0.197983399,-0.187645137,-0.208188772,-0.046127979,-0.272597551,-0.117846496,0.000710662,-0.000216832,-0.126000255,-0.362484843,0.197142273,-0.141689807,-0.663995385,0.472288609
23.16666667,0.011083492,0.570929527,-0.44088456,0.1887988,0.449359715,-0.221124217,0.220941514,0.211321011,-0.195945099,0.201443687,-0.029451093,-0.297635853,0.11739368,-5.63E-06,0.001220501,0.125249654,-0.373935491,0.11225909,0.193242863,-0.639218748,0.358421773,-0.169228777,0.451011926,-0.241153792,-0.22094211,0.197914064,-0.188651979,-0.208119214,-0.046266317,-0.27373144,-0.11781799,0.000717368,-0.000188177,-0.125866622,-0.362445205,0.198161438,-0.141622528,-0.663912356,0.474648535
23.18333333,0.011477742,0.570930243,-0.440853328,0.188816205,0.449595898,-0.220969215,0.220923483,0.211559638,-0.195725083,0.201493293,-0.029335583,-0.297525704,0.117375247,-1.26E-05,0.001203755,0.125332594,-0.37389189,0.11177773,0.193558574,-0.639588594,0.355710626,-0.169190407,0.451166898,-0.241169468,-0.220945925,0.19806017,-0.188742206,-0.208108753,-0.046315636,-0.273850709,-0.117799781,0.000724082,-0.000171536,-0.125695437,-0.36251539,0.198061481,-0.141474754,-0.66434586,0.474341869
23.2,0.011515028,0.570928335,-0.440959603,0.188831955,0.449590921,-0.221007586,0.221261233,0.211638972,-0.195894718,0.201789454,-0.029184129,-0.297948897,0.117350549,-1.51E-05,0.001185015,0.125337347,-0.373787612,0.112706989,0.193844616,-0.639597118,0.357024401,-0.169170529,0.450982243,-0.24151209,-0.220920399,0.197803497,-0.190116987,-0.207601324,-0.046662208,-0.275756717,-0.117775708,0.000725869,-0.000154359,-0.125626907,-0.362515479,0.198558867,-0.141416028,-0.664371967,0.47482115
23.21666667,0.01168465,0.570926845,-0.440884858,0.188987896,0.449715286,-0.220974907,0.221441552,0.211732671,-0.195870981,0.201913059,-0.029122328,-0.297887266,0.117340267,-2.72E-05,0.001172138,0.125342235,-0.37385568,0.110044114,0.193873137,-0.640030265,0.35471192,-0.168950275,0.451039732,-0.241482005,-0.220888197,0.197821572,-0.190022707,-0.207559913,-0.04667962,-0.275533974,-0.117765345,0.000737885,-0.000141601,-0.125547916,-0.362564564,0.19685857,-0.141308248,-0.664563239,0.472768664
23.23333333,0.011848992,0.570793748,-0.440859199,0.189266458,0.449801743,-0.220919281,0.221617475,0.211815998,-0.195496261,0.202619389,-0.029022621,-0.297151983,0.117332287,-5.11E-05,0.001115858,0.125372604,-0.37387237,0.109366775,0.193953648,-0.640727937,0.351482987,-0.168710873,0.451255262,-0.241431311,-0.220684573,0.198079735,-0.189506546,-0.207305372,-0.04663568,-0.274661928,-0.117757455,0.0007625,-8.34E-05,-0.125434339,-0.362580031,0.196804106,-0.141113579,-0.664743483,0.472297341
23.25,0.011859439,0.570654809,-0.440808266,0.189356774,0.449860185,-0.220743999,0.221769914,0.211852357,-0.195228636,0.203010738,-0.028966524,-0.296750665,0.11732848,-7.90E-05,0.00102435,0.125329882,-0.373904675,0.106381699,0.193944246,-0.640830398,0.347053677,-0.16854991,0.451396227,-0.241199851,-0.220627517,0.198145956,-0.18897137,-0.207008362,-0.046651274,-0.274132192,-0.117753714,0.000791571,1.32E-05,-0.125408024,-0.362640351,0.196827203,-0.140853792,-0.66478163,0.472888827
23.26666667,0.011875376,0.570661366,-0.440671772,0.189432204,0.449955612,-0.220738113,0.221815869,0.211970478,-0.195635185,0.202999413,-0.028793324,-0.297424406,0.117317498,-8.69E-05,0.000981569,0.125321433,-0.373900235,0.105627052,0.194047615,-0.640722573,0.347218364,-0.16839534,0.451401621,-0.241145194,-0.220545679,0.198145926,-0.189117581,-0.206874326,-0.046921641,-0.274418026,-0.117742501,0.000799299,5.71E-05,-0.12526378,-0.362660795,0.196787134,-0.140808791,-0.664803207,0.473156631
23.28333333,0.011945299,0.57064575,-0.440613896,0.189523429,0.450402617,-0.220741361,0.222028047,0.212564036,-0.195723578,0.203076899,-0.028428024,-0.29755497,0.117292449,-0.000113519,0.000940727,0.125258699,-0.373832762,0.105830573,0.193901911,-0.640847504,0.347205192,-0.168343008,0.451892585,-0.241086006,-0.220530912,0.198846623,-0.189107284,-0.206892699,-0.046505563,-0.274519891,-0.117717713,0.000825572,9.74E-05,-0.125076577,-0.362644315,0.197612777,-0.140771359,-0.664850652,0.47399205
23.3,0.011952933,0.570831895,-0.44028765,0.189737901,0.450462312,-0.220752582,0.222127736,0.212596059,-0.195829272,0.203104898,-0.028365474,-0.297575772,0.117281854,-0.000145259,0.000839023,0.125247508,-0.373777658,0.104987994,0.193909258,-0.640848815,0.347283751,-0.16803728,0.452107906,-0.240832835,-0.220546797,0.199111924,-0.189071879,-0.206859723,-0.04637396,-0.274521053,-0.117707714,0.000856774,0.000195899,-0.125053421,-0.362656683,0.197072148,-0.140565962,-0.664876163,0.472984135
23.31666667,0.011961667,0.570831418,-0.440282673,0.189795285,0.450463384,-0.220758691,0.222180381,0.212593436,-0.19583796,0.20311828,-0.028350413,-0.29757458,0.117272526,-0.000159312,0.000778341,0.125309959,-0.373712778,0.104889326,0.194053337,-0.640856624,0.347369462,-0.167974159,0.452106804,-0.240820616,-0.220460296,0.19908312,-0.189079657,-0.206630364,-0.046384398,-0.274576396,-0.1176989,0.000870655,0.000254496,-0.124922067,-0.362660408,0.197044328,-0.140317082,-0.66490525,0.472955436
23.33333333,0.012056902,0.571050107,-0.439901441,0.189899251,0.450555652,-0.220647797,0.222286612,0.212710381,-0.195839241,0.203143582,-0.028234394,-0.297581404,0.11726474,-0.000168171,0.000764614,0.125399768,-0.373714924,0.104271948,0.194315106,-0.640917122,0.346877605,-0.167865589,0.452110082,-0.240587145,-0.220454887,0.199100196,-0.188887119,-0.206613854,-0.046458669,-0.274274826,-0.117691182,0.00087921,0.000267834,-0.124748372,-0.362677187,0.196188599,-0.140124589,-0.664949179,0.472288579
23.35,0.01207078,0.571054399,-0.439938337,0.189926341,0.450155705,-0.220702142,0.222187445,0.212235257,-0.196098104,0.202998146,-0.028690759,-0.297747195,0.117250621,-0.000176151,0.000747559,0.125595421,-0.373713821,0.104402311,0.194716841,-0.640959203,0.347043753,-0.167799339,0.451936454,-0.240639284,-0.220447987,0.198982686,-0.189090416,-0.206598595,-0.046598408,-0.274374157,-0.117676415,0.000886909,0.000284811,-0.124436386,-0.362699509,0.196180522,-0.139754161,-0.664982378,0.47231704
23.36666667,0.012173168,0.570643544,-0.439994961,0.189987332,0.450151503,-0.220510557,0.222128808,0.212221056,-0.19561784,0.203014195,-0.028821608,-0.296889454,0.117242299,-0.000175352,0.000804545,0.126189142,-0.373619258,0.105255105,0.195596129,-0.640936196,0.347231746,-0.167725503,0.451846212,-0.240725815,-0.219996497,0.198812738,-0.189117342,-0.206109703,-0.047224253,-0.274281204,-0.117668308,0.000886014,0.000228651,-0.124236472,-0.362645477,0.196162418,-0.139562353,-0.664983451,0.472218305
23.38333333,0.012187679,0.570679188,-0.440000504,0.190012291,0.450014919,-0.220440134,0.222059473,0.212186202,-0.195570245,0.202996373,-0.028821683,-0.296801805,0.117234565,-0.000174567,0.000822193,0.126202464,-0.373598069,0.108587079,0.195664883,-0.640918314,0.350564092,-0.167631388,0.451518714,-0.240728721,-0.219254896,0.198399827,-0.189129412,-0.206065431,-0.047675006,-0.274282068,-0.117660604,0.000885132,0.000210724,-0.124162883,-0.362654924,0.196561798,-0.139531672,-0.665155649,0.472430021
23.4,0.012173917,0.571034133,-0.439808577,0.190108269,0.450065583,-0.220446959,0.222061768,0.212217703,-0.195730388,0.202995703,-0.02872869,-0.296975106,0.117229529,-0.000177387,0.000765473,0.126222312,-0.373417407,0.108639345,0.195688039,-0.640645146,0.351284921,-0.167524695,0.451513767,-0.240402788,-0.218949795,0.198377892,-0.188626885,-0.205869943,-0.047706895,-0.273879647,-0.117655717,0.000887852,0.000266481,-0.124134429,-0.362644106,0.19654116,-0.139451489,-0.66516161,0.472246557
23.41666667,0.012156622,0.572645783,-0.437484264,0.19019264,0.450265527,-0.219944298,0.222317562,0.212713584,-0.195722669,0.203052416,-0.028158391,-0.297022313,0.117187448,-0.000182213,0.000717599,0.126214489,-0.373288542,0.111269206,0.195941582,-0.640574038,0.355187625,-0.167112544,0.451595992,-0.238719553,-0.218886778,0.198825344,-0.187787071,-0.205840006,-0.046833374,-0.273458242,-0.117613122,0.000892235,0.000311428,-0.124008685,-0.362655997,0.197292686,-0.139423504,-0.665383041,0.472570121
23.43333333,0.012173067,0.572644353,-0.437562555,0.190266907,0.450310528,-0.219937369,0.222358152,0.212825492,-0.195718825,0.203074157,-0.028055033,-0.297025055,0.117175691,-0.000197402,0.000681947,0.126082614,-0.373232722,0.111216374,0.195937663,-0.640463769,0.355138868,-0.166959271,0.451607436,-0.238839224,-0.218831897,0.198840573,-0.188237444,-0.205674604,-0.046843208,-0.274007767,-0.117601559,0.000907254,0.000346691,-0.123981267,-0.362657279,0.197517991,-0.139374882,-0.66537714,0.473283172
23.45,0.01228076,0.572732151,-0.437547415,0.190291375,0.450482547,-0.219805166,0.222400337,0.213260397,-0.195584565,0.203268513,-0.027426491,-0.297001034,0.11716757,-0.000202883,0.000654501,0.126040369,-0.373106629,0.111078948,0.195950463,-0.640155375,0.355111748,-0.166902006,0.451720148,-0.238838106,-0.218760431,0.198939338,-0.188253686,-0.205471426,-0.046820607,-0.274053484,-0.11759346,0.000912715,0.00037471,-0.123959012,-0.36260283,0.197629973,-0.139292225,-0.665308297,0.473697305
23.46666667,0.012382158,0.572403431,-0.438114911,0.190340325,0.450231671,-0.220032275,0.222693741,0.213100433,-0.195865959,0.203494787,-0.027658056,-0.297525495,0.117162518,-0.000207769,0.000637214,0.126189932,-0.373235255,0.110405035,0.196316049,-0.64018935,0.354896635,-0.166864753,0.451644212,-0.239258781,-0.218749732,0.198910415,-0.188422561,-0.205456406,-0.046864402,-0.274101466,-0.117588051,0.000917439,0.000392843,-0.123784222,-0.362719655,0.196683004,-0.138864428,-0.66540426,0.472453266
23.48333333,0.012403493,0.571737885,-0.439135939,0.190364093,0.450023532,-0.220603228,0.222687989,0.212909982,-0.196729109,0.203390822,-0.028119417,-0.298835874,0.117156915,-0.000213747,0.000625173,0.126192629,-0.373240322,0.111175254,0.19634591,-0.64007324,0.355752677,-0.166851729,0.451607198,-0.23994422,-0.218834996,0.198926568,-0.188815102,-0.205562532,-0.046961676,-0.274563462,-0.117582023,0.000923074,0.000404957,-0.123744711,-0.362733424,0.196908966,-0.13883692,-0.665406048,0.472759157
23.5,0.012415854,0.571838558,-0.43914634,0.190355033,0.450016469,-0.220606625,0.222671211,0.212911963,-0.196772173,0.203397036,-0.028148457,-0.298869818,0.117141955,-0.000215143,0.000592684,0.126266897,-0.372991204,0.111740373,0.196880683,-0.639868438,0.355631799,-0.166884914,0.451589167,-0.239951879,-0.2186777,0.198928088,-0.188772127,-0.205549806,-0.047029,-0.274511755,-0.117566809,0.000923958,0.000437139,-0.123565808,-0.362728238,0.200913846,-0.138734326,-0.665412426,0.479712695
23.51666667,0.012412214,0.571845353,-0.438889116,0.190371796,0.450061858,-0.220364258,0.222728372,0.212936848,-0.19661288,0.203413978,-0.028032443,-0.298815966,0.117140159,-0.000251253,0.000551179,0.126298308,-0.372980088,0.107047431,0.196889848,-0.639659941,0.351302862,-0.166865721,0.452013105,-0.239566877,-0.218643785,0.199191466,-0.188038021,-0.205539376,-0.046663024,-0.27407214,-0.117564425,0.000960549,0.000482794,-0.123453476,-0.362737417,0.199898392,-0.138404489,-0.665375113,0.47943902
23.53333333,0.012470814,0.571859181,-0.43889156,0.190371513,0.450102508,-0.22020264,0.222692922,0.213019237,-0.196244434,0.203419134,-0.027926581,-0.298383415,0.117133357,-0.00025597,0.000545357,0.126182973,-0.372934341,0.10717544,0.19679068,-0.639649391,0.351315796,-0.166859001,0.452012211,-0.239600241,-0.21854645,0.199188441,-0.188072637,-0.205528319,-0.046663888,-0.274081767,-0.117557555,0.00096519,0.000489086,-0.123433135,-0.362723291,0.200037122,-0.138377443,-0.665377796,0.479461491
23.55,0.012758671,0.572720766,-0.438625157,0.190439329,0.45015195,-0.21981962,0.222622856,0.21318084,-0.195813596,0.203402996,-0.027628751,-0.298101723,0.117128298,-0.000251493,0.000600692,0.12623395,-0.372877598,0.10761705,0.196775854,-0.639506817,0.353553653,-0.166755646,0.451905131,-0.239603505,-0.218386412,0.199026078,-0.18816182,-0.205153778,-0.046683703,-0.274108201,-0.117552422,0.000960519,0.000432986,-0.123349547,-0.362704366,0.199151322,-0.138343111,-0.665335596,0.477877676
23.56666667,0.013016122,0.572508395,-0.438694835,0.190453053,0.450152814,-0.219629139,0.222474545,0.213180423,-0.195488498,0.203357965,-0.027621752,-0.297731817,0.117123902,-0.00025251,0.000623788,0.126361832,-0.372825921,0.107579976,0.196890905,-0.639206171,0.353554755,-0.166726172,0.45184055,-0.239698544,-0.218169391,0.198888615,-0.188302547,-0.205092892,-0.04684272,-0.27413854,-0.117547691,0.000961618,0.000411427,-0.123130716,-0.362660319,0.198975652,-0.138267159,-0.665277541,0.47778672
23.58333333,0.012915216,0.572409093,-0.438716352,0.190466642,0.450244546,-0.219495267,0.22247836,0.213309959,-0.195171297,0.203367576,-0.027407235,-0.297508091,0.117107883,-0.000258613,0.000619686,0.126480326,-0.372638881,0.108905226,0.197223365,-0.639165521,0.354128391,-0.166706145,0.451850981,-0.239691794,-0.218108818,0.198887855,-0.188303217,-0.204995751,-0.04685818,-0.274168432,-0.117532387,0.000967766,0.000414982,-0.122956164,-0.362662703,0.199901611,-0.138241261,-0.665379643,0.479010046
23.6,0.012793874,0.57243228,-0.438604265,0.190486804,0.450515389,-0.219316393,0.222418711,0.213485673,-0.19506678,0.203349695,-0.027153557,-0.297483951,0.117104717,-0.000261703,0.000613935,0.126447409,-0.372290164,0.111335404,0.197230771,-0.638905883,0.355629712,-0.166707203,0.452034235,-0.239411518,-0.217908025,0.199032411,-0.187851936,-0.204980135,-0.046660315,-0.274128199,-0.117529474,0.000970996,0.000419953,-0.122973889,-0.362629205,0.201057002,-0.138322741,-0.665404558,0.479960561
23.61666667,0.012694315,0.572694361,-0.438349307,0.190479964,0.450534463,-0.219040304,0.222393557,0.213496625,-0.194830313,0.203344405,-0.027136143,-0.29736349,0.117103882,-0.000261231,0.000638146,0.12647815,-0.372048616,0.111783229,0.197242916,-0.638718069,0.355657369,-0.166752502,0.45209679,-0.239008233,-0.217830062,0.199134856,-0.186787769,-0.204979643,-0.046391319,-0.273378223,-0.117528699,0.000970867,0.000395905,-0.122903533,-0.362602323,0.201070562,-0.138363153,-0.665446162,0.479966104
23.63333333,0.012660705,0.572524786,-0.43839547,0.190486565,0.450451523,-0.219030544,0.222437486,0.213482171,-0.19483684,0.203367129,-0.027125575,-0.297445565,0.117102675,-0.000267399,0.00064024,0.126570582,-0.372040927,0.111750819,0.197401822,-0.638703942,0.355643094,-0.166715026,0.452103972,-0.239016429,-0.217484176,0.199142247,-0.186789468,-0.204578906,-0.046387728,-0.273387194,-0.117527232,0.000977525,0.000393964,-0.122857891,-0.362683207,0.200285956,-0.138357118,-0.665678918,0.478469819
23.65,0.012724792,0.572030663,-0.438691199,0.19050321,0.450404137,-0.219054818,0.222526327,0.213441998,-0.194842353,0.203367874,-0.027131837,-0.297470361,0.11709173,-0.000274775,0.0006124,0.126598001,-0.371895462,0.111593597,0.197420865,-0.638631761,0.355657011,-0.16661936,0.452043623,-0.239194885,-0.217148572,0.198961392,-0.187276542,-0.203919366,-0.046437833,-0.274142444,-0.117515892,0.000984768,0.000420261,-0.122770682,-0.362689555,0.199912503,-0.138381585,-0.66572541,0.477737963
23.66666667,0.012699615,0.571968496,-0.438729018,0.190510258,0.450416118,-0.219061941,0.222509593,0.213418901,-0.194962442,0.203323409,-0.027151993,-0.29764542,0.117089108,-0.000288814,0.000595756,0.126754895,-0.371830285,0.110985659,0.19774279,-0.638626635,0.354350448,-0.166595906,0.45237115,-0.239144996,-0.216890782,0.199183643,-0.187172234,-0.203935668,-0.046381611,-0.274139464,-0.117512725,0.000999646,0.000437297,-0.122643977,-0.362766325,0.199205279,-0.138246253,-0.666103482,0.476283222
23.68333333,0.012666298,0.57197541,-0.438682944,0.190475568,0.450417817,-0.218766361,0.222370267,0.213383257,-0.1947359,0.203308538,-0.02714638,-0.297502548,0.117084764,-0.000287948,0.000607818,0.126764029,-0.371689022,0.110990778,0.197535485,-0.638079226,0.354497463,-0.166604608,0.452432394,-0.239067376,-0.216864422,0.199184552,-0.187111095,-0.203926146,-0.046456195,-0.274098277,-0.117508054,0.000999202,0.000425918,-0.122613505,-0.362722546,0.199252829,-0.138408855,-0.665979326,0.476996213
23.7,0.012682176,0.57195282,-0.43867749,0.190477774,0.450588763,-0.21852088,0.222380951,0.213522553,-0.194446728,0.203322247,-0.027039379,-0.29731971,0.117080852,-0.000290083,0.000626559,0.126573727,-0.371629268,0.110318094,0.1971104,-0.637986362,0.353398979,-0.166610792,0.452558875,-0.239069954,-0.21688877,0.199207336,-0.18716085,-0.20407033,-0.046554986,-0.27417472,-0.117504224,0.001001708,0.000407638,-0.122590221,-0.362721682,0.199318215,-0.13837935,-0.665985644,0.477959991
23.71666667,0.012703814,0.572287321,-0.438647032,0.190491006,0.450596869,-0.218508467,0.222384483,0.213518098,-0.194562539,0.203316227,-0.027031187,-0.297626615,0.11707399,-0.000292836,0.000628357,0.126592115,-0.37160027,0.110109076,0.197299108,-0.637966156,0.353405207,-0.166557848,0.452528954,-0.239094928,-0.216959715,0.199129373,-0.187614903,-0.204174444,-0.0466328,-0.274690568,-0.117497116,0.001004393,0.000405831,-0.122551262,-0.36277473,0.199095681,-0.1382339,-0.666066825,0.477723122
23.73333333,0.012740699,0.572249353,-0.438684285,0.190537095,0.450676531,-0.218387261,0.22247386,0.213606387,-0.194373414,0.203511938,-0.026967855,-0.297535986,0.117068775,-0.000280244,0.000658141,0.126579985,-0.371561944,0.113294363,0.197306335,-0.637940586,0.355834663,-0.166549012,0.452519238,-0.239192203,-0.21691364,0.199125364,-0.187762454,-0.203865111,-0.046629928,-0.274899006,-0.117492154,0.000992348,0.000376048,-0.122527115,-0.362796009,0.199342117,-0.138280794,-0.666217506,0.477671117
23.75,0.012749827,0.572306812,-0.438420653,0.190505788,0.45085758,-0.218156397,0.222475499,0.213876933,-0.194285691,0.203529239,-0.0265719,-0.297529697,0.117063172,-0.000281283,0.000623114,0.126584992,-0.371486872,0.113172628,0.197372034,-0.637924433,0.355488837,-0.166559204,0.452912122,-0.238813534,-0.216975391,0.199631304,-0.187506273,-0.203967392,-0.046152342,-0.274862677,-0.117486246,0.000993654,0.000411903,-0.122436382,-0.362814724,0.199364781,-0.138267428,-0.666401029,0.477542311
23.76666667,0.012648307,0.572549164,-0.438384891,0.190517887,0.450859487,-0.218149289,0.222493887,0.213846847,-0.194345221,0.203577489,-0.026584782,-0.297727585,0.117058389,-0.000276972,0.000589399,0.126685292,-0.371301949,0.114138067,0.19820857,-0.637693107,0.355890989,-0.166554779,0.452875555,-0.23870638,-0.216964692,0.199570566,-0.187228456,-0.203960523,-0.046256304,-0.27465716,-0.117481925,0.000989187,0.000444399,-0.122391425,-0.362835109,0.201529503,-0.138154194,-0.66649121,0.480378836
23.78333333,0.012633039,0.572537959,-0.438379228,0.190603435,0.450893849,-0.218328938,0.222499251,0.213810414,-0.194624662,0.203613892,-0.026738858,-0.297935456,0.117039844,-0.00028332,0.000431038,0.12681438,-0.371135056,0.115080856,0.198596701,-0.637729824,0.356020033,-0.166510209,0.452886403,-0.238552332,-0.21700345,0.19961606,-0.186601266,-0.2040122,-0.046173852,-0.274040937,-0.117463909,0.00099505,0.000599079,-0.122287288,-0.362838119,0.203071684,-0.137943566,-0.666660726,0.480714738
23.8,0.012645777,0.572606087,-0.438380301,0.190608919,0.450897843,-0.218358487,0.222493529,0.213770047,-0.194744393,0.203619286,-0.026739175,-0.298114002,0.117037959,-0.000289784,0.00040959,0.126815051,-0.371128827,0.114885174,0.198615879,-0.637769282,0.355868906,-0.166503668,0.452923715,-0.238531142,-0.217181951,0.199699163,-0.18657282,-0.204342991,-0.045904104,-0.274034888,-0.117461696,0.00100137,0.000621545,-0.12221428,-0.362916112,0.202842385,-0.137743697,-0.666781664,0.480265588
23.81666667,0.012629309,0.57290256,-0.437769264,0.190582186,0.45128116,-0.217963561,0.222468585,0.214128375,-0.194183499,0.203786597,-0.026336107,-0.297314316,0.117034256,-0.000289564,0.00040386,0.126788497,-0.371028215,0.11478056,0.198625401,-0.637760401,0.355375856,-0.166515157,0.453304201,-0.237854555,-0.217091575,0.199965507,-0.185596392,-0.204382941,-0.045873951,-0.273017943,-0.117457949,0.001001211,0.000627317,-0.122217782,-0.362906098,0.202803522,-0.137717783,-0.666800261,0.480064601
23.83333333,0.01260806,0.572499156,-0.437926739,0.190567896,0.451281011,-0.217950568,0.222472876,0.2141314,-0.194095433,0.203921139,-0.026276475,-0.297308654,0.11703027,-0.000293496,0.000407754,0.12681587,-0.370976657,0.115150154,0.198917717,-0.637706399,0.35545826,-0.166550145,0.453372955,-0.237879992,-0.217181683,0.200140208,-0.185585514,-0.204408348,-0.04562844,-0.273031652,-0.117454007,0.001005174,0.000623001,-0.122185327,-0.362907648,0.203239724,-0.13768518,-0.666834891,0.480895817
23.85,0.012629164,0.572519898,-0.437920243,0.190653294,0.451245457,-0.217946291,0.222471714,0.213977933,-0.19410269,0.203934938,-0.026365139,-0.297328055,0.117036156,-0.0003051,0.000404787,0.126853064,-0.370966077,0.113602713,0.198928878,-0.637519777,0.355319738,-0.166425362,0.453382939,-0.237796128,-0.217218369,0.200150788,-0.185321793,-0.204737172,-0.045501743,-0.272760272,-0.117459364,0.001016655,0.000626141,-0.122198753,-0.362953573,0.201781735,-0.137623891,-0.666847765,0.479924053
23.86666667,0.012660888,0.571212769,-0.439872026,0.190592468,0.450485647,-0.219215691,0.222471297,0.21323894,-0.195551917,0.203931302,-0.026886517,-0.298854381,0.117033161,-0.000310533,0.000367874,0.126870379,-0.371005595,0.113576971,0.19899483,-0.637540102,0.355311841,-0.166537523,0.453056306,-0.239255965,-0.217349097,0.199879304,-0.186785534,-0.204811305,-0.045561232,-0.274097174,-0.117455587,0.001021742,0.000664543,-0.122186363,-0.362929612,0.201683626,-0.137631819,-0.666753769,0.479536533
23.88333333,0.012532507,0.57125771,-0.439825475,0.190530911,0.450503379,-0.219190791,0.222429931,0.213211685,-0.195480376,0.203939795,-0.026880924,-0.298674583,0.117026739,-0.000308454,0.00035347,0.126878187,-0.370943129,0.113589898,0.198943049,-0.637565136,0.355200619,-0.166668802,0.453146189,-0.239123106,-0.217574701,0.19988434,-0.186396897,-0.205199748,-0.045539901,-0.273697585,-0.117449112,0.001019885,0.000679603,-0.122172691,-0.362859547,0.201618701,-0.13775599,-0.666760921,0.478513479
23.9,0.012041359,0.571919501,-0.439539552,0.190495014,0.450525373,-0.219204351,0.222344697,0.213168859,-0.195521042,0.203927115,-0.026899243,-0.298786998,0.117025442,-0.000319302,0.000270328,0.126923308,-0.370781511,0.114346117,0.199131489,-0.637566984,0.355590999,-0.166864082,0.453476667,-0.238777399,-0.217647672,0.200272217,-0.185731366,-0.205407858,-0.044623408,-0.273449242,-0.117448054,0.001030601,0.00076075,-0.122238025,-0.36285305,0.20253253,-0.137802511,-0.666771293,0.47893247
23.91666667,0.012026607,0.571712554,-0.439535588,0.190524384,0.450543553,-0.219144389,0.222343862,0.213083729,-0.195282176,0.203927875,-0.02698252,-0.298696339,0.117037855,-0.000343009,0.000271292,0.127071396,-0.3707726,0.112321541,0.199239939,-0.637607396,0.353948951,-0.166864946,0.453808695,-0.238739058,-0.217620358,0.20048058,-0.185434505,-0.205472514,-0.044378169,-0.2733033,-0.117460236,0.001055622,0.000760356,-0.122216463,-0.363009632,0.200461641,-0.137699679,-0.667072594,0.476715893
23.93333333,0.01201716,0.571538091,-0.43943128,0.190506637,0.45060271,-0.217938796,0.222178996,0.213068113,-0.192874983,0.203895539,-0.027058108,-0.295832902,0.117051452,-0.000340965,0.00046461,0.127083018,-0.370758265,0.110778429,0.199195325,-0.637579143,0.351574868,-0.166881368,0.453853071,-0.238658085,-0.217033818,0.200392812,-0.185078368,-0.205378473,-0.044588003,-0.272529602,-0.117473677,0.001054719,0.00057366,-0.12216986,-0.363012344,0.198247164,-0.137712806,-0.66719836,0.474899828
23.95,0.01187034,0.571859181,-0.438217878,0.190489039,0.450728357,-0.217273444,0.222176567,0.21308592,-0.192376286,0.203899294,-0.027043018,-0.295393974,0.117048383,-0.000338689,0.000460004,0.127149746,-0.370706409,0.110642321,0.199241266,-0.637509882,0.35144648,-0.166882128,0.453962058,-0.237346232,-0.216994256,0.200398609,-0.183143884,-0.205384448,-0.044579782,-0.27045688,-0.117470525,0.001052611,0.000578557,-0.12206696,-0.362989247,0.19824028,-0.137713283,-0.667222261,0.474846363
23.96666667,0.011501243,0.573124528,-0.436779797,0.190486968,0.451010525,-0.216988921,0.222175479,0.213158071,-0.192260653,0.203872949,-0.026709612,-0.29530859,0.117048621,-0.000352296,0.000409186,0.127124131,-0.370698214,0.108364172,0.199012116,-0.637613654,0.349725902,-0.166850552,0.454288632,-0.235906586,-0.217069954,0.200580791,-0.181704298,-0.205865368,-0.044073969,-0.269339859,-0.117470816,0.001066614,0.000629275,-0.122093186,-0.363057971,0.196923062,-0.137673214,-0.667393863,0.472621292
23.98333333,0.010843542,0.5732162,-0.436719567,0.190433487,0.451031268,-0.217067897,0.222123548,0.213102967,-0.192519203,0.203750923,-0.026726084,-0.295629621,0.117058523,-0.000363098,0.000374141,0.127128944,-0.370692372,0.108372614,0.198953271,-0.637642264,0.350304604,-0.166928306,0.454372585,-0.235729277,-0.217170373,0.200638309,-0.181502759,-0.20617035,-0.043861832,-0.269290686,-0.117480487,0.001077743,0.000663875,-0.122352429,-0.363066137,0.196167737,-0.137693003,-0.66738677,0.470894635
24,0.010721051,0.57343334,-0.43657589,0.19046092,0.451265335,-0.217019409,0.221978649,0.213127881,-0.192470133,0.203750372,-0.026618168,-0.295628518,0.117070749,-0.000371109,0.000366997,0.12714693,-0.370681942,0.108478181,0.198955491,-0.637633979,0.350699902,-0.166934177,0.454645634,-0.235537335,-0.217186585,0.20085296,-0.18118237,-0.206379533,-0.043607667,-0.269114941,-0.117493421,0.001086236,0.000670373,-0.122475892,-0.363090128,0.196087986,-0.137772664,-0.667397797,0.470850497
