Time_Seconds,FullBody:Hip_X,FullBody:Hip_Y,FullBody:Hip_Z,FullBody:Ab_X,FullBody:Ab_Y,FullBody:Ab_Z,FullBody:Chest_X,FullBody:Chest_Y,FullBody:Chest_Z,FullBody:Neck_X,FullBody:Neck_Y,FullBody:Neck_Z,FullBody:Head_X,FullBody:Head_Y,FullBody:Head_Z,FullBody:LShoulder_X,FullBody:LShoulder_Y,FullBody:LShoulder_Z,FullBody:LUArm_X,FullBody:LUArm_Y,FullBody:LUArm_Z,FullBody:LFArm_X,FullBody:LFArm_Y,FullBody:LFArm_Z,FullBody:LHand_X,FullBody:LHand_Y,FullBody:LHand_Z,FullBody:RShoulder_X,FullBody:RShoulder_Y,FullBody:RShoulder_Z,FullBody:RUArm_X,FullBody:RUArm_Y,FullBody:RUArm_Z,FullBody:RFArm_X,FullBody:RFArm_Y,FullBody:RFArm_Z,FullBody:RHand_X,FullBody:RHand_Y,FullBody:RHand_Z,FullBody:LThigh_X,FullBody:LThigh_Y,FullBody:LThigh_Z,FullBody:LShin_X,FullBody:LShin_Y,FullBody:LShin_Z,FullBody:LFoot_X,FullBody:LFoot_Y,FullBody:LFoot_Z,FullBody:RThigh_X,FullBody:RThigh_Y,FullBody:RThigh_Z,FullBody:RShin_X,FullBody:RShin_Y,FullBody:RShin_Z,FullBody:RFoot_X,FullBody:RFoot_Y,FullBody:RFoot_Z
20,0,0,0,-0.000611,0.078469,-0.00453,-0.000732,0.27494,0.009417,0.000694,0.493525,0.001498,-0.019902,0.642033,-0.021782,0.038163,0.426186,0.008119,0.143035,0.407726,0.014019,0.233988,0.147483,0.035114,0.204466,-0.067782,-0.067895,-0.037461,0.426733,0.009582,-0.142967,0.415061,0.019871,-0.231149,0.153588,0.03718,-0.229254,-0.063004,-0.067249,0.09458,0.000509,-0.003946,0.136271,-0.4682,0.071489,0.157363,-0.785987,0.203988,-0.09458,-0.000509,0.003947,-0.15983,-0.471886,0.029681,-0.200311,-0.79148,0.153012
20.016666,0,0,0,-0.000703,0.078586,-0.004485,-0.000921,0.275164,0.00957,0.000595,0.493458,0.001791,-0.01997,0.641684,-0.021416,0.038038,0.426395,0.008364,0.142873,0.407879,0.014716,0.231456,0.147195,0.040026,0.203068,-0.069404,-0.060475,-0.037586,0.426972,0.009822,-0.14305,0.41527,0.020502,-0.230193,0.153739,0.041748,-0.231121,-0.064491,-0.059227,0.094577,0.000617,-0.003996,0.136676,-0.468115,0.071065,0.158183,-0.785766,0.203825,-0.094578,-0.000618,0.003995,-0.159817,-0.471955,0.030472,-0.200315,-0.791649,0.153539
20.033333,0,0,0,-0.000799,0.078709,-0.004446,-0.001144,0.275405,0.009659,0.000545,0.493387,0.002119,-0.019969,0.641314,-0.020979,0.037935,0.426605,0.008622,0.142712,0.407948,0.015503,0.228839,0.146825,0.044503,0.20176,-0.070515,-0.054751,-0.037689,0.427241,0.010059,-0.143128,0.415621,0.021063,-0.229282,0.154086,0.045985,-0.232755,-0.06543,-0.052107,0.094575,0.000732,-0.00404,0.137202,-0.468023,0.070579,0.1592,-0.785508,0.203653,-0.094575,-0.000732,0.004041,-0.159763,-0.472035,0.031249,-0.20024,-0.791859,0.153985
20.05,0,0,0,-0.000874,0.078754,-0.004425,-0.001361,0.275496,0.009665,0.000453,0.493263,0.002368,-0.019956,0.640994,-0.020633,0.037805,0.426676,0.008809,0.142493,0.407766,0.016321,0.226388,0.146211,0.047859,0.201463,-0.071535,-0.051069,-0.03782,0.427352,0.010212,-0.143236,0.415817,0.021517,-0.228587,0.154313,0.049356,-0.234183,-0.06611,-0.046581,0.094574,0.000822,-0.004059,0.137654,-0.467952,0.070177,0.16006,-0.785284,0.203549,-0.094573,-0.000822,0.00406,-0.159699,-0.472103,0.031788,-0.200154,-0.792042,0.154231
20.066666,0,0,0,-0.000927,0.07882,-0.004409,-0.001525,0.275629,0.009671,0.000393,0.49322,0.00266,-0.019902,0.640795,-0.02024,0.037712,0.42679,0.009028,0.142299,0.407545,0.017068,0.224276,0.145566,0.050097,0.201838,-0.072375,-0.048998,-0.037913,0.427501,0.010394,-0.143307,0.415961,0.021901,-0.228124,0.154527,0.051941,-0.235517,-0.066501,-0.042471,0.094573,0.000886,-0.004048,0.137974,-0.467889,0.069998,0.160619,-0.785165,0.203462,-0.094573,-0.000885,0.004049,-0.159652,-0.472144,0.032267,-0.200121,-0.792204,0.154388
20.083333,0,0,0,-0.000943,0.078938,-0.004426,-0.001634,0.27587,0.009591,0.000338,0.493251,0.002869,-0.01981,0.640631,-0.02,0.037638,0.427024,0.009178,0.14213,0.407498,0.017758,0.222303,0.145078,0.0517,0.202537,-0.072972,-0.047721,-0.037988,0.42775,0.010478,-0.143367,0.416235,0.022151,-0.227761,0.154871,0.053939,-0.236846,-0.066639,-0.039187,0.094574,0.000904,-0.004028,0.138129,-0.467839,0.070128,0.160892,-0.78513,0.203537,-0.094574,-0.000904,0.004027,-0.159642,-0.47214,0.032641,-0.200175,-0.792254,0.154598
20.1,0,0,0,-0.000947,0.079095,-0.004453,-0.001714,0.276187,0.009548,0.000284,0.493404,0.00314,-0.019712,0.64063,-0.019721,0.037571,0.427337,0.009402,0.141985,0.407606,0.018462,0.220766,0.144816,0.052792,0.203079,-0.073252,-0.046983,-0.038056,0.428068,0.010598,-0.143433,0.416622,0.022351,-0.227643,0.155357,0.05542,-0.237993,-0.066432,-0.036905,0.094573,0.000905,-0.004048,0.138087,-0.467772,0.070552,0.160855,-0.785116,0.203833,-0.094573,-0.000904,0.004047,-0.159731,-0.472111,0.032932,-0.200346,-0.792223,0.154869
20.116666,0,0,0,-0.000939,0.07923,-0.004469,-0.001751,0.276456,0.009554,0.000295,0.493557,0.003431,-0.019525,0.640688,-0.019384,0.037562,0.427599,0.009661,0.141928,0.407756,0.01902,0.219912,0.144727,0.053339,0.20346,-0.0733,-0.046737,-0.038067,0.428343,0.010743,-0.143461,0.416998,0.022444,-0.227771,0.155874,0.056356,-0.239025,-0.066168,-0.035251,0.094573,0.000893,-0.004048,0.137941,-0.467707,0.071113,0.160633,-0.785124,0.204235,-0.094573,-0.000893,0.004048,-0.159818,-0.472072,0.033204,-0.200519,-0.792166,0.155158
20.133333,0,0,0,-0.000923,0.079331,-0.004459,-0.001755,0.276653,0.009604,0.000396,0.493739,0.003712,-0.019233,0.640876,-0.019095,0.037624,0.427779,0.009931,0.141956,0.407842,0.019473,0.219563,0.144659,0.053472,0.203846,-0.073299,-0.046871,-0.038006,0.428555,0.010896,-0.143436,0.417391,0.022451,-0.228094,0.156456,0.056944,-0.239933,-0.065763,-0.03416,0.094573,0.000873,-0.004036,0.137765,-0.467652,0.071694,0.160353,-0.785142,0.204661,-0.094574,-0.000873,0.004036,-0.159907,-0.472021,0.03348,-0.20073,-0.792096,0.155445
20.15,0,0,0,-0.000901,0.079369,-0.004433,-0.001744,0.276722,0.009726,0.000495,0.493822,0.004041,-0.01895,0.64101,-0.018654,0.03769,0.427833,0.010253,0.142012,0.407862,0.019818,0.219803,0.144663,0.053274,0.204177,-0.073219,-0.047248,-0.037942,0.428636,0.011107,-0.143417,0.417651,0.022418,-0.228627,0.156937,0.057222,-0.240658,-0.065368,-0.033648,0.094575,0.00085,-0.004002,0.137615,-0.46761,0.072211,0.160112,-0.785151,0.20507,-0.094575,-0.00085,0.004003,-0.160002,-0.471968,0.03373,-0.200992,-0.791997,0.155759
20.166666,0,0,0,-0.00088,0.079362,-0.004406,-0.001699,0.2767,0.009841,0.000673,0.493842,0.0043,-0.018648,0.641114,-0.018212,0.037822,0.427788,0.010513,0.142143,0.407782,0.020026,0.220364,0.144637,0.052885,0.204469,-0.073115,-0.047876,-0.03781,0.428634,0.011281,-0.143332,0.417824,0.022315,-0.229211,0.15732,0.057053,-0.241252,-0.065013,-0.033745,0.094578,0.00083,-0.003958,0.137538,-0.467592,0.072537,0.159987,-0.785166,0.205324,-0.094577,-0.00083,0.003957,-0.160075,-0.471926,0.033862,-0.201228,-0.791899,0.155981
20.183333,0,0,0,-0.000868,0.079321,-0.004372,-0.001668,0.276607,0.009996,0.000846,0.493833,0.004554,-0.01834,0.641231,-0.017797,0.037947,0.42767,0.010773,0.142271,0.407647,0.020213,0.22117,0.144606,0.052281,0.204796,-0.072968,-0.048788,-0.037685,0.428563,0.011471,-0.143252,0.41792,0.022236,-0.229872,0.157611,0.056586,-0.241731,-0.064665,-0.034377,0.094579,0.000818,-0.003926,0.137522,-0.467587,0.072681,0.159946,-0.785159,0.205478,-0.094579,-0.000819,0.003925,-0.160127,-0.471902,0.033941,-0.201403,-0.791813,0.15618
20.2,0,0,0,-0.000868,0.07927,-0.004339,-0.001654,0.276493,0.010161,0.000973,0.493771,0.004835,-0.01805,0.641285,-0.017232,0.038035,0.427536,0.011047,0.142365,0.407507,0.020417,0.221915,0.144562,0.051657,0.205106,-0.072837,-0.049717,-0.037597,0.428466,0.01169,-0.143195,0.417925,0.022245,-0.230507,0.157773,0.056035,-0.242117,-0.064358,-0.035312,0.09458,0.000822,-0.003908,0.137545,-0.46758,0.072706,0.159972,-0.785136,0.20554,-0.094579,-0.000821,0.003908,-0.160159,-0.471899,0.033935,-0.201501,-0.791745,0.156324
20.216666,0,0,0,-0.000875,0.079232,-0.004307,-0.001658,0.276407,0.010311,0.001076,0.493735,0.005112,-0.017761,0.641344,-0.016803,0.038104,0.427429,0.0113,0.142435,0.407393,0.020637,0.222445,0.144495,0.051087,0.20537,-0.072715,-0.050645,-0.037528,0.428396,0.011915,-0.143146,0.417941,0.022362,-0.230983,0.157871,0.055412,-0.242296,-0.064046,-0.036491,0.09458,0.000832,-0.003899,0.137601,-0.467572,0.072669,0.16005,-0.785097,0.205574,-0.09458,-0.000833,0.003898,-0.160182,-0.471907,0.033927,-0.201565,-0.791696,0.15645
20.233333,0,0,0,-0.000881,0.07919,-0.004261,-0.001656,0.27631,0.010504,0.001184,0.493682,0.005539,-0.017502,0.641389,-0.016122,0.038177,0.427313,0.011678,0.142501,0.407239,0.021012,0.222768,0.144315,0.050542,0.20556,-0.072637,-0.05172,-0.037455,0.428314,0.012253,-0.14309,0.417928,0.022593,-0.231292,0.157871,0.054754,-0.242367,-0.063767,-0.03785,0.09458,0.000843,-0.003897,0.137637,-0.467561,0.072651,0.160116,-0.785051,0.205634,-0.09458,-0.000843,0.003896,-0.160235,-0.471908,0.033961,-0.201673,-0.791653,0.156581
20.25,0,0,0,-0.000892,0.079157,-0.004195,-0.001678,0.276227,0.010747,0.001234,0.493646,0.006098,-0.017331,0.641448,-0.015292,0.038202,0.427215,0.012163,0.142513,0.407084,0.021516,0.222862,0.144087,0.050167,0.20572,-0.072589,-0.052687,-0.03743,0.428239,0.012695,-0.143077,0.417873,0.02293,-0.231409,0.157743,0.05414,-0.242213,-0.063542,-0.039335,0.094579,0.000859,-0.003896,0.137641,-0.467542,0.072671,0.160135,-0.784994,0.205742,-0.09458,-0.00086,0.003896,-0.160316,-0.471907,0.034045,-0.201828,-0.791609,0.156753
20.266666,0,0,0,-0.000895,0.079156,-0.004132,-0.001677,0.276209,0.010985,0.001351,0.493646,0.006665,-0.01712,0.641497,-0.014551,0.03828,0.427175,0.012651,0.14257,0.406953,0.022056,0.222823,0.143848,0.049962,0.205809,-0.072542,-0.053515,-0.037351,0.428238,0.013141,-0.14301,0.417919,0.023304,-0.231322,0.157686,0.053698,-0.241818,-0.063183,-0.040791,0.094579,0.000865,-0.003894,0.137644,-0.467524,0.072744,0.160158,-0.784946,0.205882,-0.09458,-0.000866,0.003895,-0.160382,-0.471897,0.034169,-0.201971,-0.791583,0.156892
20.283333,0,0,0,-0.00089,0.079147,-0.004065,-0.001671,0.27617,0.011268,0.001463,0.493639,0.007323,-0.016926,0.641563,-0.013645,0.038356,0.427114,0.013224,0.142618,0.40679,0.022702,0.222703,0.143552,0.049838,0.205839,-0.072516,-0.054332,-0.037275,0.428211,0.013659,-0.142949,0.417936,0.023716,-0.231116,0.157562,0.053313,-0.241136,-0.062898,-0.042177,0.094581,0.000865,-0.003883,0.137636,-0.467505,0.072877,0.160156,-0.784892,0.206099,-0.09458,-0.000865,0.003884,-0.160449,-0.471873,0.03435,-0.202119,-0.791533,0.157115
20.3,0,0,0,-0.000886,0.079139,-0.003997,-0.001664,0.276134,0.011553,0.001606,0.493647,0.007992,-0.016695,0.64167,-0.01264,0.038453,0.427049,0.013804,0.142685,0.406589,0.02333,0.222538,0.143203,0.049698,0.20578,-0.072606,-0.055027,-0.037177,0.428192,0.014184,-0.142867,0.417976,0.024134,-0.23075,0.157425,0.053,-0.240106,-0.062573,-0.043618,0.09458,0.000863,-0.003886,0.137621,-0.46748,0.073049,0.160148,-0.784837,0.206341,-0.09458,-0.000863,0.003886,-0.160517,-0.47185,0.034544,-0.202272,-0.791497,0.157312
20.316666,0,0,0,-0.000883,0.079116,-0.003927,-0.001638,0.276066,0.011841,0.001789,0.493607,0.0086,-0.016457,0.6417,-0.011761,0.038584,0.42695,0.014347,0.142782,0.406341,0.023917,0.222381,0.142805,0.049546,0.205638,-0.072805,-0.055589,-0.037046,0.428146,0.014663,-0.142753,0.417993,0.024487,-0.230389,0.157303,0.052851,-0.239,-0.062312,-0.044702,0.09458,0.000863,-0.003893,0.137607,-0.467449,0.073233,0.160149,-0.784776,0.206594,-0.09458,-0.000862,0.003892,-0.160568,-0.471832,0.0347,-0.202385,-0.791449,0.157527
20.333333,0,0,0,-0.000883,0.079093,-0.003849,-0.001619,0.275996,0.012165,0.001993,0.493591,0.009277,-0.0162,0.641779,-0.010818,0.038725,0.426841,0.014961,0.142882,0.406058,0.024606,0.222234,0.142373,0.049451,0.205489,-0.073061,-0.056044,-0.036904,0.4281,0.015189,-0.142631,0.418015,0.024869,-0.229904,0.157148,0.052726,-0.237445,-0.061929,-0.046115,0.09458,0.000866,-0.003887,0.137608,-0.467413,0.073438,0.160165,-0.784718,0.206851,-0.094581,-0.000866,0.003887,-0.160602,-0.471821,0.034854,-0.202469,-0.791397,0.15777
20.35,0,0,0,-0.000871,0.07909,-0.003773,-0.001566,0.275965,0.012502,0.002237,0.493598,0.009966,-0.015915,0.641865,-0.009853,0.038904,0.426771,0.015585,0.143023,0.405826,0.025289,0.222073,0.141974,0.049318,0.205327,-0.073316,-0.05647,-0.036724,0.428094,0.01573,-0.14247,0.418066,0.025258,-0.229308,0.157,0.052608,-0.235825,-0.061677,-0.047187,0.094581,0.000858,-0.003872,0.137608,-0.467394,0.073618,0.160163,-0.784669,0.2071,-0.09458,-0.000857,0.003873,-0.160612,-0.471801,0.034979,-0.202515,-0.791329,0.158007
20.366666,0,0,0,-0.000862,0.079098,-0.003713,-0.001527,0.275961,0.012786,0.002483,0.493632,0.010569,-0.015622,0.641972,-0.009036,0.039081,0.426725,0.016135,0.143158,0.405613,0.025929,0.221876,0.141598,0.049238,0.205176,-0.073566,-0.056813,-0.036546,0.428119,0.016192,-0.142315,0.418193,0.02558,-0.228685,0.156921,0.052434,-0.234158,-0.061381,-0.048241,0.094582,0.00085,-0.003847,0.137624,-0.467376,0.07379,0.160184,-0.784632,0.207319,-0.094581,-0.00085,0.003847,-0.160609,-0.471785,0.035103,-0.20254,-0.791272,0.158229
20.383333,0,0,0,-0.000856,0.079084,-0.003658,-0.001504,0.275912,0.013059,0.002708,0.493635,0.011161,-0.015313,0.642064,-0.008247,0.039237,0.426633,0.016673,0.143269,0.405348,0.026563,0.221579,0.141147,0.049141,0.204982,-0.073925,-0.057114,-0.036389,0.428096,0.016646,-0.142178,0.418277,0.025907,-0.228108,0.156815,0.052328,-0.232456,-0.061133,-0.049165,0.094583,0.000848,-0.003816,0.137635,-0.467359,0.073936,0.160183,-0.78459,0.207525,-0.094584,-0.000847,0.003815,-0.160599,-0.471775,0.035202,-0.202566,-0.79122,0.158423
20.4,0,0,0,-0.000849,0.079076,-0.003591,-0.001485,0.27587,0.013384,0.002897,0.493654,0.011868,-0.015025,0.642198,-0.007222,0.039367,0.426554,0.017308,0.14336,0.40511,0.027269,0.221221,0.140718,0.049148,0.204747,-0.074281,-0.057273,-0.036258,0.428075,0.017192,-0.142068,0.418331,0.026294,-0.227509,0.156659,0.052212,-0.230801,-0.061013,-0.049912,0.094584,0.000843,-0.003783,0.137644,-0.467342,0.074095,0.160183,-0.78454,0.207762,-0.094585,-0.000842,0.003784,-0.160605,-0.471759,0.035317,-0.202622,-0.791158,0.158643
20.416666,0,0,0,-0.000843,0.079054,-0.003523,-0.001465,0.275803,0.01367,0.003057,0.49366,0.012465,-0.014782,0.642321,-0.00636,0.039478,0.426455,0.017846,0.143433,0.404861,0.027876,0.220827,0.140282,0.049144,0.204545,-0.074675,-0.057391,-0.036145,0.428024,0.01766,-0.141973,0.418329,0.026606,-0.226981,0.156468,0.052035,-0.229326,-0.061008,-0.050532,0.094586,0.000841,-0.003743,0.13766,-0.467321,0.074263,0.160199,-0.784502,0.20797,-0.094587,-0.000841,0.003743,-0.160593,-0.47175,0.035433,-0.202652,-0.791111,0.15884
20.433333,0,0,0,-0.00084,0.079044,-0.003456,-0.001439,0.275762,0.013951,0.003235,0.493658,0.013042,-0.014526,0.642395,-0.005594,0.039604,0.42638,0.018366,0.143522,0.404634,0.028453,0.220459,0.139877,0.049147,0.204374,-0.075036,-0.057509,-0.036018,0.428002,0.018113,-0.141864,0.418358,0.026911,-0.226452,0.15631,0.051805,-0.227872,-0.061016,-0.051098,0.094589,0.000843,-0.003694,0.137685,-0.467297,0.07443,0.160226,-0.784464,0.208172,-0.094588,-0.000844,0.003695,-0.160578,-0.471745,0.035537,-0.202684,-0.791063,0.15904
20.45,0,0,0,-0.000834,0.079036,-0.003391,-0.001398,0.275726,0.014221,0.003422,0.493673,0.013583,-0.014251,0.642502,-0.004836,0.039741,0.426312,0.018853,0.14363,0.404439,0.028965,0.220174,0.139531,0.049177,0.204235,-0.075379,-0.057505,-0.03588,0.427983,0.018544,-0.141739,0.418372,0.027206,-0.22602,0.156163,0.051441,-0.22669,-0.06105,-0.051706,0.094591,0.000843,-0.003628,0.137733,-0.467281,0.074571,0.160282,-0.784425,0.208364,-0.09459,-0.000844,0.003627,-0.160567,-0.471735,0.035643,-0.202732,-0.791012,0.15923
20.466666,0,0,0,-0.000827,0.079025,-0.003333,-0.001363,0.275686,0.014456,0.003571,0.493682,0.014046,-0.014036,0.642592,-0.004179,0.03985,0.426245,0.019277,0.143716,0.404284,0.029433,0.219875,0.139235,0.049256,0.204075,-0.075683,-0.057431,-0.03577,0.427956,0.018907,-0.141644,0.41838,0.02743,-0.22568,0.15604,0.051081,-0.225737,-0.061143,-0.052133,0.094593,0.000839,-0.003565,0.137775,-0.467275,0.074669,0.160322,-0.784399,0.208513,-0.094593,-0.00084,0.003566,-0.160569,-0.47172,0.035741,-0.20279,-0.790959,0.159409
20.483333,0,0,0,-0.000815,0.079003,-0.00328,-0.001314,0.275624,0.014666,0.003694,0.49368,0.0145,-0.013869,0.642686,-0.003488,0.039946,0.426164,0.019684,0.143793,0.404134,0.029882,0.219595,0.138958,0.049361,0.203944,-0.075952,-0.057365,-0.035674,0.427901,0.019258,-0.141558,0.418316,0.02763,-0.225401,0.155847,0.050537,-0.225062,-0.061366,-0.052612,0.094595,0.00083,-0.003507,0.137803,-0.467283,0.074722,0.160333,-0.784376,0.208641,-0.094595,-0.00083,0.003507,-0.160605,-0.471694,0.035853,-0.202916,-0.790906,0.159558
20.5,0,0,0,-0.000804,0.078989,-0.003234,-0.001275,0.275581,0.014839,0.003817,0.493666,0.014888,-0.013731,0.642726,-0.002924,0.040038,0.426101,0.020031,0.143867,0.404,0.030264,0.219327,0.138706,0.049466,0.203815,-0.076201,-0.057287,-0.03558,0.427866,0.019555,-0.141477,0.418318,0.027812,-0.225215,0.155761,0.050074,-0.224623,-0.061386,-0.053214,0.094597,0.000821,-0.003452,0.137823,-0.467293,0.074757,0.160334,-0.784358,0.208746,-0.094598,-0.000821,0.003451,-0.160642,-0.471668,0.035962,-0.203045,-0.790869,0.159668
20.516666,0,0,0,-0.000793,0.078994,-0.003199,-0.001227,0.27558,0.014983,0.003934,0.49368,0.015197,-0.013597,0.64278,-0.00245,0.04013,0.426082,0.020311,0.143946,0.403931,0.030567,0.219131,0.138547,0.049599,0.203667,-0.076383,-0.057114,-0.035487,0.427872,0.019792,-0.141395,0.418352,0.027944,-0.225183,0.155767,0.049696,-0.22458,-0.061382,-0.053586,0.094599,0.000812,-0.003408,0.137825,-0.467304,0.074793,0.160318,-0.784347,0.208834,-0.094599,-0.000812,0.003407,-0.160696,-0.471641,0.036077,-0.203205,-0.790838,0.159754
20.533333,0,0,0,-0.00078,0.078988,-0.003165,-0.001173,0.275559,0.015119,0.004043,0.493683,0.015462,-0.013504,0.642818,-0.002076,0.040218,0.426048,0.020564,0.144023,0.403868,0.030866,0.21902,0.138422,0.049779,0.203556,-0.076522,-0.056904,-0.035398,0.427858,0.019991,-0.141313,0.418335,0.028054,-0.22521,0.155744,0.049297,-0.224732,-0.061367,-0.054066,0.094601,0.0008,-0.003361,0.137835,-0.46732,0.074809,0.160305,-0.784333,0.208927,-0.0946,-0.000801,0.003361,-0.160752,-0.471611,0.036191,-0.203364,-0.790813,0.15982
20.55,0,0,0,-0.000767,0.078961,-0.003133,-0.001131,0.275494,0.015227,0.004099,0.49366,0.015672,-0.013442,0.642855,-0.001722,0.040265,0.425978,0.020771,0.144064,0.403793,0.031129,0.218953,0.138312,0.049981,0.203483,-0.076644,-0.056676,-0.035351,0.427793,0.02014,-0.14127,0.418237,0.028103,-0.22533,0.155659,0.048866,-0.22504,-0.061445,-0.054512,0.094603,0.000788,-0.003324,0.137848,-0.467336,0.074815,0.160303,-0.784321,0.209003,-0.094602,-0.000787,0.003323,-0.160822,-0.471577,0.03631,-0.203514,-0.790775,0.159922
20.566666,0,0,0,-0.000756,0.078955,-0.003106,-0.00109,0.275476,0.015323,0.004185,0.49366,0.01584,-0.013348,0.642887,-0.001455,0.040333,0.42595,0.020941,0.144119,0.403743,0.031375,0.218918,0.138238,0.050238,0.203459,-0.076732,-0.056394,-0.035282,0.42778,0.020263,-0.141209,0.41823,0.028133,-0.225483,0.155696,0.048581,-0.225347,-0.061426,-0.05476,0.094604,0.000776,-0.003299,0.137854,-0.46735,0.074827,0.160296,-0.784313,0.209068,-0.094603,-0.000776,0.003298,-0.16087,-0.47155,0.036408,-0.203621,-0.790733,0.160039
20.583333,0,0,0,-0.00075,0.078943,-0.003085,-0.00107,0.275445,0.015407,0.004235,0.493671,0.015987,-0.013262,0.642953,-0.001247,0.04037,0.425912,0.021089,0.144149,0.403708,0.031599,0.218904,0.138194,0.050527,0.203477,-0.076792,-0.056077,-0.035244,0.427752,0.02037,-0.141176,0.418208,0.028169,-0.225739,0.155752,0.048421,-0.225756,-0.06142,-0.054816,0.094604,0.000771,-0.00328,0.137856,-0.467352,0.074863,0.16029,-0.784296,0.20915,-0.094604,-0.00077,0.00328,-0.160935,-0.471527,0.036515,-0.203762,-0.790702,0.160138
20.6,0,0,0,-0.00075,0.078926,-0.003064,-0.001076,0.275404,0.015485,0.004263,0.49367,0.016133,-0.013172,0.643009,-0.001024,0.040385,0.425863,0.021229,0.144157,0.40365,0.031787,0.218909,0.138141,0.050801,0.203545,-0.076867,-0.055767,-0.035229,0.427715,0.020479,-0.141169,0.418198,0.028209,-0.226043,0.155833,0.048328,-0.226161,-0.061342,-0.054903,0.094605,0.000772,-0.003268,0.137855,-0.467349,0.074887,0.160279,-0.784291,0.209182,-0.094604,-0.000772,0.003268,-0.160993,-0.471516,0.036567,-0.203889,-0.790677,0.160204
20.616666,0,0,0,-0.000752,0.078909,-0.003051,-0.001084,0.275367,0.01554,0.004273,0.493655,0.016232,-0.013144,0.643033,-0.000807,0.040388,0.425821,0.021325,0.144153,0.403584,0.031901,0.218928,0.138091,0.051046,0.20364,-0.076948,-0.05547,-0.035226,0.427679,0.020555,-0.141171,0.418184,0.028231,-0.226317,0.155903,0.048295,-0.226497,-0.06128,-0.054918,0.094604,0.000775,-0.003265,0.13785,-0.467342,0.07492,0.160279,-0.784285,0.209209,-0.094605,-0.000775,0.003264,-0.16104,-0.47151,0.03659,-0.203991,-0.790654,0.160253
20.633333,0,0,0,-0.000753,0.078895,-0.003039,-0.001092,0.275334,0.015583,0.004282,0.493652,0.016294,-0.01308,0.643076,-0.000671,0.04039,0.425785,0.021391,0.144149,0.403533,0.031993,0.218995,0.13807,0.051262,0.203859,-0.077048,-0.055119,-0.035223,0.427649,0.020602,-0.141173,0.418166,0.028234,-0.226535,0.155956,0.048319,-0.226835,-0.061275,-0.054793,0.094604,0.000777,-0.003259,0.137843,-0.46734,0.074926,0.160268,-0.784287,0.209206,-0.094605,-0.000777,0.003259,-0.161091,-0.471505,0.036587,-0.204097,-0.790618,0.160308
20.65,0,0,0,-0.000756,0.078883,-0.003033,-0.001104,0.275308,0.015599,0.004299,0.493648,0.016318,-0.012999,0.643107,-0.000587,0.040396,0.425753,0.021423,0.144148,0.403485,0.032059,0.219079,0.138053,0.051423,0.204123,-0.077158,-0.054794,-0.035217,0.427627,0.020612,-0.14117,0.418164,0.028226,-0.22668,0.156007,0.048362,-0.22712,-0.061257,-0.05468,0.094604,0.000781,-0.003259,0.137847,-0.467337,0.074918,0.160277,-0.784291,0.209183,-0.094605,-0.000781,0.00326,-0.161138,-0.471503,0.036579,-0.2042,-0.790588,0.160353
20.666666,0,0,0,-0.000759,0.078867,-0.00303,-0.001117,0.275277,0.015605,0.004303,0.493648,0.01632,-0.012938,0.643149,-0.000557,0.040392,0.42572,0.021432,0.144138,0.403438,0.032109,0.219138,0.138031,0.051548,0.204406,-0.077294,-0.05447,-0.03522,0.427599,0.020609,-0.141174,0.41814,0.028221,-0.226779,0.156018,0.048413,-0.227401,-0.061322,-0.054468,0.094605,0.000785,-0.003259,0.137856,-0.467337,0.074893,0.16029,-0.784296,0.209143,-0.094605,-0.000785,0.003259,-0.161174,-0.471505,0.036537,-0.204274,-0.790568,0.160357
20.683333,0,0,0,-0.000763,0.078863,-0.003029,-0.001132,0.275269,0.015615,0.004289,0.493648,0.016341,-0.012906,0.643163,-0.00053,0.040378,0.425711,0.021456,0.144118,0.403423,0.032167,0.219183,0.138037,0.051654,0.204762,-0.077423,-0.05413,-0.035235,0.427591,0.020621,-0.141186,0.418119,0.028246,-0.226805,0.156,0.04842,-0.227643,-0.061391,-0.054352,0.094605,0.00079,-0.003262,0.137862,-0.467335,0.074868,0.160298,-0.784302,0.2091,-0.094604,-0.00079,0.003261,-0.161206,-0.47151,0.036473,-0.204323,-0.790551,0.160343
20.7,0,0,0,-0.000766,0.07885,-0.003027,-0.001146,0.275242,0.015622,0.004276,0.493644,0.016365,-0.012876,0.643188,-0.000497,0.040364,0.425683,0.021477,0.144099,0.403395,0.032245,0.219236,0.138035,0.051804,0.20516,-0.077539,-0.053795,-0.035248,0.427563,0.020638,-0.141198,0.418091,0.028285,-0.226825,0.155975,0.048471,-0.227838,-0.061455,-0.054215,0.094604,0.000793,-0.003254,0.137863,-0.467337,0.074839,0.160287,-0.784306,0.20907,-0.094605,-0.000794,0.003253,-0.161218,-0.471516,0.036415,-0.204339,-0.79055,0.160301
20.716666,0,0,0,-0.000767,0.078848,-0.003024,-0.001145,0.275237,0.015627,0.0043,0.493656,0.016382,-0.012836,0.643219,-0.000482,0.04038,0.425674,0.021489,0.144108,0.403368,0.032285,0.219308,0.138028,0.051877,0.205562,-0.077676,-0.053499,-0.035232,0.427562,0.020651,-0.141181,0.418097,0.028318,-0.226787,0.155977,0.048535,-0.227944,-0.061506,-0.054037,0.094605,0.000796,-0.00325,0.137864,-0.467342,0.074801,0.160278,-0.784311,0.209033,-0.094604,-0.000796,0.00325,-0.161233,-0.47152,0.036345,-0.204361,-0.790546,0.16025
20.733333,0,0,0,-0.00077,0.078825,-0.003018,-0.001162,0.275189,0.015645,0.004253,0.493659,0.016421,-0.012861,0.643274,-0.000458,0.040342,0.425631,0.02152,0.144071,0.403337,0.032333,0.219398,0.138039,0.051996,0.20601,-0.077812,-0.053127,-0.03527,0.427508,0.020685,-0.141213,0.418,0.028384,-0.22673,0.155847,0.048544,-0.227976,-0.061647,-0.054006,0.094605,0.0008,-0.003255,0.137865,-0.467346,0.074747,0.160271,-0.784313,0.208984,-0.094604,-0.0008,0.003254,-0.161254,-0.471527,0.036268,-0.204388,-0.790536,0.160216
20.75,0,0,0,-0.000774,0.078813,-0.003007,-0.001166,0.275164,0.015677,0.004235,0.493659,0.016483,-0.012873,0.643301,-0.000392,0.040328,0.425608,0.021571,0.144057,0.403319,0.032386,0.219536,0.138067,0.052096,0.206484,-0.07793,-0.052767,-0.035285,0.42748,0.02074,-0.141223,0.417934,0.028457,-0.226654,0.155749,0.048572,-0.227982,-0.06176,-0.053944,0.094605,0.000805,-0.003255,0.137863,-0.467353,0.074672,0.16026,-0.784321,0.208908,-0.094604,-0.000805,0.003256,-0.161274,-0.471536,0.036166,-0.204416,-0.790524,0.160164
20.766666,0,0,0,-0.000781,0.07882,-0.002994,-0.001177,0.275173,0.015728,0.004214,0.493694,0.016573,-0.012928,0.643357,-0.000305,0.04031,0.425618,0.021645,0.144037,0.403312,0.03245,0.21965,0.138102,0.052201,0.206904,-0.078027,-0.052429,-0.035303,0.427487,0.020821,-0.141235,0.417888,0.028556,-0.226563,0.155667,0.048635,-0.22796,-0.061842,-0.053881,0.094605,0.000814,-0.003258,0.137849,-0.467355,0.074612,0.160234,-0.784316,0.208868,-0.094604,-0.000814,0.003258,-0.16134,-0.471539,0.036123,-0.204536,-0.790491,0.160193
20.783333,0,0,0,-0.000785,0.07881,-0.00298,-0.001184,0.275148,0.01579,0.00419,0.493697,0.01669,-0.012976,0.643385,-0.000198,0.040291,0.425594,0.021744,0.144021,0.403299,0.032539,0.219787,0.138132,0.052299,0.207352,-0.078126,-0.052099,-0.035322,0.427457,0.020924,-0.141249,0.417813,0.02867,-0.226463,0.155551,0.048702,-0.227874,-0.061949,-0.053833,0.094605,0.00082,-0.003262,0.137838,-0.467355,0.074579,0.160216,-0.784311,0.208847,-0.094604,-0.00082,0.003261,-0.161384,-0.471542,0.036086,-0.204626,-0.790474,0.160192
20.8,0,0,0,-0.000789,0.078803,-0.002964,-0.001189,0.275128,0.015862,0.004154,0.493691,0.016822,-0.01304,0.643389,-5.80E-05,0.040265,0.425579,0.021854,0.144003,0.403316,0.03264,0.219942,0.138199,0.052399,0.207814,-0.078189,-0.051767,-0.035348,0.427431,0.02104,-0.141268,0.417728,0.028817,-0.226338,0.155413,0.048762,-0.22776,-0.062037,-0.053878,0.094604,0.000824,-0.003264,0.13784,-0.467358,0.07453,0.16022,-0.784312,0.208803,-0.094604,-0.000824,0.003263,-0.161412,-0.471543,0.036079,-0.20468,-0.790465,0.160202
20.816666,0,0,0,-0.00079,0.078796,-0.002949,-0.001181,0.275109,0.015919,0.004144,0.493691,0.016924,-0.013091,0.643407,7.60E-05,0.040261,0.425562,0.021938,0.144004,0.403319,0.032718,0.220084,0.138244,0.052479,0.208213,-0.078255,-0.051487,-0.035353,0.427408,0.021133,-0.141265,0.417653,0.028938,-0.226228,0.155295,0.048787,-0.227681,-0.062108,-0.053951,0.094604,0.000826,-0.003263,0.137836,-0.467365,0.074483,0.160208,-0.784307,0.208783,-0.094604,-0.000826,0.003263,-0.161441,-0.471541,0.036063,-0.20474,-0.790454,0.1602
20.833333,0,0,0,-0.000793,0.078796,-0.002931,-0.001187,0.275103,0.015987,0.004125,0.493702,0.017048,-0.013152,0.643431,0.000213,0.040246,0.425558,0.022039,0.143992,0.403331,0.032822,0.220237,0.138301,0.052567,0.208688,-0.078301,-0.051221,-0.035367,0.427399,0.021245,-0.141274,0.417615,0.029088,-0.2261,0.155205,0.048828,-0.227509,-0.062148,-0.054017,0.094604,0.000831,-0.003268,0.13784,-0.467369,0.074419,0.16021,-0.784299,0.20875,-0.094604,-0.00083,0.003267,-0.161453,-0.471549,0.036001,-0.204758,-0.790445,0.160175
20.85,0,0,0,-0.000795,0.078789,-0.002919,-0.001201,0.275085,0.01604,0.004087,0.493697,0.017162,-0.013237,0.643437,0.000343,0.040217,0.425542,0.022126,0.143967,0.403331,0.032902,0.220354,0.138341,0.052635,0.209065,-0.078338,-0.051019,-0.035397,0.427375,0.021348,-0.141299,0.417569,0.029241,-0.225997,0.155108,0.048853,-0.227344,-0.062143,-0.05421,0.094604,0.000834,-0.003278,0.137844,-0.467374,0.074356,0.160216,-0.7843,0.208697,-0.094603,-0.000834,0.003278,-0.161462,-0.471556,0.035941,-0.204768,-0.790451,0.16012
20.866666,0,0,0,-0.0008,0.078787,-0.002903,-0.001221,0.275079,0.016091,0.004034,0.493709,0.017261,-0.013369,0.643458,0.000447,0.040175,0.425541,0.022204,0.143928,0.403343,0.032981,0.220443,0.138389,0.05269,0.209429,-0.078347,-0.050874,-0.03544,0.427362,0.021438,-0.141337,0.417535,0.029361,-0.225937,0.155034,0.048861,-0.227219,-0.062159,-0.054322,0.094603,0.00084,-0.003283,0.13784,-0.467377,0.074304,0.160212,-0.784299,0.208654,-0.094604,-0.000839,0.003283,-0.161486,-0.471562,0.035883,-0.204809,-0.790444,0.16009
20.883333,0,0,0,-0.000804,0.078777,-0.002891,-0.00124,0.275053,0.016133,0.003979,0.493701,0.01735,-0.013482,0.643466,0.00058,0.040131,0.425521,0.022275,0.143889,0.40334,0.033045,0.220538,0.138421,0.052709,0.209772,-0.078366,-0.050777,-0.035483,0.42733,0.021517,-0.141377,0.417478,0.029457,-0.225878,0.154938,0.04885,-0.227075,-0.062202,-0.054448,0.094603,0.000845,-0.003295,0.137838,-0.467381,0.074239,0.160211,-0.784302,0.20859,-0.094603,-0.000844,0.003295,-0.161501,-0.47157,0.035813,-0.204827,-0.790447,0.160031
20.9,0,0,0,-0.000811,0.078776,-0.002876,-0.001272,0.27505,0.016172,0.003917,0.493711,0.017424,-0.013587,0.643484,0.000672,0.040079,0.425522,0.022334,0.143839,0.40335,0.033094,0.22063,0.138468,0.052702,0.210088,-0.078363,-0.050714,-0.035536,0.427321,0.021584,-0.141427,0.417447,0.029538,-0.225821,0.154865,0.048826,-0.226903,-0.062201,-0.054629,0.094603,0.000855,-0.003304,0.137846,-0.467381,0.074165,0.16022,-0.784297,0.208528,-0.094602,-0.000854,0.003304,-0.161514,-0.471585,0.035718,-0.20484,-0.79045,0.159968
20.916666,0,0,0,-0.00082,0.078767,-0.002866,-0.001312,0.27503,0.016204,0.003833,0.493713,0.01748,-0.013704,0.643505,0.000754,0.040009,0.425511,0.022378,0.143774,0.403357,0.03313,0.220709,0.138513,0.052691,0.21035,-0.07834,-0.050698,-0.035607,0.427294,0.021637,-0.141494,0.417398,0.029607,-0.225815,0.154786,0.048823,-0.226784,-0.062223,-0.054751,0.094602,0.000864,-0.003312,0.137847,-0.467379,0.074113,0.160219,-0.784294,0.208479,-0.094602,-0.000864,0.003311,-0.16153,-0.471599,0.035646,-0.204855,-0.790448,0.159936
20.933333,0,0,0,-0.000828,0.07876,-0.002857,-0.00136,0.275012,0.016238,0.003718,0.493705,0.017538,-0.013843,0.643509,0.000841,0.039915,0.425504,0.022427,0.143687,0.403381,0.033177,0.220778,0.138578,0.052678,0.210608,-0.078286,-0.050705,-0.035701,0.427264,0.021689,-0.141584,0.417333,0.029672,-0.225828,0.154692,0.048818,-0.226689,-0.062277,-0.054842,0.094602,0.000876,-0.003311,0.137848,-0.467373,0.074075,0.160221,-0.784292,0.208431,-0.094602,-0.000875,0.003311,-0.161543,-0.471613,0.035579,-0.204868,-0.790443,0.159916
20.95,0,0,0,-0.000838,0.078754,-0.00285,-0.001406,0.274999,0.016265,0.003598,0.493697,0.017578,-0.014014,0.643499,0.000901,0.039818,0.425505,0.022461,0.143597,0.403417,0.033207,0.220818,0.138647,0.052644,0.210802,-0.078218,-0.050751,-0.035799,0.427239,0.021726,-0.141678,0.417265,0.029709,-0.225858,0.154598,0.048781,-0.226634,-0.062355,-0.054911,0.094602,0.000887,-0.003301,0.137846,-0.467368,0.074047,0.16021,-0.784294,0.208389,-0.094603,-0.000887,0.0033,-0.161555,-0.471626,0.035519,-0.204898,-0.790439,0.159896
20.966666,0,0,0,-0.000847,0.078751,-0.002843,-0.001436,0.27499,0.016285,0.003508,0.4937,0.017606,-0.014138,0.64351,0.000945,0.039746,0.425507,0.022488,0.143533,0.403453,0.033239,0.220842,0.138705,0.052617,0.210958,-0.078142,-0.050828,-0.035871,0.427221,0.021751,-0.141745,0.417201,0.029739,-0.225874,0.154513,0.048744,-0.226609,-0.062435,-0.05496,0.094602,0.000899,-0.003288,0.137846,-0.467363,0.074024,0.160199,-0.784296,0.20835,-0.094603,-0.000899,0.003289,-0.161559,-0.471639,0.035481,-0.20492,-0.790441,0.159879
20.983333,0,0,0,-0.00086,0.078765,-0.00284,-0.001471,0.275017,0.016301,0.003433,0.493743,0.017622,-0.014266,0.643565,0.000987,0.039684,0.425542,0.022504,0.143473,0.403501,0.033252,0.22085,0.138767,0.052553,0.211065,-0.078053,-0.05096,-0.035934,0.427242,0.021767,-0.141804,0.417186,0.029758,-0.225866,0.154473,0.048717,-0.226613,-0.062522,-0.054889,0.094603,0.000916,-0.003275,0.137845,-0.467351,0.074006,0.16019,-0.784301,0.208295,-0.094602,-0.000915,0.003274,-0.16158,-0.471654,0.035443,-0.204972,-0.790433,0.159891
21,0,0,0,-0.000869,0.078757,-0.002837,-0.001522,0.275001,0.016307,0.003333,0.493773,0.01765,-0.014385,0.643641,0.001051,0.039599,0.425535,0.022521,0.143393,0.403512,0.033266,0.220859,0.138799,0.052501,0.211152,-0.077975,-0.051113,-0.036019,0.427217,0.021792,-0.141887,0.417135,0.02978,-0.225879,0.154392,0.048636,-0.226598,-0.062606,-0.054963,0.094603,0.000927,-0.003266,0.137852,-0.467344,0.07399,0.160193,-0.784298,0.208268,-0.094603,-0.000927,0.003266,-0.161592,-0.471665,0.035425,-0.205003,-0.790431,0.159896
21.016666,0,0,0,-0.000876,0.078759,-0.002836,-0.00156,0.275005,0.016304,0.003256,0.493808,0.017662,-0.014469,0.643711,0.001093,0.039534,0.425545,0.022526,0.143329,0.403533,0.033275,0.220839,0.138828,0.052442,0.211196,-0.077903,-0.051271,-0.036085,0.427214,0.021803,-0.141951,0.417105,0.029786,-0.225878,0.154334,0.048532,-0.226584,-0.062671,-0.055054,0.094603,0.000934,-0.003268,0.137858,-0.467339,0.073968,0.160203,-0.7843,0.20823,-0.094603,-0.000934,0.003267,-0.161601,-0.471673,0.035404,-0.205018,-0.790437,0.159879
21.033333,0,0,0,-0.000884,0.078763,-0.002837,-0.001612,0.275014,0.016297,0.003155,0.493828,0.01767,-0.014552,0.643748,0.001144,0.039449,0.425563,0.022523,0.143247,0.40356,0.033263,0.220805,0.138863,0.052353,0.211238,-0.077829,-0.051447,-0.03617,0.427215,0.02181,-0.142034,0.417079,0.029794,-0.225872,0.154272,0.048429,-0.226557,-0.062736,-0.05515,0.094603,0.000943,-0.003272,0.137875,-0.467331,0.073947,0.160237,-0.7843,0.208187,-0.094602,-0.000944,0.003272,-0.161604,-0.471683,0.035389,-0.205026,-0.790439,0.159884
21.05,0,0,0,-0.000894,0.078771,-0.002839,-0.001676,0.275031,0.016288,0.003037,0.493859,0.01767,-0.014651,0.643798,0.001186,0.039348,0.42559,0.022512,0.14315,0.403591,0.033233,0.220738,0.138897,0.052237,0.211254,-0.077764,-0.051636,-0.036271,0.427223,0.021817,-0.142133,0.41707,0.029802,-0.225887,0.154228,0.048328,-0.226518,-0.062769,-0.055274,0.094602,0.000955,-0.003281,0.137887,-0.46732,0.073927,0.160258,-0.784294,0.208153,-0.094603,-0.000955,0.00328,-0.161613,-0.471694,0.035382,-0.205043,-0.790447,0.159881
21.066666,0,0,0,-0.000904,0.078772,-0.00284,-0.001739,0.275032,0.01629,0.002921,0.493863,0.017689,-0.014719,0.643816,0.001262,0.03925,0.425601,0.022518,0.143055,0.403602,0.033209,0.220657,0.138906,0.052118,0.21123,-0.07773,-0.051813,-0.03637,0.427216,0.021838,-0.142231,0.417057,0.029824,-0.225941,0.154193,0.048241,-0.226509,-0.062788,-0.055396,0.094602,0.000967,-0.003288,0.1379,-0.467309,0.073909,0.160285,-0.78429,0.208117,-0.094602,-0.000967,0.003289,-0.161619,-0.471706,0.035378,-0.20506,-0.79046,0.159872
21.083333,0,0,0,-0.000916,0.078774,-0.002842,-0.0018,0.275037,0.016291,0.002816,0.493872,0.017699,-0.014767,0.643841,0.001322,0.039161,0.425614,0.022513,0.142968,0.403609,0.033163,0.220559,0.1389,0.051957,0.211153,-0.077714,-0.052019,-0.03646,0.427213,0.021858,-0.14232,0.417053,0.029862,-0.226007,0.154173,0.048149,-0.226517,-0.062769,-0.055569,0.094601,0.00098,-0.003314,0.137906,-0.467295,0.073883,0.160312,-0.784281,0.208074,-0.094601,-0.000981,0.003313,-0.161619,-0.471723,0.03536,-0.205048,-0.790483,0.159842
21.1,0,0,0,-0.000934,0.078775,-0.002844,-0.001866,0.275037,0.016299,0.002711,0.493901,0.017718,-0.014796,0.643912,0.001392,0.039069,0.425621,0.022518,0.142877,0.403597,0.033125,0.22044,0.138872,0.051792,0.211035,-0.077719,-0.052235,-0.036552,0.427207,0.021883,-0.14241,0.41706,0.029925,-0.226075,0.154163,0.048069,-0.226539,-0.062725,-0.055761,0.0946,0.001002,-0.003332,0.137925,-0.467276,0.073837,0.160357,-0.784286,0.207969,-0.0946,-0.001002,0.003331,-0.161628,-0.471746,0.035324,-0.205057,-0.7905,0.159819
21.116666,0,0,0,-0.000944,0.078775,-0.002843,-0.001919,0.275035,0.016312,0.002629,0.493923,0.017766,-0.014815,0.643969,0.001485,0.038997,0.425624,0.022549,0.142805,0.403591,0.033126,0.220324,0.138844,0.051668,0.210899,-0.077713,-0.052427,-0.036625,0.427199,0.021926,-0.142481,0.41705,0.029993,-0.226131,0.154142,0.048049,-0.226538,-0.062696,-0.055887,0.094599,0.001013,-0.003346,0.13794,-0.467265,0.073814,0.160395,-0.784283,0.207922,-0.0946,-0.001013,0.003345,-0.161625,-0.47176,0.035298,-0.205055,-0.790515,0.159793
21.133333,0,0,0,-0.000955,0.078776,-0.002843,-0.001968,0.275037,0.01632,0.002551,0.49394,0.017791,-0.01485,0.64401,0.001541,0.038929,0.42563,0.022558,0.142738,0.403587,0.033109,0.220192,0.138816,0.051568,0.21071,-0.077703,-0.052602,-0.036693,0.427195,0.021957,-0.142546,0.417047,0.030056,-0.226169,0.154127,0.048058,-0.226531,-0.062671,-0.055963,0.094598,0.001025,-0.003365,0.137956,-0.467252,0.073789,0.160434,-0.784276,0.20788,-0.094599,-0.001025,0.003364,-0.161627,-0.471774,0.035277,-0.205063,-0.790531,0.159766
21.15,0,0,0,-0.000965,0.078775,-0.002842,-0.002017,0.275033,0.016337,0.002471,0.493947,0.017832,-0.014886,0.644036,0.001618,0.03886,0.425632,0.022581,0.142669,0.403578,0.033112,0.220041,0.138777,0.051505,0.210483,-0.0777,-0.052742,-0.036762,0.427186,0.022002,-0.142614,0.417041,0.030137,-0.226202,0.154107,0.0481,-0.226533,-0.062651,-0.056002,0.094597,0.001037,-0.003382,0.137959,-0.467241,0.073766,0.16045,-0.784267,0.20785,-0.094598,-0.001036,0.003382,-0.161633,-0.471788,0.035249,-0.205073,-0.790542,0.159741
21.166666,0,0,0,-0.000978,0.07877,-0.002843,-0.002065,0.275021,0.016349,0.002392,0.49394,0.017847,-0.014936,0.644041,0.001673,0.038792,0.425626,0.022584,0.1426,0.403556,0.033092,0.219877,0.138726,0.051451,0.210173,-0.077716,-0.052858,-0.03683,0.427169,0.022025,-0.142682,0.417046,0.030188,-0.226241,0.154103,0.048147,-0.226581,-0.062662,-0.05594,0.094597,0.001051,-0.003405,0.137958,-0.467229,0.073725,0.160465,-0.784264,0.207786,-0.094597,-0.001051,0.003405,-0.161655,-0.471804,0.035202,-0.205088,-0.790556,0.159704
21.183333,0,0,0,-0.000983,0.078774,-0.002841,-0.002088,0.275028,0.016363,0.00236,0.49393,0.017877,-0.014948,0.644019,0.001734,0.038764,0.425633,0.022604,0.142568,0.403543,0.033107,0.219718,0.138671,0.051404,0.209883,-0.07772,-0.052998,-0.036859,0.427174,0.022057,-0.142709,0.417057,0.030244,-0.22624,0.154105,0.048201,-0.226599,-0.062656,-0.055896,0.094596,0.001057,-0.003419,0.137969,-0.467227,0.073688,0.160498,-0.784267,0.207732,-0.094597,-0.001056,0.003419,-0.161657,-0.471811,0.035179,-0.205088,-0.790572,0.159659
21.2,0,0,0,-0.000985,0.078777,-0.002836,-0.002106,0.275034,0.016379,0.002339,0.493923,0.017899,-0.014953,0.644003,0.001772,0.038745,0.42564,0.022619,0.142545,0.40353,0.033114,0.219561,0.138618,0.051383,0.209582,-0.077726,-0.053104,-0.036878,0.427179,0.022081,-0.142727,0.417071,0.030295,-0.226251,0.154119,0.048287,-0.226617,-0.062625,-0.055844,0.094596,0.001059,-0.003434,0.137984,-0.467229,0.073636,0.160529,-0.784273,0.20767,-0.094596,-0.00106,0.003434,-0.161658,-0.471817,0.035157,-0.205089,-0.790584,0.15962
21.216666,0,0,0,-0.000988,0.078777,-0.002833,-0.002116,0.275033,0.016386,0.002321,0.493921,0.017902,-0.014981,0.643999,0.001776,0.03873,0.425641,0.022618,0.142529,0.40352,0.033102,0.219419,0.138571,0.051381,0.209283,-0.077728,-0.053182,-0.036893,0.427177,0.022093,-0.14274,0.417071,0.030332,-0.226254,0.154118,0.048365,-0.226638,-0.062627,-0.055764,0.094595,0.001062,-0.00345,0.137996,-0.467229,0.073597,0.160559,-0.784269,0.207635,-0.094595,-0.001062,0.00345,-0.161661,-0.471821,0.035135,-0.205093,-0.790601,0.159565
21.233333,0,0,0,-0.000989,0.078778,-0.00283,-0.002125,0.275033,0.016409,0.002289,0.493911,0.017933,-0.015007,0.643981,0.001817,0.038706,0.425645,0.022641,0.142505,0.40352,0.033115,0.219268,0.138536,0.051417,0.208959,-0.077727,-0.053203,-0.036917,0.427174,0.022126,-0.142761,0.417053,0.030389,-0.22625,0.154093,0.048441,-0.226683,-0.062671,-0.055648,0.094595,0.001063,-0.003463,0.138004,-0.467231,0.073558,0.16058,-0.784266,0.207605,-0.094594,-0.001064,0.003463,-0.161663,-0.471824,0.035127,-0.205099,-0.790611,0.159538
21.25,0,0,0,-0.000991,0.078779,-0.002828,-0.002126,0.275032,0.016422,0.00229,0.493902,0.017946,-0.01501,0.643962,0.001821,0.038707,0.425644,0.022647,0.142503,0.403502,0.033115,0.21912,0.138478,0.051459,0.208634,-0.077755,-0.053206,-0.036916,0.427173,0.022146,-0.142758,0.417055,0.030441,-0.226225,0.154092,0.048535,-0.226727,-0.062704,-0.055489,0.094594,0.001065,-0.003476,0.138032,-0.467229,0.073533,0.160643,-0.784259,0.207587,-0.094595,-0.001065,0.003475,-0.161674,-0.471824,0.035125,-0.205131,-0.790618,0.159511
21.266666,0,0,0,-0.000992,0.07878,-0.002823,-0.002133,0.275033,0.016444,0.002267,0.493898,0.017974,-0.015032,0.643951,0.001834,0.038691,0.425648,0.022666,0.142488,0.403504,0.033125,0.218983,0.138448,0.051512,0.208351,-0.077758,-0.053193,-0.036933,0.427171,0.022179,-0.14277,0.417043,0.030512,-0.226206,0.15407,0.048614,-0.226752,-0.062734,-0.055392,0.094594,0.001067,-0.003486,0.138054,-0.46723,0.073493,0.160694,-0.784266,0.207527,-0.094593,-0.001066,0.003486,-0.161675,-0.471827,0.035115,-0.205131,-0.790634,0.159468
21.283333,0,0,0,-0.000992,0.078769,-0.00282,-0.002135,0.275011,0.016457,0.002229,0.493898,0.017983,-0.015064,0.643969,0.001807,0.038664,0.425633,0.022666,0.142467,0.403508,0.033111,0.218855,0.138427,0.05158,0.208051,-0.077755,-0.053158,-0.036959,0.427143,0.0222,-0.142789,0.416977,0.030585,-0.226186,0.15399,0.048655,-0.226796,-0.062797,-0.055385,0.094594,0.001067,-0.003499,0.138057,-0.467231,0.07347,0.160708,-0.78426,0.207519,-0.094593,-0.001067,0.003499,-0.161688,-0.471827,0.035116,-0.20515,-0.790648,0.15943
21.3,0,0,0,-0.000991,0.078766,-0.002815,-0.002124,0.275001,0.016494,0.002215,0.493886,0.018025,-0.015067,0.643951,0.00181,0.03866,0.425627,0.022696,0.142469,0.403523,0.033121,0.218744,0.138413,0.051633,0.207791,-0.077781,-0.053065,-0.036964,0.427129,0.022251,-0.142786,0.416928,0.030687,-0.22614,0.153924,0.048723,-0.226844,-0.062884,-0.055273,0.094592,0.001064,-0.003509,0.138066,-0.467237,0.073438,0.16073,-0.784258,0.207503,-0.094593,-0.001064,0.003509,-0.16169,-0.471826,0.035091,-0.205129,-0.790665,0.159367
21.316666,0,0,0,-0.000991,0.078762,-0.00281,-0.002128,0.274991,0.016516,0.002189,0.493856,0.018047,-0.015115,0.643899,0.001838,0.038642,0.42562,0.022711,0.142454,0.403517,0.033106,0.218645,0.138387,0.051678,0.207568,-0.077832,-0.052956,-0.036982,0.427115,0.022281,-0.142801,0.416899,0.030739,-0.226134,0.153888,0.048767,-0.226875,-0.062925,-0.055219,0.094592,0.001064,-0.003516,0.138069,-0.467242,0.073397,0.160744,-0.784268,0.20745,-0.094593,-0.001064,0.003517,-0.161698,-0.471827,0.035069,-0.205145,-0.790673,0.159325
21.333333,0,0,0,-0.000989,0.078759,-0.002805,-0.002117,0.274983,0.016536,0.00218,0.493855,0.018058,-0.015169,0.6439,0.001855,0.03864,0.425617,0.022713,0.142457,0.403519,0.03308,0.218579,0.138374,0.051713,0.207376,-0.077884,-0.052827,-0.036984,0.427105,0.022304,-0.1428,0.416871,0.030786,-0.226117,0.153855,0.048804,-0.226916,-0.062967,-0.055162,0.094592,0.001062,-0.003528,0.138066,-0.467248,0.073361,0.160743,-0.784272,0.207417,-0.094593,-0.001061,0.003527,-0.161706,-0.471825,0.035039,-0.205144,-0.790678,0.159281
21.35,0,0,0,-0.000989,0.078751,-0.002799,-0.002114,0.274966,0.016551,0.002172,0.493845,0.018063,-0.015204,0.643893,0.001845,0.038637,0.425602,0.022712,0.142456,0.403503,0.03305,0.218523,0.138345,0.051739,0.207219,-0.077953,-0.052707,-0.036988,0.427085,0.022322,-0.142799,0.416835,0.030841,-0.226095,0.153812,0.04885,-0.226952,-0.063006,-0.055125,0.094592,0.001062,-0.003536,0.138071,-0.467253,0.073319,0.160756,-0.78428,0.207366,-0.094592,-0.001062,0.003536,-0.161709,-0.471828,0.035002,-0.205143,-0.790689,0.159225
21.366666,0,0,0,-0.000989,0.078746,-0.002794,-0.002112,0.274956,0.016563,0.002152,0.493835,0.018071,-0.01525,0.643877,0.001833,0.038626,0.425596,0.022712,0.142448,0.403505,0.033027,0.218487,0.138343,0.051768,0.207132,-0.077995,-0.052588,-0.036999,0.427072,0.022341,-0.142805,0.416798,0.030899,-0.226069,0.153762,0.048867,-0.22698,-0.063041,-0.055138,0.094591,0.001062,-0.003542,0.138071,-0.467259,0.073275,0.160755,-0.784288,0.207319,-0.094592,-0.001062,0.003542,-0.161711,-0.471832,0.034953,-0.205141,-0.790695,0.159172
21.383333,0,0,0,-0.000989,0.078742,-0.00279,-0.00211,0.274947,0.01657,0.002133,0.493835,0.01806,-0.015331,0.643876,0.001796,0.038613,0.425592,0.022698,0.142439,0.403507,0.032998,0.218449,0.138343,0.051827,0.207059,-0.078041,-0.052432,-0.037012,0.42706,0.022344,-0.142813,0.416766,0.030934,-0.226044,0.153718,0.048889,-0.226992,-0.063079,-0.055127,0.094591,0.001063,-0.003553,0.138073,-0.467263,0.073232,0.160758,-0.784287,0.207289,-0.094591,-0.001062,0.003553,-0.161713,-0.471836,0.034909,-0.205138,-0.790697,0.159132
21.4,0,0,0,-0.000992,0.078741,-0.002785,-0.002124,0.274943,0.016587,0.002089,0.493829,0.018073,-0.015403,0.643859,0.001772,0.03858,0.425594,0.022707,0.14241,0.403522,0.032994,0.218418,0.138362,0.051883,0.207025,-0.07806,-0.052296,-0.037045,0.427052,0.022364,-0.142842,0.416735,0.030976,-0.226051,0.15368,0.048921,-0.227024,-0.063102,-0.055127,0.094591,0.001065,-0.00356,0.138072,-0.467265,0.073202,0.160757,-0.784288,0.207259,-0.094591,-0.001065,0.00356,-0.161712,-0.471841,0.034871,-0.205127,-0.7907,0.159103
21.416666,0,0,0,-0.000995,0.078732,-0.002782,-0.002144,0.274925,0.016599,0.002034,0.493811,0.018081,-0.015488,0.643833,0.001749,0.038537,0.425583,0.022712,0.14237,0.403523,0.032993,0.2184,0.138373,0.051925,0.207033,-0.078085,-0.052183,-0.037089,0.427028,0.022377,-0.142883,0.416688,0.030997,-0.226061,0.153622,0.048927,-0.227027,-0.063149,-0.055143,0.094591,0.001069,-0.003567,0.138069,-0.467263,0.073183,0.160755,-0.784287,0.20724,-0.094591,-0.001069,0.003566,-0.161716,-0.471847,0.034849,-0.205126,-0.79071,0.159074
21.433333,0,0,0,-0.001,0.078735,-0.002775,-0.002172,0.274927,0.016633,0.001964,0.493813,0.018133,-0.015578,0.643829,0.00177,0.038479,0.425592,0.022759,0.142315,0.403549,0.033045,0.218395,0.138412,0.051965,0.207105,-0.078077,-0.052086,-0.037147,0.427023,0.022424,-0.142938,0.41665,0.031039,-0.226076,0.153568,0.048932,-0.227018,-0.063203,-0.055139,0.09459,0.001076,-0.003574,0.138062,-0.467258,0.073169,0.160754,-0.784284,0.207217,-0.09459,-0.001076,0.003575,-0.161709,-0.471857,0.034816,-0.205081,-0.790724,0.159044
21.45,0,0,0,-0.001011,0.078729,-0.002765,-0.002216,0.274913,0.016667,0.001876,0.49381,0.018179,-0.015682,0.643832,0.001783,0.038405,0.425585,0.022802,0.142244,0.40356,0.0331,0.218384,0.138439,0.052017,0.207177,-0.078062,-0.052017,-0.037221,0.427001,0.022463,-0.14301,0.416603,0.031074,-0.226121,0.153511,0.048941,-0.227018,-0.063254,-0.055142,0.094589,0.001088,-0.003583,0.138062,-0.467246,0.07316,0.16076,-0.784273,0.207207,-0.09459,-0.001089,0.003584,-0.1617,-0.471873,0.034795,-0.205055,-0.790741,0.159027
21.466666,0,0,0,-0.001019,0.078721,-0.002759,-0.002257,0.274895,0.016702,0.001781,0.493798,0.018237,-0.015785,0.64382,0.001806,0.038325,0.425577,0.022862,0.142165,0.403577,0.033197,0.218377,0.138475,0.052093,0.207303,-0.078027,-0.051954,-0.037301,0.426974,0.022505,-0.143087,0.416543,0.031112,-0.226154,0.153434,0.048942,-0.22702,-0.063331,-0.055141,0.094589,0.001098,-0.003579,0.138061,-0.467235,0.073172,0.160759,-0.784266,0.207209,-0.09459,-0.001098,0.003578,-0.161694,-0.471883,0.034803,-0.205044,-0.790757,0.159019
21.483333,0,0,0,-0.001031,0.078721,-0.002744,-0.002313,0.27489,0.016745,0.001675,0.493805,0.018301,-0.015926,0.643829,0.00183,0.038233,0.425581,0.022929,0.142074,0.4036,0.033297,0.218377,0.138523,0.052177,0.207441,-0.077974,-0.051895,-0.037393,0.426961,0.022553,-0.143179,0.416504,0.03114,-0.226207,0.153381,0.048922,-0.22703,-0.063388,-0.055156,0.09459,0.001114,-0.003576,0.138066,-0.467221,0.073156,0.160764,-0.78425,0.207199,-0.09459,-0.001114,0.003576,-0.161686,-0.471901,0.034788,-0.205029,-0.790779,0.158997
21.5,0,0,0,-0.001042,0.078715,-0.002731,-0.002363,0.274875,0.016788,0.001578,0.493799,0.018375,-0.016042,0.643824,0.001852,0.038149,0.425573,0.02301,0.141989,0.403611,0.033422,0.218376,0.138557,0.052273,0.20759,-0.077929,-0.051839,-0.037478,0.426938,0.022602,-0.143264,0.416448,0.031142,-0.226258,0.153313,0.04892,-0.227046,-0.063462,-0.055144,0.09459,0.001128,-0.003566,0.13807,-0.46721,0.073146,0.160763,-0.784239,0.207189,-0.09459,-0.001127,0.003566,-0.161673,-0.471915,0.03479,-0.20501,-0.790793,0.159003
21.516666,0,0,0,-0.001052,0.078713,-0.002719,-0.002414,0.274867,0.016831,0.001481,0.493802,0.018442,-0.016155,0.64383,0.001873,0.038064,0.425573,0.023087,0.141904,0.403637,0.033552,0.218404,0.138612,0.052359,0.207743,-0.077852,-0.051809,-0.037563,0.426922,0.022644,-0.143349,0.416398,0.031137,-0.226302,0.153249,0.048901,-0.227052,-0.06353,-0.055156,0.09459,0.001142,-0.003558,0.138079,-0.4672,0.073127,0.160773,-0.784238,0.207148,-0.09459,-0.001141,0.003559,-0.16165,-0.471933,0.034773,-0.204971,-0.790811,0.158991
21.533333,0,0,0,-0.001063,0.078708,-0.002709,-0.002473,0.274853,0.016862,0.001363,0.493805,0.0185,-0.01629,0.643843,0.001896,0.037962,0.425569,0.023154,0.141804,0.403665,0.033671,0.218415,0.138668,0.052412,0.207918,-0.077764,-0.051841,-0.037665,0.426898,0.022676,-0.143452,0.41634,0.031124,-0.226363,0.153177,0.048857,-0.227059,-0.063613,-0.055178,0.09459,0.001155,-0.00355,0.138079,-0.467193,0.073098,0.160766,-0.784237,0.207106,-0.094591,-0.001154,0.003551,-0.161646,-0.471948,0.034743,-0.204967,-0.790822,0.158972
21.55,0,0,0,-0.001073,0.078703,-0.002701,-0.002532,0.274843,0.016882,0.001246,0.493805,0.018535,-0.016422,0.64385,0.001911,0.03786,0.425569,0.023203,0.141703,0.403695,0.033771,0.21843,0.138728,0.052466,0.208102,-0.077685,-0.051843,-0.037767,0.426878,0.022687,-0.143555,0.416293,0.031075,-0.226435,0.153117,0.048777,-0.227064,-0.063691,-0.055221,0.094591,0.001169,-0.003528,0.138086,-0.467187,0.073069,0.160756,-0.784233,0.207076,-0.094591,-0.001168,0.003527,-0.161629,-0.471965,0.034705,-0.204951,-0.790828,0.158962
21.566666,0,0,0,-0.001083,0.0787,-0.002695,-0.002592,0.274835,0.016897,0.001128,0.493809,0.018548,-0.016571,0.643855,0.001864,0.037758,0.425572,0.023234,0.1416,0.403725,0.033867,0.218426,0.138786,0.052542,0.208272,-0.077609,-0.051822,-0.03787,0.42686,0.022683,-0.143659,0.416248,0.031029,-0.226505,0.15306,0.048704,-0.227075,-0.063766,-0.055257,0.094592,0.001182,-0.0035,0.138096,-0.467181,0.07305,0.16075,-0.784227,0.207058,-0.094592,-0.001183,0.0035,-0.161616,-0.471982,0.034668,-0.204941,-0.790832,0.158956
21.583333,0,0,0,-0.001094,0.078703,-0.002691,-0.002657,0.27484,0.016906,0.00099,0.493803,0.018555,-0.016724,0.643831,0.001841,0.03764,0.42559,0.023262,0.141483,0.40378,0.03396,0.218418,0.138871,0.052626,0.20845,-0.077514,-0.051774,-0.037987,0.426854,0.022671,-0.143777,0.416211,0.030971,-0.226586,0.153009,0.048615,-0.22709,-0.063838,-0.055303,0.094593,0.001197,-0.003466,0.138104,-0.467171,0.073049,0.16074,-0.784222,0.207049,-0.094593,-0.001197,0.003467,-0.161603,-0.471998,0.03464,-0.204936,-0.790831,0.158969
21.6,0,0,0,-0.001105,0.078698,-0.002687,-0.002705,0.274829,0.016914,0.000882,0.493789,0.018554,-0.01686,0.643805,0.001803,0.037548,0.42559,0.02328,0.141393,0.403816,0.03403,0.218419,0.138935,0.052723,0.20859,-0.077434,-0.051723,-0.03808,0.426834,0.022656,-0.143868,0.416155,0.030922,-0.226628,0.152935,0.048527,-0.227091,-0.063925,-0.055361,0.094594,0.001211,-0.003427,0.138114,-0.467163,0.073043,0.160732,-0.784221,0.20703,-0.094595,-0.001211,0.003427,-0.161587,-0.472014,0.034604,-0.204931,-0.790832,0.158969
21.616666,0,0,0,-0.001114,0.078698,-0.002684,-0.002741,0.274829,0.016918,0.000795,0.493789,0.018548,-0.016981,0.643797,0.001773,0.037474,0.4256,0.023294,0.141321,0.403857,0.034093,0.218438,0.139004,0.052803,0.208738,-0.077354,-0.05168,-0.038153,0.426826,0.022636,-0.143941,0.416111,0.030862,-0.226641,0.152869,0.048415,-0.227073,-0.063997,-0.055461,0.094595,0.001222,-0.00339,0.138127,-0.467155,0.073053,0.160732,-0.78422,0.207025,-0.094596,-0.001223,0.00339,-0.161567,-0.472029,0.034564,-0.204922,-0.790835,0.158955
21.633333,0,0,0,-0.001122,0.078704,-0.002679,-0.00276,0.274841,0.016918,0.000769,0.493805,0.018529,-0.017061,0.643806,0.001714,0.037449,0.425614,0.023299,0.141292,0.40388,0.03415,0.218479,0.13905,0.052893,0.208886,-0.077301,-0.051614,-0.038178,0.426837,0.022605,-0.14397,0.416115,0.030781,-0.226626,0.152858,0.048317,-0.227018,-0.064019,-0.055537,0.094597,0.001235,-0.003348,0.138153,-0.46715,0.073034,0.160747,-0.784224,0.206987,-0.094596,-0.001235,0.003349,-0.161528,-0.472047,0.034522,-0.204875,-0.790843,0.158941
21.65,0,0,0,-0.001128,0.078701,-0.002676,-0.002791,0.274835,0.01692,0.000697,0.493802,0.018522,-0.017185,0.643797,0.001692,0.037387,0.425616,0.023309,0.141232,0.403909,0.034197,0.218508,0.13911,0.053001,0.209018,-0.077233,-0.051532,-0.03824,0.426826,0.022587,-0.144032,0.416073,0.030714,-0.226659,0.152801,0.048164,-0.226989,-0.064072,-0.0557,0.094598,0.001244,-0.003322,0.138169,-0.467142,0.073045,0.160751,-0.784213,0.207008,-0.094597,-0.001243,0.003323,-0.1615,-0.47206,0.034499,-0.204835,-0.790844,0.158953
21.666666,0,0,0,-0.001136,0.078699,-0.002672,-0.002824,0.274829,0.016953,0.000623,0.493733,0.018586,-0.017343,0.643665,0.00185,0.037325,0.425616,0.023371,0.141175,0.403925,0.034253,0.21855,0.139156,0.053079,0.209144,-0.077176,-0.051483,-0.038302,0.426813,0.022634,-0.144095,0.416031,0.030706,-0.226689,0.152739,0.048028,-0.226955,-0.064131,-0.055841,0.094598,0.001253,-0.003301,0.138189,-0.467137,0.073035,0.160765,-0.784215,0.206981,-0.094598,-0.001253,0.0033,-0.161473,-0.472074,0.03447,-0.204789,-0.790854,0.158939
21.683333,0,0,0,-0.001141,0.07868,-0.002672,-0.002857,0.27479,0.016951,0.00053,0.493718,0.01856,-0.017526,0.643669,0.001875,0.03725,0.425589,0.023358,0.141101,0.403919,0.034261,0.218585,0.139187,0.053161,0.209252,-0.077145,-0.051408,-0.038378,0.426764,0.022609,-0.144169,0.415932,0.03064,-0.226721,0.152619,0.047827,-0.226979,-0.064258,-0.05603,0.094599,0.001261,-0.003283,0.138197,-0.467129,0.073047,0.16077,-0.784219,0.206965,-0.094599,-0.00126,0.003284,-0.161461,-0.472083,0.034453,-0.204763,-0.790867,0.158919
21.7,0,0,0,-0.001146,0.078672,-0.002671,-0.002891,0.274774,0.016952,0.000465,0.49371,0.018544,-0.017598,0.643663,0.001825,0.037193,0.425579,0.023357,0.141043,0.403918,0.034288,0.218607,0.139212,0.053232,0.209385,-0.077144,-0.051297,-0.038434,0.426744,0.022589,-0.144226,0.415891,0.030589,-0.226749,0.152565,0.047709,-0.226964,-0.064327,-0.056115,0.094599,0.001267,-0.003269,0.138209,-0.467126,0.07303,0.160774,-0.784219,0.206945,-0.094599,-0.001268,0.003269,-0.161454,-0.472092,0.034436,-0.204757,-0.790881,0.158887
21.716666,0,0,0,-0.001152,0.078664,-0.002671,-0.002921,0.274757,0.016947,0.000407,0.493706,0.018522,-0.017659,0.643669,0.001784,0.037143,0.425568,0.023347,0.140993,0.403918,0.034301,0.218622,0.139235,0.053296,0.209513,-0.077162,-0.051158,-0.038485,0.426723,0.022565,-0.144276,0.415853,0.030537,-0.226787,0.152519,0.047611,-0.226944,-0.064365,-0.056228,0.094599,0.001275,-0.003263,0.138216,-0.467122,0.073017,0.160784,-0.784215,0.206927,-0.0946,-0.001274,0.003263,-0.161449,-0.472099,0.034425,-0.204757,-0.790883,0.158887
21.733333,0,0,0,-0.001157,0.078659,-0.00267,-0.002951,0.274749,0.016936,0.000346,0.493696,0.018486,-0.017719,0.643654,0.001721,0.037091,0.425566,0.023323,0.140943,0.40393,0.034295,0.218639,0.139272,0.053349,0.209668,-0.077181,-0.051003,-0.038536,0.42671,0.022533,-0.144327,0.415819,0.030488,-0.226817,0.152477,0.047526,-0.226918,-0.064394,-0.056342,0.094599,0.00128,-0.003258,0.138232,-0.46712,0.07299,0.160806,-0.784214,0.206899,-0.094599,-0.00128,0.003259,-0.161439,-0.472108,0.0344,-0.204752,-0.790897,0.158848
21.75,0,0,0,-0.001161,0.078651,-0.00267,-0.002977,0.274734,0.016929,0.000294,0.493688,0.018457,-0.017775,0.643649,0.001675,0.037047,0.425556,0.023301,0.140899,0.403928,0.034279,0.218634,0.139286,0.053407,0.209776,-0.077232,-0.050819,-0.038581,0.426691,0.022509,-0.14437,0.415782,0.030462,-0.226839,0.152431,0.047467,-0.226903,-0.064423,-0.056435,0.094599,0.001286,-0.003256,0.138248,-0.467118,0.072961,0.160831,-0.784209,0.206875,-0.094599,-0.001286,0.003257,-0.161432,-0.472116,0.034381,-0.204742,-0.790898,0.158847
21.766666,0,0,0,-0.001164,0.078641,-0.00267,-0.002994,0.274714,0.016924,0.000254,0.49368,0.018424,-0.017823,0.643649,0.00162,0.037015,0.425541,0.023272,0.140869,0.403915,0.034236,0.218631,0.139286,0.053444,0.209856,-0.0773,-0.050646,-0.038613,0.426669,0.02249,-0.144399,0.415743,0.03046,-0.226857,0.152388,0.047455,-0.22689,-0.064436,-0.05651,0.094599,0.001291,-0.003248,0.138267,-0.467117,0.07293,0.160852,-0.784209,0.206843,-0.094599,-0.00129,0.003248,-0.161411,-0.472124,0.034348,-0.204716,-0.790905,0.158821
21.783333,0,0,0,-0.001167,0.078649,-0.002669,-0.003007,0.274731,0.016917,0.000233,0.493693,0.018374,-0.017889,0.643647,0.001519,0.036997,0.425561,0.023226,0.140852,0.403926,0.034165,0.218624,0.139309,0.05348,0.209919,-0.077368,-0.050427,-0.038631,0.426685,0.022464,-0.144414,0.415764,0.030471,-0.226865,0.15241,0.047519,-0.226868,-0.064399,-0.056477,0.0946,0.001293,-0.003237,0.138289,-0.46712,0.072897,0.160878,-0.784216,0.206798,-0.0946,-0.001294,0.003237,-0.161382,-0.472133,0.034329,-0.204676,-0.790909,0.158817
21.8,0,0,0,-0.001169,0.078629,-0.00267,-0.003028,0.274691,0.016906,0.000152,0.493669,0.018318,-0.017984,0.643632,0.001424,0.036937,0.425533,0.023169,0.140803,0.403928,0.034061,0.218628,0.139337,0.053526,0.209931,-0.077422,-0.050211,-0.038692,0.426636,0.022436,-0.144467,0.415674,0.030496,-0.226902,0.152313,0.047512,-0.226872,-0.064442,-0.056596,0.0946,0.001298,-0.00322,0.138303,-0.467118,0.072893,0.160883,-0.784211,0.206803,-0.0946,-0.001297,0.003221,-0.16136,-0.47214,0.034294,-0.204652,-0.790905,0.158813
21.816666,0,0,0,-0.001169,0.078624,-0.002671,-0.003027,0.274683,0.016896,0.000118,0.493656,0.018258,-0.018042,0.643606,0.001335,0.036916,0.425534,0.023104,0.140793,0.403946,0.033931,0.218648,0.139374,0.05354,0.209912,-0.077476,-0.050003,-0.038713,0.426624,0.022412,-0.14448,0.415635,0.030547,-0.226899,0.152272,0.047609,-0.226881,-0.064463,-0.056543,0.094601,0.001299,-0.003205,0.138321,-0.467119,0.072885,0.160899,-0.784212,0.206794,-0.094601,-0.001298,0.003205,-0.16133,-0.472147,0.034254,-0.204611,-0.790895,0.15882
21.833333,0,0,0,-0.00117,0.078619,-0.002673,-0.003032,0.274674,0.016886,6.60E-05,0.493637,0.018194,-0.01812,0.64357,0.001246,0.036883,0.425534,0.023031,0.140773,0.403969,0.033773,0.218665,0.139419,0.053533,0.209857,-0.077526,-0.049806,-0.038747,0.426608,0.02239,-0.144503,0.415589,0.030616,-0.226898,0.152223,0.04774,-0.226896,-0.064489,-0.056459,0.094601,0.001299,-0.003198,0.138337,-0.467119,0.072879,0.160914,-0.784216,0.206779,-0.094601,-0.0013,0.003197,-0.161299,-0.472156,0.034212,-0.204562,-0.790884,0.158834
21.85,0,0,0,-0.001173,0.07861,-0.002675,-0.003038,0.274657,0.016878,2.00E-05,0.493628,0.018132,-0.018197,0.643563,0.001153,0.036854,0.425526,0.022957,0.140757,0.40398,0.033611,0.218683,0.139452,0.053528,0.209774,-0.077588,-0.049601,-0.038777,0.426586,0.022373,-0.144523,0.41554,0.030701,-0.226873,0.152166,0.047914,-0.226878,-0.064524,-0.05633,0.094601,0.001302,-0.003193,0.138356,-0.467115,0.072882,0.16094,-0.78422,0.206763,-0.094601,-0.001303,0.003192,-0.161265,-0.472167,0.034149,-0.204506,-0.790875,0.158831
21.866666,0,0,0,-0.001174,0.078609,-0.002676,-0.003037,0.274655,0.016874,-1.50E-05,0.493632,0.018088,-0.018267,0.643562,0.001068,0.036834,0.425532,0.022896,0.140749,0.404004,0.033468,0.2187,0.139492,0.053487,0.209706,-0.077624,-0.049477,-0.038797,0.426579,0.022371,-0.144532,0.415512,0.030809,-0.226834,0.152129,0.048129,-0.226859,-0.064545,-0.056148,0.094602,0.001305,-0.003188,0.138381,-0.46711,0.07288,0.160972,-0.784219,0.206751,-0.094601,-0.001304,0.003188,-0.161233,-0.472177,0.034094,-0.204458,-0.790868,0.158823
21.883333,0,0,0,-0.001175,0.078611,-0.002679,-0.003044,0.274659,0.01686,-6.70E-05,0.493636,0.018036,-0.018375,0.643551,0.000951,0.0368,0.425546,0.022826,0.140724,0.404033,0.033337,0.218671,0.139525,0.053432,0.209605,-0.077644,-0.049412,-0.038832,0.426577,0.022361,-0.144556,0.415489,0.030909,-0.226802,0.152099,0.048379,-0.226854,-0.064579,-0.055892,0.094601,0.001306,-0.003196,0.138393,-0.467105,0.072893,0.160997,-0.784217,0.206755,-0.094601,-0.001306,0.003196,-0.161208,-0.472184,0.034075,-0.204411,-0.790867,0.158832
21.9,0,0,0,-0.001177,0.078621,-0.002687,-0.003052,0.274683,0.016834,-0.000121,0.493656,0.017991,-0.018501,0.64355,0.000837,0.036765,0.425578,0.022756,0.140696,0.404079,0.033222,0.218612,0.139564,0.053348,0.209516,-0.07764,-0.049419,-0.038868,0.426593,0.022353,-0.144585,0.415519,0.031003,-0.226787,0.152134,0.048763,-0.226811,-0.064552,-0.055489,0.094601,0.001307,-0.003212,0.138394,-0.467097,0.07292,0.161009,-0.784211,0.206774,-0.0946,-0.001308,0.003212,-0.161187,-0.472189,0.034086,-0.204352,-0.790885,0.158823
21.916666,0,0,0,-0.00118,0.078616,-0.002692,-0.003069,0.274673,0.016824,-0.000213,0.493646,0.017964,-0.018622,0.643531,0.000767,0.036698,0.425582,0.022715,0.140641,0.404118,0.033141,0.218563,0.139605,0.053265,0.20944,-0.077604,-0.049491,-0.038935,0.426571,0.02235,-0.144641,0.415444,0.031064,-0.226773,0.152049,0.048987,-0.226859,-0.064699,-0.055137,0.0946,0.001309,-0.003234,0.138382,-0.467088,0.072947,0.161006,-0.784201,0.206802,-0.094599,-0.001309,0.003235,-0.161196,-0.472187,0.034137,-0.204351,-0.7909,0.158835
21.933333,0,0,0,-0.001185,0.078616,-0.002697,-0.003098,0.274673,0.016807,-0.000309,0.493645,0.017928,-0.018765,0.64352,0.00072,0.036626,0.425595,0.022668,0.140578,0.404153,0.033051,0.218506,0.13964,0.053159,0.209358,-0.077553,-0.049626,-0.039007,0.42656,0.022337,-0.144706,0.415399,0.031105,-0.226737,0.151986,0.049234,-0.226895,-0.06485,-0.054705,0.094598,0.001314,-0.003266,0.138366,-0.467075,0.072969,0.161009,-0.78419,0.206817,-0.094599,-0.001314,0.003267,-0.161217,-0.472187,0.034196,-0.204369,-0.790926,0.158828
21.95,0,0,0,-0.001189,0.078621,-0.0027,-0.003116,0.274685,0.016791,-0.000376,0.493648,0.017882,-0.018887,0.643505,0.000659,0.036576,0.425617,0.022616,0.140535,0.404193,0.032959,0.218493,0.139685,0.053009,0.209279,-0.077482,-0.049828,-0.039058,0.426565,0.022316,-0.14475,0.415394,0.031148,-0.226734,0.151982,0.049497,-0.226955,-0.064895,-0.054358,0.094597,0.001317,-0.003301,0.13836,-0.467067,0.072973,0.161032,-0.784185,0.206807,-0.094597,-0.001317,0.003302,-0.161238,-0.472186,0.034247,-0.204383,-0.790957,0.158799
21.966666,0,0,0,-0.001191,0.078625,-0.002703,-0.003132,0.274694,0.016774,-0.000439,0.493653,0.017838,-0.01898,0.643498,0.000583,0.03653,0.425635,0.022566,0.140498,0.404235,0.032872,0.218504,0.139735,0.052838,0.209227,-0.077394,-0.050073,-0.039104,0.426567,0.022294,-0.14479,0.415378,0.031178,-0.226736,0.151965,0.049695,-0.227001,-0.064945,-0.054089,0.094596,0.001319,-0.003334,0.138353,-0.467062,0.072959,0.161038,-0.784176,0.206803,-0.094596,-0.00132,0.003335,-0.161261,-0.472185,0.03428,-0.204408,-0.79098,0.158771
21.983333,0,0,0,-0.001193,0.078627,-0.002706,-0.003137,0.2747,0.016753,-0.000485,0.493654,0.017783,-0.019054,0.643487,0.000501,0.036498,0.425649,0.022507,0.140478,0.40428,0.032764,0.218546,0.139791,0.052645,0.209159,-0.077275,-0.050388,-0.039136,0.426566,0.022265,-0.144815,0.415356,0.031201,-0.226728,0.151943,0.049844,-0.227053,-0.065008,-0.053856,0.094595,0.00132,-0.003363,0.138358,-0.467061,0.07293,0.161062,-0.784168,0.206787,-0.094595,-0.00132,0.003362,-0.161269,-0.472184,0.0343,-0.204409,-0.790993,0.158758
22,0,0,0,-0.001196,0.078619,-0.002708,-0.003139,0.274686,0.016726,-0.00052,0.493649,0.017714,-0.019128,0.643478,0.000367,0.036476,0.425643,0.022429,0.140466,0.404299,0.03264,0.218599,0.139824,0.052434,0.209099,-0.077179,-0.050721,-0.039158,0.426548,0.02223,-0.14483,0.415321,0.031231,-0.226718,0.151907,0.049973,-0.227127,-0.065074,-0.053665,0.094594,0.001322,-0.003388,0.138363,-0.467057,0.072909,0.16108,-0.784159,0.206776,-0.094594,-0.001321,0.003388,-0.161267,-0.472187,0.034316,-0.204392,-0.791004,0.158757
22.016666,0,0,0,-0.001198,0.078611,-0.00271,-0.003138,0.274673,0.016714,-0.000545,0.493655,0.017682,-0.019181,0.643491,0.000279,0.036462,0.425635,0.022383,0.14046,0.40431,0.032543,0.218656,0.139846,0.052245,0.209047,-0.077111,-0.050997,-0.039172,0.426531,0.022225,-0.144836,0.415282,0.031294,-0.226695,0.151862,0.050074,-0.227193,-0.065133,-0.053534,0.094593,0.001323,-0.003408,0.138359,-0.467054,0.0729,0.161082,-0.784153,0.206773,-0.094593,-0.001324,0.003409,-0.161262,-0.472191,0.034327,-0.204371,-0.791013,0.158762
22.033333,0,0,0,-0.0012,0.078612,-0.002714,-0.003145,0.274672,0.016717,-0.000601,0.493663,0.017698,-0.019268,0.643502,0.000269,0.036424,0.425643,0.02237,0.140433,0.404342,0.032475,0.218683,0.139887,0.052076,0.208961,-0.077021,-0.051259,-0.039211,0.426522,0.022261,-0.144864,0.415235,0.031402,-0.226686,0.151802,0.050177,-0.22726,-0.065189,-0.053437,0.094593,0.001326,-0.00343,0.138342,-0.467041,0.07295,0.161071,-0.784143,0.206815,-0.094592,-0.001326,0.00343,-0.161256,-0.472193,0.034356,-0.204338,-0.791012,0.158808
22.05,0,0,0,-0.001202,0.078611,-0.002716,-0.003148,0.274671,0.016718,-0.000644,0.493658,0.017714,-0.019335,0.643488,0.000284,0.036396,0.425649,0.022362,0.140416,0.404373,0.032408,0.2187,0.139919,0.051899,0.208874,-0.076946,-0.051515,-0.039239,0.426514,0.022292,-0.144884,0.415198,0.031496,-0.22668,0.151756,0.050245,-0.227333,-0.065234,-0.053371,0.094592,0.001327,-0.003438,0.138332,-0.467032,0.072999,0.161067,-0.784137,0.206854,-0.094592,-0.001327,0.003438,-0.161243,-0.472195,0.034386,-0.204309,-0.791014,0.158842
22.066666,0,0,0,-0.001202,0.078617,-0.002718,-0.003148,0.274682,0.016724,-0.000669,0.493668,0.017742,-0.019394,0.643494,0.000315,0.036382,0.425664,0.022365,0.140409,0.404403,0.032356,0.218704,0.139944,0.051735,0.208788,-0.076885,-0.051746,-0.039254,0.42652,0.022331,-0.144893,0.415194,0.031592,-0.226668,0.151745,0.050329,-0.227357,-0.065222,-0.053337,0.094592,0.001328,-0.00344,0.138331,-0.467024,0.073042,0.161071,-0.784127,0.206902,-0.094592,-0.001327,0.00344,-0.161234,-0.472194,0.034409,-0.204294,-0.791014,0.158865
22.083333,0,0,0,-0.001201,0.078613,-0.00272,-0.003145,0.274675,0.016724,-0.000685,0.493666,0.017762,-0.019436,0.643497,0.000359,0.036374,0.42566,0.022364,0.140408,0.404409,0.032308,0.21871,0.139945,0.051576,0.208711,-0.07684,-0.051989,-0.039262,0.42651,0.02236,-0.144895,0.415174,0.031668,-0.22666,0.151718,0.050365,-0.227383,-0.065211,-0.053379,0.094592,0.001327,-0.003441,0.138328,-0.467022,0.073063,0.161068,-0.784117,0.206941,-0.094592,-0.001326,0.003441,-0.161227,-0.472193,0.034433,-0.204285,-0.791012,0.158892
22.1,0,0,0,-0.0012,0.078618,-0.002721,-0.003138,0.274686,0.01672,-0.000688,0.493673,0.017764,-0.019458,0.643499,0.000383,0.036375,0.425672,0.022354,0.140413,0.40443,0.032271,0.21873,0.139962,0.05143,0.208672,-0.076778,-0.052223,-0.039261,0.426518,0.02237,-0.144892,0.415181,0.031699,-0.226658,0.151725,0.050383,-0.227378,-0.065185,-0.053402,0.094592,0.001325,-0.003443,0.138333,-0.46702,0.073078,0.161079,-0.784116,0.206953,-0.094592,-0.001325,0.003443,-0.161215,-0.472193,0.034451,-0.204261,-0.791011,0.158918
22.116666,0,0,0,-0.001199,0.078617,-0.002723,-0.003131,0.274684,0.016717,-0.000687,0.493669,0.017769,-0.019469,0.643495,0.000416,0.036379,0.425671,0.022349,0.14042,0.404432,0.032246,0.218732,0.139956,0.051312,0.208616,-0.076744,-0.052419,-0.039257,0.426515,0.02238,-0.144887,0.415177,0.031725,-0.226648,0.151718,0.050396,-0.227354,-0.065178,-0.053416,0.094592,0.001323,-0.003447,0.138327,-0.46702,0.07309,0.161071,-0.784115,0.206968,-0.094592,-0.001324,0.003447,-0.161209,-0.47219,0.034477,-0.204238,-0.791012,0.15894
22.133333,0,0,0,-0.001198,0.078616,-0.002725,-0.003122,0.27468,0.016714,-0.000673,0.493662,0.017776,-0.019465,0.643487,0.00046,0.036392,0.425666,0.022349,0.140434,0.404427,0.032236,0.218725,0.139938,0.051215,0.208558,-0.076719,-0.0526,-0.039244,0.426512,0.022389,-0.144874,0.415177,0.031739,-0.226627,0.151715,0.0504,-0.227313,-0.065177,-0.05342,0.094591,0.001321,-0.003457,0.138324,-0.467018,0.073106,0.161069,-0.784107,0.206996,-0.094592,-0.001322,0.003457,-0.161204,-0.472188,0.034508,-0.204213,-0.791019,0.158955
22.15,0,0,0,-0.001195,0.078607,-0.002722,-0.003111,0.274662,0.016728,-0.000655,0.493646,0.017808,-0.019449,0.64348,0.000533,0.036407,0.425646,0.022376,0.140449,0.404408,0.032264,0.218722,0.139908,0.051159,0.208503,-0.076704,-0.052746,-0.039228,0.426494,0.022414,-0.144859,0.415165,0.031764,-0.226592,0.151695,0.050401,-0.22726,-0.065201,-0.053413,0.094591,0.001319,-0.003464,0.138298,-0.46702,0.073116,0.161024,-0.78411,0.207009,-0.094591,-0.001318,0.003465,-0.161183,-0.472185,0.034545,-0.204165,-0.791025,0.158979
22.166666,0,0,0,-0.001194,0.078595,-0.002719,-0.003103,0.274638,0.016734,-0.000639,0.493625,0.017821,-0.01943,0.643465,0.000571,0.036421,0.425621,0.022389,0.140461,0.40438,0.032287,0.218729,0.139875,0.051133,0.20847,-0.076704,-0.052839,-0.039215,0.426472,0.022422,-0.144847,0.415151,0.031767,-0.226585,0.15168,0.050364,-0.227258,-0.06522,-0.05344,0.094591,0.001316,-0.003483,0.138286,-0.467018,0.073134,0.161017,-0.784107,0.207027,-0.094591,-0.001316,0.003482,-0.161164,-0.472185,0.034567,-0.204118,-0.79104,0.158972
22.183333,0,0,0,-0.001191,0.078599,-0.002714,-0.003102,0.274643,0.016762,-0.000628,0.493627,0.017873,-0.019411,0.643466,0.000639,0.036428,0.425624,0.022439,0.140464,0.40437,0.032349,0.218691,0.13985,0.051155,0.208415,-0.076703,-0.052868,-0.039208,0.426478,0.022463,-0.14484,0.415161,0.031802,-0.226548,0.15168,0.050399,-0.227211,-0.065234,-0.053376,0.09459,0.001313,-0.003479,0.138264,-0.467017,0.073175,0.160982,-0.784104,0.207075,-0.094591,-0.001313,0.003479,-0.161149,-0.472182,0.034605,-0.204086,-0.791043,0.159
22.2,0,0,0,-0.001188,0.078596,-0.002707,-0.003093,0.274635,0.016789,-0.000606,0.493621,0.017928,-0.019374,0.643466,0.00071,0.036446,0.425612,0.022486,0.140478,0.404342,0.032406,0.218647,0.139802,0.05118,0.208356,-0.076732,-0.052881,-0.03919,0.426471,0.022508,-0.144824,0.41517,0.031848,-0.226564,0.151699,0.050432,-0.22725,-0.06521,-0.053354,0.094591,0.001311,-0.003474,0.138262,-0.467015,0.073208,0.160977,-0.784099,0.207116,-0.094591,-0.001311,0.003473,-0.161128,-0.472179,0.034646,-0.204052,-0.791048,0.159025
22.216666,0,0,0,-0.00119,0.07861,-0.002704,-0.003091,0.274661,0.0168,-0.000569,0.493635,0.017951,-0.01932,0.643472,0.000739,0.036471,0.425631,0.022512,0.140496,0.404336,0.032455,0.218604,0.139777,0.051209,0.20832,-0.076754,-0.052858,-0.039164,0.426503,0.02252,-0.144803,0.415229,0.03184,-0.226548,0.151762,0.050462,-0.227212,-0.065156,-0.053306,0.094591,0.001312,-0.003468,0.138258,-0.467011,0.073228,0.160964,-0.784092,0.207146,-0.094591,-0.001312,0.003467,-0.161109,-0.472182,0.034659,-0.204017,-0.791049,0.159048
22.233333,0,0,0,-0.001189,0.078597,-0.002705,-0.003094,0.274635,0.0168,-0.000567,0.493622,0.01796,-0.01929,0.643478,0.000763,0.03647,0.425604,0.022525,0.140492,0.404304,0.032494,0.218565,0.139736,0.051269,0.208303,-0.076792,-0.052806,-0.039165,0.426477,0.02252,-0.144805,0.415201,0.031833,-0.226553,0.151733,0.050435,-0.227199,-0.065165,-0.053373,0.094592,0.001313,-0.003455,0.138264,-0.467008,0.073257,0.160964,-0.784088,0.207178,-0.094592,-0.001312,0.003455,-0.161094,-0.472184,0.034659,-0.203994,-0.791042,0.159073
22.25,0,0,0,-0.001185,0.07859,-0.002712,-0.003084,0.274622,0.016799,-0.000544,0.493602,0.017963,-0.019235,0.643455,0.000772,0.036488,0.425589,0.022537,0.140504,0.404275,0.032534,0.218517,0.139693,0.051356,0.20825,-0.076854,-0.05268,-0.039147,0.426466,0.022511,-0.144788,0.415189,0.031803,-0.226546,0.151726,0.050425,-0.227209,-0.065194,-0.053338,0.094593,0.001307,-0.003434,0.138263,-0.467011,0.073295,0.160948,-0.784088,0.207226,-0.094593,-0.001308,0.003434,-0.161064,-0.472182,0.034657,-0.203948,-0.791033,0.159094
22.266666,0,0,0,-0.001181,0.078585,-0.002714,-0.003069,0.274611,0.0168,-0.00051,0.49359,0.017963,-0.019178,0.643446,0.000784,0.036515,0.425575,0.022544,0.140527,0.40425,0.032564,0.218472,0.139652,0.051446,0.208205,-0.07691,-0.052557,-0.03912,0.426459,0.022505,-0.144763,0.415185,0.031778,-0.226555,0.151734,0.050422,-0.227213,-0.065197,-0.053317,0.094594,0.001304,-0.003411,0.138257,-0.467015,0.073313,0.160919,-0.784093,0.207246,-0.094593,-0.001304,0.003412,-0.161049,-0.472179,0.03466,-0.20393,-0.791033,0.15909
22.283333,0,0,0,-0.001179,0.078576,-0.002714,-0.003054,0.274593,0.016798,-0.000474,0.493562,0.017957,-0.019129,0.643415,0.00081,0.036544,0.425553,0.022546,0.140553,0.404218,0.032578,0.218446,0.13961,0.051535,0.20816,-0.076977,-0.052415,-0.039091,0.426444,0.022493,-0.144736,0.415176,0.031746,-0.226553,0.151734,0.050402,-0.227219,-0.065211,-0.05331,0.094594,0.001302,-0.00339,0.138257,-0.467017,0.073342,0.160908,-0.784099,0.207266,-0.094595,-0.001302,0.00339,-0.16103,-0.472181,0.034633,-0.203901,-0.791019,0.159108
22.3,0,0,0,-0.001177,0.078571,-0.002713,-0.003027,0.274584,0.016796,-0.000395,0.493562,0.017937,-0.01904,0.643423,0.00076,0.036606,0.425535,0.022538,0.140609,0.404183,0.032588,0.21846,0.139571,0.051659,0.208129,-0.077041,-0.052233,-0.039029,0.426444,0.022473,-0.144678,0.415185,0.031699,-0.226529,0.151753,0.050358,-0.227218,-0.065209,-0.053317,0.094595,0.0013,-0.003363,0.138279,-0.467014,0.073381,0.160925,-0.784099,0.207299,-0.094596,-0.0013,0.003364,-0.160993,-0.472181,0.034637,-0.203854,-0.791024,0.159104
22.316666,0,0,0,-0.001171,0.078567,-0.002714,-0.003008,0.274575,0.016809,-0.000339,0.493555,0.017959,-0.018966,0.643419,0.000773,0.036649,0.425519,0.022566,0.140647,0.404148,0.032634,0.218463,0.139532,0.051794,0.208099,-0.077112,-0.05203,-0.038985,0.426441,0.022483,-0.144638,0.415192,0.031682,-0.226518,0.151768,0.050322,-0.227233,-0.065207,-0.053326,0.094596,0.001294,-0.00335,0.138267,-0.467017,0.073419,0.160894,-0.784104,0.207335,-0.094595,-0.001295,0.00335,-0.160972,-0.472179,0.034641,-0.203806,-0.791008,0.159152
22.333333,0,0,0,-0.001169,0.078565,-0.002716,-0.003003,0.274569,0.016823,-0.000297,0.493553,0.017984,-0.018896,0.643425,0.000809,0.036679,0.425505,0.022596,0.140668,0.404109,0.032691,0.218437,0.139488,0.051968,0.208075,-0.077197,-0.051771,-0.038956,0.42644,0.022495,-0.144613,0.415213,0.031664,-0.226521,0.151795,0.050264,-0.227248,-0.065186,-0.053372,0.094596,0.001292,-0.003341,0.13825,-0.467016,0.073455,0.160858,-0.784103,0.207376,-0.094596,-0.001293,0.00334,-0.160969,-0.472174,0.034671,-0.2038,-0.791,0.159191
22.35,0,0,0,-0.001167,0.078564,-0.002715,-0.002992,0.274566,0.01684,-0.000251,0.493536,0.018011,-0.018812,0.643402,0.000846,0.036713,0.425496,0.022627,0.140697,0.404077,0.032735,0.218417,0.139449,0.052114,0.208078,-0.077277,-0.051541,-0.038921,0.426443,0.022513,-0.144584,0.415238,0.031652,-0.22653,0.151829,0.050207,-0.227252,-0.065143,-0.053447,0.094596,0.00129,-0.003345,0.13824,-0.467014,0.07348,0.16085,-0.784103,0.207397,-0.094596,-0.00129,0.003345,-0.160983,-0.472167,0.034707,-0.203817,-0.790992,0.15923
22.366666,0,0,0,-0.001167,0.078561,-0.002714,-0.002985,0.274558,0.016849,-0.000216,0.493531,0.018016,-0.018745,0.643398,0.000816,0.036738,0.425483,0.022644,0.140715,0.404046,0.032786,0.218396,0.139413,0.052247,0.208109,-0.077353,-0.05133,-0.038896,0.426441,0.02251,-0.144562,0.415248,0.031625,-0.226541,0.151845,0.050122,-0.227243,-0.065111,-0.053566,0.094596,0.001289,-0.003347,0.138231,-0.467015,0.073485,0.160841,-0.784108,0.207391,-0.094596,-0.001288,0.003346,-0.160999,-0.472164,0.034693,-0.203847,-0.790989,0.15921
22.383333,0,0,0,-0.001163,0.078556,-0.002713,-0.002968,0.274549,0.016849,-0.000155,0.493533,0.018008,-0.018654,0.643415,0.000795,0.036784,0.425466,0.022648,0.140751,0.404003,0.032831,0.218371,0.139357,0.052364,0.20814,-0.07744,-0.051155,-0.03885,0.426439,0.022493,-0.144521,0.41527,0.031575,-0.226565,0.151882,0.050009,-0.227236,-0.065052,-0.053724,0.094596,0.001285,-0.003349,0.138224,-0.467023,0.073469,0.16083,-0.784114,0.207379,-0.094596,-0.001285,0.003349,-0.161008,-0.472162,0.034664,-0.20386,-0.790984,0.159187
22.4,0,0,0,-0.00116,0.078551,-0.002712,-0.002953,0.27454,0.016842,-0.000101,0.493529,0.017981,-0.018569,0.643417,0.000743,0.036825,0.42545,0.022635,0.140784,0.403964,0.032849,0.218363,0.139311,0.052462,0.208181,-0.077521,-0.050986,-0.038809,0.426436,0.022465,-0.144485,0.415291,0.031522,-0.226584,0.151919,0.049923,-0.227229,-0.064998,-0.053846,0.094596,0.001282,-0.00335,0.138218,-0.467031,0.073434,0.160819,-0.784123,0.207344,-0.094596,-0.001281,0.00335,-0.161011,-0.47216,0.034633,-0.203859,-0.790985,0.159148
22.416666,0,0,0,-0.001157,0.078551,-0.002711,-0.00294,0.274541,0.016832,-4.90E-05,0.493524,0.017951,-0.018476,0.643408,0.000687,0.036863,0.425445,0.022619,0.140817,0.403942,0.032859,0.218374,0.139289,0.05254,0.208245,-0.077578,-0.05084,-0.03877,0.426445,0.022433,-0.14445,0.415318,0.031465,-0.226595,0.151958,0.049836,-0.227233,-0.064954,-0.053945,0.094596,0.001278,-0.003351,0.138215,-0.467044,0.073383,0.160812,-0.784135,0.207293,-0.094596,-0.001278,0.003351,-0.16102,-0.472158,0.034598,-0.203876,-0.790995,0.159082
22.433333,0,0,0,-0.001153,0.078544,-0.00271,-0.002917,0.274527,0.016827,2.30E-05,0.493516,0.017927,-0.018359,0.643408,0.000635,0.036919,0.425423,0.022611,0.140866,0.403896,0.032871,0.218408,0.139243,0.052609,0.208304,-0.077654,-0.050712,-0.038714,0.426439,0.022405,-0.1444,0.415338,0.031398,-0.226611,0.151997,0.049757,-0.227251,-0.064922,-0.054008,0.094596,0.001274,-0.003351,0.138204,-0.467054,0.073353,0.160787,-0.784138,0.207285,-0.094596,-0.001273,0.003352,-0.161016,-0.472155,0.034567,-0.203839,-0.790983,0.159085
22.45,0,0,0,-0.00115,0.07854,-0.00271,-0.0029,0.27452,0.016823,8.70E-05,0.493503,0.017922,-0.018254,0.643397,0.00063,0.036967,0.425407,0.022619,0.140906,0.403858,0.032907,0.218439,0.139203,0.052663,0.208386,-0.077706,-0.050636,-0.038666,0.42644,0.022387,-0.144358,0.415359,0.031333,-0.22662,0.152034,0.049682,-0.227265,-0.064904,-0.054044,0.094596,0.001269,-0.003351,0.138196,-0.467066,0.073315,0.160767,-0.784146,0.207256,-0.094596,-0.00127,0.003351,-0.161017,-0.472154,0.034529,-0.203835,-0.79098,0.159054
22.466666,0,0,0,-0.001146,0.078546,-0.002713,-0.002884,0.274533,0.016818,0.000147,0.493516,0.017907,-0.018193,0.643409,0.000603,0.037011,0.425412,0.022622,0.140941,0.403838,0.032943,0.218481,0.139187,0.052738,0.208435,-0.077719,-0.050568,-0.038622,0.426461,0.022361,-0.14432,0.415401,0.031256,-0.226632,0.15209,0.04959,-0.227288,-0.064874,-0.054082,0.094596,0.001264,-0.00335,0.138188,-0.467076,0.073286,0.16075,-0.78415,0.207245,-0.094596,-0.001265,0.00335,-0.161021,-0.472151,0.034495,-0.203847,-0.790981,0.159008
22.483333,0,0,0,-0.001142,0.078545,-0.002715,-0.002863,0.274532,0.016804,0.000208,0.493512,0.017877,-0.018118,0.643402,0.000553,0.037058,0.425404,0.022609,0.140982,0.403811,0.032964,0.2185,0.139157,0.05279,0.208475,-0.077752,-0.050512,-0.038574,0.426466,0.022324,-0.144279,0.415428,0.031173,-0.226646,0.152134,0.049492,-0.227304,-0.064854,-0.054128,0.094597,0.00126,-0.003348,0.138176,-0.467084,0.073275,0.160729,-0.784161,0.207226,-0.094596,-0.00126,0.003347,-0.161033,-0.472146,0.034478,-0.203862,-0.790971,0.159002
22.5,0,0,0,-0.001138,0.078547,-0.002718,-0.002836,0.274539,0.016778,0.000282,0.493512,0.017827,-0.018031,0.643394,0.000479,0.037115,0.425404,0.022583,0.14103,0.403793,0.032987,0.218527,0.139134,0.052826,0.208522,-0.077763,-0.050505,-0.038517,0.426482,0.022264,-0.144229,0.415466,0.031057,-0.226644,0.152187,0.049373,-0.227304,-0.064831,-0.054184,0.094596,0.001254,-0.003345,0.138166,-0.467094,0.07326,0.160717,-0.784178,0.207195,-0.094597,-0.001255,0.003345,-0.161045,-0.47214,0.034451,-0.203886,-0.790966,0.158968
22.516666,0,0,0,-0.001133,0.07855,-0.002719,-0.002803,0.274547,0.016746,0.000366,0.493513,0.017765,-0.017946,0.643386,0.0004,0.037181,0.425403,0.022546,0.141088,0.403778,0.032996,0.218569,0.139115,0.052851,0.208566,-0.077759,-0.050527,-0.03845,0.426499,0.022195,-0.144169,0.415508,0.030928,-0.22664,0.152245,0.049228,-0.227304,-0.064798,-0.054278,0.094597,0.001248,-0.003345,0.138162,-0.467107,0.073214,0.16071,-0.7842,0.207131,-0.094596,-0.001248,0.003345,-0.161058,-0.472134,0.034414,-0.203906,-0.790964,0.158918
22.533333,0,0,0,-0.001128,0.078557,-0.002725,-0.002769,0.274567,0.016694,0.000457,0.493509,0.017665,-0.01787,0.643356,0.000288,0.037252,0.425413,0.022481,0.141151,0.403773,0.032982,0.21861,0.139105,0.052846,0.208585,-0.077739,-0.050593,-0.038379,0.42653,0.02209,-0.144108,0.41557,0.030746,-0.226652,0.152329,0.049031,-0.227324,-0.064749,-0.054403,0.094596,0.001242,-0.003355,0.138147,-0.467123,0.073157,0.160691,-0.784222,0.207057,-0.094597,-0.001242,0.003355,-0.16109,-0.472128,0.034367,-0.20395,-0.790968,0.158841
22.55,0,0,0,-0.001121,0.078568,-0.002729,-0.002721,0.274592,0.016649,0.000578,0.493503,0.01757,-0.017764,0.643317,0.000185,0.037347,0.425426,0.022424,0.141239,0.403772,0.032969,0.218689,0.1391,0.052824,0.208633,-0.077713,-0.050677,-0.038283,0.426568,0.021988,-0.144023,0.415646,0.030554,-0.226649,0.152428,0.048814,-0.227314,-0.064684,-0.054548,0.094596,0.001234,-0.003359,0.138146,-0.467141,0.073093,0.160688,-0.784237,0.207002,-0.094596,-0.001233,0.00336,-0.161108,-0.472121,0.034301,-0.203979,-0.790973,0.158739
22.566666,0,0,0,-0.001114,0.078565,-0.002732,-0.002687,0.274591,0.016603,0.000668,0.493485,0.017461,-0.017696,0.643279,5.90E-05,0.037418,0.425416,0.022355,0.141304,0.403754,0.032939,0.218758,0.139084,0.052797,0.208668,-0.077703,-0.050757,-0.038212,0.426577,0.021878,-0.143963,0.415686,0.030346,-0.226681,0.152494,0.048547,-0.227321,-0.064652,-0.054743,0.094596,0.001225,-0.003366,0.138142,-0.467163,0.073004,0.160683,-0.784262,0.206907,-0.094596,-0.001225,0.003367,-0.161125,-0.472115,0.034228,-0.204006,-0.79098,0.158631
22.583333,0,0,0,-0.001106,0.078574,-0.002735,-0.002642,0.274614,0.016556,0.000792,0.493483,0.017358,-0.017599,0.643245,-7.10E-05,0.037514,0.425427,0.022291,0.141391,0.403747,0.032925,0.218843,0.139077,0.052796,0.208729,-0.077684,-0.050809,-0.038115,0.426615,0.021771,-0.143878,0.415772,0.030153,-0.226672,0.152597,0.048256,-0.227271,-0.064535,-0.055064,0.094597,0.001214,-0.003364,0.138146,-0.467188,0.072916,0.160684,-0.784284,0.206827,-0.094596,-0.001215,0.003364,-0.161144,-0.472107,0.034158,-0.204044,-0.790987,0.158516
22.6,0,0,0,-0.001097,0.078586,-0.002739,-0.002607,0.274641,0.016532,0.000898,0.493483,0.017297,-0.017518,0.643213,-0.000161,0.037596,0.425441,0.022264,0.141464,0.403744,0.032955,0.21892,0.139076,0.052836,0.208806,-0.077659,-0.050824,-0.038033,0.426654,0.0217,-0.143807,0.415864,0.030007,-0.226676,0.15271,0.048078,-0.227236,-0.064401,-0.055285,0.094597,0.001204,-0.003361,0.138147,-0.467211,0.072846,0.160679,-0.784305,0.20676,-0.094596,-0.001203,0.003361,-0.161169,-0.472094,0.034116,-0.204091,-0.79098,0.158453
22.616666,0,0,0,-0.001092,0.07859,-0.002745,-0.002583,0.27465,0.016511,0.000965,0.493487,0.017255,-0.017464,0.643208,-0.000231,0.037646,0.425443,0.022249,0.141508,0.403743,0.032994,0.218972,0.139079,0.052901,0.208869,-0.077633,-0.050808,-0.037982,0.426671,0.021643,-0.143764,0.415906,0.029875,-0.226693,0.152766,0.04788,-0.227203,-0.064342,-0.05549,0.094597,0.001197,-0.003358,0.138146,-0.467225,0.072802,0.160675,-0.784318,0.206721,-0.094597,-0.001196,0.003357,-0.1612,-0.472083,0.034117,-0.20416,-0.790994,0.158375
22.633333,0,0,0,-0.001086,0.078589,-0.002748,-0.002557,0.274649,0.0165,0.001035,0.493481,0.017235,-0.017388,0.643193,-0.000288,0.0377,0.425434,0.022253,0.141554,0.40373,0.033063,0.219009,0.139066,0.053002,0.208944,-0.077627,-0.05075,-0.037928,0.426677,0.021604,-0.143717,0.41593,0.029767,-0.226709,0.152804,0.047685,-0.227177,-0.064302,-0.055689,0.094598,0.00119,-0.003352,0.138149,-0.467237,0.072778,0.160676,-0.784326,0.206707,-0.094597,-0.001191,0.003352,-0.161211,-0.472075,0.034128,-0.204177,-0.790985,0.158385
22.65,0,0,0,-0.001083,0.078594,-0.002752,-0.002534,0.27466,0.016482,0.001105,0.493488,0.017205,-0.017284,0.643198,-0.000348,0.037752,0.425436,0.022248,0.1416,0.403731,0.033115,0.21904,0.139067,0.053114,0.209028,-0.077627,-0.05064,-0.037874,0.426696,0.021557,-0.143671,0.415966,0.029652,-0.226723,0.152852,0.047472,-0.227155,-0.064251,-0.055908,0.094597,0.001186,-0.003342,0.138152,-0.467243,0.072769,0.160675,-0.784335,0.206691,-0.094598,-0.001185,0.003343,-0.161218,-0.472069,0.034117,-0.204195,-0.790984,0.158358
22.666666,0,0,0,-0.001081,0.078604,-0.002752,-0.002521,0.274683,0.016466,0.001158,0.493501,0.017171,-0.017196,0.643202,-0.000416,0.03779,0.425453,0.022239,0.141634,0.40375,0.033148,0.219082,0.139092,0.053198,0.209134,-0.077619,-0.050527,-0.037836,0.426726,0.02151,-0.143639,0.416013,0.029548,-0.226746,0.152911,0.04728,-0.227149,-0.06419,-0.056105,0.094598,0.001185,-0.003332,0.138158,-0.467248,0.072753,0.160677,-0.784339,0.206678,-0.094598,-0.001184,0.003333,-0.161222,-0.472068,0.034088,-0.204211,-0.79098,0.158333
22.683333,0,0,0,-0.001081,0.078615,-0.002753,-0.002513,0.274706,0.016449,0.001202,0.493507,0.017141,-0.01709,0.643199,-0.000446,0.037821,0.42547,0.022233,0.141662,0.403773,0.033179,0.219132,0.139126,0.05329,0.209248,-0.077614,-0.05038,-0.037805,0.426756,0.021462,-0.143614,0.416057,0.029433,-0.226759,0.152961,0.047072,-0.227131,-0.064148,-0.056298,0.094598,0.001184,-0.003315,0.138163,-0.467254,0.072739,0.160673,-0.78435,0.206654,-0.094599,-0.001184,0.003316,-0.161206,-0.472071,0.034061,-0.204184,-0.790977,0.158326
22.7,0,0,0,-0.001077,0.07862,-0.002755,-0.002497,0.27472,0.016416,0.001264,0.493554,0.017058,-0.016976,0.643277,-0.000592,0.037865,0.425476,0.022182,0.141701,0.403781,0.033182,0.219193,0.139149,0.053396,0.209368,-0.077623,-0.050213,-0.037759,0.426778,0.021378,-0.143574,0.416099,0.029302,-0.226769,0.153016,0.046903,-0.22711,-0.064104,-0.056441,0.094599,0.001181,-0.003297,0.138173,-0.467262,0.072721,0.160676,-0.784369,0.206611,-0.094599,-0.001182,0.003296,-0.161197,-0.472071,0.034019,-0.204178,-0.790969,0.158305
22.716666,0,0,0,-0.001077,0.078626,-0.002753,-0.002496,0.274733,0.016395,0.0013,0.49357,0.016996,-0.016877,0.643297,-0.00073,0.037888,0.425484,0.022149,0.141719,0.40379,0.033198,0.21924,0.139172,0.053488,0.209482,-0.077634,-0.050057,-0.037736,0.426798,0.021312,-0.143557,0.416139,0.029189,-0.226816,0.153074,0.046747,-0.227107,-0.064052,-0.056587,0.0946,0.001181,-0.003277,0.138182,-0.467269,0.072692,0.160678,-0.784384,0.206565,-0.0946,-0.001182,0.003278,-0.161187,-0.472076,0.033959,-0.204169,-0.790961,0.158274
22.733333,0,0,0,-0.001077,0.078632,-0.002752,-0.002498,0.274745,0.016387,0.00133,0.493579,0.01698,-0.016797,0.643301,-0.000798,0.037905,0.425491,0.022154,0.141728,0.40379,0.033264,0.219282,0.139183,0.053574,0.209642,-0.077639,-0.049947,-0.037718,0.426816,0.021282,-0.143545,0.416176,0.029102,-0.226857,0.153124,0.046604,-0.227088,-0.064003,-0.056726,0.094601,0.001182,-0.003261,0.138191,-0.467275,0.07266,0.160677,-0.784395,0.206523,-0.0946,-0.001182,0.00326,-0.161176,-0.47208,0.033897,-0.204159,-0.790954,0.158243
22.75,0,0,0,-0.001079,0.078637,-0.00275,-0.002504,0.274757,0.016378,0.001354,0.493579,0.016955,-0.016726,0.643294,-0.000854,0.037918,0.425497,0.02215,0.141735,0.403791,0.033309,0.219329,0.139199,0.053664,0.209799,-0.077644,-0.049825,-0.037705,0.426832,0.021245,-0.143538,0.416216,0.029003,-0.226905,0.153178,0.046458,-0.227077,-0.063957,-0.056856,0.094601,0.001185,-0.003243,0.138204,-0.46728,0.072624,0.160685,-0.784401,0.206485,-0.094601,-0.001185,0.003243,-0.161168,-0.472087,0.033843,-0.204159,-0.790963,0.15818
22.766666,0,0,0,-0.00108,0.078636,-0.002748,-0.002511,0.274755,0.016381,0.001376,0.493573,0.016962,-0.01666,0.643287,-0.00086,0.037929,0.42549,0.022172,0.141739,0.403772,0.033371,0.219367,0.139192,0.053752,0.209939,-0.077665,-0.049716,-0.037693,0.426836,0.021235,-0.143533,0.416246,0.028944,-0.226956,0.153222,0.04636,-0.227092,-0.063908,-0.056963,0.094601,0.001186,-0.003231,0.138209,-0.467285,0.072592,0.16068,-0.784408,0.206449,-0.094601,-0.001185,0.00323,-0.161169,-0.472089,0.033802,-0.204154,-0.790948,0.158186
22.783333,0,0,0,-0.00108,0.07864,-0.002746,-0.002515,0.274762,0.016384,0.001405,0.49358,0.016972,-0.016597,0.643297,-0.000874,0.037946,0.42549,0.022193,0.141748,0.403758,0.033437,0.219404,0.139188,0.053847,0.210075,-0.077679,-0.049609,-0.037676,0.426848,0.021228,-0.143522,0.416285,0.028892,-0.227,0.153277,0.046269,-0.227106,-0.063848,-0.057068,0.094602,0.001187,-0.003222,0.138216,-0.467289,0.07257,0.160683,-0.784415,0.20642,-0.094602,-0.001187,0.003222,-0.161169,-0.472092,0.033772,-0.204156,-0.790945,0.158169
22.8,0,0,0,-0.001081,0.078647,-0.002743,-0.002518,0.274777,0.016387,0.001436,0.493587,0.016978,-0.016522,0.643297,-0.000902,0.037964,0.425499,0.022214,0.141757,0.403753,0.033508,0.219436,0.139192,0.053942,0.210199,-0.077676,-0.04952,-0.037658,0.426868,0.021218,-0.14351,0.416334,0.028829,-0.227049,0.153343,0.046171,-0.22714,-0.063786,-0.057156,0.094602,0.001188,-0.003214,0.138224,-0.467293,0.07254,0.16069,-0.784421,0.206386,-0.094602,-0.001188,0.003214,-0.161178,-0.472093,0.033753,-0.204175,-0.79094,0.158161
22.816666,0,0,0,-0.001081,0.078652,-0.00274,-0.002524,0.274787,0.016391,0.001446,0.493587,0.016993,-0.016481,0.643287,-0.000924,0.037967,0.425506,0.022237,0.141755,0.403755,0.033572,0.219459,0.139203,0.054022,0.210295,-0.077663,-0.04945,-0.037654,0.426881,0.021218,-0.14351,0.416363,0.028791,-0.227095,0.153383,0.04608,-0.227179,-0.063736,-0.057269,0.094602,0.001189,-0.003217,0.138216,-0.467297,0.072515,0.160674,-0.784428,0.206355,-0.094602,-0.001189,0.003216,-0.161193,-0.472092,0.033735,-0.204202,-0.790945,0.158126
22.833333,0,0,0,-0.001081,0.078655,-0.002736,-0.002527,0.274793,0.016404,0.001456,0.493584,0.017024,-0.016451,0.643275,-0.000914,0.037971,0.425508,0.022274,0.141756,0.403756,0.033634,0.21949,0.139212,0.054087,0.210382,-0.077653,-0.049392,-0.037649,0.426888,0.021231,-0.14351,0.416384,0.028768,-0.227153,0.153419,0.045993,-0.227238,-0.06369,-0.057377,0.094602,0.001189,-0.003214,0.138226,-0.467297,0.07251,0.160693,-0.784425,0.206356,-0.094601,-0.001189,0.003214,-0.161196,-0.472094,0.033717,-0.204202,-0.790945,0.158112
22.85,0,0,0,-0.001081,0.078657,-0.002732,-0.002523,0.274795,0.01641,0.001473,0.493578,0.017043,-0.016422,0.643262,-0.000903,0.037983,0.425508,0.022298,0.141767,0.403756,0.033672,0.219535,0.139222,0.054121,0.210461,-0.077639,-0.049371,-0.037637,0.426892,0.021239,-0.143501,0.416401,0.028743,-0.227206,0.15345,0.045893,-0.227298,-0.063644,-0.057508,0.094602,0.001189,-0.003219,0.138226,-0.467301,0.072482,0.160694,-0.784433,0.206317,-0.094602,-0.001189,0.003218,-0.161192,-0.472096,0.03369,-0.204185,-0.790949,0.158084
22.866666,0,0,0,-0.001082,0.078661,-0.002725,-0.002518,0.274803,0.016408,0.001497,0.493577,0.017042,-0.016396,0.64325,-0.000921,0.038001,0.425512,0.022303,0.141783,0.403756,0.03368,0.21958,0.139229,0.054109,0.210527,-0.077627,-0.049393,-0.037619,0.426903,0.02123,-0.143486,0.416427,0.028711,-0.227251,0.15349,0.04579,-0.227354,-0.063589,-0.057642,0.094602,0.00119,-0.003212,0.138218,-0.46731,0.072432,0.160669,-0.784455,0.206241,-0.094602,-0.00119,0.003212,-0.161182,-0.472101,0.033642,-0.204169,-0.790948,0.158054
22.883333,0,0,0,-0.001082,0.078664,-0.002718,-0.002519,0.274809,0.016419,0.001512,0.493553,0.017066,-0.016376,0.643197,-0.000892,0.038011,0.425515,0.022325,0.141793,0.403754,0.033692,0.21962,0.139233,0.054075,0.210585,-0.077621,-0.049434,-0.037609,0.426912,0.021248,-0.143479,0.416454,0.028714,-0.227325,0.153538,0.045711,-0.227438,-0.063515,-0.057777,0.094603,0.001191,-0.003208,0.138241,-0.467313,0.072397,0.160706,-0.784454,0.206213,-0.094602,-0.001191,0.003209,-0.161178,-0.472106,0.03359,-0.204156,-0.790954,0.158004
22.9,0,0,0,-0.001079,0.078671,-0.002714,-0.002514,0.274824,0.016422,0.001533,0.493551,0.017077,-0.016359,0.643179,-0.000871,0.038027,0.425527,0.022336,0.141807,0.403756,0.033702,0.219631,0.139229,0.054027,0.210628,-0.077614,-0.049509,-0.037593,0.42693,0.021256,-0.143466,0.416496,0.028713,-0.227396,0.153603,0.045652,-0.227497,-0.063417,-0.057904,0.094603,0.001187,-0.003202,0.138235,-0.467326,0.072347,0.160683,-0.784478,0.20614,-0.094602,-0.001187,0.003201,-0.161177,-0.472106,0.033518,-0.204151,-0.790949,0.157946
22.916666,0,0,0,-0.001075,0.078677,-0.00271,-0.002503,0.274836,0.016421,0.001556,0.493548,0.017083,-0.01636,0.643163,-0.000827,0.038046,0.425536,0.022337,0.141827,0.403759,0.03369,0.219642,0.139226,0.053964,0.210649,-0.077605,-0.049597,-0.037573,0.426943,0.021262,-0.143448,0.416533,0.028728,-0.227446,0.153658,0.045608,-0.227553,-0.06332,-0.058034,0.094603,0.001183,-0.0032,0.138229,-0.467339,0.0723,0.160665,-0.784492,0.206092,-0.094602,-0.001183,0.0032,-0.161173,-0.472107,0.033446,-0.204138,-0.79094,0.157902
22.933333,0,0,0,-0.001073,0.078686,-0.002708,-0.00249,0.274854,0.016422,0.001571,0.493528,0.017097,-0.016377,0.643108,-0.00075,0.038063,0.425553,0.02234,0.141847,0.403778,0.033669,0.219643,0.139236,0.053902,0.210645,-0.077579,-0.049691,-0.037557,0.426961,0.021278,-0.143432,0.416567,0.028755,-0.227495,0.153709,0.045569,-0.227623,-0.063233,-0.058151,0.094602,0.00118,-0.003201,0.138225,-0.46735,0.072249,0.160652,-0.784505,0.206039,-0.094603,-0.001179,0.0032,-0.161184,-0.472107,0.033362,-0.204157,-0.790942,0.157811
22.95,0,0,0,-0.001068,0.078687,-0.002705,-0.002453,0.274856,0.016414,0.001635,0.493514,0.017082,-0.016371,0.643073,-0.000758,0.03812,0.425551,0.022316,0.141906,0.403771,0.033612,0.219685,0.13922,0.053798,0.210633,-0.077575,-0.049833,-0.0375,0.426968,0.021276,-0.143376,0.416597,0.028777,-0.227501,0.153755,0.045542,-0.227677,-0.06314,-0.058275,0.094602,0.001173,-0.003211,0.138221,-0.467363,0.072205,0.160651,-0.784521,0.205987,-0.094602,-0.001173,0.003211,-0.161189,-0.472105,0.033305,-0.204163,-0.790949,0.15773
22.966666,0,0,0,-0.001061,0.078701,-0.002703,-0.002409,0.274885,0.016417,0.001731,0.493524,0.017087,-0.016317,0.643061,-0.000743,0.038201,0.42557,0.022314,0.141986,0.403767,0.033581,0.219738,0.139203,0.053689,0.210607,-0.077568,-0.049986,-0.037419,0.427005,0.021288,-0.143298,0.416671,0.028799,-0.227495,0.153852,0.045564,-0.227742,-0.063035,-0.058269,0.094602,0.001165,-0.003222,0.138215,-0.467375,0.072175,0.16065,-0.784537,0.205945,-0.094602,-0.001164,0.003221,-0.161189,-0.472099,0.033271,-0.204146,-0.790939,0.157712
22.983333,0,0,0,-0.001054,0.078709,-0.002701,-0.002383,0.274898,0.016447,0.001786,0.493479,0.017166,-0.016309,0.642961,-0.000592,0.038249,0.425576,0.022369,0.142036,0.403757,0.033577,0.219797,0.139187,0.053568,0.210573,-0.077557,-0.050156,-0.037371,0.427022,0.021361,-0.143253,0.416724,0.028879,-0.227522,0.153925,0.045595,-0.227808,-0.062931,-0.058303,0.094602,0.001156,-0.003235,0.138205,-0.467383,0.072172,0.160641,-0.784547,0.205938,-0.094601,-0.001156,0.003234,-0.161183,-0.472094,0.033253,-0.204112,-0.790932,0.157708
23,0,0,0,-0.001047,0.078712,-0.002698,-0.002352,0.274903,0.016463,0.001825,0.493474,0.017216,-0.016332,0.642951,-0.000436,0.038287,0.425579,0.022394,0.142082,0.403763,0.033544,0.219854,0.139191,0.053473,0.210522,-0.077529,-0.05029,-0.037333,0.427027,0.021414,-0.143216,0.416759,0.028953,-0.227571,0.153984,0.045615,-0.227896,-0.062819,-0.058393,0.094601,0.001146,-0.003254,0.138195,-0.467389,0.072182,0.160645,-0.784555,0.205942,-0.094601,-0.001147,0.003255,-0.161182,-0.472085,0.033266,-0.204091,-0.790933,0.157703
23.016666,,,,,,,,,,,,,,,,,,,,,,,,,,,,,,,,,,,,,,,,,,,,,,,,,,,,,,,,,
23.033333,0,0,0,-0.001042,0.078704,-0.002695,-0.002327,0.274886,0.016485,0.001838,0.493465,0.017287,-0.016326,0.642954,-0.000319,0.038308,0.425562,0.022421,0.142118,0.40377,0.033473,0.21993,0.1392,0.053267,0.210445,-0.077452,-0.050625,-0.037313,0.427007,0.0215,-0.143191,0.416741,0.029115,-0.227677,0.154,0.045641,-0.22817,-0.062745,-0.058487,0.0946,0.001139,-0.003302,0.138195,-0.467389,0.072176,0.160686,-0.784547,0.205948,-0.094599,-0.00114,0.003301,-0.161219,-0.472074,0.033287,-0.204127,-0.790943,0.157669
23.05,0,0,0,-0.001037,0.078699,-0.002692,-0.002311,0.274876,0.016489,0.001839,0.493452,0.017305,-0.016312,0.642942,-0.000282,0.038317,0.425555,0.022415,0.142135,0.403776,0.033416,0.219964,0.139204,0.053122,0.210425,-0.077416,-0.050831,-0.037304,0.426994,0.021533,-0.143177,0.416717,0.029208,-0.227713,0.153987,0.04566,-0.228335,-0.062721,-0.058545,0.094598,0.001133,-0.003333,0.138191,-0.467393,0.072158,0.160713,-0.784558,0.205909,-0.094598,-0.001133,0.003333,-0.161241,-0.472066,0.03328,-0.20415,-0.790951,0.157623
23.066666,0,0,0,-0.001035,0.078705,-0.002688,-0.002292,0.274886,0.016486,0.001861,0.493452,0.017307,-0.016277,0.642934,-0.000277,0.038341,0.425564,0.022398,0.142165,0.403788,0.033351,0.220009,0.139213,0.052946,0.210438,-0.077378,-0.051065,-0.037281,0.427005,0.021551,-0.14315,0.416732,0.029283,-0.227744,0.154018,0.045686,-0.228489,-0.062653,-0.058594,0.094597,0.001129,-0.003361,0.138192,-0.467397,0.072128,0.160738,-0.784564,0.205869,-0.094598,-0.001128,0.003361,-0.161262,-0.472062,0.03326,-0.204164,-0.790958,0.157574
23.083333,0,0,0,-0.001032,0.07871,-0.002684,-0.002277,0.274898,0.016491,0.001884,0.493464,0.017323,-0.01623,0.642951,-0.000245,0.038364,0.425574,0.022392,0.142194,0.403797,0.033277,0.220069,0.13922,0.052734,0.210461,-0.077354,-0.051307,-0.037259,0.427017,0.021584,-0.143125,0.416756,0.029365,-0.227783,0.154058,0.045707,-0.228647,-0.062571,-0.058661,0.094596,0.001125,-0.003391,0.138188,-0.467405,0.07208,0.160755,-0.784572,0.205817,-0.094597,-0.001125,0.003391,-0.161279,-0.472059,0.033234,-0.204177,-0.790972,0.157507
23.1,0,0,0,-0.001029,0.078719,-0.002681,-0.002268,0.274916,0.016496,0.001894,0.493472,0.01734,-0.016206,0.64295,-0.000239,0.038377,0.425592,0.022386,0.142213,0.403813,0.033217,0.220119,0.139236,0.052544,0.210492,-0.07732,-0.051533,-0.037246,0.427035,0.021616,-0.14311,0.416788,0.029447,-0.227828,0.154106,0.045733,-0.228804,-0.062474,-0.058736,0.094596,0.001121,-0.003415,0.138183,-0.467413,0.072036,0.160761,-0.78458,0.20577,-0.094596,-0.001121,0.003415,-0.161294,-0.472056,0.033203,-0.204185,-0.790973,0.157471
23.116666,0,0,0,-0.001027,0.078718,-0.002677,-0.00225,0.274914,0.01649,0.001914,0.493514,0.017319,-0.016169,0.64303,-0.000323,0.038398,0.42559,0.022351,0.142242,0.403825,0.033134,0.220191,0.139254,0.052372,0.210515,-0.07728,-0.051748,-0.037225,0.427034,0.021617,-0.143086,0.41679,0.029501,-0.227879,0.15413,0.045743,-0.228953,-0.062417,-0.058794,0.094595,0.001117,-0.003436,0.138174,-0.467418,0.072006,0.160758,-0.784587,0.205737,-0.094595,-0.001117,0.003437,-0.161309,-0.472053,0.033182,-0.204193,-0.790978,0.157432
23.133333,0,0,0,-0.001027,0.078729,-0.002672,-0.002239,0.274934,0.016509,0.001922,0.493525,0.01735,-0.016145,0.643032,-0.000317,0.038409,0.42561,0.02236,0.14226,0.403856,0.033095,0.220246,0.139288,0.052223,0.21053,-0.077212,-0.051962,-0.037214,0.427052,0.021663,-0.143071,0.416814,0.029602,-0.227937,0.154175,0.045805,-0.22911,-0.062348,-0.05878,0.094594,0.001117,-0.003456,0.138175,-0.46742,0.071977,0.160775,-0.784587,0.205708,-0.094595,-0.001116,0.003455,-0.161316,-0.472054,0.03315,-0.20419,-0.790982,0.157392
23.15,0,0,0,-0.001024,0.078755,-0.002666,-0.002221,0.274983,0.016551,0.001955,0.493503,0.01744,-0.016118,0.642946,-0.00016,0.03844,0.425655,0.02242,0.142297,0.403899,0.033097,0.220317,0.139332,0.0521,0.21055,-0.077137,-0.052148,-0.037183,0.427103,0.021755,-0.143041,0.416902,0.029729,-0.227989,0.154291,0.045944,-0.229251,-0.062219,-0.058667,0.094593,0.001111,-0.003474,0.138168,-0.467425,0.071966,0.160777,-0.784595,0.205688,-0.094594,-0.001112,0.003473,-0.161321,-0.472051,0.033126,-0.204194,-0.790986,0.157353
23.166666,0,0,0,-0.00102,0.078752,-0.00266,-0.002205,0.274977,0.016572,0.001966,0.493492,0.017475,-0.016123,0.642933,-8.10E-05,0.038455,0.425649,0.022438,0.14232,0.403908,0.033074,0.220406,0.139356,0.052009,0.210575,-0.077071,-0.052317,-0.037168,0.427095,0.021799,-0.143025,0.416907,0.029804,-0.228055,0.154323,0.04603,-0.22939,-0.062176,-0.058602,0.094593,0.001107,-0.003486,0.13816,-0.467429,0.071961,0.160774,-0.784607,0.205665,-0.094593,-0.001107,0.003485,-0.161328,-0.472049,0.033093,-0.204193,-0.790981,0.157329
23.183333,0,0,0,-0.001017,0.078731,-0.002654,-0.002195,0.274934,0.016583,0.001943,0.493456,0.017501,-0.016146,0.64291,-1.00E-06,0.038444,0.425612,0.022447,0.142319,0.403904,0.033049,0.220488,0.139371,0.051921,0.210603,-0.077004,-0.052509,-0.03718,0.427047,0.021831,-0.143032,0.416833,0.029864,-0.228109,0.154261,0.046047,-0.229512,-0.062211,-0.058638,0.094592,0.001104,-0.003499,0.138156,-0.467432,0.071954,0.16078,-0.784609,0.205657,-0.094593,-0.001104,0.003499,-0.161328,-0.472048,0.033061,-0.20418,-0.790978,0.157308
23.2,0,0,0,-0.001013,0.078738,-0.002648,-0.002163,0.274947,0.016582,0.001978,0.493461,0.017493,-0.01612,0.64291,2.80E-05,0.03848,0.425625,0.022428,0.14236,0.403927,0.032997,0.220573,0.139403,0.051802,0.210647,-0.076939,-0.052694,-0.037144,0.427061,0.021839,-0.142994,0.416837,0.029892,-0.228115,0.154282,0.046128,-0.229647,-0.062262,-0.058407,0.094592,0.001099,-0.003521,0.138154,-0.467438,0.071921,0.160793,-0.784624,0.205602,-0.094592,-0.001098,0.003522,-0.161333,-0.472046,0.033013,-0.204165,-0.790983,0.15725
23.216666,0,0,0,-0.001009,0.078742,-0.002645,-0.002137,0.274955,0.016579,0.00202,0.493458,0.017498,-0.016092,0.642897,5.50E-05,0.038519,0.42563,0.022421,0.142401,0.40393,0.032968,0.220644,0.13941,0.051697,0.210711,-0.076902,-0.052859,-0.037106,0.427071,0.02185,-0.142954,0.416849,0.029926,-0.228114,0.154308,0.04617,-0.229765,-0.062272,-0.058289,0.094591,0.001093,-0.003536,0.138152,-0.467445,0.071901,0.160806,-0.784637,0.205565,-0.094592,-0.001093,0.003537,-0.16134,-0.472043,0.032978,-0.204172,-0.790991,0.157184
23.233333,0,0,0,-0.001004,0.078742,-0.002642,-0.002122,0.274955,0.016578,0.002027,0.493444,0.017507,-0.016094,0.64287,9.20E-05,0.038529,0.425631,0.022417,0.142418,0.403941,0.032922,0.220716,0.139432,0.051575,0.21078,-0.076873,-0.052995,-0.037095,0.427069,0.021868,-0.142941,0.416838,0.029968,-0.228134,0.154306,0.046177,-0.229898,-0.0623,-0.058228,0.094591,0.001087,-0.003551,0.138143,-0.467454,0.071876,0.160804,-0.784652,0.205522,-0.094591,-0.001086,0.003552,-0.161347,-0.472039,0.032936,-0.204171,-0.79099,0.157136
23.25,0,0,0,-0.000999,0.07875,-0.002641,-0.002105,0.274971,0.016581,0.002039,0.493448,0.01752,-0.016096,0.642864,0.000134,0.038544,0.425648,0.022418,0.142437,0.403965,0.032895,0.22078,0.139464,0.051479,0.210846,-0.076831,-0.053114,-0.03708,0.427085,0.021886,-0.142924,0.416851,0.030005,-0.228147,0.154328,0.046215,-0.230008,-0.062304,-0.058133,0.094591,0.001081,-0.003565,0.138139,-0.467461,0.071854,0.160812,-0.784661,0.205496,-0.094591,-0.00108,0.003564,-0.161361,-0.472033,0.032907,-0.204188,-0.790989,0.157094
23.266666,0,0,0,-0.000995,0.078751,-0.002638,-0.002094,0.274974,0.016582,0.002043,0.49344,0.017521,-0.016104,0.642845,0.000146,0.038552,0.425652,0.022412,0.142449,0.403978,0.032863,0.220835,0.139486,0.051403,0.210908,-0.076808,-0.053191,-0.037073,0.427086,0.021894,-0.142916,0.416851,0.03003,-0.228145,0.154333,0.046273,-0.230064,-0.062322,-0.058028,0.09459,0.001076,-0.003575,0.138138,-0.467469,0.071828,0.160821,-0.784669,0.205466,-0.094591,-0.001075,0.003574,-0.161384,-0.472028,0.032874,-0.204234,-0.790985,0.157051
23.283333,0,0,0,-0.000992,0.078755,-0.002637,-0.00207,0.274984,0.016578,0.002071,0.493435,0.017519,-0.01609,0.642826,0.000164,0.038579,0.425661,0.022401,0.14248,0.403995,0.032829,0.220912,0.139515,0.051342,0.210978,-0.076774,-0.053261,-0.037046,0.427096,0.021899,-0.142887,0.416861,0.030051,-0.228117,0.154344,0.046329,-0.2301,-0.062329,-0.057931,0.09459,0.00107,-0.00359,0.138138,-0.467476,0.071799,0.160834,-0.784678,0.205433,-0.09459,-0.001071,0.00359,-0.161399,-0.472023,0.032863,-0.204242,-0.790991,0.157016
23.3,0,0,0,-0.000989,0.07876,-0.002634,-0.002057,0.274993,0.016575,0.002082,0.493436,0.017519,-0.016088,0.642818,0.000174,0.038593,0.42567,0.022392,0.142499,0.404017,0.032793,0.220988,0.139552,0.051282,0.211042,-0.076726,-0.053342,-0.037032,0.427105,0.021907,-0.142872,0.416866,0.030076,-0.228104,0.154351,0.04638,-0.230126,-0.062333,-0.057858,0.094589,0.001068,-0.003603,0.138135,-0.467482,0.071768,0.160837,-0.784685,0.205397,-0.094589,-0.001067,0.003604,-0.161396,-0.47202,0.032863,-0.204213,-0.791009,0.156969
23.316666,0,0,0,-0.000986,0.078759,-0.002632,-0.002042,0.274991,0.016575,0.002096,0.493432,0.01752,-0.016076,0.642813,0.000181,0.038608,0.425668,0.022385,0.142519,0.404025,0.032758,0.221056,0.139574,0.051242,0.211103,-0.076704,-0.053383,-0.037017,0.427103,0.021916,-0.142854,0.416859,0.03011,-0.228081,0.154344,0.046431,-0.230129,-0.062341,-0.057805,0.094589,0.001063,-0.003611,0.138135,-0.467489,0.071748,0.160845,-0.784693,0.205373,-0.094589,-0.001063,0.003611,-0.161419,-0.472015,0.032837,-0.204262,-0.791011,0.156918
23.333333,0,0,0,-0.000982,0.078764,-0.002631,-0.002027,0.275002,0.016574,0.002113,0.493433,0.017519,-0.016063,0.642804,0.000184,0.038626,0.425679,0.022376,0.142541,0.404044,0.032728,0.221123,0.139607,0.051209,0.211175,-0.076671,-0.053417,-0.036999,0.427114,0.021923,-0.142835,0.416869,0.030135,-0.228063,0.154356,0.046474,-0.230137,-0.062332,-0.057754,0.094589,0.001059,-0.00362,0.138137,-0.467494,0.071731,0.160858,-0.784699,0.205352,-0.094589,-0.001059,0.003621,-0.161427,-0.472011,0.032826,-0.20427,-0.791011,0.156896
23.35,0,0,0,-0.00098,0.078766,-0.00263,-0.002014,0.275006,0.016575,0.002126,0.493422,0.017524,-0.016057,0.642778,0.000192,0.038639,0.425683,0.022373,0.142558,0.404056,0.032702,0.221191,0.139633,0.051178,0.21127,-0.076657,-0.053424,-0.036986,0.427118,0.021933,-0.14282,0.416871,0.030158,-0.228038,0.154355,0.046502,-0.230118,-0.062332,-0.057728,0.094589,0.001056,-0.00363,0.138147,-0.467497,0.071717,0.160889,-0.784695,0.20535,-0.094588,-0.001056,0.00363,-0.161429,-0.47201,0.032813,-0.204271,-0.791016,0.156866
23.366666,0,0,0,-0.000979,0.078767,-0.002629,-0.002006,0.275008,0.016569,0.002137,0.493421,0.017518,-0.016052,0.642774,0.000189,0.03865,0.425685,0.022362,0.142572,0.404061,0.032674,0.221235,0.139647,0.051146,0.211342,-0.07666,-0.053426,-0.036975,0.427121,0.021932,-0.142809,0.416875,0.030166,-0.228017,0.154356,0.046526,-0.230093,-0.062329,-0.057707,0.094588,0.001054,-0.003634,0.138138,-0.467501,0.071703,0.160868,-0.784714,0.205303,-0.094588,-0.001054,0.003633,-0.161431,-0.472008,0.032789,-0.204268,-0.791018,0.156836
23.383333,0,0,0,-0.000978,0.078771,-0.002627,-0.001999,0.275016,0.016564,0.002148,0.493433,0.017504,-0.016043,0.642788,0.000168,0.038661,0.425692,0.022346,0.142584,0.404071,0.032644,0.221282,0.139667,0.051118,0.211416,-0.076654,-0.053426,-0.036964,0.42713,0.021926,-0.142798,0.416884,0.030167,-0.227992,0.154362,0.04654,-0.230054,-0.062325,-0.05769,0.094588,0.001053,-0.00364,0.138142,-0.467503,0.071688,0.160884,-0.784721,0.205274,-0.094588,-0.001053,0.00364,-0.161433,-0.47201,0.03276,-0.204266,-0.791025,0.156794
23.4,0,0,0,-0.000979,0.078777,-0.002625,-0.001998,0.275029,0.016561,0.002153,0.493431,0.017503,-0.016038,0.642773,0.000177,0.038665,0.425704,0.02234,0.14259,0.404081,0.032623,0.221321,0.139686,0.051079,0.211503,-0.076657,-0.053424,-0.03696,0.427143,0.021927,-0.142793,0.4169,0.030173,-0.227971,0.154373,0.046548,-0.230007,-0.06231,-0.057692,0.094588,0.001055,-0.003647,0.13816,-0.467502,0.071666,0.16093,-0.784717,0.205256,-0.094588,-0.001054,0.003647,-0.161428,-0.472014,0.032727,-0.204252,-0.791028,0.156766
23.416666,0,0,0,-0.00098,0.078783,-0.002622,-0.001998,0.275042,0.016554,0.00216,0.493438,0.017488,-0.016039,0.642773,0.000164,0.03867,0.425716,0.022325,0.142595,0.40409,0.032596,0.221352,0.139702,0.051044,0.211567,-0.076667,-0.053409,-0.036955,0.427158,0.021918,-0.142788,0.416922,0.030176,-0.227949,0.15439,0.046573,-0.229966,-0.062278,-0.057697,0.094588,0.001056,-0.003652,0.138164,-0.467503,0.071646,0.160936,-0.784719,0.205233,-0.094587,-0.001055,0.003652,-0.161429,-0.472017,0.032693,-0.204247,-0.79103,0.156739
23.433333,0,0,0,-0.000982,0.078785,-0.002621,-0.002002,0.275047,0.016542,0.002158,0.493436,0.017464,-0.016044,0.642762,0.000139,0.038668,0.425721,0.022305,0.142593,0.404095,0.032571,0.221371,0.139713,0.051024,0.211617,-0.076674,-0.053393,-0.036957,0.427164,0.021899,-0.142791,0.416931,0.030154,-0.227939,0.154396,0.046562,-0.229924,-0.062266,-0.057721,0.094587,0.001057,-0.003652,0.138177,-0.467502,0.071636,0.16096,-0.784718,0.205221,-0.094588,-0.001058,0.003651,-0.161421,-0.472022,0.032667,-0.204228,-0.791036,0.156714
23.45,0,0,0,-0.00098,0.078788,-0.002622,-0.002003,0.275055,0.016531,0.002155,0.493435,0.017445,-0.016053,0.642753,0.000113,0.038666,0.425729,0.022288,0.142591,0.404101,0.032555,0.221371,0.139721,0.051013,0.21164,-0.076677,-0.053384,-0.036959,0.427171,0.021882,-0.142793,0.416942,0.030141,-0.227927,0.154403,0.046557,-0.229882,-0.062248,-0.057749,0.094588,0.001055,-0.003655,0.138172,-0.467506,0.07162,0.160956,-0.784735,0.205174,-0.094587,-0.001054,0.003654,-0.161423,-0.47202,0.032644,-0.204228,-0.791033,0.156695
23.466666,0,0,0,-0.00098,0.07879,-0.002624,-0.002006,0.27506,0.016519,0.002149,0.493435,0.017425,-0.016059,0.642744,8.00E-05,0.038661,0.425735,0.02227,0.142587,0.404109,0.032537,0.221375,0.139731,0.050997,0.211656,-0.076674,-0.053386,-0.036964,0.427175,0.021865,-0.142799,0.416951,0.030119,-0.227926,0.154409,0.04653,-0.229848,-0.062231,-0.0578,0.094587,0.001054,-0.003661,0.138174,-0.467508,0.07161,0.160968,-0.784742,0.205151,-0.094587,-0.001055,0.003662,-0.16141,-0.472024,0.032628,-0.204181,-0.791049,0.156658
23.483333,0,0,0,-0.000979,0.078792,-0.002626,-0.002003,0.275063,0.016514,0.002148,0.493435,0.017413,-0.016062,0.642739,4.90E-05,0.038661,0.425739,0.022263,0.142587,0.404119,0.032533,0.221395,0.139749,0.051011,0.21167,-0.076659,-0.053365,-0.036964,0.427178,0.021853,-0.1428,0.416954,0.030097,-0.227923,0.15441,0.04649,-0.229809,-0.062222,-0.057857,0.094587,0.001053,-0.003662,0.138183,-0.46751,0.071601,0.16099,-0.784752,0.205119,-0.094588,-0.001052,0.003661,-0.161415,-0.472023,0.032587,-0.204199,-0.791044,0.156624
23.5,0,0,0,-0.000978,0.078793,-0.002626,-0.002001,0.275067,0.016511,0.002147,0.493433,0.017408,-0.016061,0.642729,2.30E-05,0.03866,0.425744,0.022261,0.142588,0.404133,0.032536,0.221409,0.139767,0.051028,0.21168,-0.07664,-0.053352,-0.036965,0.427182,0.021845,-0.142801,0.416956,0.030077,-0.227917,0.154407,0.046438,-0.229772,-0.062217,-0.057927,0.094587,0.001052,-0.003655,0.138189,-0.467512,0.071596,0.160998,-0.784762,0.205096,-0.094588,-0.001052,0.003656,-0.161401,-0.472026,0.03256,-0.204175,-0.791051,0.156589
23.516666,0,0,0,-0.000978,0.078798,-0.002627,-0.002003,0.275077,0.016502,0.002136,0.493436,0.017395,-0.016069,0.642724,-5.00E-06,0.038652,0.425755,0.022252,0.142582,0.404156,0.032533,0.221408,0.139794,0.051055,0.211664,-0.076611,-0.053327,-0.036973,0.427191,0.021831,-0.14281,0.416962,0.03005,-0.227924,0.154412,0.046387,-0.229757,-0.062212,-0.05798,0.094587,0.001052,-0.003654,0.138198,-0.467512,0.071591,0.161014,-0.784762,0.20509,-0.094588,-0.001053,0.003655,-0.161381,-0.47203,0.032553,-0.204131,-0.791062,0.156573
23.533333,0,0,0,-0.000978,0.078796,-0.002627,-0.002007,0.275074,0.016494,0.002125,0.49343,0.017381,-0.016078,0.642714,-3.40E-05,0.038642,0.425754,0.022245,0.142573,0.404163,0.032536,0.221407,0.139805,0.051072,0.211647,-0.076591,-0.053328,-0.036983,0.427186,0.021813,-0.142821,0.416952,0.030013,-0.227932,0.154398,0.046309,-0.229735,-0.06222,-0.058069,0.094588,0.001052,-0.003649,0.13821,-0.467513,0.071581,0.161033,-0.784766,0.205071,-0.094588,-0.001053,0.003648,-0.161369,-0.472033,0.032534,-0.204114,-0.791067,0.156551
23.55,0,0,0,-0.000979,0.0788,-0.002627,-0.002011,0.275082,0.016485,0.002116,0.493435,0.017362,-0.016084,0.642714,-6.60E-05,0.038634,0.425763,0.022234,0.142564,0.404178,0.032538,0.221399,0.13982,0.051086,0.211637,-0.076573,-0.053318,-0.036991,0.427194,0.021793,-0.14283,0.416956,0.029977,-0.227941,0.154401,0.046247,-0.229717,-0.062209,-0.058148,0.094588,0.001054,-0.003642,0.138217,-0.467515,0.071565,0.161041,-0.784773,0.205042,-0.094588,-0.001054,0.003641,-0.161355,-0.472036,0.032523,-0.204091,-0.791073,0.156535
23.566666,0,0,0,-0.00098,0.0788,-0.002628,-0.00202,0.275085,0.016467,0.002101,0.493437,0.017329,-0.016091,0.642714,-0.000115,0.038621,0.425767,0.022212,0.142549,0.404186,0.032539,0.221381,0.139828,0.051101,0.211633,-0.076565,-0.053303,-0.037005,0.427196,0.021758,-0.142845,0.416958,0.029918,-0.227968,0.154405,0.046167,-0.229702,-0.062205,-0.058229,0.094588,0.001055,-0.003635,0.138231,-0.467516,0.071549,0.161061,-0.784779,0.205015,-0.094589,-0.001054,0.003634,-0.161342,-0.472039,0.032502,-0.204071,-0.79108,0.156506
23.583333,0,0,0,-0.00098,0.078805,-0.002631,-0.002033,0.275096,0.016445,0.002075,0.493443,0.017283,-0.016109,0.642714,-0.000173,0.038597,0.425782,0.02218,0.142525,0.404206,0.032532,0.221337,0.139845,0.05112,0.211606,-0.076553,-0.053278,-0.037028,0.427207,0.021712,-0.142869,0.416966,0.029856,-0.228001,0.154415,0.046094,-0.22969,-0.062196,-0.058301,0.094589,0.001056,-0.003628,0.138243,-0.467516,0.071545,0.161073,-0.784777,0.205012,-0.094588,-0.001055,0.003627,-0.161331,-0.472042,0.032487,-0.20406,-0.791085,0.156486
23.6,0,0,0,-0.00098,0.078807,-0.002636,-0.00204,0.275102,0.016416,0.002053,0.493435,0.017213,-0.016131,0.642689,-0.000249,0.03858,0.425791,0.022127,0.142508,0.404225,0.032496,0.221296,0.13986,0.051136,0.211562,-0.076545,-0.053247,-0.037046,0.427211,0.021651,-0.142888,0.416967,0.029781,-0.228032,0.154421,0.04602,-0.22968,-0.062196,-0.058364,0.094589,0.001056,-0.003622,0.138247,-0.467517,0.07154,0.161074,-0.78478,0.205005,-0.094589,-0.001056,0.003622,-0.161327,-0.472043,0.032483,-0.204054,-0.791088,0.156476
23.616666,0,0,0,-0.000982,0.078808,-0.002641,-0.002037,0.275106,0.016382,0.002054,0.493425,0.017133,-0.016144,0.642662,-0.000345,0.038581,0.425797,0.022066,0.142508,0.404235,0.032447,0.22127,0.139867,0.051152,0.211499,-0.076547,-0.053209,-0.037045,0.427216,0.021581,-0.142888,0.416973,0.029691,-0.228048,0.154432,0.045936,-0.229673,-0.062204,-0.058411,0.094588,0.001057,-0.003617,0.138247,-0.467518,0.071534,0.161073,-0.784784,0.204992,-0.094589,-0.001056,0.003617,-0.161325,-0.472044,0.032478,-0.204054,-0.79109,0.156469
23.633333,0,0,0,-0.000981,0.078812,-0.002646,-0.002031,0.275119,0.016353,0.002066,0.493436,0.017068,-0.016139,0.642667,-0.000437,0.038591,0.425809,0.022015,0.142519,0.404251,0.032402,0.221264,0.139882,0.051167,0.211445,-0.076544,-0.053163,-0.037034,0.42723,0.021523,-0.142879,0.416988,0.029618,-0.228049,0.15445,0.045856,-0.229661,-0.062203,-0.058453,0.094589,0.001056,-0.00361,0.138253,-0.46752,0.071528,0.161078,-0.784793,0.20497,-0.094589,-0.001057,0.003609,-0.161317,-0.472047,0.032461,-0.204039,-0.791097,0.156444
23.65,0,0,0,-0.00098,0.078814,-0.002655,-0.002022,0.275125,0.016326,0.002092,0.49345,0.017019,-0.016122,0.642685,-0.000519,0.038611,0.425813,0.021977,0.142538,0.40426,0.032374,0.221273,0.139893,0.051208,0.211392,-0.076542,-0.053098,-0.037014,0.427239,0.021477,-0.14286,0.416999,0.029565,-0.228018,0.154456,0.045786,-0.22965,-0.062211,-0.058493,0.094589,0.001055,-0.003601,0.138264,-0.467523,0.071525,0.161087,-0.784801,0.204953,-0.09459,-0.001055,0.003602,-0.161287,-0.47205,0.032437,-0.203976,-0.791103,0.156422
23.666666,0,0,0,-0.000977,0.078817,-0.002661,-0.00202,0.275131,0.016314,0.002105,0.49346,0.016994,-0.016101,0.642696,-0.000575,0.03862,0.425817,0.021963,0.142545,0.404264,0.032381,0.221279,0.1399,0.051269,0.211367,-0.076542,-0.05302,-0.037005,0.427248,0.021449,-0.142853,0.417015,0.02952,-0.228013,0.154472,0.045736,-0.229631,-0.062204,-0.058523,0.09459,0.001052,-0.003591,0.138282,-0.467523,0.071541,0.16111,-0.784802,0.204968,-0.09459,-0.001052,0.003592,-0.161253,-0.472051,0.032442,-0.20392,-0.79112,0.156395
23.683333,0,0,0,-0.000979,0.078818,-0.002666,-0.00204,0.275134,0.016304,0.002074,0.493464,0.016969,-0.016117,0.642699,-0.000632,0.038591,0.425823,0.021946,0.142516,0.404274,0.032377,0.221255,0.139916,0.051325,0.211338,-0.076535,-0.052944,-0.037034,0.427249,0.021425,-0.142883,0.417026,0.029488,-0.228065,0.15449,0.045698,-0.229638,-0.062186,-0.058563,0.09459,0.001054,-0.003581,0.138284,-0.467519,0.071558,0.161105,-0.784796,0.204992,-0.09459,-0.001055,0.003581,-0.161231,-0.472055,0.032456,-0.203878,-0.79113,0.1564
23.7,0,0,0,-0.000982,0.078822,-0.002668,-0.002055,0.275143,0.016298,0.002054,0.493465,0.01694,-0.016111,0.642692,-0.00069,0.038573,0.425833,0.021928,0.142496,0.404284,0.032377,0.221233,0.13993,0.051384,0.211345,-0.07654,-0.052849,-0.037052,0.427258,0.021399,-0.142903,0.417042,0.02945,-0.228096,0.154511,0.045687,-0.229597,-0.062155,-0.058598,0.094591,0.001057,-0.003577,0.138289,-0.467515,0.071568,0.161113,-0.784792,0.205,-0.09459,-0.001057,0.003577,-0.161225,-0.472058,0.032462,-0.203869,-0.791132,0.156408
23.716666,0,0,0,-0.000986,0.078814,-0.002667,-0.002061,0.275126,0.016285,0.002051,0.493457,0.016896,-0.016096,0.642688,-0.000789,0.038568,0.425817,0.021895,0.142491,0.404273,0.032362,0.221237,0.139925,0.051429,0.211381,-0.076558,-0.052779,-0.037057,0.427242,0.021362,-0.142908,0.41703,0.029408,-0.22815,0.154514,0.045629,-0.229628,-0.062141,-0.058676,0.09459,0.001062,-0.003576,0.1383,-0.467511,0.071556,0.161126,-0.784788,0.204987,-0.094591,-0.001062,0.003576,-0.161211,-0.472065,0.03245,-0.20385,-0.791136,0.156406
23.733333,0,0,0,-0.000989,0.078805,-0.002665,-0.002067,0.275109,0.016275,0.002047,0.493448,0.016857,-0.016084,0.642683,-0.000876,0.038563,0.4258,0.021868,0.142484,0.404255,0.032348,0.221236,0.139914,0.051466,0.211422,-0.07659,-0.052704,-0.037061,0.427227,0.021331,-0.142912,0.417012,0.029383,-0.228176,0.154502,0.04559,-0.229645,-0.062139,-0.058747,0.09459,0.001065,-0.003574,0.13831,-0.467511,0.071533,0.161138,-0.78479,0.204959,-0.094591,-0.001065,0.003574,-0.1612,-0.472072,0.03241,-0.203823,-0.791139,0.156384
23.75,0,0,0,-0.00099,0.078803,-0.002665,-0.002073,0.275108,0.016263,0.002051,0.49345,0.016821,-0.016063,0.642685,-0.000971,0.038563,0.425797,0.021843,0.142481,0.404243,0.032332,0.221242,0.139906,0.051492,0.211479,-0.076633,-0.052609,-0.037061,0.427227,0.021298,-0.142913,0.417018,0.029343,-0.228203,0.154515,0.045531,-0.229676,-0.062124,-0.058808,0.094591,0.001068,-0.003576,0.138317,-0.467511,0.071509,0.161142,-0.784788,0.204941,-0.09459,-0.001068,0.003576,-0.161183,-0.472079,0.032382,-0.203792,-0.791146,0.156361
23.766666,0,0,0,-0.000993,0.078803,-0.002666,-0.002085,0.275107,0.016262,0.00204,0.493455,0.016811,-0.016083,0.642688,-0.001022,0.038552,0.425797,0.021837,0.142468,0.404229,0.032319,0.221245,0.1399,0.05151,0.21153,-0.076683,-0.052506,-0.037072,0.427227,0.021289,-0.142925,0.41702,0.029332,-0.228231,0.154521,0.045496,-0.229718,-0.06212,-0.058839,0.09459,0.001071,-0.003578,0.138315,-0.46751,0.071495,0.16113,-0.784779,0.204949,-0.09459,-0.001071,0.003578,-0.161162,-0.472088,0.032352,-0.203742,-0.791151,0.156348
23.783333,0,0,0,-0.000995,0.078806,-0.002665,-0.002088,0.275112,0.016271,0.002037,0.493463,0.016825,-0.016091,0.642697,-0.00103,0.038549,0.425802,0.02185,0.142464,0.404233,0.032335,0.221272,0.139916,0.051569,0.211609,-0.076706,-0.05237,-0.037076,0.427232,0.021301,-0.142928,0.417024,0.029344,-0.228231,0.154523,0.045475,-0.229749,-0.062124,-0.058849,0.09459,0.001073,-0.003572,0.13832,-0.467507,0.071507,0.161131,-0.784768,0.204979,-0.094591,-0.001073,0.003573,-0.161125,-0.472094,0.032363,-0.20367,-0.791158,0.156369
23.8,0,0,0,-0.000996,0.078806,-0.002664,-0.002095,0.275112,0.01628,0.002022,0.493456,0.016834,-0.016117,0.642677,-0.001054,0.038537,0.425803,0.021858,0.142453,0.404241,0.032351,0.221285,0.139935,0.051634,0.211662,-0.076715,-0.052249,-0.037088,0.42723,0.021311,-0.14294,0.417025,0.029365,-0.228256,0.154527,0.045488,-0.229799,-0.062118,-0.058839,0.09459,0.001074,-0.003568,0.138323,-0.467502,0.071533,0.161135,-0.784758,0.205017,-0.094591,-0.001075,0.003568,-0.161101,-0.472096,0.0324,-0.203631,-0.791166,0.156398
23.816666,0,0,0,-0.000997,0.078804,-0.002663,-0.002102,0.275106,0.016287,0.002007,0.493457,0.016841,-0.01613,0.642684,-0.001055,0.038524,0.425799,0.021865,0.142441,0.404246,0.032368,0.221297,0.139952,0.051714,0.211703,-0.076716,-0.052134,-0.037101,0.427223,0.021318,-0.142951,0.417021,0.029391,-0.228294,0.154532,0.04552,-0.229854,-0.062092,-0.05885,0.094591,0.001077,-0.003564,0.138319,-0.467494,0.071569,0.161128,-0.784748,0.205057,-0.09459,-0.001077,0.003564,-0.161089,-0.472097,0.032441,-0.203613,-0.79117,0.156431
23.833333,0,0,0,-0.000998,0.078799,-0.002664,-0.002103,0.275097,0.016286,0.001995,0.493452,0.016832,-0.016157,0.642682,-0.001059,0.038515,0.425792,0.021859,0.142434,0.40425,0.03237,0.221319,0.13997,0.051789,0.211742,-0.076712,-0.052033,-0.037109,0.427213,0.02131,-0.142959,0.417002,0.029389,-0.228314,0.154519,0.045546,-0.229892,-0.062099,-0.058835,0.094591,0.001078,-0.003556,0.138322,-0.467489,0.071604,0.161129,-0.78475,0.205077,-0.094591,-0.001078,0.003557,-0.161074,-0.472097,0.032484,-0.203598,-0.791174,0.156466
23.85,0,0,0,-0.000999,0.078792,-0.002668,-0.002094,0.275086,0.016264,0.002011,0.493446,0.016785,-0.016149,0.642681,-0.001099,0.038529,0.42578,0.021819,0.142448,0.404242,0.032331,0.221358,0.139975,0.051824,0.211787,-0.076721,-0.051969,-0.037096,0.427203,0.021273,-0.142944,0.41699,0.029361,-0.228312,0.154512,0.045541,-0.229918,-0.062108,-0.058835,0.094591,0.001079,-0.003556,0.138329,-0.467485,0.071615,0.161138,-0.78474,0.205102,-0.094591,-0.001079,0.003555,-0.161065,-0.472099,0.032499,-0.20359,-0.791173,0.156486
23.866666,0,0,0,-0.000998,0.07879,-0.002672,-0.002088,0.275082,0.016244,0.002019,0.493448,0.016748,-0.016157,0.642688,-0.001129,0.038536,0.425776,0.021786,0.142455,0.40424,0.032304,0.221381,0.139981,0.051849,0.211823,-0.076725,-0.051922,-0.037088,0.4272,0.021241,-0.142936,0.41698,0.029333,-0.228303,0.154504,0.045535,-0.229944,-0.06213,-0.058813,0.094591,0.001079,-0.003555,0.138332,-0.467484,0.071624,0.16114,-0.784736,0.205118,-0.094591,-0.001078,0.003554,-0.16107,-0.472096,0.032509,-0.203609,-0.791163,0.156511
23.883333,0,0,0,-0.000999,0.078782,-0.002677,-0.002089,0.275069,0.016216,0.002017,0.493445,0.016697,-0.01617,0.642693,-0.001187,0.038535,0.425764,0.021741,0.142453,0.404226,0.032262,0.221389,0.139974,0.05186,0.211854,-0.076752,-0.051872,-0.03709,0.427187,0.021198,-0.142936,0.416959,0.029301,-0.228296,0.154482,0.04554,-0.22999,-0.062179,-0.058752,0.094591,0.001078,-0.003556,0.138324,-0.467482,0.071638,0.161122,-0.784728,0.205149,-0.094591,-0.001078,0.003557,-0.161074,-0.472094,0.03254,-0.203615,-0.791162,0.156539
23.9,0,0,0,-0.001,0.078781,-0.002691,-0.002093,0.275069,0.016178,0.002011,0.493451,0.016643,-0.016186,0.642701,-0.001256,0.03853,0.425765,0.021692,0.142446,0.404215,0.032209,0.221383,0.139966,0.05184,0.211879,-0.076787,-0.051838,-0.037095,0.427187,0.02115,-0.142939,0.416943,0.029256,-0.228274,0.154461,0.045531,-0.230011,-0.062233,-0.058691,0.094591,0.001079,-0.003556,0.138316,-0.46748,0.07166,0.161109,-0.784726,0.20517,-0.094591,-0.001079,0.003556,-0.161066,-0.472095,0.032563,-0.203592,-0.791169,0.15655
23.916666,0,0,0,-0.000999,0.078778,-0.002701,-0.002088,0.275066,0.016151,0.00201,0.493453,0.016599,-0.016191,0.642707,-0.001312,0.03853,0.425764,0.021654,0.142447,0.404217,0.03217,0.221382,0.139969,0.051827,0.211903,-0.076803,-0.051815,-0.037095,0.427184,0.02111,-0.142938,0.416934,0.029217,-0.228249,0.154447,0.045542,-0.230005,-0.062276,-0.058619,0.094591,0.001078,-0.003551,0.138319,-0.467478,0.071681,0.16111,-0.78472,0.205201,-0.094591,-0.001079,0.00355,-0.161051,-0.472094,0.032591,-0.203573,-0.791173,0.156569
23.933333,0,0,0,-0.000998,0.078772,-0.002712,-0.002083,0.275056,0.016128,0.002011,0.493455,0.016551,-0.016198,0.642717,-0.001372,0.038532,0.425755,0.021617,0.142449,0.404212,0.032146,0.221377,0.139964,0.051829,0.211915,-0.076823,-0.051782,-0.037093,0.427173,0.021067,-0.142935,0.41691,0.029168,-0.228222,0.154419,0.045562,-0.229983,-0.062337,-0.058531,0.094591,0.001077,-0.003544,0.138317,-0.467475,0.07171,0.1611,-0.784711,0.205248,-0.094591,-0.001076,0.003544,-0.161037,-0.472091,0.032633,-0.203551,-0.791174,0.156602
23.95,0,0,0,-0.000996,0.078768,-0.002723,-0.002075,0.275048,0.016102,0.002013,0.493468,0.016506,-0.016187,0.642752,-0.001421,0.038536,0.425749,0.021577,0.142452,0.40421,0.032112,0.221379,0.139964,0.051827,0.211909,-0.076824,-0.051781,-0.037089,0.427165,0.021027,-0.14293,0.416886,0.029136,-0.228176,0.154386,0.04559,-0.229926,-0.062394,-0.058454,0.094591,0.001073,-0.003542,0.13832,-0.467477,0.071721,0.161096,-0.784704,0.205281,-0.094592,-0.001073,0.003541,-0.161027,-0.472087,0.03267,-0.203539,-0.791175,0.156627
23.966666,0,0,0,-0.000996,0.078763,-0.002728,-0.002074,0.27504,0.016085,0.002009,0.493472,0.016464,-0.016189,0.642767,-0.001478,0.038533,0.425742,0.021543,0.142448,0.404204,0.032089,0.221367,0.139958,0.051837,0.211879,-0.076827,-0.051776,-0.037092,0.427157,0.020993,-0.142931,0.416863,0.029111,-0.228131,0.154353,0.045642,-0.229859,-0.062458,-0.058337,0.094592,0.001074,-0.003542,0.138316,-0.467475,0.071733,0.161087,-0.784693,0.205314,-0.094591,-0.001073,0.003542,-0.161021,-0.472086,0.032698,-0.203528,-0.791183,0.156634
23.983333,0,0,0,-0.000995,0.078753,-0.002736,-0.002066,0.275025,0.016043,0.002038,0.493541,0.016328,-0.016089,0.642898,-0.001859,0.038554,0.425726,0.021438,0.142464,0.404186,0.032035,0.221373,0.139943,0.051858,0.211849,-0.076828,-0.051781,-0.037071,0.427147,0.020884,-0.142904,0.416836,0.029042,-0.228059,0.154319,0.045702,-0.229756,-0.062531,-0.058196,0.094591,0.001072,-0.003551,0.138312,-0.467475,0.07174,0.161081,-0.784685,0.205341,-0.094591,-0.001072,0.003552,-0.161009,-0.472086,0.032722,-0.203496,-0.791183,0.156664
24,0,0,0,-0.000996,0.078751,-0.002743,-0.002069,0.275022,0.016024,0.002034,0.493546,0.016291,-0.016074,0.642904,-0.001989,0.03855,0.425724,0.021411,0.142457,0.404182,0.032028,0.221348,0.139935,0.051868,0.211803,-0.076826,-0.051792,-0.037075,0.427145,0.020848,-0.142907,0.416821,0.029012,-0.227997,0.154288,0.045743,-0.229659,-0.062593,-0.058091,0.094591,0.001072,-0.003555,0.138292,-0.467474,0.071751,0.161044,-0.784687,0.205347,-0.094591,-0.001073,0.003555,-0.161006,-0.472087,0.032727,-0.203487,-0.791183,0.156673
